{"ents_info": {"M. le Duc de Valentinois": {"label": "PER", "kb_qid": null, "url_wikidata": null}, "M. de Louve": {"label": "PER", "kb_qid": null, "url_wikidata": null}, "Duc d'\u00e9tui": {"label": "MISC", "kb_qid": null, "url_wikidata": null}, "Charge": {"label": "PER", "kb_qid": "Q65129431", "url_wikidata": "https://www.wikidata.org/wiki/Q65129431"}, "Le corps de IA Reine de Pologne": {"label": "MISC", "kb_qid": null, "url_wikidata": null}, "Blois": {"label": "LOC", "kb_qid": "Q160927", "url_wikidata": "https://www.wikidata.org/wiki/Q160927"}, "Musical": {"label": "LOC", "kb_qid": "Q842256", "url_wikidata": "https://www.wikidata.org/wiki/Q842256"}, "Clef du Cabinet": {"label": "MISC", "kb_qid": null, "url_wikidata": null}, "Gardes Marines": {"label": "ORG", "kb_qid": "Q330399", "url_wikidata": "https://www.wikidata.org/wiki/Q330399"}, "Descartes": {"label": "PER", "kb_qid": "Q9191", "url_wikidata": "https://www.wikidata.org/wiki/Q9191"}, "les Vice-Amiraux & les Chefs d'Escadre": {"label": "MISC", "kb_qid": null, "url_wikidata": null}, "Arrimer": {"label": "LOC", "kb_qid": "Q2334477", "url_wikidata": "https://www.wikidata.org/wiki/Q2334477"}, "Escadres": {"label": "LOC", "kb_qid": "Q955920", "url_wikidata": "https://www.wikidata.org/wiki/Q955920"}, "Mer": {"label": "LOC", "kb_qid": "Q732823", "url_wikidata": "https://www.wikidata.org/wiki/Q732823"}, "Amiral": {"label": "PER", "kb_qid": "Q132851", "url_wikidata": "https://www.wikidata.org/wiki/Q132851"}, "IV": {"label": "PER", "kb_qid": "Q69829", "url_wikidata": "https://www.wikidata.org/wiki/Q69829"}, "Duc de Valentinois": {"label": "PER", "kb_qid": null, "url_wikidata": null}, "Comte de Bobigny": {"label": "PER", "kb_qid": null, "url_wikidata": null}, "Mr.": {"label": "PER", "kb_qid": null, "url_wikidata": null}, "Marquis de Matignon": {"label": "PER", "kb_qid": null, "url_wikidata": null}, "Parlement de Paris": {"label": "ORG", "kb_qid": "Q1242473", "url_wikidata": "https://www.wikidata.org/wiki/Q1242473"}, "Duc & Pair du Duch\u00e9 de Valentinois": {"label": "MISC", "kb_qid": null, "url_wikidata": null}, "II5": {"label": "MISC", "kb_qid": null, "url_wikidata": null}, "Fille unique de": {"label": "MISC", "kb_qid": null, "url_wikidata": null}, "M. le Prince de Monaco": {"label": "PER", "kb_qid": null, "url_wikidata": null}, "& les Armes de cette Illustre Maison": {"label": "MISC", "kb_qid": null, "url_wikidata": null}, "Madame la Duchesse de Valentinois": {"label": "PER", "kb_qid": null, "url_wikidata": null}, "M. De Prince de Monaco": {"label": "PER", "kb_qid": null, "url_wikidata": null}, "Colonel des Gardes Fran\u00e7aises": {"label": "PER", "kb_qid": null, "url_wikidata": null}, "M. le Duc de Guiche": {"label": "PER", "kb_qid": null, "url_wikidata": null}, "M. le Duc de Louvions": {"label": "PER", "kb_qid": null, "url_wikidata": null}, "VI": {"label": "PER", "kb_qid": "Q24950490", "url_wikidata": "https://www.wikidata.org/wiki/Q24950490"}, "Journaux de Mars & de Juin I16.": {"label": "MISC", "kb_qid": null, "url_wikidata": null}, "Marie Casimir de la Grange-toarcien": {"label": "PER", "kb_qid": null, "url_wikidata": null}, "Reine de Pologne": {"label": "PER", "kb_qid": null, "url_wikidata": null}, "Chapelle": {"label": "LOC", "kb_qid": "Q108325", "url_wikidata": "https://www.wikidata.org/wiki/Q108325"}, "S. Sauveur de Blois": {"label": "PER", "kb_qid": null, "url_wikidata": null}, "D\u00e9cembre dernier": {"label": "MISC", "kb_qid": "Q59414", "url_wikidata": "https://www.wikidata.org/wiki/Q59414"}, "M. l'\u00c9lecteur de Bavi\u00e8re": {"label": "PER", "kb_qid": null, "url_wikidata": null}, "Liti\u00e8re": {"label": "LOC", "kb_qid": "Q1938096", "url_wikidata": "https://www.wikidata.org/wiki/Q1938096"}, "Officiers": {"label": "ORG", "kb_qid": "Q189290", "url_wikidata": "https://www.wikidata.org/wiki/Q189290"}, "Religieux Paolo": {"label": "MISC", "kb_qid": null, "url_wikidata": null}}, "ents_freq": {"M. le Duc de Valentinois": 1, "M. de Louve": 1, "Duc d'\u00e9tui": 1, "Charge": 1, "Le corps de IA Reine de Pologne": 1, "Blois": 2, "Musical": 1, "Clef du Cabinet": 1, "Gardes Marines": 1, "Descartes": 1, "les Vice-Amiraux & les Chefs d'Escadre": 1, "Arrimer": 1, "Escadres": 1, "Mer": 1, "Amiral": 1, "IV": 1, "Duc de Valentinois": 1, "Comte de Bobigny": 1, "Mr.": 1, "Marquis de Matignon": 1, "Parlement de Paris": 1, "Duc & Pair du Duch\u00e9 de Valentinois": 1, "II5": 1, "Fille unique de": 1, "M. le Prince de Monaco": 1, "& les Armes de cette Illustre Maison": 1, "Madame la Duchesse de Valentinois": 1, "M. De Prince de Monaco": 1, "Colonel des Gardes Fran\u00e7aises": 1, "M. le Duc de Guiche": 1, "M. le Duc de Louvions": 1, "VI": 1, "Journaux de Mars & de Juin I16.": 1, "Marie Casimir de la Grange-toarcien": 1, "Reine de Pologne": 1, "Chapelle": 1, "S. Sauveur de Blois": 1, "D\u00e9cembre dernier": 1, "M. l'\u00c9lecteur de Bavi\u00e8re": 1, "Liti\u00e8re": 1, "Officiers": 1, "Religieux Paolo": 1}, "year": "1717", "month": "02", "page": "33"}