{"ents_info": {"La Clef du Cabine O": {"label": "MISC", "kb_qid": null, "url_wikidata": null}, "les Prises": {"label": "MISC", "kb_qid": "Q631181", "url_wikidata": "https://www.wikidata.org/wiki/Q631181"}, "Conseil de Conscience": {"label": "ORG", "kb_qid": "Q2993739", "url_wikidata": "https://www.wikidata.org/wiki/Q2993739"}, "gr and bruit": {"label": "ORG", "kb_qid": null, "url_wikidata": null}, "Ouvrages pr\u00eats \u00e0 imprimer.": {"label": "MISC", "kb_qid": null, "url_wikidata": null}, "M\u00e9decin Ordinaire du de dix": {"label": "MISC", "kb_qid": null, "url_wikidata": null}, "Roi des H\u00f4pitaux": {"label": "PER", "kb_qid": null, "url_wikidata": null}, "Valenciennes": {"label": "LOC", "kb_qid": "Q163795", "url_wikidata": "https://www.wikidata.org/wiki/Q163795"}, "Chi": {"label": "PER", "kb_qid": "Q202742", "url_wikidata": "https://www.wikidata.org/wiki/Q202742"}, "Observations d Me": {"label": "MISC", "kb_qid": null, "url_wikidata": null}, "Chirurgie faites dans las Hospice.": {"label": "MISC", "kb_qid": null, "url_wikidata": null}, "Roi": {"label": "PER", "kb_qid": "Q18384454", "url_wikidata": "https://www.wikidata.org/wiki/Q18384454"}, "18 Pages": {"label": "MISC", "kb_qid": null, "url_wikidata": null}, "Pre face &": {"label": "MISC", "kb_qid": null, "url_wikidata": null}, "Tables imprimez": {"label": "MISC", "kb_qid": null, "url_wikidata": null}, "Mons": {"label": "LOC", "kb_qid": "Q83407", "url_wikidata": "https://www.wikidata.org/wiki/Q83407"}, "Ouvrage me paroi d'autant meilleur": {"label": "MISC", "kb_qid": null, "url_wikidata": null}, "ps": {"label": "ORG", "kb_qid": "Q218170", "url_wikidata": "https://www.wikidata.org/wiki/Q218170"}, "& ce Livre": {"label": "MISC", "kb_qid": null, "url_wikidata": null}, "u": {"label": "PER", "kb_qid": "Q483261", "url_wikidata": "https://www.wikidata.org/wiki/Q483261"}, "l'Auteur": {"label": "PER", "kb_qid": "Q7311", "url_wikidata": "https://www.wikidata.org/wiki/Q7311"}}, "ents_freq": {"La Clef du Cabine O": 1, "les Prises": 1, "Conseil de Conscience": 1, "gr and bruit": 1, "Ouvrages pr\u00eats \u00e0 imprimer.": 1, "M\u00e9decin Ordinaire du de dix": 1, "Roi des H\u00f4pitaux": 1, "Valenciennes": 2, "Chi": 1, "Observations d Me": 1, "Chirurgie faites dans las Hospice.": 1, "Roi": 1, "18 Pages": 1, "Pre face &": 1, "Tables imprimez": 1, "Mons": 1, "Ouvrage me paroi d'autant meilleur": 1, "ps": 1, "& ce Livre": 1, "u": 1, "l'Auteur": 1}, "year": "1717", "month": "07", "page": "9"}