{"ents_info": {"La le du": {"label": "MISC", "kb_qid": null, "url_wikidata": null}, "Cabinet": {"label": "MISC", "kb_qid": "Q639738", "url_wikidata": "https://www.wikidata.org/wiki/Q639738"}, "Naissance, le la age": {"label": "MISC", "kb_qid": null, "url_wikidata": null}, "Mort ds Pinces": {"label": "MISC", "kb_qid": null, "url_wikidata": null}, "At": {"label": "MISC", "kb_qid": "Q999", "url_wikidata": "https://www.wikidata.org/wiki/Q999"}, "MndaMuissance": {"label": "MISC", "kb_qid": null, "url_wikidata": null}, "Pr ces de Conti": {"label": "MISC", "kb_qid": null, "url_wikidata": null}, "Mariage.": {"label": "MISC", "kb_qid": null, "url_wikidata": null}, "Paris": {"label": "LOC", "kb_qid": "Q90", "url_wikidata": "https://www.wikidata.org/wiki/Q90"}, "N'\u00e9lance a du adoucir IA perte": {"label": "MISC", "kb_qid": null, "url_wikidata": null}, "Comte la March\u00e9": {"label": "PER", "kb_qid": null, "url_wikidata": null}, "Lord Cadogan": {"label": "PER", "kb_qid": "Q3278281", "url_wikidata": "https://www.wikidata.org/wiki/Q3278281"}, "Capitaine das": {"label": "MISC", "kb_qid": null, "url_wikidata": null}, "R ciment": {"label": "MISC", "kb_qid": null, "url_wikidata": null}, "Gardes du Roi d'Angleterre": {"label": "MISC", "kb_qid": null, "url_wikidata": null}, "Chevalier Hans Fans": {"label": "PER", "kb_qid": null, "url_wikidata": null}, "Catogan": {"label": "LOC", "kb_qid": "Q2942968", "url_wikidata": "https://www.wikidata.org/wiki/Q2942968"}, "Madame Guyenne": {"label": "PER", "kb_qid": null, "url_wikidata": null}, "Th\u00e9ologie m st": {"label": "MISC", "kb_qid": null, "url_wikidata": null}, "El e": {"label": "LOC", "kb_qid": null, "url_wikidata": null}, "lu\u00e9tine &": {"label": "ORG", "kb_qid": null, "url_wikidata": null}, "F\u00e9nelon Archev\u00eaque de Cambre": {"label": "PER", "kb_qid": null, "url_wikidata": null}, "Zele contre en Duellistes": {"label": "MISC", "kb_qid": null, "url_wikidata": null}, "France": {"label": "LOC", "kb_qid": "Q142", "url_wikidata": "https://www.wikidata.org/wiki/Q142"}, "Ho": {"label": "PER", "kb_qid": "Q615006", "url_wikidata": "https://www.wikidata.org/wiki/Q615006"}, "Maris de F\u00e9nelon": {"label": "LOC", "kb_qid": null, "url_wikidata": null}, "Archev\u00eaque de Cambrai": {"label": "LOC", "kb_qid": "Q1364285", "url_wikidata": "https://www.wikidata.org/wiki/Q1364285"}, "& rat\u00e9 cent": {"label": "MISC", "kb_qid": null, "url_wikidata": null}, "Prie": {"label": "PER", "kb_qid": "Q669658", "url_wikidata": "https://www.wikidata.org/wiki/Q669658"}, "Li": {"label": "PER", "kb_qid": "Q568", "url_wikidata": "https://www.wikidata.org/wiki/Q568"}}, "ents_freq": {"La le du": 1, "Cabinet": 1, "Naissance, le la age": 1, "Mort ds Pinces": 1, "At": 1, "MndaMuissance": 1, "Pr ces de Conti": 1, "Mariage.": 1, "Paris": 1, "N'\u00e9lance a du adoucir IA perte": 1, "Comte la March\u00e9": 1, "Lord Cadogan": 1, "Capitaine das": 1, "R ciment": 1, "Gardes du Roi d'Angleterre": 1, "Chevalier Hans Fans": 1, "Catogan": 1, "Madame Guyenne": 1, "Th\u00e9ologie m st": 1, "El e": 1, "lu\u00e9tine &": 1, "F\u00e9nelon Archev\u00eaque de Cambre": 1, "Zele contre en Duellistes": 1, "France": 1, "Ho": 1, "Maris de F\u00e9nelon": 1, "Archev\u00eaque de Cambrai": 1, "& rat\u00e9 cent": 1, "Prie": 1, "Li": 1}, "year": "1717", "month": "10", "page": "75"}