{"ents_info": {"La Clef du Cabines O solennise": {"label": "MISC", "kb_qid": null, "url_wikidata": null}, "Corfou": {"label": "LOC", "kb_qid": "Q121378", "url_wikidata": "https://www.wikidata.org/wiki/Q121378"}, "Enlise": {"label": "MISC", "kb_qid": null, "url_wikidata": null}, "St. Fran\u00e7ois": {"label": "LOC", "kb_qid": "Q676555", "url_wikidata": "https://www.wikidata.org/wiki/Q676555"}, "Religieux": {"label": "MISC", "kb_qid": "Q9174", "url_wikidata": "https://www.wikidata.org/wiki/Q9174"}, "De publique de Venise d'one": {"label": "LOC", "kb_qid": null, "url_wikidata": null}, "Ducats": {"label": "MISC", "kb_qid": "Q202018", "url_wikidata": "https://www.wikidata.org/wiki/Q202018"}, "\u00c9glise": {"label": "MISC", "kb_qid": "Q34651", "url_wikidata": "https://www.wikidata.org/wiki/Q34651"}, "V\u00e9nitiens": {"label": "LOC", "kb_qid": "Q4948", "url_wikidata": "https://www.wikidata.org/wiki/Q4948"}, "Isole de Corfou": {"label": "LOC", "kb_qid": null, "url_wikidata": null}, "Perd Vanille": {"label": "MISC", "kb_qid": null, "url_wikidata": null}, "Laissas Roi de Naples": {"label": "PER", "kb_qid": null, "url_wikidata": null}, "Prince": {"label": "PER", "kb_qid": "Q131719", "url_wikidata": "https://www.wikidata.org/wiki/Q131719"}, "Da": {"label": "MISC", "kb_qid": "Q483261", "url_wikidata": "https://www.wikidata.org/wiki/Q483261"}, "Souverainet\u00e9 sur l'Esse de Cor fou": {"label": "MISC", "kb_qid": null, "url_wikidata": null}, "R\u00e9publique": {"label": "MISC", "kb_qid": "Q7270", "url_wikidata": "https://www.wikidata.org/wiki/Q7270"}, "Ville": {"label": "LOC", "kb_qid": "Q515", "url_wikidata": "https://www.wikidata.org/wiki/Q515"}, "Forteresses": {"label": "LOC", "kb_qid": "Q57821", "url_wikidata": "https://www.wikidata.org/wiki/Q57821"}, "Fortifications": {"label": "MISC", "kb_qid": "Q69545", "url_wikidata": "https://www.wikidata.org/wiki/Q69545"}, "Comte": {"label": "PER", "kb_qid": "Q12718", "url_wikidata": "https://www.wikidata.org/wiki/Q12718"}, "Arm\u00e9e V\u00e9nitienne": {"label": "ORG", "kb_qid": "Q4948", "url_wikidata": "https://www.wikidata.org/wiki/Q4948"}, "Turcs": {"label": "LOC", "kb_qid": "Q84072", "url_wikidata": "https://www.wikidata.org/wiki/Q84072"}, "Ile": {"label": "LOC", "kb_qid": "Q23442", "url_wikidata": "https://www.wikidata.org/wiki/Q23442"}, "Barbe": {"label": "MISC", "kb_qid": "Q192816", "url_wikidata": "https://www.wikidata.org/wiki/Q192816"}, "G\u00eanera de Soliman II": {"label": "MISC", "kb_qid": null, "url_wikidata": null}, "Arm\u00e9e": {"label": "ORG", "kb_qid": "Q162513", "url_wikidata": "https://www.wikidata.org/wiki/Q162513"}}, "ents_freq": {"La Clef du Cabines O solennise": 1, "Corfou": 2, "Enlise": 1, "St. Fran\u00e7ois": 1, "Religieux": 1, "De publique de Venise d'one": 1, "Ducats": 1, "\u00c9glise": 1, "V\u00e9nitiens": 2, "Isole de Corfou": 1, "Perd Vanille": 1, "Laissas Roi de Naples": 1, "Prince": 1, "Da": 1, "Souverainet\u00e9 sur l'Esse de Cor fou": 1, "R\u00e9publique": 1, "Ville": 1, "Forteresses": 1, "Fortifications": 1, "Comte": 1, "Arm\u00e9e V\u00e9nitienne": 1, "Turcs": 2, "Ile": 1, "Barbe": 1, "G\u00eanera de Soliman II": 1, "Arm\u00e9e": 1}, "year": "1717", "month": "01", "page": "19"}