{"ents_info": {"Cabinet": {"label": "MISC", "kb_qid": "Q640506", "url_wikidata": "https://www.wikidata.org/wiki/Q640506"}, "Que sa na stance ost": {"label": "MISC", "kb_qid": null, "url_wikidata": null}, "Outil est riche, bien": {"label": "MISC", "kb_qid": null, "url_wikidata": null}, "Cour": {"label": "LOC", "kb_qid": "Q3001001", "url_wikidata": "https://www.wikidata.org/wiki/Q3001001"}, "Et que de toutes parts": {"label": "MISC", "kb_qid": null, "url_wikidata": null}, "Tant pour son Dieu": {"label": "MISC", "kb_qid": null, "url_wikidata": null}, "Roi": {"label": "PER", "kb_qid": "Q12097", "url_wikidata": "https://www.wikidata.org/wiki/Q12097"}, "De l'Moore": {"label": "PER", "kb_qid": null, "url_wikidata": null}, "Su\u00e9dois": {"label": "LOC", "kb_qid": "Q9027", "url_wikidata": "https://www.wikidata.org/wiki/Q9027"}, "Royaume de Norv\u00e8ge": {"label": "LOC", "kb_qid": "Q2196956", "url_wikidata": "https://www.wikidata.org/wiki/Q2196956"}, "Roi de Danemark": {"label": "PER", "kb_qid": "Q1273134", "url_wikidata": "https://www.wikidata.org/wiki/Q1273134"}, "Card de Moscovie": {"label": "MISC", "kb_qid": null, "url_wikidata": null}, "Forces de terre & de Mer": {"label": "ORG", "kb_qid": null, "url_wikidata": null}, "Flotte Anglaise": {"label": "ORG", "kb_qid": "Q1548213", "url_wikidata": "https://www.wikidata.org/wiki/Q1548213"}, "Roi de Sue": {"label": "PER", "kb_qid": null, "url_wikidata": null}, "Troupes": {"label": "LOC", "kb_qid": null, "url_wikidata": null}, "Arm\u00e9e e Scande": {"label": "ORG", "kb_qid": null, "url_wikidata": null}, "Province": {"label": "LOC", "kb_qid": "Q2879", "url_wikidata": "https://www.wikidata.org/wiki/Q2879"}, "descente de es Remis": {"label": "LOC", "kb_qid": null, "url_wikidata": null}, "Projet": {"label": "MISC", "kb_qid": "Q3407167", "url_wikidata": "https://www.wikidata.org/wiki/Q3407167"}, "Roi de Sue de st": {"label": "PER", "kb_qid": null, "url_wikidata": null}, "Dieu": {"label": "MISC", "kb_qid": "Q234801", "url_wikidata": "https://www.wikidata.org/wiki/Q234801"}}, "ents_freq": {"Cabinet": 1, "Que sa na stance ost": 1, "Outil est riche, bien": 1, "Cour": 1, "Et que de toutes parts": 1, "Tant pour son Dieu": 1, "Roi": 1, "De l'Moore": 1, "Su\u00e9dois": 1, "Royaume de Norv\u00e8ge": 1, "Roi de Danemark": 1, "Card de Moscovie": 1, "Forces de terre & de Mer": 1, "Flotte Anglaise": 1, "Roi de Sue": 1, "Troupes": 1, "Arm\u00e9e e Scande": 1, "Province": 1, "descente de es Remis": 1, "Projet": 1, "Roi de Sue de st": 1, "Dieu": 1}, "year": "1717", "month": "01", "page": "23"}