{"ents_info": {"Princes": {"label": "LOC", "kb_qid": null, "url_wikidata": null}, "Mars": {"label": "LOC", "kb_qid": null, "url_wikidata": null}, "Se": {"label": "PER", "kb_qid": null, "url_wikidata": null}, "De sa fatale": {"label": "MISC", "kb_qid": null, "url_wikidata": null}, "O\u00f9 mes Sujets de tus cotez, G\u00e9nitalement": {"label": "MISC", "kb_qid": null, "url_wikidata": null}, "Cruels A tisas": {"label": "MISC", "kb_qid": null, "url_wikidata": null}, "Dont": {"label": "MISC", "kb_qid": null, "url_wikidata": null}, "PHILIPPE": {"label": "ORG", "kb_qid": null, "url_wikidata": null}, "Nous serions encore": {"label": "MISC", "kb_qid": null, "url_wikidata": null}, "Mont\u00e9": {"label": "LOC", "kb_qid": null, "url_wikidata": null}, "Toujours attente \u00e0 nos maux": {"label": "MISC", "kb_qid": null, "url_wikidata": null}, "Va": {"label": "PER", "kb_qid": null, "url_wikidata": null}, "Soleil": {"label": "LOC", "kb_qid": null, "url_wikidata": null}, "Part plus brillant": {"label": "MISC", "kb_qid": null, "url_wikidata": null}, "D'un repus,": {"label": "MISC", "kb_qid": null, "url_wikidata": null}, "Cieux": {"label": "LOC", "kb_qid": null, "url_wikidata": null}, "Justice la Paix unies": {"label": "MISC", "kb_qid": null, "url_wikidata": null}, "A l'avidit\u00e9 des Vautours;": {"label": "MISC", "kb_qid": null, "url_wikidata": null}, "VIe": {"label": "MISC", "kb_qid": null, "url_wikidata": null}, "Si propre \u00e0 la": {"label": "MISC", "kb_qid": null, "url_wikidata": null}, "Soi t\u00e9": {"label": "MISC", "kb_qid": null, "url_wikidata": null}, "Si n\u00e9cessaire \u00e0 la Nature": {"label": "MISC", "kb_qid": null, "url_wikidata": null}, "Vertu": {"label": "PER", "kb_qid": null, "url_wikidata": null}, "Le merise": {"label": "MISC", "kb_qid": null, "url_wikidata": null}, "Quel plaisir de ne revoir plus": {"label": "MISC", "kb_qid": null, "url_wikidata": null}, "Que la vari\u00e9 Ute": {"label": "MISC", "kb_qid": null, "url_wikidata": null}}, "ents_freq": {"Princes": 1, "Mars": 1, "Se": 1, "De sa fatale": 1, "O\u00f9 mes Sujets de tus cotez, G\u00e9nitalement": 1, "Cruels A tisas": 1, "Dont": 1, "PHILIPPE": 1, "Nous serions encore": 1, "Mont\u00e9": 1, "Toujours attente \u00e0 nos maux": 1, "Va": 1, "Soleil": 1, "Part plus brillant": 1, "D'un repus,": 1, "Cieux": 1, "Justice la Paix unies": 1, "A l'avidit\u00e9 des Vautours;": 1, "VIe": 1, "Si propre \u00e0 la": 1, "Soi t\u00e9": 1, "Si n\u00e9cessaire \u00e0 la Nature": 1, "Vertu": 1, "Le merise": 1, "Quel plaisir de ne revoir plus": 1, "Que la vari\u00e9 Ute": 1}, "year": "1717", "month": "03", "page": "24"}