{"ents_info": {".le": {"label": "MISC", "kb_qid": null, "url_wikidata": null}, "Enlise": {"label": "MISC", "kb_qid": null, "url_wikidata": null}, "\u00c9v\u00eaques juge": {"label": "MISC", "kb_qid": null, "url_wikidata": null}, "Os": {"label": "MISC", "kb_qid": null, "url_wikidata": null}, "Appels au futur": {"label": "MISC", "kb_qid": null, "url_wikidata": null}, "Concile": {"label": "MISC", "kb_qid": null, "url_wikidata": null}, "ns": {"label": "MISC", "kb_qid": null, "url_wikidata": null}, "UTC": {"label": "ORG", "kb_qid": null, "url_wikidata": null}, "Lutte de Mr. le Cardinal de Rohan": {"label": "MISC", "kb_qid": null, "url_wikidata": null}, "I!. Juillet": {"label": "MISC", "kb_qid": null, "url_wikidata": null}, "Ernie &": {"label": "MISC", "kb_qid": null, "url_wikidata": null}, "ms": {"label": "MISC", "kb_qid": null, "url_wikidata": null}, "Em": {"label": "MISC", "kb_qid": null, "url_wikidata": null}, "EeCleliuliques": {"label": "LOC", "kb_qid": null, "url_wikidata": null}, "jetassent Appel": {"label": "MISC", "kb_qid": null, "url_wikidata": null}, "Bart": {"label": "PER", "kb_qid": null, "url_wikidata": null}, "Angela fer Concile": {"label": "MISC", "kb_qid": null, "url_wikidata": null}, "Lettre qi sucre": {"label": "MISC", "kb_qid": null, "url_wikidata": null}, "El on n\u00e9 'rez": {"label": "MISC", "kb_qid": null, "url_wikidata": null}, "Ve": {"label": "MISC", "kb_qid": null, "url_wikidata": null}}, "ents_freq": {".le": 1, "Enlise": 1, "\u00c9v\u00eaques juge": 1, "Os": 1, "Appels au futur": 1, "Concile": 2, "ns": 1, "UTC": 1, "Lutte de Mr. le Cardinal de Rohan": 1, "I!. Juillet": 1, "Ernie &": 1, "ms": 1, "Em": 1, "EeCleliuliques": 1, "jetassent Appel": 1, "Bart": 1, "Angela fer Concile": 1, "Lettre qi sucre": 1, "El on n\u00e9 'rez": 1, "Ve": 1}, "year": "1717", "month": "11", "page": "23"}