{"ents_info": {"Princes c. Deneb": {"label": "PER", "kb_qid": null, "url_wikidata": null}, "Croisi\u00e8res": {"label": "MISC", "kb_qid": null, "url_wikidata": null}, "Nil li": {"label": "LOC", "kb_qid": null, "url_wikidata": null}, "Panel": {"label": "ORG", "kb_qid": null, "url_wikidata": null}, "OU Liv.": {"label": "ORG", "kb_qid": null, "url_wikidata": null}, "Cel\u00e8rent &": {"label": "ORG", "kb_qid": null, "url_wikidata": null}, "O O. li": {"label": "PER", "kb_qid": null, "url_wikidata": null}, "Hun": {"label": "PER", "kb_qid": null, "url_wikidata": null}, "O li La": {"label": "PER", "kb_qid": null, "url_wikidata": null}, "II": {"label": "PER", "kb_qid": null, "url_wikidata": null}, "Cirier": {"label": "PER", "kb_qid": null, "url_wikidata": null}, "osides aile": {"label": "PER", "kb_qid": null, "url_wikidata": null}, "Spot": {"label": "MISC", "kb_qid": null, "url_wikidata": null}, "Agen": {"label": "LOC", "kb_qid": null, "url_wikidata": null}, "M dock mer": {"label": "LOC", "kb_qid": null, "url_wikidata": null}, "M\u00e9decin de S. M Empereur de Russie": {"label": "PER", "kb_qid": null, "url_wikidata": null}, "M": {"label": "LOC", "kb_qid": null, "url_wikidata": null}, "Io": {"label": "LOC", "kb_qid": null, "url_wikidata": null}, "Estomac": {"label": "LOC", "kb_qid": null, "url_wikidata": null}}, "ents_freq": {"Princes c. Deneb": 1, "Croisi\u00e8res": 1, "Nil li": 1, "Panel": 1, "OU Liv.": 1, "Cel\u00e8rent &": 1, "O O. li": 1, "Hun": 1, "O li La": 1, "II": 1, "Cirier": 1, "osides aile": 1, "Spot": 1, "Agen": 1, "M dock mer": 1, "M\u00e9decin de S. M Empereur de Russie": 1, "M": 1, "Io": 1, "Estomac": 1}, "year": "1717", "month": "12", "page": "64"}