{"ents_info": {"249 u Mecklembourg": {"label": "LOC", "kb_qid": null, "url_wikidata": null}, "Einstein": {"label": "PER", "kb_qid": "Q1426842", "url_wikidata": "https://www.wikidata.org/wiki/Q1426842"}, "\u00c9tats": {"label": "LOC", "kb_qid": "Q7275", "url_wikidata": "https://www.wikidata.org/wiki/Q7275"}, "Russes": {"label": "LOC", "kb_qid": "Q1108445", "url_wikidata": "https://www.wikidata.org/wiki/Q1108445"}, "Ais & 'Alliez": {"label": "MISC", "kb_qid": null, "url_wikidata": null}, "PC": {"label": "MISC", "kb_qid": "Q2976199", "url_wikidata": "https://www.wikidata.org/wiki/Q2976199"}, "S\u00e9nats": {"label": "LOC", "kb_qid": "Q2118566", "url_wikidata": "https://www.wikidata.org/wiki/Q2118566"}, "Villes": {"label": "LOC", "kb_qid": "Q262166", "url_wikidata": "https://www.wikidata.org/wiki/Q262166"}, "Sa t'ajuste saharienne ver-leur Territoire": {"label": "MISC", "kb_qid": null, "url_wikidata": null}, "Ministres N\u00e9gociateurs": {"label": "ORG", "kb_qid": null, "url_wikidata": null}, "Politiques": {"label": "MISC", "kb_qid": "Q7163", "url_wikidata": "https://www.wikidata.org/wiki/Q7163"}, "Igor": {"label": "PER", "kb_qid": "Q539712", "url_wikidata": "https://www.wikidata.org/wiki/Q539712"}, "Marque Moscovite": {"label": "LOC", "kb_qid": null, "url_wikidata": null}, "Mer Baltique": {"label": "LOC", "kb_qid": "Q545", "url_wikidata": "https://www.wikidata.org/wiki/Q545"}, "Vaisseaux & Galeries Russiennes": {"label": "ORG", "kb_qid": null, "url_wikidata": null}, "Ports de R\u00e9v\u00e8le de Riz, la Forte du": {"label": "MISC", "kb_qid": null, "url_wikidata": null}, "Arm\u00e9e": {"label": "ORG", "kb_qid": "Q162513", "url_wikidata": "https://www.wikidata.org/wiki/Q162513"}, "Cotes": {"label": "LOC", "kb_qid": "Q2046242", "url_wikidata": "https://www.wikidata.org/wiki/Q2046242"}, "Allemagne": {"label": "LOC", "kb_qid": "Q43287", "url_wikidata": "https://www.wikidata.org/wiki/Q43287"}, "Polonais": {"label": "MISC", "kb_qid": "Q1026", "url_wikidata": "https://www.wikidata.org/wiki/Q1026"}, "Pailla": {"label": "LOC", "kb_qid": null, "url_wikidata": null}, "Troupes Auxiliaires & d'Amis des Princes": {"label": "MISC", "kb_qid": null, "url_wikidata": null}, "Moscovie": {"label": "LOC", "kb_qid": "Q170770", "url_wikidata": "https://www.wikidata.org/wiki/Q170770"}, "Princes d'Allemagne": {"label": "LOC", "kb_qid": null, "url_wikidata": null}, "Su\u00e9dois": {"label": "LOC", "kb_qid": "Q165192", "url_wikidata": "https://www.wikidata.org/wiki/Q165192"}, "Russiens": {"label": "LOC", "kb_qid": "Q1108445", "url_wikidata": "https://www.wikidata.org/wiki/Q1108445"}, "Card": {"label": "MISC", "kb_qid": "Q4743488", "url_wikidata": "https://www.wikidata.org/wiki/Q4743488"}, "Sou": {"label": "PER", "kb_qid": "Q3491418", "url_wikidata": "https://www.wikidata.org/wiki/Q3491418"}}, "ents_freq": {"249 u Mecklembourg": 1, "Einstein": 1, "\u00c9tats": 1, "Russes": 2, "Ais & 'Alliez": 1, "PC": 1, "S\u00e9nats": 1, "Villes": 1, "Sa t'ajuste saharienne ver-leur Territoire": 1, "Ministres N\u00e9gociateurs": 1, "Politiques": 1, "Igor": 1, "Marque Moscovite": 1, "Mer Baltique": 1, "Vaisseaux & Galeries Russiennes": 1, "Ports de R\u00e9v\u00e8le de Riz, la Forte du": 1, "Arm\u00e9e": 1, "Cotes": 1, "Allemagne": 1, "Polonais": 2, "Pailla": 1, "Troupes Auxiliaires & d'Amis des Princes": 1, "Moscovie": 1, "Princes d'Allemagne": 1, "Su\u00e9dois": 1, "Russiens": 1, "Card": 1, "Sou": 1}, "year": "1717", "month": "04", "page": "20"}