{"ents_info": {"DDIVTLYIYR5": {"label": "LOC", "kb_qid": null, "url_wikidata": null}, "CA Alto": {"label": "ORG", "kb_qid": null, "url_wikidata": null}, "Romano Imp\u00e9ratif": {"label": "MISC", "kb_qid": null, "url_wikidata": null}, "aC": {"label": "ORG", "kb_qid": null, "url_wikidata": null}, "Hispanique": {"label": "LOC", "kb_qid": "Q58669", "url_wikidata": "https://www.wikidata.org/wiki/Q58669"}, "Hun": {"label": "PER", "kb_qid": "Q3143281", "url_wikidata": "https://www.wikidata.org/wiki/Q3143281"}, "Dalmatie": {"label": "LOC", "kb_qid": "Q528042", "url_wikidata": "https://www.wikidata.org/wiki/Q528042"}, "Slavon &": {"label": "ORG", "kb_qid": null, "url_wikidata": null}, "Du Broglie": {"label": "PER", "kb_qid": null, "url_wikidata": null}, "Style, Craintif": {"label": "MISC", "kb_qid": null, "url_wikidata": null}, "Carnot & Wurtemberg": {"label": "ORG", "kb_qid": null, "url_wikidata": null}, "Imparti": {"label": "MISC", "kb_qid": null, "url_wikidata": null}, "ANDREAS": {"label": "MISC", "kb_qid": "Q70587", "url_wikidata": "https://www.wikidata.org/wiki/Q70587"}, "Bis": {"label": "ORG", "kb_qid": "Q2904583", "url_wikidata": "https://www.wikidata.org/wiki/Q2904583"}, "Libelle La Clef du Cabinet": {"label": "MISC", "kb_qid": null, "url_wikidata": null}, "Galice": {"label": "LOC", "kb_qid": "Q3908", "url_wikidata": "https://www.wikidata.org/wiki/Q3908"}, "Verrerie": {"label": "LOC", "kb_qid": "Q1089246", "url_wikidata": "https://www.wikidata.org/wiki/Q1089246"}, "Typographie": {"label": "MISC", "kb_qid": "Q159964", "url_wikidata": "https://www.wikidata.org/wiki/Q159964"}, "Libelle \u00e9ditionne": {"label": "MISC", "kb_qid": null, "url_wikidata": null}, "ut": {"label": "MISC", "kb_qid": "Q263478", "url_wikidata": "https://www.wikidata.org/wiki/Q263478"}, "C\u00e9sar\u00e9e ad Selenium": {"label": "MISC", "kb_qid": null, "url_wikidata": null}, "annuendurm": {"label": "PER", "kb_qid": null, "url_wikidata": null}, "Typographie, Bibliopoles, Bibiopegis, alaise": {"label": "MISC", "kb_qid": null, "url_wikidata": null}, "Libelles": {"label": "MISC", "kb_qid": "Q3237707", "url_wikidata": "https://www.wikidata.org/wiki/Q3237707"}, "Essex": {"label": "MISC", "kb_qid": "Q23240", "url_wikidata": "https://www.wikidata.org/wiki/Q23240"}, "Anouk": {"label": "MISC", "kb_qid": "Q46087", "url_wikidata": "https://www.wikidata.org/wiki/Q46087"}, "computa": {"label": "MISC", "kb_qid": null, "url_wikidata": null}, "dm in Sacr\u00e9 Romano Imp\u00e9riaux": {"label": "MISC", "kb_qid": null, "url_wikidata": null}, "M\u00e9nisque aC": {"label": "PER", "kb_qid": null, "url_wikidata": null}}, "ents_freq": {"DDIVTLYIYR5": 1, "CA Alto": 1, "Romano Imp\u00e9ratif": 1, "aC": 1, "Hispanique": 1, "Hun": 1, "Dalmatie": 1, "Slavon &": 1, "Du Broglie": 1, "Style, Craintif": 1, "Carnot & Wurtemberg": 1, "Imparti": 1, "ANDREAS": 1, "Bis": 1, "Libelle La Clef du Cabinet": 1, "Galice": 1, "Verrerie": 1, "Typographie": 1, "Libelle \u00e9ditionne": 1, "ut": 1, "C\u00e9sar\u00e9e ad Selenium": 1, "annuendurm": 1, "Typographie, Bibliopoles, Bibiopegis, alaise": 1, "Libelles": 1, "Essex": 1, "Anouk": 1, "computa": 1, "dm in Sacr\u00e9 Romano Imp\u00e9riaux": 1, "M\u00e9nisque aC": 1}, "year": "1717", "month": "04", "page": "77"}