{"ents_info": {"La Clef du Cabinet 72": {"label": "MISC", "kb_qid": null, "url_wikidata": null}, "Royaume": {"label": "LOC", "kb_qid": "Q70972", "url_wikidata": "https://www.wikidata.org/wiki/Q70972"}, "M": {"label": "PER", "kb_qid": "Q246154", "url_wikidata": "https://www.wikidata.org/wiki/Q246154"}, "Nous Avon st": {"label": "MISC", "kb_qid": null, "url_wikidata": null}, "Accor": {"label": "ORG", "kb_qid": "Q212599", "url_wikidata": "https://www.wikidata.org/wiki/Q212599"}, "Comptes de ce Em ion cm": {"label": "ORG", "kb_qid": null, "url_wikidata": null}, "Par 'emntaire": {"label": "MISC", "kb_qid": null, "url_wikidata": null}, "Nous sommes aussi r\u00e9solu": {"label": "MISC", "kb_qid": null, "url_wikidata": null}, "Q \u00e0 votre Go": {"label": "MISC", "kb_qid": null, "url_wikidata": null}, "Royaumes,": {"label": "MISC", "kb_qid": null, "url_wikidata": null}, "Dieu": {"label": "MISC", "kb_qid": "Q190", "url_wikidata": "https://www.wikidata.org/wiki/Q190"}, "redu tin": {"label": "PER", "kb_qid": null, "url_wikidata": null}, "Arm\u00e9e &": {"label": "ORG", "kb_qid": null, "url_wikidata": null}, "AC de Grace": {"label": "ORG", "kb_qid": null, "url_wikidata": null}}, "ents_freq": {"La Clef du Cabinet 72": 1, "Royaume": 1, "M": 1, "Nous Avon st": 1, "Accor": 1, "Comptes de ce Em ion cm": 1, "Par 'emntaire": 1, "Nous sommes aussi r\u00e9solu": 1, "Q \u00e0 votre Go": 1, "Royaumes,": 1, "Dieu": 1, "redu tin": 1, "Arm\u00e9e &": 1, "AC de Grace": 1}, "year": "1717", "month": "07", "page": "71"}