{"ents_info": {"Recepions": {"label": "LOC", "kb_qid": null, "url_wikidata": null}, "Eug\u00e8ne": {"label": "MISC", "kb_qid": "Q152428", "url_wikidata": "https://www.wikidata.org/wiki/Q152428"}, "al Schuyloembourg": {"label": "PER", "kb_qid": null, "url_wikidata": null}, "Cabine Lev\u00e9e de Milices & de Recrues": {"label": "LOC", "kb_qid": null, "url_wikidata": null}, "R\u00e9giment": {"label": "LOC", "kb_qid": "Q1450570", "url_wikidata": "https://www.wikidata.org/wiki/Q1450570"}, "Garnisons": {"label": "MISC", "kb_qid": "Q88556", "url_wikidata": "https://www.wikidata.org/wiki/Q88556"}, "Pi\u00e9mont": {"label": "LOC", "kb_qid": "Q1216", "url_wikidata": "https://www.wikidata.org/wiki/Q1216"}, "S'avoue, &": {"label": "MISC", "kb_qid": null, "url_wikidata": null}, "Places du Royaume de Sicile": {"label": "LOC", "kb_qid": null, "url_wikidata": null}, "G\u00eanera de Schuylembourg": {"label": "MISC", "kb_qid": null, "url_wikidata": null}, "Vise": {"label": "LOC", "kb_qid": "Q49743", "url_wikidata": "https://www.wikidata.org/wiki/Q49743"}, "Lazaret": {"label": "LOC", "kb_qid": "Q859247", "url_wikidata": "https://www.wikidata.org/wiki/Q859247"}, "Doge": {"label": "PER", "kb_qid": "Q858316", "url_wikidata": "https://www.wikidata.org/wiki/Q858316"}, "S\u00e9r\u00e9nissime R\u00e9publique": {"label": "PER", "kb_qid": "Q4948", "url_wikidata": "https://www.wikidata.org/wiki/Q4948"}, "Compliments & les f\u00e9licitations requises": {"label": "ORG", "kb_qid": null, "url_wikidata": null}, "Sent": {"label": "MISC", "kb_qid": "Q69709", "url_wikidata": "https://www.wikidata.org/wiki/Q69709"}, "Diamant, de valeur envi on cinq mille": {"label": "MISC", "kb_qid": null, "url_wikidata": null}, "Du cars": {"label": "PER", "kb_qid": null, "url_wikidata": null}, "Sieur": {"label": "LOC", "kb_qid": "Q1550557", "url_wikidata": "https://www.wikidata.org/wiki/Q1550557"}, "Francisco Bianchi": {"label": "PER", "kb_qid": null, "url_wikidata": null}, "celebret Sculpteur": {"label": "PER", "kb_qid": null, "url_wikidata": null}, "Statue de Mr. de Schuylemboug": {"label": "LOC", "kb_qid": null, "url_wikidata": null}, "R\u00e9publique": {"label": "LOC", "kb_qid": "Q7270", "url_wikidata": "https://www.wikidata.org/wiki/Q7270"}, "\u00c9tal": {"label": "LOC", "kb_qid": "Q3591625", "url_wikidata": "https://www.wikidata.org/wiki/Q3591625"}, "Place de la Ville de Corfou": {"label": "LOC", "kb_qid": null, "url_wikidata": null}, "Pre droits des \u00c9chelles": {"label": "MISC", "kb_qid": null, "url_wikidata": null}, "Comparatifs des Constantinople": {"label": "MISC", "kb_qid": null, "url_wikidata": null}, "Tiers contre des avantages": {"label": "ORG", "kb_qid": null, "url_wikidata": null}, "Turcs": {"label": "LOC", "kb_qid": "Q84072", "url_wikidata": "https://www.wikidata.org/wiki/Q84072"}, "Campagne": {"label": "MISC", "kb_qid": "Q175185", "url_wikidata": "https://www.wikidata.org/wiki/Q175185"}, "V\u00e9nitiens": {"label": "LOC", "kb_qid": "Q610687", "url_wikidata": "https://www.wikidata.org/wiki/Q610687"}, "Imp\u00e9riaux": {"label": "MISC", "kb_qid": "Q153136", "url_wikidata": "https://www.wikidata.org/wiki/Q153136"}, "Empire Ottoman": {"label": "LOC", "kb_qid": "Q4338045", "url_wikidata": "https://www.wikidata.org/wiki/Q4338045"}, "Porte": {"label": "LOC", "kb_qid": "Q12560", "url_wikidata": "https://www.wikidata.org/wiki/Q12560"}, "Terre &": {"label": "ORG", "kb_qid": null, "url_wikidata": null}, "Pachas": {"label": "MISC", "kb_qid": "Q184951", "url_wikidata": "https://www.wikidata.org/wiki/Q184951"}, "Commandant des Provinces d'Asie": {"label": "MISC", "kb_qid": null, "url_wikidata": null}, "Europe": {"label": "ORG", "kb_qid": "Q46", "url_wikidata": "https://www.wikidata.org/wiki/Q46"}, "Danube": {"label": "LOC", "kb_qid": "Q1653", "url_wikidata": "https://www.wikidata.org/wiki/Q1653"}, "Grand Seigneur": {"label": "MISC", "kb_qid": "Q199481", "url_wikidata": "https://www.wikidata.org/wiki/Q199481"}}, "ents_freq": {"Recepions": 1, "Eug\u00e8ne": 1, "al Schuyloembourg": 1, "Cabine Lev\u00e9e de Milices & de Recrues": 1, "R\u00e9giment": 1, "Garnisons": 1, "Pi\u00e9mont": 1, "S'avoue, &": 1, "Places du Royaume de Sicile": 1, "G\u00eanera de Schuylembourg": 1, "Vise": 1, "Lazaret": 1, "Doge": 2, "S\u00e9r\u00e9nissime R\u00e9publique": 1, "Compliments & les f\u00e9licitations requises": 1, "Sent": 1, "Diamant, de valeur envi on cinq mille": 1, "Du cars": 1, "Sieur": 1, "Francisco Bianchi": 1, "celebret Sculpteur": 1, "Statue de Mr. de Schuylemboug": 1, "R\u00e9publique": 1, "\u00c9tal": 1, "Place de la Ville de Corfou": 1, "Pre droits des \u00c9chelles": 1, "Comparatifs des Constantinople": 1, "Tiers contre des avantages": 1, "Turcs": 1, "Campagne": 1, "V\u00e9nitiens": 1, "Imp\u00e9riaux": 1, "Empire Ottoman": 1, "Porte": 1, "Terre &": 1, "Pachas": 1, "Commandant des Provinces d'Asie": 1, "Europe": 1, "Danube": 1, "Grand Seigneur": 1}, "year": "1717", "month": "03", "page": "49"}