{"ents_info": {"Espagnols": {"label": "LOC", "kb_qid": "Q80702", "url_wikidata": "https://www.wikidata.org/wiki/Q80702"}, "Fore du St. Sacrement": {"label": "LOC", "kb_qid": null, "url_wikidata": null}, "Clef du Cabinet 92": {"label": "LOC", "kb_qid": null, "url_wikidata": null}, "ds V\u00e9nitiens": {"label": "PER", "kb_qid": null, "url_wikidata": null}, "La Fameuse lotte": {"label": "MISC", "kb_qid": null, "url_wikidata": null}, "Philippe li": {"label": "PER", "kb_qid": null, "url_wikidata": null}, "Angleterre": {"label": "LOC", "kb_qid": "Q21", "url_wikidata": "https://www.wikidata.org/wiki/Q21"}, "V\u00e9nitiens": {"label": "LOC", "kb_qid": "Q4948", "url_wikidata": "https://www.wikidata.org/wiki/Q4948"}, "M.P.": {"label": "PER", "kb_qid": null, "url_wikidata": null}, "Lisbonne": {"label": "LOC", "kb_qid": "Q597", "url_wikidata": "https://www.wikidata.org/wiki/Q597"}, "Maisons": {"label": "LOC", "kb_qid": "Q463951", "url_wikidata": "https://www.wikidata.org/wiki/Q463951"}, "Reine": {"label": "PER", "kb_qid": "Q9682", "url_wikidata": "https://www.wikidata.org/wiki/Q9682"}, "Es Pagnol": {"label": "MISC", "kb_qid": null, "url_wikidata": null}, "Portugais": {"label": "LOC", "kb_qid": "Q200464", "url_wikidata": "https://www.wikidata.org/wiki/Q200464"}, "Indes": {"label": "LOC", "kb_qid": "Q2385925", "url_wikidata": "https://www.wikidata.org/wiki/Q2385925"}, "S. M.P.": {"label": "PER", "kb_qid": null, "url_wikidata": null}, "Fort du St.": {"label": "LOC", "kb_qid": null, "url_wikidata": null}, "Ville de Buenos": {"label": "LOC", "kb_qid": null, "url_wikidata": null}, "Colonie d'Espagnols": {"label": "LOC", "kb_qid": null, "url_wikidata": null}, "Trait\u00e9 de Paix": {"label": "MISC", "kb_qid": "Q322943", "url_wikidata": "https://www.wikidata.org/wiki/Q322943"}, "Poste": {"label": "ORG", "kb_qid": "Q49845", "url_wikidata": "https://www.wikidata.org/wiki/Q49845"}, "De violer ouvertement;S. M.": {"label": "MISC", "kb_qid": null, "url_wikidata": null}, "Puissances": {"label": "MISC", "kb_qid": "Q26051996", "url_wikidata": "https://www.wikidata.org/wiki/Q26051996"}, "Trait\u00e9": {"label": "MISC", "kb_qid": "Q131569", "url_wikidata": "https://www.wikidata.org/wiki/Q131569"}}, "ents_freq": {"Espagnols": 2, "Fore du St. Sacrement": 1, "Clef du Cabinet 92": 1, "ds V\u00e9nitiens": 1, "La Fameuse lotte": 1, "Philippe li": 1, "Angleterre": 1, "V\u00e9nitiens": 1, "M.P.": 1, "Lisbonne": 1, "Maisons": 1, "Reine": 1, "Es Pagnol": 1, "Portugais": 1, "Indes": 1, "S. M.P.": 1, "Fort du St.": 1, "Ville de Buenos": 1, "Colonie d'Espagnols": 1, "Trait\u00e9 de Paix": 1, "Poste": 1, "De violer ouvertement;S. M.": 1, "Puissances": 1, "Trait\u00e9": 1}, "year": "1717", "month": "08", "page": "15"}