{"ents_info": {"Princes": {"label": "PER", "kb_qid": null, "url_wikidata": null}, "met & d\u00e9licatement": {"label": "MISC", "kb_qid": null, "url_wikidata": null}, "Bruce!les": {"label": "PER", "kb_qid": null, "url_wikidata": null}, "Inauguration des..": {"label": "MISC", "kb_qid": null, "url_wikidata": null}, "Due de Brabant": {"label": "ORG", "kb_qid": null, "url_wikidata": null}, "L bourg.": {"label": "LOC", "kb_qid": null, "url_wikidata": null}, "Auguste": {"label": "PER", "kb_qid": null, "url_wikidata": null}, "Angers": {"label": "LOC", "kb_qid": null, "url_wikidata": null}, "cs C": {"label": "MISC", "kb_qid": null, "url_wikidata": null}, "Grec": {"label": "MISC", "kb_qid": null, "url_wikidata": null}, "Garnisons & quelques R\u00e9giment de Taons": {"label": "ORG", "kb_qid": null, "url_wikidata": null}, "quel?s": {"label": "MISC", "kb_qid": null, "url_wikidata": null}, "Ps-Bas autrichiens": {"label": "LOC", "kb_qid": null, "url_wikidata": null}, "ARTICLE IX": {"label": "PER", "kb_qid": null, "url_wikidata": null}, "tee": {"label": "MISC", "kb_qid": null, "url_wikidata": null}, "Denis": {"label": "PER", "kb_qid": null, "url_wikidata": null}, "TA": {"label": "LOC", "kb_qid": null, "url_wikidata": null}, "Estrade, fille du Maravais": {"label": "MISC", "kb_qid": null, "url_wikidata": null}, "Cage": {"label": "MISC", "kb_qid": null, "url_wikidata": null}, "R\u00e9gent": {"label": "PER", "kb_qid": null, "url_wikidata": null}, "orle somme": {"label": "LOC", "kb_qid": null, "url_wikidata": null}, "Chambre du justice": {"label": "ORG", "kb_qid": null, "url_wikidata": null}}, "ents_freq": {"Princes": 1, "met & d\u00e9licatement": 1, "Bruce!les": 1, "Inauguration des..": 1, "Due de Brabant": 1, "L bourg.": 1, "Auguste": 1, "Angers": 1, "cs C": 1, "Grec": 1, "Garnisons & quelques R\u00e9giment de Taons": 1, "quel?s": 1, "Ps-Bas autrichiens": 1, "ARTICLE IX": 1, "tee": 1, "Denis": 1, "TA": 1, "Estrade, fille du Maravais": 1, "Cage": 1, "R\u00e9gent": 1, "orle somme": 1, "Chambre du justice": 1}, "year": "1717", "month": "11", "page": "74"}