{"ents_info": {"Princes de Octobre 117": {"label": "LOC", "kb_qid": null, "url_wikidata": null}, "Martinique": {"label": "LOC", "kb_qid": "Q739684", "url_wikidata": "https://www.wikidata.org/wiki/Q739684"}, "V M.": {"label": "PER", "kb_qid": null, "url_wikidata": null}, "Xavier": {"label": "MISC", "kb_qid": "Q8043281", "url_wikidata": "https://www.wikidata.org/wiki/Q8043281"}, "MS": {"label": "MISC", "kb_qid": "Q384018", "url_wikidata": "https://www.wikidata.org/wiki/Q384018"}, "Pat\u00e8ne &": {"label": "ORG", "kb_qid": null, "url_wikidata": null}, "Martin Rico art": {"label": "PER", "kb_qid": null, "url_wikidata": null}, "Fortuit G\u00e9n\u00e9ral": {"label": "LOC", "kb_qid": null, "url_wikidata": null}, "Intel": {"label": "ORG", "kb_qid": "Q248", "url_wikidata": "https://www.wikidata.org/wiki/Q248"}, "Colonie": {"label": "LOC", "kb_qid": "Q133156", "url_wikidata": "https://www.wikidata.org/wiki/Q133156"}, "Sexe": {"label": "PER", "kb_qid": "Q290", "url_wikidata": "https://www.wikidata.org/wiki/Q290"}, "Reine": {"label": "PER", "kb_qid": "Q9682", "url_wikidata": "https://www.wikidata.org/wiki/Q9682"}, "Ordonnances": {"label": "LOC", "kb_qid": "Q1712420", "url_wikidata": "https://www.wikidata.org/wiki/Q1712420"}, "d\u00e9genrer": {"label": "MISC", "kb_qid": null, "url_wikidata": null}, "qi": {"label": "PER", "kb_qid": "Q202742", "url_wikidata": "https://www.wikidata.org/wiki/Q202742"}, "El le Qui doit, &": {"label": "MISC", "kb_qid": null, "url_wikidata": null}, "Pr\u00e9d\u00e9cesseurs, & sur le que": {"label": "MISC", "kb_qid": null, "url_wikidata": null}, "Vote M": {"label": "MISC", "kb_qid": null, "url_wikidata": null}, "Isole": {"label": "LOC", "kb_qid": "Q1364549", "url_wikidata": "https://www.wikidata.org/wiki/Q1364549"}, "Guice": {"label": "PER", "kb_qid": "Q1537677", "url_wikidata": "https://www.wikidata.org/wiki/Q1537677"}, "Bord de St": {"label": "LOC", "kb_qid": null, "url_wikidata": null}, "Pier": {"label": "LOC", "kb_qid": "Q3382690", "url_wikidata": "https://www.wikidata.org/wiki/Q3382690"}}, "ents_freq": {"Princes de Octobre 117": 1, "Martinique": 1, "V M.": 3, "Xavier": 1, "MS": 1, "Pat\u00e8ne &": 1, "Martin Rico art": 1, "Fortuit G\u00e9n\u00e9ral": 1, "Intel": 1, "Colonie": 2, "Sexe": 1, "Reine": 1, "Ordonnances": 1, "d\u00e9genrer": 1, "qi": 1, "El le Qui doit, &": 1, "Pr\u00e9d\u00e9cesseurs, & sur le que": 1, "Vote M": 1, "Isole": 1, "Guice": 1, "Bord de St": 1, "Pier": 1}, "year": "1717", "month": "10", "page": "22"}