{"ents_info": {"La Clef du Caret": {"label": "MISC", "kb_qid": null, "url_wikidata": null}, "D\u00e9claration IV": {"label": "MISC", "kb_qid": null, "url_wikidata": null}, "Roi": {"label": "PER", "kb_qid": "Q13592862", "url_wikidata": "https://www.wikidata.org/wiki/Q13592862"}, "la Haye": {"label": "LOC", "kb_qid": "Q36600", "url_wikidata": "https://www.wikidata.org/wiki/Q36600"}, "Janvier Donneur": {"label": "PER", "kb_qid": null, "url_wikidata": null}, "D\u00e9claration du Roi son Maitre": {"label": "MISC", "kb_qid": null, "url_wikidata": null}, "fcd": {"label": "ORG", "kb_qid": "Q25388802", "url_wikidata": "https://www.wikidata.org/wiki/Q25388802"}, "N\u00e9gocions Hollandais": {"label": "LOC", "kb_qid": null, "url_wikidata": null}, "S. M.": {"label": "PER", "kb_qid": "Q669458", "url_wikidata": "https://www.wikidata.org/wiki/Q669458"}, "Su\u00e9dois": {"label": "LOC", "kb_qid": "Q165192", "url_wikidata": "https://www.wikidata.org/wiki/Q165192"}, "Miaous": {"label": "MISC", "kb_qid": null, "url_wikidata": null}, "Hollande": {"label": "LOC", "kb_qid": "Q762943", "url_wikidata": "https://www.wikidata.org/wiki/Q762943"}, "Bettembourg": {"label": "LOC", "kb_qid": "Q832342", "url_wikidata": "https://www.wikidata.org/wiki/Q832342"}, "Places Su\u00e9doises": {"label": "LOC", "kb_qid": null, "url_wikidata": null}, "Conseil de Copenhague": {"label": "ORG", "kb_qid": null, "url_wikidata": null}, "Vais seau d quel Nation": {"label": "MISC", "kb_qid": null, "url_wikidata": null}, "Cotes": {"label": "LOC", "kb_qid": "Q2046242", "url_wikidata": "https://www.wikidata.org/wiki/Q2046242"}, "Sue": {"label": "PER", "kb_qid": "Q1514294", "url_wikidata": "https://www.wikidata.org/wiki/Q1514294"}, "guerres du Nord": {"label": "MISC", "kb_qid": "Q2551944", "url_wikidata": "https://www.wikidata.org/wiki/Q2551944"}, "Vaisseaux": {"label": "MISC", "kb_qid": "Q2003852", "url_wikidata": "https://www.wikidata.org/wiki/Q2003852"}, "Jutant, IA Scande": {"label": "LOC", "kb_qid": null, "url_wikidata": null}, "Provinces de Su\u00e8de": {"label": "LOC", "kb_qid": "Q193556", "url_wikidata": "https://www.wikidata.org/wiki/Q193556"}, "Sel": {"label": "LOC", "kb_qid": "Q11254", "url_wikidata": "https://www.wikidata.org/wiki/Q11254"}, "Passeports Danois": {"label": "MISC", "kb_qid": null, "url_wikidata": null}, "D\u00e9claration": {"label": "MISC", "kb_qid": "Q3042655", "url_wikidata": "https://www.wikidata.org/wiki/Q3042655"}, "Hollandais": {"label": "LOC", "kb_qid": "Q170072", "url_wikidata": "https://www.wikidata.org/wiki/Q170072"}, "Nations maritimes": {"label": "ORG", "kb_qid": null, "url_wikidata": null}, "Mer Baltique": {"label": "LOC", "kb_qid": "Q545", "url_wikidata": "https://www.wikidata.org/wiki/Q545"}, "marques V": {"label": "ORG", "kb_qid": null, "url_wikidata": null}, "Messieurs": {"label": "PER", "kb_qid": "Q3489506", "url_wikidata": "https://www.wikidata.org/wiki/Q3489506"}, "\u00c9tats de Voleur la Lote-lande": {"label": "MISC", "kb_qid": null, "url_wikidata": null}, "Loteries de Sol relies": {"label": "ORG", "kb_qid": null, "url_wikidata": null}, "Province lune": {"label": "LOC", "kb_qid": null, "url_wikidata": null}}, "ents_freq": {"La Clef du Caret": 1, "D\u00e9claration IV": 1, "Roi": 1, "la Haye": 1, "Janvier Donneur": 1, "D\u00e9claration du Roi son Maitre": 1, "fcd": 1, "N\u00e9gocions Hollandais": 1, "S. M.": 1, "Su\u00e9dois": 1, "Miaous": 1, "Hollande": 1, "Bettembourg": 1, "Places Su\u00e9doises": 1, "Conseil de Copenhague": 1, "Vais seau d quel Nation": 1, "Cotes": 1, "Sue": 1, "guerres du Nord": 1, "Vaisseaux": 1, "Jutant, IA Scande": 1, "Provinces de Su\u00e8de": 1, "Sel": 1, "Passeports Danois": 1, "D\u00e9claration": 1, "Hollandais": 1, "Nations maritimes": 1, "Mer Baltique": 1, "marques V": 1, "Messieurs": 1, "\u00c9tats de Voleur la Lote-lande": 1, "Loteries de Sol relies": 1, "Province lune": 1}, "year": "1717", "month": "03", "page": "73"}