{"ents_info": {"\u00c9pices": {"label": "LOC", "kb_qid": "Q42527", "url_wikidata": "https://www.wikidata.org/wiki/Q42527"}, "Errances de noir Sang": {"label": "MISC", "kb_qid": null, "url_wikidata": null}, "Oblig\u00e9s": {"label": "MISC", "kb_qid": null, "url_wikidata": null}, "iS": {"label": "MISC", "kb_qid": null, "url_wikidata": null}, "Princes de Intrus": {"label": "MISC", "kb_qid": null, "url_wikidata": null}, "Signifi\u00e2t": {"label": "MISC", "kb_qid": null, "url_wikidata": null}, "les Prince;": {"label": "MISC", "kb_qid": null, "url_wikidata": null}, "Petits Prince": {"label": "MISC", "kb_qid": null, "url_wikidata": null}, "Prince dT": {"label": "PER", "kb_qid": null, "url_wikidata": null}, "C": {"label": "MISC", "kb_qid": "Q15777", "url_wikidata": "https://www.wikidata.org/wiki/Q15777"}, "Parlement, & de jour": {"label": "ORG", "kb_qid": null, "url_wikidata": null}, "I": {"label": "LOC", "kb_qid": "Q9893", "url_wikidata": "https://www.wikidata.org/wiki/Q9893"}, "Io": {"label": "LOC", "kb_qid": "Q3123", "url_wikidata": "https://www.wikidata.org/wiki/Q3123"}, "Ri": {"label": "MISC", "kb_qid": "Q248839", "url_wikidata": "https://www.wikidata.org/wiki/Q248839"}, "us": {"label": "LOC", "kb_qid": "Q3552526", "url_wikidata": "https://www.wikidata.org/wiki/Q3552526"}, "Drs": {"label": "PER", "kb_qid": "Q2917131", "url_wikidata": "https://www.wikidata.org/wiki/Q2917131"}, "Ur": {"label": "LOC", "kb_qid": "Q5699", "url_wikidata": "https://www.wikidata.org/wiki/Q5699"}, "Fines": {"label": "LOC", "kb_qid": "Q96198859", "url_wikidata": "https://www.wikidata.org/wiki/Q96198859"}, "Sang Ryan!": {"label": "PER", "kb_qid": null, "url_wikidata": null}, "Pines": {"label": "LOC", "kb_qid": null, "url_wikidata": null}, "CAN": {"label": "MISC", "kb_qid": "Q83145", "url_wikidata": "https://www.wikidata.org/wiki/Q83145"}, "le D": {"label": "MISC", "kb_qid": null, "url_wikidata": null}, "Exits": {"label": "MISC", "kb_qid": null, "url_wikidata": null}, "Maison": {"label": "MISC", "kb_qid": "Q704188", "url_wikidata": "https://www.wikidata.org/wiki/Q704188"}, "Malien": {"label": "LOC", "kb_qid": "Q912", "url_wikidata": "https://www.wikidata.org/wiki/Q912"}, "Ebit": {"label": "ORG", "kb_qid": "Q720862", "url_wikidata": "https://www.wikidata.org/wiki/Q720862"}, "Juillet": {"label": "PER", "kb_qid": "Q121", "url_wikidata": "https://www.wikidata.org/wiki/Q121"}, "cN": {"label": "MISC", "kb_qid": "Q22021840", "url_wikidata": "https://www.wikidata.org/wiki/Q22021840"}, "Cout": {"label": "PER", "kb_qid": "Q240673", "url_wikidata": "https://www.wikidata.org/wiki/Q240673"}, "Parlement": {"label": "ORG", "kb_qid": "Q632552", "url_wikidata": "https://www.wikidata.org/wiki/Q632552"}, "Anne": {"label": "MISC", "kb_qid": "Q119702", "url_wikidata": "https://www.wikidata.org/wiki/Q119702"}, "Sur ayant fait diff\u00e9rente de": {"label": "MISC", "kb_qid": null, "url_wikidata": null}, "Restes e ordis O": {"label": "MISC", "kb_qid": null, "url_wikidata": null}, "Pris St": {"label": "LOC", "kb_qid": null, "url_wikidata": null}, "Irai": {"label": "LOC", "kb_qid": "Q384304", "url_wikidata": "https://www.wikidata.org/wiki/Q384304"}, "tRtetrs it\u0301Slgnr l": {"label": "MISC", "kb_qid": null, "url_wikidata": null}, "IId.": {"label": "MISC", "kb_qid": null, "url_wikidata": null}, "Parlement &": {"label": "ORG", "kb_qid": null, "url_wikidata": null}}, "ents_freq": {"\u00c9pices": 1, "Errances de noir Sang": 1, "Oblig\u00e9s": 1, "iS": 1, "Princes de Intrus": 1, "Signifi\u00e2t": 1, "les Prince;": 1, "Petits Prince": 1, "Prince dT": 1, "C": 1, "Parlement, & de jour": 1, "I": 1, "Io": 1, "Ri": 1, "us": 1, "Drs": 1, "Ur": 1, "Fines": 1, "Sang Ryan!": 1, "Pines": 1, "CAN": 1, "le D": 1, "Exits": 1, "Maison": 1, "Malien": 1, "Ebit": 2, "Juillet": 1, "cN": 1, "Cout": 1, "Parlement": 1, "Anne": 1, "Sur ayant fait diff\u00e9rente de": 1, "Restes e ordis O": 1, "Pris St": 1, "Irai": 1, "tRtetrs it\u0301Slgnr l": 1, "IId.": 1, "Parlement &": 1}, "year": "1717", "month": "09", "page": "14"}