{"ents_info": {"Genre": {"label": "MISC", "kb_qid": "Q201658", "url_wikidata": "https://www.wikidata.org/wiki/Q201658"}, "Ce va Ier de St)aA Nord": {"label": "MISC", "kb_qid": null, "url_wikidata": null}, "Rome": {"label": "LOC", "kb_qid": "Q220", "url_wikidata": "https://www.wikidata.org/wiki/Q220"}, "Ville &": {"label": "MISC", "kb_qid": null, "url_wikidata": null}, "Pape": {"label": "PER", "kb_qid": "Q19546", "url_wikidata": "https://www.wikidata.org/wiki/Q19546"}, "Mr. Bianchi": {"label": "PER", "kb_qid": null, "url_wikidata": null}, "id": {"label": "ORG", "kb_qid": "Q321119", "url_wikidata": "https://www.wikidata.org/wiki/Q321119"}, "George": {"label": "PER", "kb_qid": "Q130805", "url_wikidata": "https://www.wikidata.org/wiki/Q130805"}, "Roi": {"label": "PER", "kb_qid": "Q12097", "url_wikidata": "https://www.wikidata.org/wiki/Q12097"}, "Rebelles 32": {"label": "MISC", "kb_qid": null, "url_wikidata": null}, "Acte de Grace IL": {"label": "MISC", "kb_qid": null, "url_wikidata": null}, "Hop": {"label": "MISC", "kb_qid": "Q753605", "url_wikidata": "https://www.wikidata.org/wiki/Q753605"}, "Acte de Grace": {"label": "MISC", "kb_qid": null, "url_wikidata": null}, "Ira": {"label": "PER", "kb_qid": "Q61059", "url_wikidata": "https://www.wikidata.org/wiki/Q61059"}, "Cm": {"label": "LOC", "kb_qid": "Q1876", "url_wikidata": "https://www.wikidata.org/wiki/Q1876"}, "Gradu\u00e9-": {"label": "MISC", "kb_qid": null, "url_wikidata": null}, "Mar\u00e9chal": {"label": "PER", "kb_qid": "Q111837", "url_wikidata": "https://www.wikidata.org/wiki/Q111837"}, "Guy e loupe": {"label": "PER", "kb_qid": null, "url_wikidata": null}, "GA": {"label": "LOC", "kb_qid": "Q1428", "url_wikidata": "https://www.wikidata.org/wiki/Q1428"}, "le Cardinal": {"label": "MISC", "kb_qid": "Q737065", "url_wikidata": "https://www.wikidata.org/wiki/Q737065"}, "Protecteur de ta grand de Bretagne": {"label": "MISC", "kb_qid": null, "url_wikidata": null}, "Grimpa": {"label": "LOC", "kb_qid": null, "url_wikidata": null}, "Sue de 2O de ciriers": {"label": "MISC", "kb_qid": null, "url_wikidata": null}, "st": {"label": "LOC", "kb_qid": null, "url_wikidata": null}, "TA": {"label": "LOC", "kb_qid": "Q3538838", "url_wikidata": "https://www.wikidata.org/wiki/Q3538838"}, "M'arrondis d' sou mariage": {"label": "MISC", "kb_qid": null, "url_wikidata": null}, "Allan de & Pais Bas": {"label": "PER", "kb_qid": null, "url_wikidata": null}, "4I42.22O.378": {"label": "PER", "kb_qid": null, "url_wikidata": null}, "Lotte rie": {"label": "PER", "kb_qid": null, "url_wikidata": null}, "Hongrie": {"label": "LOC", "kb_qid": "Q171150", "url_wikidata": "https://www.wikidata.org/wiki/Q171150"}, "Ian": {"label": "PER", "kb_qid": "Q2658096", "url_wikidata": "https://www.wikidata.org/wiki/Q2658096"}, "Oural": {"label": "LOC", "kb_qid": "Q35600", "url_wikidata": "https://www.wikidata.org/wiki/Q35600"}, "Journal": {"label": "MISC", "kb_qid": "Q3223697", "url_wikidata": "https://www.wikidata.org/wiki/Q3223697"}, "Bataille": {"label": "PER", "kb_qid": "Q207359", "url_wikidata": "https://www.wikidata.org/wiki/Q207359"}, "Turcs": {"label": "LOC", "kb_qid": "Q12560", "url_wikidata": "https://www.wikidata.org/wiki/Q12560"}, "Belgrade 6 Hongrie": {"label": "LOC", "kb_qid": null, "url_wikidata": null}, "Arm\u00e9e": {"label": "ORG", "kb_qid": "Q162513", "url_wikidata": "https://www.wikidata.org/wiki/Q162513"}, "Selim.": {"label": "PER", "kb_qid": null, "url_wikidata": null}, "Belgrade": {"label": "LOC", "kb_qid": "Q3711", "url_wikidata": "https://www.wikidata.org/wiki/Q3711"}, "Tartares": {"label": "MISC", "kb_qid": "Q35565", "url_wikidata": "https://www.wikidata.org/wiki/Q35565"}}, "ents_freq": {"Genre": 1, "Ce va Ier de St)aA Nord": 1, "Rome": 1, "Ville &": 1, "Pape": 1, "Mr. Bianchi": 1, "id": 1, "George": 1, "Roi": 1, "Rebelles 32": 1, "Acte de Grace IL": 1, "Hop": 1, "Acte de Grace": 1, "Ira": 1, "Cm": 1, "Gradu\u00e9-": 1, "Mar\u00e9chal": 1, "Guy e loupe": 1, "GA": 1, "le Cardinal": 1, "Protecteur de ta grand de Bretagne": 1, "Grimpa": 1, "Sue de 2O de ciriers": 1, "st": 1, "TA": 1, "M'arrondis d' sou mariage": 1, "Allan de & Pais Bas": 1, "4I42.22O.378": 1, "Lotte rie": 1, "Hongrie": 3, "Ian": 1, "Oural": 1, "Journal": 1, "Bataille": 1, "Turcs": 1, "Belgrade 6 Hongrie": 1, "Arm\u00e9e": 1, "Selim.": 1, "Belgrade": 1, "Tartares": 1}, "year": "1717", "month": "12", "page": "72"}