{"ents_info": {"o65": {"label": "LOC", "kb_qid": null, "url_wikidata": null}, "G\u00eanera Vide st d": {"label": "MISC", "kb_qid": null, "url_wikidata": null}, "R\u00e9giments": {"label": "MISC", "kb_qid": "Q52371", "url_wikidata": "https://www.wikidata.org/wiki/Q52371"}, "Troupes": {"label": "LOC", "kb_qid": null, "url_wikidata": null}, "Ukraine": {"label": "LOC", "kb_qid": "Q212", "url_wikidata": "https://www.wikidata.org/wiki/Q212"}, "Arm\u00e9e": {"label": "ORG", "kb_qid": "Q209507", "url_wikidata": "https://www.wikidata.org/wiki/Q209507"}, "Roi ds ta tifs de la": {"label": "MISC", "kb_qid": null, "url_wikidata": null}, "Campagne reine": {"label": "MISC", "kb_qid": null, "url_wikidata": null}, "Armes de deux R\u00e9giments de Data Denmmemnar?": {"label": "MISC", "kb_qid": null, "url_wikidata": null}, "Lee": {"label": "PER", "kb_qid": "Q165557", "url_wikidata": "https://www.wikidata.org/wiki/Q165557"}, "N tifs": {"label": "MISC", "kb_qid": null, "url_wikidata": null}, "G\u00eanera Label": {"label": "MISC", "kb_qid": null, "url_wikidata": null}, "P\u00e2t\u00eemes.": {"label": "MISC", "kb_qid": null, "url_wikidata": null}, "Mer": {"label": "LOC", "kb_qid": "Q165", "url_wikidata": "https://www.wikidata.org/wiki/Q165"}, "Ad\u00e8le": {"label": "PER", "kb_qid": "Q2082427", "url_wikidata": "https://www.wikidata.org/wiki/Q2082427"}, "Angleterre": {"label": "LOC", "kb_qid": "Q21", "url_wikidata": "https://www.wikidata.org/wiki/Q21"}, "Amiral Bing": {"label": "PER", "kb_qid": null, "url_wikidata": null}, "ENSAM": {"label": "ORG", "kb_qid": "Q2570220", "url_wikidata": "https://www.wikidata.org/wiki/Q2570220"}, "Su\u00e9dois": {"label": "LOC", "kb_qid": "Q9027", "url_wikidata": "https://www.wikidata.org/wiki/Q9027"}, "Met": {"label": "MISC", "kb_qid": "Q160236", "url_wikidata": "https://www.wikidata.org/wiki/Q160236"}, "Rade de Caorlesroon": {"label": "LOC", "kb_qid": null, "url_wikidata": null}, "Err\u00e9": {"label": "LOC", "kb_qid": null, "url_wikidata": null}, "Roi de Danemark": {"label": "PER", "kb_qid": "Q1273134", "url_wikidata": "https://www.wikidata.org/wiki/Q1273134"}, "Or donc Royaume": {"label": "MISC", "kb_qid": null, "url_wikidata": null}, "Ordo-de": {"label": "MISC", "kb_qid": null, "url_wikidata": null}, "Sa M. D.": {"label": "PER", "kb_qid": null, "url_wikidata": null}, "dessolai aucune": {"label": "PER", "kb_qid": null, "url_wikidata": null}, "Requ\u00eate": {"label": "PER", "kb_qid": "Q28494132", "url_wikidata": "https://www.wikidata.org/wiki/Q28494132"}, "Coll des sous le d\u00e9partement de scelle": {"label": "MISC", "kb_qid": null, "url_wikidata": null}, "S. M.": {"label": "PER", "kb_qid": "Q669458", "url_wikidata": "https://www.wikidata.org/wiki/Q669458"}}, "ents_freq": {"o65": 1, "G\u00eanera Vide st d": 1, "R\u00e9giments": 1, "Troupes": 1, "Ukraine": 1, "Arm\u00e9e": 1, "Roi ds ta tifs de la": 1, "Campagne reine": 1, "Armes de deux R\u00e9giments de Data Denmmemnar?": 1, "Lee": 1, "N tifs": 1, "G\u00eanera Label": 1, "P\u00e2t\u00eemes.": 1, "Mer": 1, "Ad\u00e8le": 1, "Angleterre": 1, "Amiral Bing": 1, "ENSAM": 1, "Su\u00e9dois": 1, "Met": 1, "Rade de Caorlesroon": 1, "Err\u00e9": 1, "Roi de Danemark": 1, "Or donc Royaume": 1, "Ordo-de": 1, "Sa M. D.": 1, "dessolai aucune": 1, "Requ\u00eate": 1, "Coll des sous le d\u00e9partement de scelle": 1, "S. M.": 1}, "year": "1717", "month": "05", "page": "60"}