{"ents_info": {"Princes": {"label": "LOC", "kb_qid": "Q2747456", "url_wikidata": "https://www.wikidata.org/wiki/Q2747456"}, "o6": {"label": "LOC", "kb_qid": "Q2801545", "url_wikidata": "https://www.wikidata.org/wiki/Q2801545"}, "N\u00e9gociant": {"label": "ORG", "kb_qid": "Q601401", "url_wikidata": "https://www.wikidata.org/wiki/Q601401"}, "Corresponds": {"label": "LOC", "kb_qid": null, "url_wikidata": null}, "Espagne": {"label": "LOC", "kb_qid": "Q42267", "url_wikidata": "https://www.wikidata.org/wiki/Q42267"}, "M'admit le": {"label": "MISC", "kb_qid": null, "url_wikidata": null}, "Pais Bas": {"label": "LOC", "kb_qid": null, "url_wikidata": null}, "C": {"label": "MISC", "kb_qid": "Q15777", "url_wikidata": "https://www.wikidata.org/wiki/Q15777"}, "d'Espagne": {"label": "LOC", "kb_qid": "Q152499", "url_wikidata": "https://www.wikidata.org/wiki/Q152499"}, "mnt": {"label": "MISC", "kb_qid": "Q640492", "url_wikidata": "https://www.wikidata.org/wiki/Q640492"}, "Provinces des as Bas": {"label": "LOC", "kb_qid": null, "url_wikidata": null}, "Messieurs": {"label": "PER", "kb_qid": "Q1104153", "url_wikidata": "https://www.wikidata.org/wiki/Q1104153"}, "\u00c9tats G": {"label": "LOC", "kb_qid": null, "url_wikidata": null}, "Or donna M": {"label": "MISC", "kb_qid": null, "url_wikidata": null}, "Villes e Pais": {"label": "ORG", "kb_qid": null, "url_wikidata": null}, "Trait\u00e9 d Utrecht": {"label": "MISC", "kb_qid": null, "url_wikidata": null}, "Des Luis d'or": {"label": "MISC", "kb_qid": null, "url_wikidata": null}, "E-us": {"label": "MISC", "kb_qid": null, "url_wikidata": null}, "Florins": {"label": "LOC", "kb_qid": "Q17053528", "url_wikidata": "https://www.wikidata.org/wiki/Q17053528"}, "Louis & trois Florins": {"label": "ORG", "kb_qid": null, "url_wikidata": null}, "Eau": {"label": "LOC", "kb_qid": "Q283", "url_wikidata": "https://www.wikidata.org/wiki/Q283"}, "Lili.": {"label": "MISC", "kb_qid": null, "url_wikidata": null}, "Ab' nu Bis": {"label": "MISC", "kb_qid": null, "url_wikidata": null}, "Am": {"label": "MISC", "kb_qid": "Q7885334", "url_wikidata": "https://www.wikidata.org/wiki/Q7885334"}, "Bois": {"label": "LOC", "kb_qid": "Q287", "url_wikidata": "https://www.wikidata.org/wiki/Q287"}, "de France": {"label": "LOC", "kb_qid": "Q697829", "url_wikidata": "https://www.wikidata.org/wiki/Q697829"}, "Marquis de Bateau ut": {"label": "PER", "kb_qid": null, "url_wikidata": null}, "Hollande": {"label": "LOC", "kb_qid": "Q29999", "url_wikidata": "https://www.wikidata.org/wiki/Q29999"}, "Ins\u00e9parables": {"label": "MISC", "kb_qid": "Q66829064", "url_wikidata": "https://www.wikidata.org/wiki/Q66829064"}, "IV M.I Marais de Peine": {"label": "PER", "kb_qid": null, "url_wikidata": null}, "Pie ni": {"label": "PER", "kb_qid": null, "url_wikidata": null}, "Ml": {"label": "PER", "kb_qid": "Q11582", "url_wikidata": "https://www.wikidata.org/wiki/Q11582"}, "M": {"label": "PER", "kb_qid": "Q246154", "url_wikidata": "https://www.wikidata.org/wiki/Q246154"}, "Marquis": {"label": "PER", "kb_qid": "Q209726", "url_wikidata": "https://www.wikidata.org/wiki/Q209726"}, "D\u00e9putez": {"label": "LOC", "kb_qid": null, "url_wikidata": null}, "\u00c9tats": {"label": "LOC", "kb_qid": "Q35657", "url_wikidata": "https://www.wikidata.org/wiki/Q35657"}, "Pie": {"label": "MISC", "kb_qid": "Q2255301", "url_wikidata": "https://www.wikidata.org/wiki/Q2255301"}, "Bruxelles": {"label": "LOC", "kb_qid": "Q240", "url_wikidata": "https://www.wikidata.org/wiki/Q240"}}, "ents_freq": {"Princes": 1, "o6": 1, "N\u00e9gociant": 1, "Corresponds": 1, "Espagne": 1, "M'admit le": 1, "Pais Bas": 1, "C": 1, "d'Espagne": 1, "mnt": 1, "Provinces des as Bas": 1, "Messieurs": 1, "\u00c9tats G": 1, "Or donna M": 1, "Villes e Pais": 1, "Trait\u00e9 d Utrecht": 1, "Des Luis d'or": 1, "E-us": 1, "Florins": 1, "Louis & trois Florins": 1, "Eau": 1, "Lili.": 1, "Ab' nu Bis": 1, "Am": 1, "Bois": 1, "de France": 1, "Marquis de Bateau ut": 1, "Hollande": 1, "Ins\u00e9parables": 1, "IV M.I Marais de Peine": 1, "Pie ni": 1, "Ml": 1, "M": 1, "Marquis": 1, "D\u00e9putez": 1, "\u00c9tats": 1, "Pie": 1, "Bruxelles": 1}, "year": "1717", "month": "01", "page": "62"}