{"ents_info": {"Priv\u00e9es de": {"label": "ORG", "kb_qid": null, "url_wikidata": null}, "I25": {"label": "PER", "kb_qid": "Q2354535", "url_wikidata": "https://www.wikidata.org/wiki/Q2354535"}, "Cour de Vienne": {"label": "LOC", "kb_qid": "Q130834", "url_wikidata": "https://www.wikidata.org/wiki/Q130834"}, "Mr. le Prince Eug\u00e8ne": {"label": "MISC", "kb_qid": null, "url_wikidata": null}, "De Cath\u00e9drale de Saab": {"label": "LOC", "kb_qid": null, "url_wikidata": null}, "Java": {"label": "MISC", "kb_qid": "Q3757", "url_wikidata": "https://www.wikidata.org/wiki/Q3757"}, "Hongrie": {"label": "LOC", "kb_qid": "Q171150", "url_wikidata": "https://www.wikidata.org/wiki/Q171150"}, "Danube": {"label": "LOC", "kb_qid": "Q1653", "url_wikidata": "https://www.wikidata.org/wiki/Q1653"}, "IIIe": {"label": "MISC", "kb_qid": "Q25321", "url_wikidata": "https://www.wikidata.org/wiki/Q25321"}, "Bonnet &": {"label": "ORG", "kb_qid": null, "url_wikidata": null}, "Pape": {"label": "PER", "kb_qid": "Q19546", "url_wikidata": "https://www.wikidata.org/wiki/Q19546"}, "Chevalier Rasseoir": {"label": "PER", "kb_qid": null, "url_wikidata": null}, "Lecteur, d'autant": {"label": "MISC", "kb_qid": null, "url_wikidata": null}, "S. Perd": {"label": "PER", "kb_qid": null, "url_wikidata": null}, "Place": {"label": "LOC", "kb_qid": "Q616381", "url_wikidata": "https://www.wikidata.org/wiki/Q616381"}, "G\u00e9n\u00e9raliste de l'Em": {"label": "MISC", "kb_qid": null, "url_wikidata": null}, "Comte Sigisb\u00e9e": {"label": "PER", "kb_qid": null, "url_wikidata": null}, "Principaux Officiers": {"label": "MISC", "kb_qid": null, "url_wikidata": null}, "Bourgeois": {"label": "LOC", "kb_qid": "Q217706", "url_wikidata": "https://www.wikidata.org/wiki/Q217706"}, "Haye": {"label": "LOC", "kb_qid": "Q36600", "url_wikidata": "https://www.wikidata.org/wiki/Q36600"}, "Palais": {"label": "LOC", "kb_qid": "Q16560", "url_wikidata": "https://www.wikidata.org/wiki/Q16560"}, "Son Altesse": {"label": "PER", "kb_qid": "Q669458", "url_wikidata": "https://www.wikidata.org/wiki/Q669458"}, "Enlise": {"label": "MISC", "kb_qid": null, "url_wikidata": null}, "Officiers & de principaux Seigneurs;": {"label": "ORG", "kb_qid": null, "url_wikidata": null}, "Bonnet l'Estoc": {"label": "PER", "kb_qid": null, "url_wikidata": null}, "\u00c9v\u00eaque de Saab": {"label": "ORG", "kb_qid": null, "url_wikidata": null}, "Prince": {"label": "PER", "kb_qid": "Q2747456", "url_wikidata": "https://www.wikidata.org/wiki/Q2747456"}, "Dix": {"label": "MISC", "kb_qid": "Q547077", "url_wikidata": "https://www.wikidata.org/wiki/Q547077"}, "Bref du Pape": {"label": "MISC", "kb_qid": "Q2268531", "url_wikidata": "https://www.wikidata.org/wiki/Q2268531"}}, "ents_freq": {"Priv\u00e9es de": 1, "I25": 1, "Cour de Vienne": 1, "Mr. le Prince Eug\u00e8ne": 1, "De Cath\u00e9drale de Saab": 1, "Java": 1, "Hongrie": 1, "Danube": 1, "IIIe": 1, "Bonnet &": 1, "Pape": 2, "Chevalier Rasseoir": 2, "Lecteur, d'autant": 1, "S. Perd": 1, "Place": 1, "G\u00e9n\u00e9raliste de l'Em": 1, "Comte Sigisb\u00e9e": 1, "Principaux Officiers": 1, "Bourgeois": 1, "Haye": 1, "Palais": 1, "Son Altesse": 1, "Enlise": 1, "Officiers & de principaux Seigneurs;": 1, "Bonnet l'Estoc": 1, "\u00c9v\u00eaque de Saab": 1, "Prince": 1, "Dix": 1, "Bref du Pape": 1}, "year": "1717", "month": "02", "page": "48"}