{"ents_info": {"Caquet 192": {"label": "LOC", "kb_qid": null, "url_wikidata": null}, "disons &": {"label": "MISC", "kb_qid": null, "url_wikidata": null}, "Voleurs & Nous plait": {"label": "MISC", "kb_qid": null, "url_wikidata": null}, "A vil": {"label": "MISC", "kb_qid": null, "url_wikidata": null}, "Juges & Consuls de la Ville": {"label": "ORG", "kb_qid": null, "url_wikidata": null}, "Ladite D\u00e9claration d'Ugo": {"label": "MISC", "kb_qid": null, "url_wikidata": null}, "D\u00e9clarations": {"label": "MISC", "kb_qid": null, "url_wikidata": null}, "I716": {"label": "LOC", "kb_qid": null, "url_wikidata": null}, "Lyon": {"label": "LOC", "kb_qid": "Q704", "url_wikidata": "https://www.wikidata.org/wiki/Q704"}, "D\u00e9claration du 3o": {"label": "MISC", "kb_qid": null, "url_wikidata": null}, "le Chapelet": {"label": "LOC", "kb_qid": "Q132539", "url_wikidata": "https://www.wikidata.org/wiki/Q132539"}, "Paris": {"label": "LOC", "kb_qid": "Q90", "url_wikidata": "https://www.wikidata.org/wiki/Q90"}, "Nous voulons aussi avoir leur ex\u00e9cution jusques": {"label": "MISC", "kb_qid": null, "url_wikidata": null}, "Jour premier Janvier": {"label": "MISC", "kb_qid": null, "url_wikidata": null}, "DONNONS EN MANDEMENT &": {"label": "MISC", "kb_qid": null, "url_wikidata": null}, "LE DC D'ORL\u00c9ANS": {"label": "LOC", "kb_qid": null, "url_wikidata": null}, "Coneilqui\u0308": {"label": "ORG", "kb_qid": null, "url_wikidata": null}, "Conseil": {"label": "ORG", "kb_qid": "Q2993894", "url_wikidata": "https://www.wikidata.org/wiki/Q2993894"}}, "ents_freq": {"Caquet 192": 1, "disons &": 1, "Voleurs & Nous plait": 1, "A vil": 1, "Juges & Consuls de la Ville": 1, "Ladite D\u00e9claration d'Ugo": 1, "D\u00e9clarations": 1, "I716": 1, "Lyon": 1, "D\u00e9claration du 3o": 1, "le Chapelet": 1, "Paris": 2, "Nous voulons aussi avoir leur ex\u00e9cution jusques": 1, "Jour premier Janvier": 1, "DONNONS EN MANDEMENT &": 1, "LE DC D'ORL\u00c9ANS": 1, "Coneilqui\u0308": 1, "Conseil": 1}, "year": "1717", "month": "09", "page": "43"}