{"ents_info": {"Princes": {"label": "LOC", "kb_qid": null, "url_wikidata": null}, "Officiers G\u00e9n\u00e9raux": {"label": "MISC", "kb_qid": null, "url_wikidata": null}, "Sa Majest\u00e9 loterie &": {"label": "PER", "kb_qid": null, "url_wikidata": null}, "recompenset": {"label": "PER", "kb_qid": null, "url_wikidata": null}, "Je merise &": {"label": "MISC", "kb_qid": null, "url_wikidata": null}, "Turquie": {"label": "LOC", "kb_qid": null, "url_wikidata": null}, "Arme!e": {"label": "MISC", "kb_qid": null, "url_wikidata": null}, "Turcs": {"label": "LOC", "kb_qid": null, "url_wikidata": null}, "Andrinople": {"label": "MISC", "kb_qid": null, "url_wikidata": null}, "Ekat": {"label": "PER", "kb_qid": null, "url_wikidata": null}, "Artillerie, & quelques Troupes": {"label": "MISC", "kb_qid": null, "url_wikidata": null}, "Serviront": {"label": "LOC", "kb_qid": null, "url_wikidata": null}, "Hongrie": {"label": "LOC", "kb_qid": null, "url_wikidata": null}, "D\u00e9tache mens": {"label": "MISC", "kb_qid": null, "url_wikidata": null}, "Corps qui st": {"label": "MISC", "kb_qid": null, "url_wikidata": null}, "Danube": {"label": "LOC", "kb_qid": null, "url_wikidata": null}, "Lave": {"label": "PER", "kb_qid": null, "url_wikidata": null}, "Selim": {"label": "PER", "kb_qid": null, "url_wikidata": null}, "Arm\u00e9e": {"label": "ORG", "kb_qid": null, "url_wikidata": null}, "Belgrade": {"label": "LOC", "kb_qid": null, "url_wikidata": null}}, "ents_freq": {"Princes": 1, "Officiers G\u00e9n\u00e9raux": 1, "Sa Majest\u00e9 loterie &": 1, "recompenset": 1, "Je merise &": 1, "Turquie": 2, "Arme!e": 1, "Turcs": 1, "Andrinople": 2, "Ekat": 1, "Artillerie, & quelques Troupes": 1, "Serviront": 1, "Hongrie": 1, "D\u00e9tache mens": 1, "Corps qui st": 1, "Danube": 1, "Lave": 1, "Selim": 1, "Arm\u00e9e": 1, "Belgrade": 1}, "year": "1717", "month": "07", "page": "30"}