{"ents_info": {"Cabine 290 lofer": {"label": "MISC", "kb_qid": null, "url_wikidata": null}, "Comme A d\u00e9 Cours & Benniez, & Sou Lieutenant": {"label": "MISC", "kb_qid": null, "url_wikidata": null}, "D. Berger": {"label": "PER", "kb_qid": null, "url_wikidata": null}, "Airaines Comme de Rh\u00f4ne": {"label": "PER", "kb_qid": null, "url_wikidata": null}, "& Le Pen: Lieutenant Surfer": {"label": "MISC", "kb_qid": null, "url_wikidata": null}, "Lutz, Schisme, & Moser, tuez": {"label": "MISC", "kb_qid": null, "url_wikidata": null}, "Colonel Cin\u00e9ma:": {"label": "PER", "kb_qid": null, "url_wikidata": null}, "Comte de zone & Cinq": {"label": "MISC", "kb_qid": null, "url_wikidata": null}, "Lichens Long": {"label": "MISC", "kb_qid": null, "url_wikidata": null}, "Pixel, &.. & Cornettes Grasse": {"label": "MISC", "kb_qid": null, "url_wikidata": null}, "D'Annuel de S'avoie": {"label": "ORG", "kb_qid": null, "url_wikidata": null}, "Cornette": {"label": "PER", "kb_qid": "Q3300598", "url_wikidata": "https://www.wikidata.org/wiki/Q3300598"}, "Ferdinand Cour sens": {"label": "PER", "kb_qid": null, "url_wikidata": null}, "Capitaine Lieutenant": {"label": "PER", "kb_qid": "Q1561545", "url_wikidata": "https://www.wikidata.org/wiki/Q1561545"}, "Baron Jean Guillaume d Boue,": {"label": "PER", "kb_qid": null, "url_wikidata": null}, "& Nuremberg: Lieu: en ans": {"label": "LOC", "kb_qid": null, "url_wikidata": null}, "& Promener:": {"label": "MISC", "kb_qid": null, "url_wikidata": null}, "Courte Rupteur, tuez": {"label": "LOC", "kb_qid": null, "url_wikidata": null}, "Colonel Hartogs": {"label": "PER", "kb_qid": null, "url_wikidata": null}, "Sergent Major Baron de R\u00e9gi": {"label": "PER", "kb_qid": null, "url_wikidata": null}, "Comte": {"label": "PER", "kb_qid": "Q2192649", "url_wikidata": "https://www.wikidata.org/wiki/Q2192649"}, "& Passer de": {"label": "MISC", "kb_qid": null, "url_wikidata": null}, "Cornette Janvier": {"label": "PER", "kb_qid": null, "url_wikidata": null}, "Gel, & Sommer lot": {"label": "MISC", "kb_qid": null, "url_wikidata": null}, "Rabotin": {"label": "PER", "kb_qid": null, "url_wikidata": null}, "Baron de Ramenez:": {"label": "MISC", "kb_qid": null, "url_wikidata": null}, "Fran\u00e7ois de V\u00e9cus,": {"label": "PER", "kb_qid": null, "url_wikidata": null}, "Lieutenant Colonels": {"label": "PER", "kb_qid": null, "url_wikidata": null}}, "ents_freq": {"Cabine 290 lofer": 1, "Comme A d\u00e9 Cours & Benniez, & Sou Lieutenant": 1, "D. Berger": 1, "Airaines Comme de Rh\u00f4ne": 1, "& Le Pen: Lieutenant Surfer": 1, "Lutz, Schisme, & Moser, tuez": 1, "Colonel Cin\u00e9ma:": 1, "Comte de zone & Cinq": 1, "Lichens Long": 1, "Pixel, &.. & Cornettes Grasse": 1, "D'Annuel de S'avoie": 1, "Cornette": 1, "Ferdinand Cour sens": 1, "Capitaine Lieutenant": 1, "Baron Jean Guillaume d Boue,": 1, "& Nuremberg: Lieu: en ans": 1, "& Promener:": 1, "Courte Rupteur, tuez": 1, "Colonel Hartogs": 1, "Sergent Major Baron de R\u00e9gi": 1, "Comte": 1, "& Passer de": 1, "Cornette Janvier": 1, "Gel, & Sommer lot": 1, "Rabotin": 1, "Baron de Ramenez:": 1, "Fran\u00e7ois de V\u00e9cus,": 1, "Lieutenant Colonels": 1}, "year": "1717", "month": "10", "page": "59"}