{"ents_info": {"Princes": {"label": "LOC", "kb_qid": "Q2747456", "url_wikidata": "https://www.wikidata.org/wiki/Q2747456"}, "Compil\u00e9": {"label": "MISC", "kb_qid": "Q47506", "url_wikidata": "https://www.wikidata.org/wiki/Q47506"}, "Logistique": {"label": "LOC", "kb_qid": "Q177777", "url_wikidata": "https://www.wikidata.org/wiki/Q177777"}, "Terres": {"label": "LOC", "kb_qid": "Q327076", "url_wikidata": "https://www.wikidata.org/wiki/Q327076"}, "Clonie": {"label": "LOC", "kb_qid": "Q446755", "url_wikidata": "https://www.wikidata.org/wiki/Q446755"}, "\u0302": {"label": "PER", "kb_qid": "Q11175", "url_wikidata": "https://www.wikidata.org/wiki/Q11175"}, "ledit Seigneur": {"label": "MISC", "kb_qid": null, "url_wikidata": null}, "& Innomm\u00e9e, & un Couronne d'or": {"label": "ORG", "kb_qid": null, "url_wikidata": null}, "o.a": {"label": "LOC", "kb_qid": null, "url_wikidata": null}, "Roi": {"label": "PER", "kb_qid": "Q12097", "url_wikidata": "https://www.wikidata.org/wiki/Q12097"}, "Pais Cm C": {"label": "PER", "kb_qid": null, "url_wikidata": null}, "st": {"label": "LOC", "kb_qid": null, "url_wikidata": null}, "r1 XVII": {"label": "LOC", "kb_qid": null, "url_wikidata": null}, "Ont rue": {"label": "PER", "kb_qid": null, "url_wikidata": null}, "Des forces de la": {"label": "MISC", "kb_qid": null, "url_wikidata": null}, "Compagnie": {"label": "ORG", "kb_qid": "Q213663", "url_wikidata": "https://www.wikidata.org/wiki/Q213663"}, "Sa Majest\u00e9": {"label": "PER", "kb_qid": "Q669458", "url_wikidata": "https://www.wikidata.org/wiki/Q669458"}, "Ethel": {"label": "PER", "kb_qid": "Q769097", "url_wikidata": "https://www.wikidata.org/wiki/Q769097"}, "Eg": {"label": "PER", "kb_qid": "Q236910", "url_wikidata": "https://www.wikidata.org/wiki/Q236910"}, "Ports du Royaume": {"label": "LOC", "kb_qid": null, "url_wikidata": null}, "Ballet tee": {"label": "MISC", "kb_qid": null, "url_wikidata": null}, "Janvier": {"label": "PER", "kb_qid": "Q108", "url_wikidata": "https://www.wikidata.org/wiki/Q108"}, "Tousses": {"label": "MISC", "kb_qid": null, "url_wikidata": null}, "De y e gager.": {"label": "MISC", "kb_qid": null, "url_wikidata": null}, "& Edgar": {"label": "ORG", "kb_qid": null, "url_wikidata": null}, "Aidai": {"label": "ORG", "kb_qid": null, "url_wikidata": null}, "Prier de plusieurs": {"label": "MISC", "kb_qid": null, "url_wikidata": null}, "DE pay\u00e9e": {"label": "MISC", "kb_qid": null, "url_wikidata": null}}, "ents_freq": {"Princes": 1, "Compil\u00e9": 1, "Logistique": 1, "Terres": 1, "Clonie": 1, "\u0302": 1, "ledit Seigneur": 1, "& Innomm\u00e9e, & un Couronne d'or": 1, "o.a": 1, "Roi": 1, "Pais Cm C": 1, "st": 1, "r1 XVII": 1, "Ont rue": 1, "Des forces de la": 1, "Compagnie": 2, "Sa Majest\u00e9": 1, "Ethel": 1, "Eg": 1, "Ports du Royaume": 1, "Ballet tee": 1, "Janvier": 1, "Tousses": 1, "De y e gager.": 1, "& Edgar": 1, "Aidai": 1, "Prier de plusieurs": 1, "DE pay\u00e9e": 1}, "year": "1717", "month": "12", "page": "48"}