{"ents_info": {"Hongre": {"label": "MISC", "kb_qid": "Q506461", "url_wikidata": "https://www.wikidata.org/wiki/Q506461"}, "Cabinet": {"label": "MISC", "kb_qid": "Q529012", "url_wikidata": "https://www.wikidata.org/wiki/Q529012"}, "lettre de Vienne": {"label": "MISC", "kb_qid": null, "url_wikidata": null}, "E Prince Eug\u00e8ne de": {"label": "PER", "kb_qid": null, "url_wikidata": null}, "Pans": {"label": "LOC", "kb_qid": "Q629000", "url_wikidata": "https://www.wikidata.org/wiki/Q629000"}, "Fugace": {"label": "MISC", "kb_qid": null, "url_wikidata": null}, "Arm\u00e9e": {"label": "ORG", "kb_qid": "Q162513", "url_wikidata": "https://www.wikidata.org/wiki/Q162513"}, "Lave": {"label": "LOC", "kb_qid": "Q40157", "url_wikidata": "https://www.wikidata.org/wiki/Q40157"}, "Mr. Avouer": {"label": "PER", "kb_qid": null, "url_wikidata": null}, "Artillerie": {"label": "ORG", "kb_qid": "Q64418", "url_wikidata": "https://www.wikidata.org/wiki/Q64418"}, "Canon & 49": {"label": "MISC", "kb_qid": null, "url_wikidata": null}, "Conti": {"label": "PER", "kb_qid": "Q465844", "url_wikidata": "https://www.wikidata.org/wiki/Q465844"}, "Colonel P\u00e9tase": {"label": "PER", "kb_qid": null, "url_wikidata": null}, "D\u00e9tachement &": {"label": "ORG", "kb_qid": null, "url_wikidata": null}, "Compagnie de Grenadiers du R\u00e9giment de Leffelhof": {"label": "ORG", "kb_qid": null, "url_wikidata": null}, "Capitaine De vent forc\u00e9": {"label": "MISC", "kb_qid": null, "url_wikidata": null}, "Retranchement": {"label": "PER", "kb_qid": "Q139747", "url_wikidata": "https://www.wikidata.org/wiki/Q139747"}, "Turcs": {"label": "LOC", "kb_qid": "Q12560", "url_wikidata": "https://www.wikidata.org/wiki/Q12560"}, "Aga & deux autres": {"label": "MISC", "kb_qid": null, "url_wikidata": null}, "Officiers": {"label": "MISC", "kb_qid": "Q189290", "url_wikidata": "https://www.wikidata.org/wiki/Q189290"}, "Drapeaux": {"label": "LOC", "kb_qid": "Q1374036", "url_wikidata": "https://www.wikidata.org/wiki/Q1374036"}, "Lettre de Vienne": {"label": "MISC", "kb_qid": null, "url_wikidata": null}, "Autre cot\u00e9 du Danube": {"label": "MISC", "kb_qid": null, "url_wikidata": null}, "G\u00eanera Merci, le Prince": {"label": "MISC", "kb_qid": null, "url_wikidata": null}}, "ents_freq": {"Hongre": 1, "Cabinet": 1, "lettre de Vienne": 1, "E Prince Eug\u00e8ne de": 1, "Pans": 1, "Fugace": 1, "Arm\u00e9e": 2, "Lave": 1, "Mr. Avouer": 1, "Artillerie": 1, "Canon & 49": 1, "Conti": 1, "Colonel P\u00e9tase": 1, "D\u00e9tachement &": 1, "Compagnie de Grenadiers du R\u00e9giment de Leffelhof": 1, "Capitaine De vent forc\u00e9": 1, "Retranchement": 1, "Turcs": 1, "Aga & deux autres": 1, "Officiers": 1, "Drapeaux": 1, "Lettre de Vienne": 1, "Autre cot\u00e9 du Danube": 1, "G\u00eanera Merci, le Prince": 1}, "year": "1717", "month": "08", "page": "39"}