{"ents_info": {"Clef du Cabine 6": {"label": "LOC", "kb_qid": null, "url_wikidata": null}, "Brunes de Nancy": {"label": "PER", "kb_qid": null, "url_wikidata": null}, "Romane": {"label": "PER", "kb_qid": null, "url_wikidata": null}, "& dix mille livres": {"label": "MISC", "kb_qid": null, "url_wikidata": null}, "Article je viens d'apprendre": {"label": "MISC", "kb_qid": null, "url_wikidata": null}, "Rolle": {"label": "LOC", "kb_qid": null, "url_wikidata": null}, "Ira": {"label": "PER", "kb_qid": null, "url_wikidata": null}, "Huissier de la Chambre de justice": {"label": "PER", "kb_qid": null, "url_wikidata": null}, "Chambre de Justice.": {"label": "LOC", "kb_qid": null, "url_wikidata": null}, "Taxes": {"label": "MISC", "kb_qid": null, "url_wikidata": null}, "D\u00e9duis": {"label": "PER", "kb_qid": null, "url_wikidata": null}}, "ents_freq": {"Clef du Cabine 6": 1, "Brunes de Nancy": 1, "Romane": 1, "& dix mille livres": 1, "Article je viens d'apprendre": 1, "Rolle": 1, "Ira": 1, "Huissier de la Chambre de justice": 1, "Chambre de Justice.": 1, "Taxes": 1, "D\u00e9duis": 1}, "year": "1717", "month": "01", "page": "35"}