{"ents_info": {"Princes": {"label": "LOC", "kb_qid": "Q2747456", "url_wikidata": "https://www.wikidata.org/wiki/Q2747456"}, "Roi": {"label": "PER", "kb_qid": "Q7742", "url_wikidata": "https://www.wikidata.org/wiki/Q7742"}, "M'ajustez Prussiennes, ce": {"label": "MISC", "kb_qid": null, "url_wikidata": null}, "Prince & son \u00c9pouse": {"label": "ORG", "kb_qid": null, "url_wikidata": null}, "Dunwich": {"label": "LOC", "kb_qid": "Q188020", "url_wikidata": "https://www.wikidata.org/wiki/Q188020"}, "Arts le.rie des Remparts": {"label": "ORG", "kb_qid": null, "url_wikidata": null}, "Potsdam": {"label": "LOC", "kb_qid": "Q1022943", "url_wikidata": "https://www.wikidata.org/wiki/Q1022943"}, "Majest\u00e9 Prussienne": {"label": "PER", "kb_qid": null, "url_wikidata": null}, "Czar": {"label": "PER", "kb_qid": "Q3447790", "url_wikidata": "https://www.wikidata.org/wiki/Q3447790"}, "Canon": {"label": "PER", "kb_qid": "Q62621", "url_wikidata": "https://www.wikidata.org/wiki/Q62621"}, "Carine": {"label": "MISC", "kb_qid": "Q2938804", "url_wikidata": "https://www.wikidata.org/wiki/Q2938804"}, "Reine": {"label": "PER", "kb_qid": "Q9682", "url_wikidata": "https://www.wikidata.org/wiki/Q9682"}, "Carrosse": {"label": "PER", "kb_qid": "Q14565995", "url_wikidata": "https://www.wikidata.org/wiki/Q14565995"}, "ARTICLE VI": {"label": "PER", "kb_qid": null, "url_wikidata": null}, "POLOGNE": {"label": "LOC", "kb_qid": "Q36", "url_wikidata": "https://www.wikidata.org/wiki/Q36"}, "\u00c9tats": {"label": "LOC", "kb_qid": "Q7275", "url_wikidata": "https://www.wikidata.org/wiki/Q7275"}, "NRD": {"label": "LOC", "kb_qid": null, "url_wikidata": null}, "Moscovites": {"label": "LOC", "kb_qid": "Q49542", "url_wikidata": "https://www.wikidata.org/wiki/Q49542"}, "Troupes": {"label": "LOC", "kb_qid": null, "url_wikidata": null}, "Moscovite situions": {"label": "PER", "kb_qid": null, "url_wikidata": null}, "Clark": {"label": "PER", "kb_qid": "Q110532", "url_wikidata": "https://www.wikidata.org/wiki/Q110532"}, "Il-th e Pais,": {"label": "MISC", "kb_qid": null, "url_wikidata": null}, "Palatinat de Varsovie": {"label": "LOC", "kb_qid": null, "url_wikidata": null}, "Fatou": {"label": "PER", "kb_qid": "Q723574", "url_wikidata": "https://www.wikidata.org/wiki/Q723574"}, "Habitants": {"label": "LOC", "kb_qid": "Q109038548", "url_wikidata": "https://www.wikidata.org/wiki/Q109038548"}}, "ents_freq": {"Princes": 1, "Roi": 2, "M'ajustez Prussiennes, ce": 1, "Prince & son \u00c9pouse": 1, "Dunwich": 1, "Arts le.rie des Remparts": 1, "Potsdam": 1, "Majest\u00e9 Prussienne": 1, "Czar": 1, "Canon": 1, "Carine": 1, "Reine": 1, "Carrosse": 1, "ARTICLE VI": 1, "POLOGNE": 1, "\u00c9tats": 1, "NRD": 1, "Moscovites": 1, "Troupes": 2, "Moscovite situions": 1, "Clark": 1, "Il-th e Pais,": 1, "Palatinat de Varsovie": 1, "Fatou": 1, "Habitants": 1}, "year": "1717", "month": "11", "page": "58"}