{"ents_info": {"Prion": {"label": "PER", "kb_qid": "Q47051", "url_wikidata": "https://www.wikidata.org/wiki/Q47051"}, "F\u00e9vrier": {"label": "PER", "kb_qid": "Q109", "url_wikidata": "https://www.wikidata.org/wiki/Q109"}, "Prisonniers Jens": {"label": "PER", "kb_qid": null, "url_wikidata": null}, "Des conduire en merdique loi": {"label": "MISC", "kb_qid": null, "url_wikidata": null}, "u Navire": {"label": "PER", "kb_qid": null, "url_wikidata": null}, "Am\u00e9rique": {"label": "LOC", "kb_qid": "Q828", "url_wikidata": "https://www.wikidata.org/wiki/Q828"}, "M. Radeliffrere du Autres": {"label": "PER", "kb_qid": null, "url_wikidata": null}, "Comte de D-en are": {"label": "PER", "kb_qid": null, "url_wikidata": null}, "Ne gatte en habit": {"label": "MISC", "kb_qid": null, "url_wikidata": null}, "Londres": {"label": "LOC", "kb_qid": "Q84", "url_wikidata": "https://www.wikidata.org/wiki/Q84"}, "Le Sieur Jou\u00e9s": {"label": "MISC", "kb_qid": null, "url_wikidata": null}, "M\u00e9decins tr": {"label": "ORG", "kb_qid": null, "url_wikidata": null}, "Me sequins": {"label": "MISC", "kb_qid": null, "url_wikidata": null}, "ps": {"label": "ORG", "kb_qid": "Q284263", "url_wikidata": "https://www.wikidata.org/wiki/Q284263"}, "Je Ge\u00f4lier": {"label": "PER", "kb_qid": null, "url_wikidata": null}, "Laisse le soin aux valets": {"label": "MISC", "kb_qid": null, "url_wikidata": null}, "Mousquetaire": {"label": "PER", "kb_qid": "Q721960", "url_wikidata": "https://www.wikidata.org/wiki/Q721960"}, "Seringue \u00e0 la main": {"label": "MISC", "kb_qid": null, "url_wikidata": null}, "Ours": {"label": "PER", "kb_qid": "Q11788", "url_wikidata": "https://www.wikidata.org/wiki/Q11788"}}, "ents_freq": {"Prion": 1, "F\u00e9vrier": 1, "Prisonniers Jens": 1, "Des conduire en merdique loi": 1, "u Navire": 1, "Am\u00e9rique": 1, "M. Radeliffrere du Autres": 1, "Comte de D-en are": 1, "Ne gatte en habit": 1, "Londres": 1, "Le Sieur Jou\u00e9s": 1, "M\u00e9decins tr": 1, "Me sequins": 1, "ps": 1, "Je Ge\u00f4lier": 1, "Laisse le soin aux valets": 1, "Mousquetaire": 1, "Seringue \u00e0 la main": 1, "Ours": 1}, "year": "1717", "month": "02", "page": "64"}