{"ents_info": {"a24": {"label": "LOC", "kb_qid": null, "url_wikidata": null}, "Cabinet": {"label": "ORG", "kb_qid": null, "url_wikidata": null}, "M\u00e9d\u00e9ric Vit": {"label": "PER", "kb_qid": null, "url_wikidata": null}, "Canonicat S": {"label": "MISC", "kb_qid": null, "url_wikidata": null}, "Li-UTe\u2082. Vente Enseigne": {"label": "PER", "kb_qid": null, "url_wikidata": null}, "Lient.e": {"label": "PER", "kb_qid": null, "url_wikidata": null}, "\u00c7a": {"label": "MISC", "kb_qid": null, "url_wikidata": null}, "Vendenheim": {"label": "LOC", "kb_qid": null, "url_wikidata": null}, "Richard Lieur": {"label": "PER", "kb_qid": null, "url_wikidata": null}, "Joseph Vves": {"label": "PER", "kb_qid": null, "url_wikidata": null}, "ISO": {"label": "ORG", "kb_qid": null, "url_wikidata": null}, "Sigmund": {"label": "PER", "kb_qid": null, "url_wikidata": null}, "Paulinien Ma or Bon": {"label": "MISC", "kb_qid": null, "url_wikidata": null}, "Survit Cap": {"label": "PER", "kb_qid": null, "url_wikidata": null}, "22 Sol.": {"label": "LOC", "kb_qid": null, "url_wikidata": null}, "Rixheim Cape Pangolin": {"label": "LOC", "kb_qid": null, "url_wikidata": null}, "L": {"label": "PER", "kb_qid": null, "url_wikidata": null}, "umersperg Jos\u00e9": {"label": "PER", "kb_qid": null, "url_wikidata": null}, "Mull Fischer": {"label": "PER", "kb_qid": null, "url_wikidata": null}, "Ficher, Monde!": {"label": "MISC", "kb_qid": null, "url_wikidata": null}, "Schneider Li": {"label": "PER", "kb_qid": null, "url_wikidata": null}, "Soldats tuez": {"label": "MISC", "kb_qid": null, "url_wikidata": null}, "Crise Base Lieues": {"label": "MISC", "kb_qid": null, "url_wikidata": null}, "Gr esche": {"label": "LOC", "kb_qid": null, "url_wikidata": null}, "Monde": {"label": "LOC", "kb_qid": null, "url_wikidata": null}, "Stein Campe-en Capitaines": {"label": "PER", "kb_qid": null, "url_wikidata": null}, "Fia": {"label": "LOC", "kb_qid": null, "url_wikidata": null}, "ut Jacob de": {"label": "MISC", "kb_qid": null, "url_wikidata": null}, "Prince Maximilien de Hesse": {"label": "PER", "kb_qid": null, "url_wikidata": null}, "4 Soldats tuez": {"label": "MISC", "kb_qid": null, "url_wikidata": null}}, "ents_freq": {"a24": 1, "Cabinet": 1, "M\u00e9d\u00e9ric Vit": 1, "Canonicat S": 1, "Li-UTe\u2082. Vente Enseigne": 1, "Lient.e": 1, "\u00c7a": 1, "Vendenheim": 1, "Richard Lieur": 1, "Joseph Vves": 1, "ISO": 1, "Sigmund": 1, "Paulinien Ma or Bon": 1, "Survit Cap": 1, "22 Sol.": 1, "Rixheim Cape Pangolin": 1, "L": 1, "umersperg Jos\u00e9": 1, "Mull Fischer": 1, "Ficher, Monde!": 1, "Schneider Li": 1, "Soldats tuez": 1, "Crise Base Lieues": 1, "Gr esche": 1, "Monde": 1, "Stein Campe-en Capitaines": 1, "Fia": 1, "ut Jacob de": 1, "Prince Maximilien de Hesse": 1, "4 Soldats tuez": 1}, "year": "1717", "month": "10", "page": "63"}