{"ents_info": {"Princes": {"label": "LOC", "kb_qid": "Q2747456", "url_wikidata": "https://www.wikidata.org/wiki/Q2747456"}, "Mars717.83": {"label": "LOC", "kb_qid": null, "url_wikidata": null}, "& vous sconse ver": {"label": "MISC", "kb_qid": null, "url_wikidata": null}, "Dieu": {"label": "MISC", "kb_qid": "Q190", "url_wikidata": "https://www.wikidata.org/wiki/Q190"}, "Sou ver Ain": {"label": "PER", "kb_qid": null, "url_wikidata": null}, "Roi": {"label": "PER", "kb_qid": "Q12097", "url_wikidata": "https://www.wikidata.org/wiki/Q12097"}, "invisible & immortel": {"label": "MISC", "kb_qid": null, "url_wikidata": null}, "l'Empire": {"label": "LOC", "kb_qid": "Q71084", "url_wikidata": "https://www.wikidata.org/wiki/Q71084"}, "Royaume": {"label": "LOC", "kb_qid": "Q70972", "url_wikidata": "https://www.wikidata.org/wiki/Q70972"}, "&.": {"label": "MISC", "kb_qid": null, "url_wikidata": null}, "\u00c9pitre": {"label": "MISC", "kb_qid": "Q215495", "url_wikidata": "https://www.wikidata.org/wiki/Q215495"}, "F": {"label": "LOC", "kb_qid": "Q9765", "url_wikidata": "https://www.wikidata.org/wiki/Q9765"}, "ars las": {"label": "LOC", "kb_qid": null, "url_wikidata": null}, "En voici l'-\u00e9chantillon": {"label": "MISC", "kb_qid": null, "url_wikidata": null}, "Livres qi": {"label": "MISC", "kb_qid": null, "url_wikidata": null}, "Ordonnances": {"label": "MISC", "kb_qid": "Q1712420", "url_wikidata": "https://www.wikidata.org/wiki/Q1712420"}, "Coutumes": {"label": "MISC", "kb_qid": "Q2995321", "url_wikidata": "https://www.wikidata.org/wiki/Q2995321"}, "Rois": {"label": "MISC", "kb_qid": "Q4224666", "url_wikidata": "https://www.wikidata.org/wiki/Q4224666"}, "Pour chacun des Sujetsd'inviolables Loi": {"label": "MISC", "kb_qid": null, "url_wikidata": null}, "H": {"label": "PER", "kb_qid": "Q556", "url_wikidata": "https://www.wikidata.org/wiki/Q556"}, "La Justice paroi": {"label": "MISC", "kb_qid": null, "url_wikidata": null}, "Das": {"label": "MISC", "kb_qid": "Q13734", "url_wikidata": "https://www.wikidata.org/wiki/Q13734"}, "Antenne N": {"label": "ORG", "kb_qid": null, "url_wikidata": null}}, "ents_freq": {"Princes": 1, "Mars717.83": 1, "& vous sconse ver": 1, "Dieu": 1, "Sou ver Ain": 1, "Roi": 1, "invisible & immortel": 1, "l'Empire": 1, "Royaume": 1, "&.": 1, "\u00c9pitre": 1, "F": 1, "ars las": 1, "En voici l'-\u00e9chantillon": 1, "Livres qi": 1, "Ordonnances": 1, "Coutumes": 1, "Rois": 1, "Pour chacun des Sujetsd'inviolables Loi": 1, "H": 1, "La Justice paroi": 1, "Das": 1, "Antenne N": 1}, "year": "1717", "month": "03", "page": "32"}