{"ents_info": {"Cabinet": {"label": "MISC", "kb_qid": null, "url_wikidata": null}, "Tillier": {"label": "PER", "kb_qid": null, "url_wikidata": null}, "Ur": {"label": "LOC", "kb_qid": null, "url_wikidata": null}, "Toulon": {"label": "LOC", "kb_qid": null, "url_wikidata": null}, "Acte": {"label": "MISC", "kb_qid": null, "url_wikidata": null}, "Grace": {"label": "PER", "kb_qid": null, "url_wikidata": null}, "Cl\u00e9mence": {"label": "PER", "kb_qid": null, "url_wikidata": null}, "ope": {"label": "MISC", "kb_qid": null, "url_wikidata": null}, "CHAMBRE DES COMMUNES.": {"label": "MISC", "kb_qid": null, "url_wikidata": null}, "axez": {"label": "LOC", "kb_qid": null, "url_wikidata": null}, "Stance prochaine un si": {"label": "MISC", "kb_qid": null, "url_wikidata": null}, "Nation": {"label": "MISC", "kb_qid": null, "url_wikidata": null}}, "ents_freq": {"Cabinet": 1, "Tillier": 1, "Ur": 1, "Toulon": 1, "Acte": 1, "Grace": 1, "Cl\u00e9mence": 1, "ope": 1, "CHAMBRE DES COMMUNES.": 1, "axez": 1, "Stance prochaine un si": 1, "Nation": 1}, "year": "1717", "month": "07", "page": "67"}