{"ents_info": {"La Clan du Cabinet 6 tains Articles": {"label": "MISC", "kb_qid": null, "url_wikidata": null}, "Roi Auguste": {"label": "PER", "kb_qid": null, "url_wikidata": null}, "S. M.": {"label": "PER", "kb_qid": "Q1896771", "url_wikidata": "https://www.wikidata.org/wiki/Q1896771"}, "Dette": {"label": "MISC", "kb_qid": "Q3196867", "url_wikidata": "https://www.wikidata.org/wiki/Q3196867"}, "les Hivernaux": {"label": "LOC", "kb_qid": null, "url_wikidata": null}, "Assembl\u00e9e": {"label": "ORG", "kb_qid": "Q193582", "url_wikidata": "https://www.wikidata.org/wiki/Q193582"}, "ARTICLE VII": {"label": "MISC", "kb_qid": null, "url_wikidata": null}, "N\u00e9gociant Automates,r I": {"label": "ORG", "kb_qid": null, "url_wikidata": null}, "Mer Baltique": {"label": "LOC", "kb_qid": "Q545", "url_wikidata": "https://www.wikidata.org/wiki/Q545"}, "Journal": {"label": "MISC", "kb_qid": "Q11032", "url_wikidata": "https://www.wikidata.org/wiki/Q11032"}, "Anglais": {"label": "MISC", "kb_qid": "Q1860", "url_wikidata": "https://www.wikidata.org/wiki/Q1860"}, "Nations": {"label": "ORG", "kb_qid": "Q1065", "url_wikidata": "https://www.wikidata.org/wiki/Q1065"}, "Janvier": {"label": "PER", "kb_qid": "Q682983", "url_wikidata": "https://www.wikidata.org/wiki/Q682983"}, "Cotes": {"label": "LOC", "kb_qid": "Q451667", "url_wikidata": "https://www.wikidata.org/wiki/Q451667"}, "Br\u00eame": {"label": "LOC", "kb_qid": "Q24879", "url_wikidata": "https://www.wikidata.org/wiki/Q24879"}, "Or iel": {"label": "PER", "kb_qid": null, "url_wikidata": null}, "Londres": {"label": "LOC", "kb_qid": "Q84", "url_wikidata": "https://www.wikidata.org/wiki/Q84"}, "Hambourg, & dont les Marchandises": {"label": "ORG", "kb_qid": null, "url_wikidata": null}, "Places Danoises": {"label": "LOC", "kb_qid": null, "url_wikidata": null}, "Moscovites": {"label": "LOC", "kb_qid": "Q649", "url_wikidata": "https://www.wikidata.org/wiki/Q649"}, "Ip\u00e9.c\u00e9page": {"label": "PER", "kb_qid": null, "url_wikidata": null}, "la Cargaison": {"label": "MISC", "kb_qid": null, "url_wikidata": null}, "Vaisseau Anglais": {"label": "MISC", "kb_qid": null, "url_wikidata": null}, "Archange": {"label": "PER", "kb_qid": "Q178342", "url_wikidata": "https://www.wikidata.org/wiki/Q178342"}, "Moscovie": {"label": "LOC", "kb_qid": "Q649", "url_wikidata": "https://www.wikidata.org/wiki/Q649"}, "Capitaine Arnold": {"label": "PER", "kb_qid": null, "url_wikidata": null}, "George": {"label": "MISC", "kb_qid": "Q130805", "url_wikidata": "https://www.wikidata.org/wiki/Q130805"}, "Roi George": {"label": "PER", "kb_qid": "Q130805", "url_wikidata": "https://www.wikidata.org/wiki/Q130805"}, "Couronne d'Angleterre": {"label": "ORG", "kb_qid": "Q179876", "url_wikidata": "https://www.wikidata.org/wiki/Q179876"}, "Mers du Nord": {"label": "LOC", "kb_qid": null, "url_wikidata": null}, "Sur les Cotes d'Angleterre": {"label": "MISC", "kb_qid": null, "url_wikidata": null}, "M\u00e9dia": {"label": "ORG", "kb_qid": "Q340169", "url_wikidata": "https://www.wikidata.org/wiki/Q340169"}}, "ents_freq": {"La Clan du Cabinet 6 tains Articles": 1, "Roi Auguste": 1, "S. M.": 1, "Dette": 1, "les Hivernaux": 1, "Assembl\u00e9e": 1, "ARTICLE VII": 1, "N\u00e9gociant Automates,r I": 1, "Mer Baltique": 1, "Journal": 1, "Anglais": 1, "Nations": 1, "Janvier": 1, "Cotes": 1, "Br\u00eame": 1, "Or iel": 1, "Londres": 1, "Hambourg, & dont les Marchandises": 1, "Places Danoises": 1, "Moscovites": 1, "Ip\u00e9.c\u00e9page": 1, "la Cargaison": 1, "Vaisseau Anglais": 1, "Archange": 1, "Moscovie": 1, "Capitaine Arnold": 1, "George": 1, "Roi George": 1, "Couronne d'Angleterre": 1, "Mers du Nord": 1, "Sur les Cotes d'Angleterre": 1, "M\u00e9dia": 1}, "year": "1717", "month": "03", "page": "65"}