{"ents_info": {"La Clef Cabine nos": {"label": "MISC", "kb_qid": null, "url_wikidata": null}, "Gare": {"label": "LOC", "kb_qid": "Q12819564", "url_wikidata": "https://www.wikidata.org/wiki/Q12819564"}, "Viseux": {"label": "LOC", "kb_qid": "Q3090270", "url_wikidata": "https://www.wikidata.org/wiki/Q3090270"}, "ut Artillerie,Ils": {"label": "ORG", "kb_qid": null, "url_wikidata": null}, "Fiscs": {"label": "MISC", "kb_qid": "Q573607", "url_wikidata": "https://www.wikidata.org/wiki/Q573607"}, "IA Lave &": {"label": "ORG", "kb_qid": null, "url_wikidata": null}, "Cooper &": {"label": "MISC", "kb_qid": null, "url_wikidata": null}, "aC 26": {"label": "LOC", "kb_qid": null, "url_wikidata": null}, "pie": {"label": "PER", "kb_qid": "Q25307", "url_wikidata": "https://www.wikidata.org/wiki/Q25307"}, "Canon &": {"label": "ORG", "kb_qid": null, "url_wikidata": null}, "Batteries de Ennemi ruin\u00e9es": {"label": "MISC", "kb_qid": null, "url_wikidata": null}, "Ave": {"label": "MISC", "kb_qid": "Q2319007", "url_wikidata": "https://www.wikidata.org/wiki/Q2319007"}, "Canon": {"label": "LOC", "kb_qid": "Q62621", "url_wikidata": "https://www.wikidata.org/wiki/Q62621"}, "Flanc de la Forteresse": {"label": "MISC", "kb_qid": null, "url_wikidata": null}, "Ch\u00e2teau & les Ba": {"label": "LOC", "kb_qid": null, "url_wikidata": null}, "A": {"label": "LOC", "kb_qid": "Q741818", "url_wikidata": "https://www.wikidata.org/wiki/Q741818"}, "I scan": {"label": "LOC", "kb_qid": null, "url_wikidata": null}, "notre Camp": {"label": "LOC", "kb_qid": null, "url_wikidata": null}, "Pince Gene": {"label": "PER", "kb_qid": null, "url_wikidata": null}, "Ign\u00e9s": {"label": "LOC", "kb_qid": "Q845261", "url_wikidata": "https://www.wikidata.org/wiki/Q845261"}, "De Camp": {"label": "MISC", "kb_qid": null, "url_wikidata": null}, "l'Ennemi": {"label": "MISC", "kb_qid": "Q142", "url_wikidata": "https://www.wikidata.org/wiki/Q142"}, "Ennemis &": {"label": "MISC", "kb_qid": null, "url_wikidata": null}, "Ves": {"label": "LOC", "kb_qid": "Q56349362", "url_wikidata": "https://www.wikidata.org/wiki/Q56349362"}}, "ents_freq": {"La Clef Cabine nos": 1, "Gare": 1, "Viseux": 1, "ut Artillerie,Ils": 1, "Fiscs": 1, "IA Lave &": 1, "Cooper &": 1, "aC 26": 1, "pie": 1, "Canon &": 1, "Batteries de Ennemi ruin\u00e9es": 1, "Ave": 1, "Canon": 2, "Flanc de la Forteresse": 1, "Ch\u00e2teau & les Ba": 1, "A": 1, "I scan": 1, "notre Camp": 1, "Pince Gene": 1, "Ign\u00e9s": 1, "De Camp": 1, "l'Ennemi": 1, "Ennemis &": 1, "Ves": 1}, "year": "1717", "month": "09", "page": "79"}