{"ents_info": {"Ombrages": {"label": "LOC", "kb_qid": "Q633182", "url_wikidata": "https://www.wikidata.org/wiki/Q633182"}, "A. R. de": {"label": "PER", "kb_qid": null, "url_wikidata": null}, "Corsaires de Barbie": {"label": "MISC", "kb_qid": null, "url_wikidata": null}, "Italie": {"label": "LOC", "kb_qid": "Q172579", "url_wikidata": "https://www.wikidata.org/wiki/Q172579"}, "La Clef du Cabine d'ilion de cons\u00e9quence": {"label": "MISC", "kb_qid": null, "url_wikidata": null}, "Journal que Des Troupes": {"label": "MISC", "kb_qid": null, "url_wikidata": null}, "S. Alt": {"label": "PER", "kb_qid": null, "url_wikidata": null}, "Camp": {"label": "LOC", "kb_qid": "Q2614518", "url_wikidata": "https://www.wikidata.org/wiki/Q2614518"}, "Canal": {"label": "LOC", "kb_qid": "Q12284", "url_wikidata": "https://www.wikidata.org/wiki/Q12284"}, "Troupes": {"label": "LOC", "kb_qid": null, "url_wikidata": null}, "Prince": {"label": "PER", "kb_qid": "Q131719", "url_wikidata": "https://www.wikidata.org/wiki/Q131719"}, "Mer &": {"label": "MISC", "kb_qid": null, "url_wikidata": null}, "Terre": {"label": "LOC", "kb_qid": "Q2", "url_wikidata": "https://www.wikidata.org/wiki/Q2"}, "Duch\u00e9 de Milan": {"label": "LOC", "kb_qid": "Q153529", "url_wikidata": "https://www.wikidata.org/wiki/Q153529"}, "G\u00e9nois": {"label": "LOC", "kb_qid": "Q174306", "url_wikidata": "https://www.wikidata.org/wiki/Q174306"}, "R\u00e9publique de Gen\u00e8ve": {"label": "LOC", "kb_qid": "Q23366230", "url_wikidata": "https://www.wikidata.org/wiki/Q23366230"}, "Des Suisses": {"label": "LOC", "kb_qid": null, "url_wikidata": null}, "C": {"label": "LOC", "kb_qid": "Q15777", "url_wikidata": "https://www.wikidata.org/wiki/Q15777"}, "Berne": {"label": "LOC", "kb_qid": "Q70", "url_wikidata": "https://www.wikidata.org/wiki/Q70"}, "l'Europe": {"label": "LOC", "kb_qid": "Q46", "url_wikidata": "https://www.wikidata.org/wiki/Q46"}, "Les Corsaires de Barbarie": {"label": "MISC", "kb_qid": null, "url_wikidata": null}, "Cotes": {"label": "LOC", "kb_qid": "Q2046242", "url_wikidata": "https://www.wikidata.org/wiki/Q2046242"}, "Ekat": {"label": "LOC", "kb_qid": null, "url_wikidata": null}, "Toscane": {"label": "LOC", "kb_qid": "Q1273", "url_wikidata": "https://www.wikidata.org/wiki/Q1273"}, "Grand Duc": {"label": "PER", "kb_qid": "Q160869", "url_wikidata": "https://www.wikidata.org/wiki/Q160869"}, "Pise": {"label": "LOC", "kb_qid": "Q13375", "url_wikidata": "https://www.wikidata.org/wiki/Q13375"}, "Lit": {"label": "PER", "kb_qid": "Q42177", "url_wikidata": "https://www.wikidata.org/wiki/Q42177"}}, "ents_freq": {"Ombrages": 1, "A. R. de": 1, "Corsaires de Barbie": 1, "Italie": 1, "La Clef du Cabine d'ilion de cons\u00e9quence": 1, "Journal que Des Troupes": 1, "S. Alt": 1, "Camp": 1, "Canal": 1, "Troupes": 1, "Prince": 3, "Mer &": 1, "Terre": 1, "Duch\u00e9 de Milan": 1, "G\u00e9nois": 1, "R\u00e9publique de Gen\u00e8ve": 1, "Des Suisses": 1, "C": 1, "Berne": 1, "l'Europe": 1, "Les Corsaires de Barbarie": 1, "Cotes": 1, "Ekat": 1, "Toscane": 1, "Grand Duc": 1, "Pise": 1, "Lit": 1}, "year": "1717", "month": "06", "page": "31"}