{"ents_info": {"Princes": {"label": "LOC", "kb_qid": "Q1405556", "url_wikidata": "https://www.wikidata.org/wiki/Q1405556"}, "Catin": {"label": "PER", "kb_qid": "Q60609162", "url_wikidata": "https://www.wikidata.org/wiki/Q60609162"}, "Fort": {"label": "LOC", "kb_qid": "Q57821", "url_wikidata": "https://www.wikidata.org/wiki/Q57821"}, "ps noires": {"label": "ORG", "kb_qid": null, "url_wikidata": null}, "ue": {"label": "ORG", "kb_qid": "Q18413876", "url_wikidata": "https://www.wikidata.org/wiki/Q18413876"}, "fesse;i Cita: le de Barcelone": {"label": "PER", "kb_qid": null, "url_wikidata": null}, "Etienne": {"label": "LOC", "kb_qid": "Q60849", "url_wikidata": "https://www.wikidata.org/wiki/Q60849"}, "us": {"label": "LOC", "kb_qid": "Q3552526", "url_wikidata": "https://www.wikidata.org/wiki/Q3552526"}, "Erre": {"label": "PER", "kb_qid": "Q9852", "url_wikidata": "https://www.wikidata.org/wiki/Q9852"}, "& J'habilit\u00e9 ds lieues quint": {"label": "MISC", "kb_qid": null, "url_wikidata": null}, "employez IV": {"label": "PER", "kb_qid": null, "url_wikidata": null}, "Cor": {"label": "MISC", "kb_qid": "Q163759", "url_wikidata": "https://www.wikidata.org/wiki/Q163759"}, "Jour d la de l'Es curial": {"label": "MISC", "kb_qid": null, "url_wikidata": null}, "Cour ad' Enfant": {"label": "MISC", "kb_qid": null, "url_wikidata": null}, "& chalets": {"label": "MISC", "kb_qid": null, "url_wikidata": null}, "CT": {"label": "ORG", "kb_qid": "Q779", "url_wikidata": "https://www.wikidata.org/wiki/Q779"}, "Madrid": {"label": "LOC", "kb_qid": "Q2807", "url_wikidata": "https://www.wikidata.org/wiki/Q2807"}, "Fagne": {"label": "LOC", "kb_qid": "Q599193", "url_wikidata": "https://www.wikidata.org/wiki/Q599193"}, "Bains": {"label": "LOC", "kb_qid": "Q768030", "url_wikidata": "https://www.wikidata.org/wiki/Q768030"}, "consistas": {"label": "LOC", "kb_qid": null, "url_wikidata": null}, "Galeries solennels": {"label": "ORG", "kb_qid": null, "url_wikidata": null}, "Cloner de arbre autour d'n de an": {"label": "MISC", "kb_qid": null, "url_wikidata": null}, "Rois d'\u00c9boue, de la mai des meilleurs Maitre": {"label": "MISC", "kb_qid": null, "url_wikidata": null}, "Pare": {"label": "PER", "kb_qid": "Q3085516", "url_wikidata": "https://www.wikidata.org/wiki/Q3085516"}, "Palais": {"label": "LOC", "kb_qid": "Q16560", "url_wikidata": "https://www.wikidata.org/wiki/Q16560"}, "Gibier": {"label": "PER", "kb_qid": "Q223930", "url_wikidata": "https://www.wikidata.org/wiki/Q223930"}, "Nom": {"label": "MISC", "kb_qid": "Q1084", "url_wikidata": "https://www.wikidata.org/wiki/Q1084"}, "S": {"label": "MISC", "kb_qid": "Q9956", "url_wikidata": "https://www.wikidata.org/wiki/Q9956"}}, "ents_freq": {"Princes": 1, "Catin": 1, "Fort": 1, "ps noires": 1, "ue": 1, "fesse;i Cita: le de Barcelone": 1, "Etienne": 1, "us": 1, "Erre": 1, "& J'habilit\u00e9 ds lieues quint": 1, "employez IV": 1, "Cor": 1, "Jour d la de l'Es curial": 1, "Cour ad' Enfant": 1, "& chalets": 1, "CT": 1, "Madrid": 1, "Fagne": 1, "Bains": 1, "consistas": 1, "Galeries solennels": 1, "Cloner de arbre autour d'n de an": 1, "Rois d'\u00c9boue, de la mai des meilleurs Maitre": 1, "Pare": 1, "Palais": 1, "Gibier": 1, "Nom": 1, "S": 1}, "year": "1717", "month": "10", "page": "18"}