{"ents_info": {"La Clef du Cabines": {"label": "MISC", "kb_qid": null, "url_wikidata": null}, "Doctrine": {"label": "MISC", "kb_qid": "Q117850", "url_wikidata": "https://www.wikidata.org/wiki/Q117850"}, "Intel": {"label": "ORG", "kb_qid": "Q248", "url_wikidata": "https://www.wikidata.org/wiki/Q248"}, "N\u00e9e autorit\u00e9 de IA Constitution": {"label": "MISC", "kb_qid": null, "url_wikidata": null}, "Lettre de la elle, qui est l'unique reg": {"label": "MISC", "kb_qid": null, "url_wikidata": null}, "IA Doctrine": {"label": "MISC", "kb_qid": null, "url_wikidata": null}, "Bulle, &": {"label": "MISC", "kb_qid": null, "url_wikidata": null}, "Bulle": {"label": "LOC", "kb_qid": "Q68308", "url_wikidata": "https://www.wikidata.org/wiki/Q68308"}, "Eccl\u00e9siastique": {"label": "MISC", "kb_qid": "Q177826", "url_wikidata": "https://www.wikidata.org/wiki/Q177826"}, "Saints \u00c9v\u00eaques.": {"label": "MISC", "kb_qid": null, "url_wikidata": null}, "St. Singe": {"label": "MISC", "kb_qid": null, "url_wikidata": null}, "Pr\u00e9d\u00e9cesseurs": {"label": "ORG", "kb_qid": "Q1671662", "url_wikidata": "https://www.wikidata.org/wiki/Q1671662"}, "St. Perd": {"label": "MISC", "kb_qid": null, "url_wikidata": null}, "Mo Dioc\u00e8se": {"label": "MISC", "kb_qid": null, "url_wikidata": null}, "Grad Royaume": {"label": "LOC", "kb_qid": null, "url_wikidata": null}}, "ents_freq": {"La Clef du Cabines": 1, "Doctrine": 1, "Intel": 1, "N\u00e9e autorit\u00e9 de IA Constitution": 1, "Lettre de la elle, qui est l'unique reg": 1, "IA Doctrine": 1, "Bulle, &": 1, "Bulle": 1, "Eccl\u00e9siastique": 1, "Saints \u00c9v\u00eaques.": 1, "St. Singe": 1, "Pr\u00e9d\u00e9cesseurs": 1, "St. Perd": 1, "Mo Dioc\u00e8se": 1, "Grad Royaume": 1}, "year": "1717", "month": "12", "page": "33"}