{"ents_info": {"Inde": {"label": "LOC", "kb_qid": "Q668", "url_wikidata": "https://www.wikidata.org/wiki/Q668"}, "Occidentales se.sont": {"label": "LOC", "kb_qid": null, "url_wikidata": null}, "II": {"label": "MISC", "kb_qid": "Q959186", "url_wikidata": "https://www.wikidata.org/wiki/Q959186"}, "Oh a de": {"label": "MISC", "kb_qid": null, "url_wikidata": null}, "Mendadonn\u00e9senrOetaI": {"label": "MISC", "kb_qid": null, "url_wikidata": null}, "\u0300'\u00c9v\u00each\u00e9 Platane &": {"label": "MISC", "kb_qid": null, "url_wikidata": null}, "st Dit de UV": {"label": "PER", "kb_qid": null, "url_wikidata": null}, "Salamanque": {"label": "LOC", "kb_qid": "Q308963", "url_wikidata": "https://www.wikidata.org/wiki/Q308963"}, "Galopes": {"label": "LOC", "kb_qid": null, "url_wikidata": null}, "But": {"label": "LOC", "kb_qid": "Q2877537", "url_wikidata": "https://www.wikidata.org/wiki/Q2877537"}, "Ours & Moque": {"label": "MISC", "kb_qid": null, "url_wikidata": null}, "Pr": {"label": "PER", "kb_qid": "Q121594", "url_wikidata": "https://www.wikidata.org/wiki/Q121594"}, "Dom Fer: l": {"label": "MISC", "kb_qid": null, "url_wikidata": null}, "Reliefs de Ordres: BE": {"label": "MISC", "kb_qid": null, "url_wikidata": null}, "Cosson": {"label": "LOC", "kb_qid": "Q1276939", "url_wikidata": "https://www.wikidata.org/wiki/Q1276939"}, "Dos h\u00e9la": {"label": "PER", "kb_qid": null, "url_wikidata": null}, "Proue ale": {"label": "MISC", "kb_qid": null, "url_wikidata": null}, "Sauv\u00e2t": {"label": "PER", "kb_qid": null, "url_wikidata": null}, "Relie": {"label": "LOC", "kb_qid": "Q3458205", "url_wikidata": "https://www.wikidata.org/wiki/Q3458205"}, "Gien": {"label": "LOC", "kb_qid": "Q475599", "url_wikidata": "https://www.wikidata.org/wiki/Q475599"}, "Ordre de S.": {"label": "ORG", "kb_qid": null, "url_wikidata": null}, "Peut-\u00eatre": {"label": "MISC", "kb_qid": "Q2045006", "url_wikidata": "https://www.wikidata.org/wiki/Q2045006"}, "levron": {"label": "PER", "kb_qid": "Q3223901", "url_wikidata": "https://www.wikidata.org/wiki/Q3223901"}, "Cour": {"label": "LOC", "kb_qid": "Q3001001", "url_wikidata": "https://www.wikidata.org/wiki/Q3001001"}, "PCi": {"label": "PER", "kb_qid": "Q206941", "url_wikidata": "https://www.wikidata.org/wiki/Q206941"}, "Galeries": {"label": "ORG", "kb_qid": "Q164419", "url_wikidata": "https://www.wikidata.org/wiki/Q164419"}, "Levant": {"label": "LOC", "kb_qid": "Q175302", "url_wikidata": "https://www.wikidata.org/wiki/Q175302"}, "V\u00e9nitien": {"label": "MISC", "kb_qid": "Q4948", "url_wikidata": "https://www.wikidata.org/wiki/Q4948"}, "Des Dure": {"label": "MISC", "kb_qid": null, "url_wikidata": null}, "Moque es": {"label": "MISC", "kb_qid": null, "url_wikidata": null}, "Geler": {"label": "LOC", "kb_qid": "Q108000", "url_wikidata": "https://www.wikidata.org/wiki/Q108000"}, "F": {"label": "LOC", "kb_qid": "Q650", "url_wikidata": "https://www.wikidata.org/wiki/Q650"}, "Jeu": {"label": "MISC", "kb_qid": "Q1032900", "url_wikidata": "https://www.wikidata.org/wiki/Q1032900"}, "IV": {"label": "MISC", "kb_qid": "Q69829", "url_wikidata": "https://www.wikidata.org/wiki/Q69829"}, "Catalogne": {"label": "LOC", "kb_qid": "Q5705", "url_wikidata": "https://www.wikidata.org/wiki/Q5705"}, "Montagnes pantelions & autres": {"label": "MISC", "kb_qid": null, "url_wikidata": null}}, "ents_freq": {"Inde": 1, "Occidentales se.sont": 1, "II": 1, "Oh a de": 1, "Mendadonn\u00e9senrOetaI": 1, "\u0300'\u00c9v\u00each\u00e9 Platane &": 1, "st Dit de UV": 1, "Salamanque": 1, "Galopes": 1, "But": 1, "Ours & Moque": 1, "Pr": 1, "Dom Fer: l": 1, "Reliefs de Ordres: BE": 1, "Cosson": 1, "Dos h\u00e9la": 1, "Proue ale": 1, "Sauv\u00e2t": 1, "Relie": 1, "Gien": 1, "Ordre de S.": 1, "Peut-\u00eatre": 1, "levron": 1, "Cour": 1, "PCi": 1, "Galeries": 1, "Levant": 1, "V\u00e9nitien": 1, "Des Dure": 1, "Moque es": 1, "Geler": 1, "F": 1, "Jeu": 1, "IV": 1, "Catalogne": 1, "Montagnes pantelions & autres": 1}, "year": "1717", "month": "05", "page": "21"}