{"ents_info": {"342 La Clef du Cabinet ARTICLE": {"label": "MISC", "kb_qid": null, "url_wikidata": null}, "Ebit": {"label": "ORG", "kb_qid": "Q720862", "url_wikidata": "https://www.wikidata.org/wiki/Q720862"}, "Mats": {"label": "PER", "kb_qid": "Q954888", "url_wikidata": "https://www.wikidata.org/wiki/Q954888"}, "Chambre de Justice": {"label": "LOC", "kb_qid": "Q3354918", "url_wikidata": "https://www.wikidata.org/wiki/Q3354918"}, "D\u00e9clarations": {"label": "MISC", "kb_qid": null, "url_wikidata": null}, "Nous le remettrons,": {"label": "MISC", "kb_qid": null, "url_wikidata": null}, "Janvier": {"label": "PER", "kb_qid": "Q682983", "url_wikidata": "https://www.wikidata.org/wiki/Q682983"}, "Procureurs G\u00e9n\u00e9raux": {"label": "ORG", "kb_qid": "Q3368517", "url_wikidata": "https://www.wikidata.org/wiki/Q3368517"}, "Pre": {"label": "ORG", "kb_qid": "Q1463380", "url_wikidata": "https://www.wikidata.org/wiki/Q1463380"}, "Intel": {"label": "ORG", "kb_qid": "Q248", "url_wikidata": "https://www.wikidata.org/wiki/Q248"}, "Recettes, faux & doubles": {"label": "MISC", "kb_qid": null, "url_wikidata": null}, "& erreurs de calcul": {"label": "MISC", "kb_qid": null, "url_wikidata": null}, "D\u00e9claration": {"label": "MISC", "kb_qid": "Q1138309", "url_wikidata": "https://www.wikidata.org/wiki/Q1138309"}}, "ents_freq": {"342 La Clef du Cabinet ARTICLE": 1, "Ebit": 1, "Mats": 1, "Chambre de Justice": 1, "D\u00e9clarations": 1, "Nous le remettrons,": 1, "Janvier": 1, "Procureurs G\u00e9n\u00e9raux": 1, "Pre": 1, "Intel": 1, "Recettes, faux & doubles": 1, "& erreurs de calcul": 1, "D\u00e9claration": 1}, "year": "1717", "month": "05", "page": "37"}