{"ents_info": {"Princes": {"label": "LOC", "kb_qid": null, "url_wikidata": null}, "Brebis sans Con": {"label": "MISC", "kb_qid": null, "url_wikidata": null}, "Ri an": {"label": "MISC", "kb_qid": null, "url_wikidata": null}, "Madame d'Aigre": {"label": "PER", "kb_qid": null, "url_wikidata": null}, "Rett D.": {"label": "PER", "kb_qid": null, "url_wikidata": null}, "Iain": {"label": "PER", "kb_qid": null, "url_wikidata": null}, "Maison": {"label": "MISC", "kb_qid": null, "url_wikidata": null}, "Village": {"label": "LOC", "kb_qid": null, "url_wikidata": null}, "E": {"label": "LOC", "kb_qid": null, "url_wikidata": null}, "Vers\u00e9 les & effet des sur": {"label": "ORG", "kb_qid": null, "url_wikidata": null}, "St. Ci e Pare de cette Maso R": {"label": "LOC", "kb_qid": null, "url_wikidata": null}, "Ma 'a me de": {"label": "MISC", "kb_qid": null, "url_wikidata": null}, "Maintenons": {"label": "LOC", "kb_qid": null, "url_wikidata": null}, "Communaut\u00e9 de Religieux:es,": {"label": "LOC", "kb_qid": null, "url_wikidata": null}, "us": {"label": "LOC", "kb_qid": null, "url_wikidata": null}, "St. Louis": {"label": "LOC", "kb_qid": null, "url_wikidata": null}, "N": {"label": "LOC", "kb_qid": null, "url_wikidata": null}, "M": {"label": "LOC", "kb_qid": null, "url_wikidata": null}, "Abbaye des e": {"label": "LOC", "kb_qid": null, "url_wikidata": null}, "St. Denis": {"label": "LOC", "kb_qid": null, "url_wikidata": null}, "pentec\u00f4te Communaut\u00e9": {"label": "PER", "kb_qid": null, "url_wikidata": null}, "Pertes": {"label": "MISC", "kb_qid": null, "url_wikidata": null}, "Service": {"label": "MISC", "kb_qid": null, "url_wikidata": null}, "Cor Ve": {"label": "MISC", "kb_qid": null, "url_wikidata": null}, "ces Dames": {"label": "MISC", "kb_qid": null, "url_wikidata": null}, "Rue de St. Beno\u00eet": {"label": "LOC", "kb_qid": null, "url_wikidata": null}, "Rust": {"label": "PER", "kb_qid": null, "url_wikidata": null}, "Ian mina tin": {"label": "PER", "kb_qid": null, "url_wikidata": null}, "N 'ile d chartil": {"label": "LOC", "kb_qid": null, "url_wikidata": null}}, "ents_freq": {"Princes": 1, "Brebis sans Con": 1, "Ri an": 1, "Madame d'Aigre": 1, "Rett D.": 1, "Iain": 1, "Maison": 1, "Village": 1, "E": 1, "Vers\u00e9 les & effet des sur": 1, "St. Ci e Pare de cette Maso R": 1, "Ma 'a me de": 1, "Maintenons": 1, "Communaut\u00e9 de Religieux:es,": 1, "us": 1, "St. Louis": 1, "N": 1, "M": 1, "Abbaye des e": 1, "St. Denis": 1, "pentec\u00f4te Communaut\u00e9": 1, "Pertes": 1, "Service": 1, "Cor Ve": 1, "ces Dames": 1, "Rue de St. Beno\u00eet": 1, "Rust": 1, "Ian mina tin": 1, "N 'ile d chartil": 1}, "year": "1717", "month": "10", "page": "34"}