{"ents_info": {"Clan Cabines": {"label": "MISC", "kb_qid": null, "url_wikidata": null}, "Rentes cit\u00e9es sur les Tailles": {"label": "MISC", "kb_qid": null, "url_wikidata": null}, "Ts": {"label": "MISC", "kb_qid": "Q13148106", "url_wikidata": "https://www.wikidata.org/wiki/Q13148106"}, "Pre mer Westhoek Ns": {"label": "LOC", "kb_qid": null, "url_wikidata": null}, "Sers": {"label": "PER", "kb_qid": "Q3169760", "url_wikidata": "https://www.wikidata.org/wiki/Q3169760"}, "Nous passionna": {"label": "MISC", "kb_qid": null, "url_wikidata": null}, "CIA": {"label": "ORG", "kb_qid": "Q37230", "url_wikidata": "https://www.wikidata.org/wiki/Q37230"}, "ds": {"label": "MISC", "kb_qid": "Q16040593", "url_wikidata": "https://www.wikidata.org/wiki/Q16040593"}, "Ann &": {"label": "ORG", "kb_qid": null, "url_wikidata": null}, "Rentre IA": {"label": "MISC", "kb_qid": null, "url_wikidata": null}, "Nous donne le mayen de sanitaire m\u00eame temps": {"label": "MISC", "kb_qid": null, "url_wikidata": null}, "Impositions": {"label": "MISC", "kb_qid": "Q2112435", "url_wikidata": "https://www.wikidata.org/wiki/Q2112435"}, "Nous esp\u00e9rons de ou\u00efr d\u00e9fi de la satisfaction de voir n'ocre Royaume": {"label": "MISC", "kb_qid": null, "url_wikidata": null}, "nos Peuples": {"label": "MISC", "kb_qid": null, "url_wikidata": null}, "CES Caties, &": {"label": "MISC", "kb_qid": null, "url_wikidata": null}, "Voulons & Nous": {"label": "ORG", "kb_qid": null, "url_wikidata": null}, "ARTICLE": {"label": "MISC", "kb_qid": null, "url_wikidata": null}, "IIIe me \u00e9tablir!": {"label": "MISC", "kb_qid": null, "url_wikidata": null}, "D\u00e9claration d 14": {"label": "MISC", "kb_qid": null, "url_wikidata": null}, "lb": {"label": "MISC", "kb_qid": "Q9051", "url_wikidata": "https://www.wikidata.org/wiki/Q9051"}, "II1 A": {"label": "MISC", "kb_qid": null, "url_wikidata": null}, "Conseil un \u00e9tat": {"label": "ORG", "kb_qid": null, "url_wikidata": null}, "I": {"label": "LOC", "kb_qid": "Q1103", "url_wikidata": "https://www.wikidata.org/wiki/Q1103"}}, "ents_freq": {"Clan Cabines": 1, "Rentes cit\u00e9es sur les Tailles": 1, "Ts": 1, "Pre mer Westhoek Ns": 1, "Sers": 1, "Nous passionna": 1, "CIA": 1, "ds": 1, "Ann &": 1, "Rentre IA": 1, "Nous donne le mayen de sanitaire m\u00eame temps": 1, "Impositions": 1, "Nous esp\u00e9rons de ou\u00efr d\u00e9fi de la satisfaction de voir n'ocre Royaume": 1, "nos Peuples": 1, "CES Caties, &": 1, "Voulons & Nous": 1, "ARTICLE": 1, "IIIe me \u00e9tablir!": 1, "D\u00e9claration d 14": 1, "lb": 1, "II1 A": 1, "Conseil un \u00e9tat": 1, "I": 1}, "year": "1717", "month": "11", "page": "35"}