{"ents_info": {"Prises e. Mai t17": {"label": "MISC", "kb_qid": null, "url_wikidata": null}, "Laurent de Valla": {"label": "PER", "kb_qid": null, "url_wikidata": null}, "L'Avocat": {"label": "PER", "kb_qid": "Q3202765", "url_wikidata": "https://www.wikidata.org/wiki/Q3202765"}, "Catholicit\u00e9": {"label": "ORG", "kb_qid": "Q311547", "url_wikidata": "https://www.wikidata.org/wiki/Q311547"}, "Gadin": {"label": "PER", "kb_qid": "Q3365563", "url_wikidata": "https://www.wikidata.org/wiki/Q3365563"}, "L'ur\u00e9e i": {"label": "MISC", "kb_qid": null, "url_wikidata": null}, "Code de municipal: && originais": {"label": "MISC", "kb_qid": null, "url_wikidata": null}, "Libert\u00e9s 17": {"label": "MISC", "kb_qid": null, "url_wikidata": null}, "Par bien, que idem": {"label": "MISC", "kb_qid": null, "url_wikidata": null}, "Fayette": {"label": "PER", "kb_qid": "Q488683", "url_wikidata": "https://www.wikidata.org/wiki/Q488683"}, "laCoustitutionjon": {"label": "MISC", "kb_qid": null, "url_wikidata": null}, "Chefs, nos Docteurs, & des gens respectables": {"label": "MISC", "kb_qid": null, "url_wikidata": null}, "Journaliste, ces Mati\u00e8res": {"label": "MISC", "kb_qid": null, "url_wikidata": null}, "Projet de Des Conf\u00e9rences": {"label": "MISC", "kb_qid": null, "url_wikidata": null}, "Projet de r\u00e9union des \u00c9v\u00eaques refusant": {"label": "MISC", "kb_qid": null, "url_wikidata": null}}, "ents_freq": {"Prises e. Mai t17": 1, "Laurent de Valla": 1, "L'Avocat": 1, "Catholicit\u00e9": 1, "Gadin": 1, "L'ur\u00e9e i": 1, "Code de municipal: && originais": 1, "Libert\u00e9s 17": 1, "Par bien, que idem": 1, "Fayette": 1, "laCoustitutionjon": 1, "Chefs, nos Docteurs, & des gens respectables": 1, "Journaliste, ces Mati\u00e8res": 1, "Projet de Des Conf\u00e9rences": 1, "Projet de r\u00e9union des \u00c9v\u00eaques refusant": 1}, "year": "1717", "month": "05", "page": "8"}