{"ents_info": {"Princes": {"label": "LOC", "kb_qid": null, "url_wikidata": null}, "Juin let": {"label": "MISC", "kb_qid": null, "url_wikidata": null}, "ARTICLE IV": {"label": "MISC", "kb_qid": null, "url_wikidata": null}, "AG NE": {"label": "ORG", "kb_qid": null, "url_wikidata": null}, "Archi chasse d'Rutai": {"label": "MISC", "kb_qid": null, "url_wikidata": null}, "E": {"label": "LOC", "kb_qid": null, "url_wikidata": null}, "Cloches de la VIe & des le bourgs sonnerez": {"label": "MISC", "kb_qid": null, "url_wikidata": null}, "Pr": {"label": "PER", "kb_qid": null, "url_wikidata": null}, "Orme des Chars": {"label": "MISC", "kb_qid": null, "url_wikidata": null}, "De en ce des trois Cars, & e Ier": {"label": "MISC", "kb_qid": null, "url_wikidata": null}, "Vienne": {"label": "LOC", "kb_qid": null, "url_wikidata": null}, "De sonnes de d'si": {"label": "MISC", "kb_qid": null, "url_wikidata": null}, "Comte de Colonies Etc": {"label": "PER", "kb_qid": null, "url_wikidata": null}, "Cati ale": {"label": "PER", "kb_qid": null, "url_wikidata": null}, "Pr\u00e9lats": {"label": "MISC", "kb_qid": null, "url_wikidata": null}, "Sur a ans": {"label": "MISC", "kb_qid": null, "url_wikidata": null}, "Antoine de Lichens": {"label": "PER", "kb_qid": null, "url_wikidata": null}, "l'Empereur": {"label": "PER", "kb_qid": null, "url_wikidata": null}, "fst\u00e9": {"label": "PER", "kb_qid": null, "url_wikidata": null}, "Seigneurs de IA Cour": {"label": "MISC", "kb_qid": null, "url_wikidata": null}, "Imp\u00e9ratrice Mer": {"label": "PER", "kb_qid": null, "url_wikidata": null}, "Nonce": {"label": "ORG", "kb_qid": null, "url_wikidata": null}, "Pape": {"label": "PER", "kb_qid": null, "url_wikidata": null}, "Justice attife": {"label": "MISC", "kb_qid": null, "url_wikidata": null}, "Marie-Th\u00e9r\u00e8se-": {"label": "LOC", "kb_qid": null, "url_wikidata": null}, "Te Lumen Asie": {"label": "MISC", "kb_qid": null, "url_wikidata": null}, "Arc Couchettes rat\u00e9e au Plais,": {"label": "MISC", "kb_qid": null, "url_wikidata": null}, "Urger": {"label": "PER", "kb_qid": null, "url_wikidata": null}, "Embut": {"label": "LOC", "kb_qid": null, "url_wikidata": null}, "sac & Ur 'heures": {"label": "MISC", "kb_qid": null, "url_wikidata": null}, "Imp\u00f4t turc": {"label": "ORG", "kb_qid": null, "url_wikidata": null}, "La De chaise de Vol.bute.-.": {"label": "MISC", "kb_qid": null, "url_wikidata": null}, "V": {"label": "PER", "kb_qid": null, "url_wikidata": null}}, "ents_freq": {"Princes": 1, "Juin let": 1, "ARTICLE IV": 1, "AG NE": 1, "Archi chasse d'Rutai": 1, "E": 1, "Cloches de la VIe & des le bourgs sonnerez": 1, "Pr": 1, "Orme des Chars": 1, "De en ce des trois Cars, & e Ier": 1, "Vienne": 1, "De sonnes de d'si": 1, "Comte de Colonies Etc": 1, "Cati ale": 1, "Pr\u00e9lats": 1, "Sur a ans": 1, "Antoine de Lichens": 1, "l'Empereur": 1, "fst\u00e9": 1, "Seigneurs de IA Cour": 1, "Imp\u00e9ratrice Mer": 1, "Nonce": 1, "Pape": 1, "Justice attife": 1, "Marie-Th\u00e9r\u00e8se-": 1, "Te Lumen Asie": 1, "Arc Couchettes rat\u00e9e au Plais,": 1, "Urger": 1, "Embut": 1, "sac & Ur 'heures": 1, "Imp\u00f4t turc": 1, "La De chaise de Vol.bute.-.": 1, "V": 1}, "year": "1717", "month": "07", "page": "26"}