{"ents_info": {"Princes. viril": {"label": "MISC", "kb_qid": null, "url_wikidata": null}, "Mme des Millions": {"label": "PER", "kb_qid": null, "url_wikidata": null}, "Se de us": {"label": "MISC", "kb_qid": null, "url_wikidata": null}, "Conseil G\u00eanera des Finances": {"label": "ORG", "kb_qid": null, "url_wikidata": null}, "Neil": {"label": "PER", "kb_qid": "Q3036235", "url_wikidata": "https://www.wikidata.org/wiki/Q3036235"}, "Gouverneur Don Air\u00e8": {"label": "PER", "kb_qid": null, "url_wikidata": null}, "& les honneurs de": {"label": "MISC", "kb_qid": null, "url_wikidata": null}, "P": {"label": "LOC", "kb_qid": "Q9946", "url_wikidata": "https://www.wikidata.org/wiki/Q9946"}, "Conseil": {"label": "ORG", "kb_qid": "Q2993894", "url_wikidata": "https://www.wikidata.org/wiki/Q2993894"}, "Familial": {"label": "MISC", "kb_qid": "Q2143665", "url_wikidata": "https://www.wikidata.org/wiki/Q2143665"}, "Conseil de guerre": {"label": "ORG", "kb_qid": "Q877258", "url_wikidata": "https://www.wikidata.org/wiki/Q877258"}, "Maquis": {"label": "MISC", "kb_qid": "Q701165", "url_wikidata": "https://www.wikidata.org/wiki/Q701165"}, "Colmar": {"label": "LOC", "kb_qid": "Q130994", "url_wikidata": "https://www.wikidata.org/wiki/Q130994"}, "Conseillers & du": {"label": "ORG", "kb_qid": null, "url_wikidata": null}, "Fiscal": {"label": "MISC", "kb_qid": "Q598606", "url_wikidata": "https://www.wikidata.org/wiki/Q598606"}, "Tribunal": {"label": "MISC", "kb_qid": "Q3538835", "url_wikidata": "https://www.wikidata.org/wiki/Q3538835"}, "Marquis": {"label": "PER", "kb_qid": "Q209726", "url_wikidata": "https://www.wikidata.org/wiki/Q209726"}, "T\u00e9mara": {"label": "LOC", "kb_qid": "Q1635606", "url_wikidata": "https://www.wikidata.org/wiki/Q1635606"}, "Secr\u00e9taire O": {"label": "MISC", "kb_qid": null, "url_wikidata": null}, "R\u00e8glement": {"label": "MISC", "kb_qid": "Q949389", "url_wikidata": "https://www.wikidata.org/wiki/Q949389"}, "Conseils": {"label": "MISC", "kb_qid": "Q2993894", "url_wikidata": "https://www.wikidata.org/wiki/Q2993894"}, "IV Osa": {"label": "MISC", "kb_qid": null, "url_wikidata": null}, "Reine": {"label": "PER", "kb_qid": "Q47365", "url_wikidata": "https://www.wikidata.org/wiki/Q47365"}, "Charles II": {"label": "PER", "kb_qid": "Q122553", "url_wikidata": "https://www.wikidata.org/wiki/Q122553"}, "Bayonne": {"label": "LOC", "kb_qid": "Q134674", "url_wikidata": "https://www.wikidata.org/wiki/Q134674"}, "M\u00e9decins de Madrid": {"label": "ORG", "kb_qid": null, "url_wikidata": null}, "d'Espagne": {"label": "LOC", "kb_qid": "Q2862868", "url_wikidata": "https://www.wikidata.org/wiki/Q2862868"}, "Pat des Lettres": {"label": "PER", "kb_qid": null, "url_wikidata": null}, "Maude": {"label": "PER", "kb_qid": "Q3239553", "url_wikidata": "https://www.wikidata.org/wiki/Q3239553"}, "S Majest\u00e9": {"label": "PER", "kb_qid": null, "url_wikidata": null}, "M\u00e9decins": {"label": "ORG", "kb_qid": "Q39631", "url_wikidata": "https://www.wikidata.org/wiki/Q39631"}, "Girole Ratifie": {"label": "PER", "kb_qid": null, "url_wikidata": null}, "Ente preneurs": {"label": "ORG", "kb_qid": null, "url_wikidata": null}, "leste-Gironne": {"label": "LOC", "kb_qid": null, "url_wikidata": null}, "Soldats de la Gatineau": {"label": "MISC", "kb_qid": null, "url_wikidata": null}, "S": {"label": "LOC", "kb_qid": "Q9956", "url_wikidata": "https://www.wikidata.org/wiki/Q9956"}}, "ents_freq": {"Princes. viril": 1, "Mme des Millions": 1, "Se de us": 1, "Conseil G\u00eanera des Finances": 1, "Neil": 1, "Gouverneur Don Air\u00e8": 1, "& les honneurs de": 1, "P": 3, "Conseil": 1, "Familial": 1, "Conseil de guerre": 1, "Maquis": 1, "Colmar": 1, "Conseillers & du": 1, "Fiscal": 1, "Tribunal": 1, "Marquis": 1, "T\u00e9mara": 1, "Secr\u00e9taire O": 1, "R\u00e8glement": 1, "Conseils": 1, "IV Osa": 1, "Reine": 2, "Charles II": 1, "Bayonne": 1, "M\u00e9decins de Madrid": 1, "d'Espagne": 1, "Pat des Lettres": 1, "Maude": 1, "S Majest\u00e9": 1, "M\u00e9decins": 1, "Girole Ratifie": 1, "Ente preneurs": 1, "leste-Gironne": 1, "Soldats de la Gatineau": 1, "S": 1}, "year": "1717", "month": "04", "page": "36"}