{"ents_info": {"Casino Rob rec\u00e8de S.S.inclus": {"label": "LOC", "kb_qid": null, "url_wikidata": null}, "& luxes": {"label": "MISC", "kb_qid": null, "url_wikidata": null}, "Gallicane": {"label": "MISC", "kb_qid": "Q740931", "url_wikidata": "https://www.wikidata.org/wiki/Q740931"}, "NSIS": {"label": "MISC", "kb_qid": "Q848317", "url_wikidata": "https://www.wikidata.org/wiki/Q848317"}, "C De At": {"label": "ORG", "kb_qid": null, "url_wikidata": null}, "St. Perd": {"label": "LOC", "kb_qid": null, "url_wikidata": null}, "usine S. S. AI Oit": {"label": "LOC", "kb_qid": null, "url_wikidata": null}, "D\u00e9claration du Roi": {"label": "MISC", "kb_qid": null, "url_wikidata": null}, "pont tee tut": {"label": "LOC", "kb_qid": null, "url_wikidata": null}, "Journal": {"label": "MISC", "kb_qid": "Q11032", "url_wikidata": "https://www.wikidata.org/wiki/Q11032"}, "cN": {"label": "MISC", "kb_qid": "Q22021840", "url_wikidata": "https://www.wikidata.org/wiki/Q22021840"}, "De par l'avis de c": {"label": "MISC", "kb_qid": null, "url_wikidata": null}, "t fiscal sen": {"label": "MISC", "kb_qid": null, "url_wikidata": null}, "V": {"label": "PER", "kb_qid": "Q219650", "url_wikidata": "https://www.wikidata.org/wiki/Q219650"}, "Es marines de bont\u00e9": {"label": "MISC", "kb_qid": null, "url_wikidata": null}, "VS": {"label": "LOC", "kb_qid": "Q111208", "url_wikidata": "https://www.wikidata.org/wiki/Q111208"}, "Lettre": {"label": "PER", "kb_qid": "Q914129", "url_wikidata": "https://www.wikidata.org/wiki/Q914129"}, "Religion": {"label": "MISC", "kb_qid": "Q9174", "url_wikidata": "https://www.wikidata.org/wiki/Q9174"}, "St. Sexe": {"label": "MISC", "kb_qid": null, "url_wikidata": null}, "Filles": {"label": "LOC", "kb_qid": "Q1142923", "url_wikidata": "https://www.wikidata.org/wiki/Q1142923"}, "Chaire de t. Pierre, uni si": {"label": "ORG", "kb_qid": null, "url_wikidata": null}, "Enlise": {"label": "MISC", "kb_qid": null, "url_wikidata": null}, "\u00c9v\u00eaque & de Cardinal, j'ai toujours joint": {"label": "ORG", "kb_qid": null, "url_wikidata": null}}, "ents_freq": {"Casino Rob rec\u00e8de S.S.inclus": 1, "& luxes": 1, "Gallicane": 1, "NSIS": 1, "C De At": 1, "St. Perd": 1, "usine S. S. AI Oit": 1, "D\u00e9claration du Roi": 1, "pont tee tut": 1, "Journal": 1, "cN": 1, "De par l'avis de c": 1, "t fiscal sen": 1, "V": 1, "Es marines de bont\u00e9": 1, "VS": 2, "Lettre": 1, "Religion": 2, "St. Sexe": 1, "Filles": 1, "Chaire de t. Pierre, uni si": 1, "Enlise": 1, "\u00c9v\u00eaque & de Cardinal, j'ai toujours joint": 1}, "year": "1717", "month": "12", "page": "25"}