{"ents_info": {"M\u00e9moire de Mr. Descartes": {"label": "MISC", "kb_qid": null, "url_wikidata": null}, "Fins.": {"label": "LOC", "kb_qid": null, "url_wikidata": null}, "Cabinet Le quatri\u00e8me Tome": {"label": "MISC", "kb_qid": null, "url_wikidata": null}, "Tables tes-\u00e9tendues": {"label": "MISC", "kb_qid": null, "url_wikidata": null}, "L'Auteur": {"label": "PER", "kb_qid": null, "url_wikidata": null}, "Avertissement": {"label": "MISC", "kb_qid": null, "url_wikidata": null}, "Lettres & de l'Histoire ancienne": {"label": "MISC", "kb_qid": null, "url_wikidata": null}, "Auteurs": {"label": "MISC", "kb_qid": null, "url_wikidata": null}, "Livres & des Cartes": {"label": "MISC", "kb_qid": null, "url_wikidata": null}, "Volumes": {"label": "MISC", "kb_qid": null, "url_wikidata": null}, "Cartes g\u00e9n\u00e9rales de tous les Pais": {"label": "ORG", "kb_qid": null, "url_wikidata": null}, "Lecteur": {"label": "MISC", "kb_qid": null, "url_wikidata": null}, "M\u00e9moire d Mr. Descartes": {"label": "MISC", "kb_qid": null, "url_wikidata": null}, "Contr\u00f4leur G\u00eanera des Finances": {"label": "MISC", "kb_qid": null, "url_wikidata": null}, "Finances": {"label": "LOC", "kb_qid": null, "url_wikidata": null}, "o. F\u00e9vrier": {"label": "LOC", "kb_qid": null, "url_wikidata": null}, "Septembre II5": {"label": "MISC", "kb_qid": null, "url_wikidata": null}, "M\u00e9moire": {"label": "MISC", "kb_qid": null, "url_wikidata": null}, "A. R. Monseigneur le Duc d'Orl\u00e9ans Repent du Royaume": {"label": "PER", "kb_qid": null, "url_wikidata": null}, "VTR": {"label": "MISC", "kb_qid": null, "url_wikidata": null}, "M\u00e9moire quo j'ai l'honneur": {"label": "MISC", "kb_qid": null, "url_wikidata": null}, "Le feu Roi m'": {"label": "MISC", "kb_qid": null, "url_wikidata": null}}, "ents_freq": {"M\u00e9moire de Mr. Descartes": 1, "Fins.": 1, "Cabinet Le quatri\u00e8me Tome": 1, "Tables tes-\u00e9tendues": 1, "L'Auteur": 1, "Avertissement": 1, "Lettres & de l'Histoire ancienne": 1, "Auteurs": 1, "Livres & des Cartes": 1, "Volumes": 1, "Cartes g\u00e9n\u00e9rales de tous les Pais": 1, "Lecteur": 1, "M\u00e9moire d Mr. Descartes": 1, "Contr\u00f4leur G\u00eanera des Finances": 2, "Finances": 1, "o. F\u00e9vrier": 2, "Septembre II5": 1, "M\u00e9moire": 1, "A. R. Monseigneur le Duc d'Orl\u00e9ans Repent du Royaume": 1, "VTR": 1, "M\u00e9moire quo j'ai l'honneur": 1, "Le feu Roi m'": 1}, "year": "1717", "month": "02", "page": "25"}