{"ents_info": {"Prince": {"label": "PER", "kb_qid": null, "url_wikidata": null}, "Janvier": {"label": "PER", "kb_qid": null, "url_wikidata": null}, "Cime": {"label": "LOC", "kb_qid": null, "url_wikidata": null}, "Anniversaire e la": {"label": "MISC", "kb_qid": null, "url_wikidata": null}, "Ri Guillaume du Prince de Galles": {"label": "PER", "kb_qid": null, "url_wikidata": null}, "Soldats de a fanion,": {"label": "MISC", "kb_qid": null, "url_wikidata": null}, "Zele": {"label": "MISC", "kb_qid": null, "url_wikidata": null}, "San": {"label": "LOC", "kb_qid": null, "url_wikidata": null}, "Oe": {"label": "LOC", "kb_qid": null, "url_wikidata": null}, "Querelle": {"label": "MISC", "kb_qid": null, "url_wikidata": null}, "plm": {"label": "ORG", "kb_qid": null, "url_wikidata": null}, "Contre la ires des-issus": {"label": "MISC", "kb_qid": null, "url_wikidata": null}, "Cerf in su;te": {"label": "MISC", "kb_qid": null, "url_wikidata": null}, "Oxford &": {"label": "ORG", "kb_qid": null, "url_wikidata": null}, "Bonren'ifie,e l s'": {"label": "LOC", "kb_qid": null, "url_wikidata": null}, "attroupa & fur i la ans": {"label": "ORG", "kb_qid": null, "url_wikidata": null}, "Ion": {"label": "ORG", "kb_qid": null, "url_wikidata": null}, "Officiers": {"label": "ORG", "kb_qid": null, "url_wikidata": null}, "Officiers de Vie": {"label": "ORG", "kb_qid": null, "url_wikidata": null}, "De Vice-Chancelier de' Univ": {"label": "PER", "kb_qid": null, "url_wikidata": null}, "Professeurs & D": {"label": "MISC", "kb_qid": null, "url_wikidata": null}, "Attroupement": {"label": "ORG", "kb_qid": null, "url_wikidata": null}, "Corps de Il QG 'Universit\u00e9": {"label": "ORG", "kb_qid": null, "url_wikidata": null}, "Sieur": {"label": "PER", "kb_qid": null, "url_wikidata": null}, "Membre": {"label": "ORG", "kb_qid": null, "url_wikidata": null}, "Pa": {"label": "ORG", "kb_qid": null, "url_wikidata": null}, "Ville, tente m ne temps": {"label": "MISC", "kb_qid": null, "url_wikidata": null}, "Bon gens,quint": {"label": "MISC", "kb_qid": null, "url_wikidata": null}, "Proc\u00e8s verbal Dr": {"label": "MISC", "kb_qid": null, "url_wikidata": null}}, "ents_freq": {"Prince": 1, "Janvier": 1, "Cime": 1, "Anniversaire e la": 1, "Ri Guillaume du Prince de Galles": 1, "Soldats de a fanion,": 1, "Zele": 1, "San": 1, "Oe": 1, "Querelle": 1, "plm": 1, "Contre la ires des-issus": 1, "Cerf in su;te": 1, "Oxford &": 1, "Bonren'ifie,e l s'": 1, "attroupa & fur i la ans": 1, "Ion": 1, "Officiers": 2, "Officiers de Vie": 1, "De Vice-Chancelier de' Univ": 1, "Professeurs & D": 1, "Attroupement": 1, "Corps de Il QG 'Universit\u00e9": 1, "Sieur": 1, "Membre": 1, "Pa": 1, "Ville, tente m ne temps": 1, "Bon gens,quint": 1, "Proc\u00e8s verbal Dr": 1}, "year": "1717", "month": "01", "page": "58"}