{"ents_info": {"4o Capitale du Royaume": {"label": "LOC", "kb_qid": null, "url_wikidata": null}, "B\u00e2timent": {"label": "LOC", "kb_qid": "Q41176", "url_wikidata": "https://www.wikidata.org/wiki/Q41176"}, "Arts & les Sciences": {"label": "ORG", "kb_qid": null, "url_wikidata": null}, "Jours de nouvelles condol\u00e9ances,": {"label": "MISC", "kb_qid": null, "url_wikidata": null}, "Richet": {"label": "PER", "kb_qid": "Q3431438", "url_wikidata": "https://www.wikidata.org/wiki/Q3431438"}, "Rennes": {"label": "LOC", "kb_qid": "Q647", "url_wikidata": "https://www.wikidata.org/wiki/Q647"}, "Mr. de": {"label": "PER", "kb_qid": null, "url_wikidata": null}, "Article neuf de ce": {"label": "MISC", "kb_qid": null, "url_wikidata": null}, "Journal": {"label": "MISC", "kb_qid": "Q3223697", "url_wikidata": "https://www.wikidata.org/wiki/Q3223697"}, "Syndic": {"label": "ORG", "kb_qid": "Q1339249", "url_wikidata": "https://www.wikidata.org/wiki/Q1339249"}, "St. Melaine": {"label": "LOC", "kb_qid": null, "url_wikidata": null}, "Ch\u0153ur": {"label": "MISC", "kb_qid": "Q207707", "url_wikidata": "https://www.wikidata.org/wiki/Q207707"}, "Ill\u00e9galise": {"label": "MISC", "kb_qid": null, "url_wikidata": null}, "Argenterie": {"label": "ORG", "kb_qid": "Q1683099", "url_wikidata": "https://www.wikidata.org/wiki/Q1683099"}, "Enlise": {"label": "MISC", "kb_qid": null, "url_wikidata": null}, "Abb\u00e9 de Langues,": {"label": "PER", "kb_qid": null, "url_wikidata": null}, "Eccl\u00e9siastiques, tous": {"label": "MISC", "kb_qid": null, "url_wikidata": null}, "Docteurs de Sorbonne": {"label": "MISC", "kb_qid": null, "url_wikidata": null}, "Ch\u0153ur;": {"label": "ORG", "kb_qid": null, "url_wikidata": null}, "Parlement & le Pr\u00e9sidial": {"label": "ORG", "kb_qid": null, "url_wikidata": null}, "Recteurs de la Paroisse de": {"label": "ORG", "kb_qid": null, "url_wikidata": null}}, "ents_freq": {"4o Capitale du Royaume": 1, "B\u00e2timent": 1, "Arts & les Sciences": 1, "Jours de nouvelles condol\u00e9ances,": 1, "Richet": 1, "Rennes": 1, "Mr. de": 1, "Article neuf de ce": 1, "Journal": 1, "Syndic": 1, "St. Melaine": 1, "Ch\u0153ur": 1, "Ill\u00e9galise": 1, "Argenterie": 1, "Enlise": 1, "Abb\u00e9 de Langues,": 1, "Eccl\u00e9siastiques, tous": 1, "Docteurs de Sorbonne": 1, "Ch\u0153ur;": 1, "Parlement & le Pr\u00e9sidial": 1, "Recteurs de la Paroisse de": 1}, "year": "1717", "month": "06", "page": "27"}