{"ents_info": {"Princes de": {"label": "LOC", "kb_qid": "Q16641916", "url_wikidata": "https://www.wikidata.org/wiki/Q16641916"}, "Trou es": {"label": "MISC", "kb_qid": null, "url_wikidata": null}, "O Dres du Car": {"label": "MISC", "kb_qid": null, "url_wikidata": null}, "Flottes fa": {"label": "ORG", "kb_qid": null, "url_wikidata": null}, "Nord pou": {"label": "ORG", "kb_qid": null, "url_wikidata": null}, "Campagne": {"label": "MISC", "kb_qid": "Q865476", "url_wikidata": "https://www.wikidata.org/wiki/Q865476"}, "Danoises": {"label": "MISC", "kb_qid": "Q514498", "url_wikidata": "https://www.wikidata.org/wiki/Q514498"}, "A. dans l'Inde": {"label": "MISC", "kb_qid": null, "url_wikidata": null}, "Deezer": {"label": "MISC", "kb_qid": "Q602243", "url_wikidata": "https://www.wikidata.org/wiki/Q602243"}, "Evere": {"label": "LOC", "kb_qid": "Q321718", "url_wikidata": "https://www.wikidata.org/wiki/Q321718"}, "Dan mate inter": {"label": "PER", "kb_qid": null, "url_wikidata": null}, "\u00eelot de Carte \u00e9on": {"label": "LOC", "kb_qid": null, "url_wikidata": null}, "\u00cele de IBornholm": {"label": "LOC", "kb_qid": null, "url_wikidata": null}, "Uni": {"label": "LOC", "kb_qid": "Q650410", "url_wikidata": "https://www.wikidata.org/wiki/Q650410"}, "Ve-SD M.S.": {"label": "MISC", "kb_qid": null, "url_wikidata": null}, "Sentes I ment": {"label": "MISC", "kb_qid": null, "url_wikidata": null}, "ENA": {"label": "ORG", "kb_qid": "Q273579", "url_wikidata": "https://www.wikidata.org/wiki/Q273579"}, "M'orner stars speed": {"label": "MISC", "kb_qid": null, "url_wikidata": null}, "IId": {"label": "ORG", "kb_qid": "Q378542", "url_wikidata": "https://www.wikidata.org/wiki/Q378542"}, "Iris": {"label": "PER", "kb_qid": "Q184570", "url_wikidata": "https://www.wikidata.org/wiki/Q184570"}, "I retraiteenca'bei": {"label": "PER", "kb_qid": null, "url_wikidata": null}, "Dit C": {"label": "MISC", "kb_qid": null, "url_wikidata": null}, "S.Sinus": {"label": "PER", "kb_qid": null, "url_wikidata": null}, "sen desseins fer d'\u0300216": {"label": "ORG", "kb_qid": null, "url_wikidata": null}}, "ents_freq": {"Princes de": 1, "Trou es": 1, "O Dres du Car": 1, "Flottes fa": 1, "Nord pou": 1, "Campagne": 1, "Danoises": 1, "A. dans l'Inde": 1, "Deezer": 1, "Evere": 1, "Dan mate inter": 1, "\u00eelot de Carte \u00e9on": 1, "\u00cele de IBornholm": 1, "Uni": 1, "Ve-SD M.S.": 1, "Sentes I ment": 1, "ENA": 1, "M'orner stars speed": 1, "IId": 1, "Iris": 1, "I retraiteenca'bei": 1, "Dit C": 1, "S.Sinus": 1, "sen desseins fer d'\u0300216": 1}, "year": "1717", "month": "08", "page": "54"}