{"ents_info": {"Princes": {"label": "LOC", "kb_qid": "Q2747456", "url_wikidata": "https://www.wikidata.org/wiki/Q2747456"}, "Vienne": {"label": "LOC", "kb_qid": "Q1741", "url_wikidata": "https://www.wikidata.org/wiki/Q1741"}, "ES": {"label": "LOC", "kb_qid": "Q2878184", "url_wikidata": "https://www.wikidata.org/wiki/Q2878184"}, "Camp de Belgrade C": {"label": "LOC", "kb_qid": null, "url_wikidata": null}, "EA": {"label": "ORG", "kb_qid": "Q173941", "url_wikidata": "https://www.wikidata.org/wiki/Q173941"}, "Arm\u00e9e Turque": {"label": "ORG", "kb_qid": "Q501053", "url_wikidata": "https://www.wikidata.org/wiki/Q501053"}, "Samedi": {"label": "LOC", "kb_qid": "Q131", "url_wikidata": "https://www.wikidata.org/wiki/Q131"}, "notre Camp": {"label": "LOC", "kb_qid": null, "url_wikidata": null}, "Arm\u00e9e rafraichirait 2": {"label": "ORG", "kb_qid": null, "url_wikidata": null}, "ers nos Retranchements": {"label": "MISC", "kb_qid": null, "url_wikidata": null}, "Leur G\u00eanera": {"label": "MISC", "kb_qid": null, "url_wikidata": null}, "Batterie": {"label": "LOC", "kb_qid": "Q128309", "url_wikidata": "https://www.wikidata.org/wiki/Q128309"}, "Lave": {"label": "LOC", "kb_qid": "Q40157", "url_wikidata": "https://www.wikidata.org/wiki/Q40157"}, "Canons des Turcs": {"label": "MISC", "kb_qid": null, "url_wikidata": null}, "O": {"label": "LOC", "kb_qid": "Q629", "url_wikidata": "https://www.wikidata.org/wiki/Q629"}, "D'aube": {"label": "MISC", "kb_qid": null, "url_wikidata": null}, "Bach": {"label": "PER", "kb_qid": "Q1339", "url_wikidata": "https://www.wikidata.org/wiki/Q1339"}, "Hom\u00e9lie": {"label": "PER", "kb_qid": "Q1250390", "url_wikidata": "https://www.wikidata.org/wiki/Q1250390"}, "Batteries de 4o": {"label": "MISC", "kb_qid": null, "url_wikidata": null}, "Canon": {"label": "LOC", "kb_qid": "Q466060", "url_wikidata": "https://www.wikidata.org/wiki/Q466060"}, "Vile": {"label": "MISC", "kb_qid": "Q12131543", "url_wikidata": "https://www.wikidata.org/wiki/Q12131543"}, "Place": {"label": "LOC", "kb_qid": "Q174782", "url_wikidata": "https://www.wikidata.org/wiki/Q174782"}, "Ing\u00e9nieurs experts": {"label": "ORG", "kb_qid": null, "url_wikidata": null}, "Lettre de l'Arme duo": {"label": "MISC", "kb_qid": null, "url_wikidata": null}, "A devant nos Retranchements, & nos Housse yards": {"label": "MISC", "kb_qid": null, "url_wikidata": null}}, "ents_freq": {"Princes": 1, "Vienne": 1, "ES": 1, "Camp de Belgrade C": 1, "EA": 1, "Arm\u00e9e Turque": 1, "Samedi": 1, "notre Camp": 1, "Arm\u00e9e rafraichirait 2": 1, "ers nos Retranchements": 1, "Leur G\u00eanera": 1, "Batterie": 1, "Lave": 1, "Canons des Turcs": 1, "O": 1, "D'aube": 1, "Bach": 1, "Hom\u00e9lie": 1, "Batteries de 4o": 1, "Canon": 1, "Vile": 1, "Place": 1, "Ing\u00e9nieurs experts": 1, "Lettre de l'Arme duo": 1, "A devant nos Retranchements, & nos Housse yards": 1}, "year": "1717", "month": "09", "page": "80"}