{"ents_info": {"Cabine o out": {"label": "MISC", "kb_qid": null, "url_wikidata": null}, "S. M. I. De": {"label": "PER", "kb_qid": null, "url_wikidata": null}, "Sujets": {"label": "MISC", "kb_qid": null, "url_wikidata": null}, "Vienne": {"label": "LOC", "kb_qid": null, "url_wikidata": null}, "Ministres": {"label": "MISC", "kb_qid": null, "url_wikidata": null}, "Montage & Colliers": {"label": "MISC", "kb_qid": null, "url_wikidata": null}, "Amboss'ngleterre dent d'": {"label": "PER", "kb_qid": null, "url_wikidata": null}, "Angleterre": {"label": "LOC", "kb_qid": null, "url_wikidata": null}, "Hollande": {"label": "LOC", "kb_qid": null, "url_wikidata": null}, "us": {"label": "LOC", "kb_qid": null, "url_wikidata": null}, "Paix": {"label": "MISC", "kb_qid": null, "url_wikidata": null}, "M\u00e9diation": {"label": "MISC", "kb_qid": null, "url_wikidata": null}, "Tubes": {"label": "MISC", "kb_qid": null, "url_wikidata": null}, "Belgrade": {"label": "LOC", "kb_qid": null, "url_wikidata": null}, "Malachie": {"label": "MISC", "kb_qid": null, "url_wikidata": null}, "noue-le Forte": {"label": "LOC", "kb_qid": null, "url_wikidata": null}, "Choix sur les , l'fronti\u00e8res de Pologne": {"label": "MISC", "kb_qid": null, "url_wikidata": null}, "choies": {"label": "LOC", "kb_qid": null, "url_wikidata": null}, "Trait\u00e9 de": {"label": "MISC", "kb_qid": null, "url_wikidata": null}, "Carlotta": {"label": "PER", "kb_qid": null, "url_wikidata": null}, "R\u00e9publique": {"label": "LOC", "kb_qid": null, "url_wikidata": null}, "Venise": {"label": "LOC", "kb_qid": null, "url_wikidata": null}, "Sultan": {"label": "LOC", "kb_qid": null, "url_wikidata": null}, "V\u00e9nitiens": {"label": "LOC", "kb_qid": null, "url_wikidata": null}, "l'Italie": {"label": "LOC", "kb_qid": null, "url_wikidata": null}, "Peter l'oe VI": {"label": "PER", "kb_qid": null, "url_wikidata": null}, "Janvier": {"label": "PER", "kb_qid": null, "url_wikidata": null}, "Gala": {"label": "MISC", "kb_qid": null, "url_wikidata": null}, "C\u00e9r\u00e9monie, Cou": {"label": "MISC", "kb_qid": null, "url_wikidata": null}, "l'Empereur": {"label": "PER", "kb_qid": null, "url_wikidata": null}, "Empereur": {"label": "PER", "kb_qid": null, "url_wikidata": null}, "Catalogne": {"label": "LOC", "kb_qid": null, "url_wikidata": null}, "Couronnement": {"label": "MISC", "kb_qid": null, "url_wikidata": null}, "Francfort": {"label": "LOC", "kb_qid": null, "url_wikidata": null}, "Vil I": {"label": "PER", "kb_qid": null, "url_wikidata": null}, "yA": {"label": "MISC", "kb_qid": null, "url_wikidata": null}, "Commune-": {"label": "MISC", "kb_qid": null, "url_wikidata": null}, "Ratisbonne": {"label": "PER", "kb_qid": null, "url_wikidata": null}, "Directoire": {"label": "MISC", "kb_qid": null, "url_wikidata": null}, "\u00c9tats de l'En pire": {"label": "LOC", "kb_qid": null, "url_wikidata": null}}, "ents_freq": {"Cabine o out": 1, "S. M. I. De": 1, "Sujets": 1, "Vienne": 2, "Ministres": 1, "Montage & Colliers": 1, "Amboss'ngleterre dent d'": 1, "Angleterre": 1, "Hollande": 1, "us": 1, "Paix": 1, "M\u00e9diation": 1, "Tubes": 1, "Belgrade": 1, "Malachie": 1, "noue-le Forte": 1, "Choix sur les , l'fronti\u00e8res de Pologne": 1, "choies": 1, "Trait\u00e9 de": 1, "Carlotta": 1, "R\u00e9publique": 1, "Venise": 1, "Sultan": 1, "V\u00e9nitiens": 1, "l'Italie": 1, "Peter l'oe VI": 1, "Janvier": 1, "Gala": 1, "C\u00e9r\u00e9monie, Cou": 1, "l'Empereur": 1, "Empereur": 1, "Catalogne": 1, "Couronnement": 1, "Francfort": 1, "Vil I": 1, "yA": 1, "Commune-": 1, "Ratisbonne": 1, "Directoire": 1, "\u00c9tats de l'En pire": 1}, "year": "1717", "month": "04", "page": "61"}