{"ents_info": {"Cor arc destin": {"label": "MISC", "kb_qid": null, "url_wikidata": null}, "Ile secte \u00c7a": {"label": "MISC", "kb_qid": null, "url_wikidata": null}, "\u00c9pis": {"label": "LOC", "kb_qid": null, "url_wikidata": null}, "Io": {"label": "LOC", "kb_qid": null, "url_wikidata": null}, "Pi": {"label": "MISC", "kb_qid": null, "url_wikidata": null}, "Pr": {"label": "PER", "kb_qid": null, "url_wikidata": null}, "le Malade Resserre": {"label": "MISC", "kb_qid": null, "url_wikidata": null}, "IT T5 ARTICLE III.": {"label": "MISC", "kb_qid": null, "url_wikidata": null}, "A IN": {"label": "LOC", "kb_qid": null, "url_wikidata": null}, "der Ier": {"label": "PER", "kb_qid": null, "url_wikidata": null}, "La Ces dN Cabinet t.R NM..e DC Retour talonneur e": {"label": "MISC", "kb_qid": null, "url_wikidata": null}, "Elie": {"label": "MISC", "kb_qid": null, "url_wikidata": null}, "R. Mr. le De": {"label": "PER", "kb_qid": null, "url_wikidata": null}, "Mr. De Cardial": {"label": "MISC", "kb_qid": null, "url_wikidata": null}, "Lily": {"label": "MISC", "kb_qid": null, "url_wikidata": null}, "tase ans": {"label": "PER", "kb_qid": null, "url_wikidata": null}, "Journal d'Ob": {"label": "MISC", "kb_qid": null, "url_wikidata": null}, "Iles": {"label": "LOC", "kb_qid": null, "url_wikidata": null}, "G. R.": {"label": "PER", "kb_qid": null, "url_wikidata": null}, "Fiance": {"label": "LOC", "kb_qid": null, "url_wikidata": null}}, "ents_freq": {"Cor arc destin": 1, "Ile secte \u00c7a": 1, "\u00c9pis": 1, "Io": 1, "Pi": 1, "Pr": 1, "le Malade Resserre": 1, "IT T5 ARTICLE III.": 1, "A IN": 1, "der Ier": 1, "La Ces dN Cabinet t.R NM..e DC Retour talonneur e": 1, "Elie": 1, "R. Mr. le De": 1, "Mr. De Cardial": 1, "Lily": 1, "tase ans": 1, "Journal d'Ob": 1, "Iles": 1, "G. R.": 1, "Fiance": 1}, "year": "1717", "month": "11", "page": "19"}