{"ents_info": {"Princes": {"label": "LOC", "kb_qid": "Q2747456", "url_wikidata": "https://www.wikidata.org/wiki/Q2747456"}, "& Madame la Duchesse de Berry": {"label": "MISC", "kb_qid": null, "url_wikidata": null}, "Ma raine": {"label": "PER", "kb_qid": null, "url_wikidata": null}, "Perd;": {"label": "MISC", "kb_qid": null, "url_wikidata": null}, "M. le Comte de Rimera, Grand de Portugal": {"label": "PER", "kb_qid": null, "url_wikidata": null}, "Illustre Maison de Rohan": {"label": "MISC", "kb_qid": null, "url_wikidata": null}, "Madame la Princesse d'Achat De seau": {"label": "PER", "kb_qid": null, "url_wikidata": null}, "Naissance": {"label": "MISC", "kb_qid": "Q15133553", "url_wikidata": "https://www.wikidata.org/wiki/Q15133553"}, "Ob": {"label": "LOC", "kb_qid": "Q973", "url_wikidata": "https://www.wikidata.org/wiki/Q973"}, "Artisan": {"label": "PER", "kb_qid": "Q877729", "url_wikidata": "https://www.wikidata.org/wiki/Q877729"}, "Ville de Flandres": {"label": "LOC", "kb_qid": null, "url_wikidata": null}, "Gar\u00e7ons & deux Filles": {"label": "MISC", "kb_qid": null, "url_wikidata": null}, "\u00c9glise Paroissiale": {"label": "MISC", "kb_qid": "Q102496", "url_wikidata": "https://www.wikidata.org/wiki/Q102496"}, "S. J-crues": {"label": "PER", "kb_qid": null, "url_wikidata": null}, "Mariages": {"label": "MISC", "kb_qid": "Q8445", "url_wikidata": "https://www.wikidata.org/wiki/Q8445"}, "Journal d'Octobre MI6": {"label": "MISC", "kb_qid": null, "url_wikidata": null}, "Mariage de Mr.": {"label": "MISC", "kb_qid": null, "url_wikidata": null}, "Prix ce Joseph de Liechtenstein": {"label": "MISC", "kb_qid": null, "url_wikidata": null}, "Allemagne": {"label": "LOC", "kb_qid": "Q43287", "url_wikidata": "https://www.wikidata.org/wiki/Q43287"}, "Prince": {"label": "PER", "kb_qid": "Q2747456", "url_wikidata": "https://www.wikidata.org/wiki/Q2747456"}, "\u00c9pouses": {"label": "MISC", "kb_qid": "Q2354223", "url_wikidata": "https://www.wikidata.org/wiki/Q2354223"}, "Maison de Liechtenstein": {"label": "MISC", "kb_qid": "Q698530", "url_wikidata": "https://www.wikidata.org/wiki/Q698530"}, "Dispense": {"label": "MISC", "kb_qid": "Q564137", "url_wikidata": "https://www.wikidata.org/wiki/Q564137"}, "Pape": {"label": "PER", "kb_qid": "Q19546", "url_wikidata": "https://www.wikidata.org/wiki/Q19546"}, "Terre de Semble": {"label": "LOC", "kb_qid": null, "url_wikidata": null}, "Moravie": {"label": "LOC", "kb_qid": "Q43266", "url_wikidata": "https://www.wikidata.org/wiki/Q43266"}, "Voyez Ao\u00fbt": {"label": "MISC", "kb_qid": null, "url_wikidata": null}}, "ents_freq": {"Princes": 1, "& Madame la Duchesse de Berry": 1, "Ma raine": 1, "Perd;": 1, "M. le Comte de Rimera, Grand de Portugal": 1, "Illustre Maison de Rohan": 1, "Madame la Princesse d'Achat De seau": 1, "Naissance": 1, "Ob": 1, "Artisan": 1, "Ville de Flandres": 1, "Gar\u00e7ons & deux Filles": 1, "\u00c9glise Paroissiale": 1, "S. J-crues": 1, "Mariages": 2, "Journal d'Octobre MI6": 1, "Mariage de Mr.": 1, "Prix ce Joseph de Liechtenstein": 1, "Allemagne": 1, "Prince": 2, "\u00c9pouses": 1, "Maison de Liechtenstein": 1, "Dispense": 1, "Pape": 1, "Terre de Semble": 1, "Moravie": 1, "Voyez Ao\u00fbt": 1}, "year": "1717", "month": "02", "page": "72"}