{"ents_info": {"Janvier": {"label": "PER", "kb_qid": "Q108", "url_wikidata": "https://www.wikidata.org/wiki/Q108"}, "AOT t\u00e9": {"label": "PER", "kb_qid": null, "url_wikidata": null}, "Quais": {"label": "LOC", "kb_qid": "Q3412741", "url_wikidata": "https://www.wikidata.org/wiki/Q3412741"}, "Rivi\u00e8re de Seine": {"label": "LOC", "kb_qid": null, "url_wikidata": null}, "meurtrira": {"label": "PER", "kb_qid": null, "url_wikidata": null}, "Mr le Duc de VliarsBran": {"label": "PER", "kb_qid": null, "url_wikidata": null}, "Girard ia Cardes": {"label": "PER", "kb_qid": null, "url_wikidata": null}, "Procureur": {"label": "LOC", "kb_qid": "Q600751", "url_wikidata": "https://www.wikidata.org/wiki/Q600751"}, "G\u00e9n\u00e9ral de la Chambre des Comptes": {"label": "PER", "kb_qid": null, "url_wikidata": null}, "Abb\u00e9": {"label": "PER", "kb_qid": "Q103163", "url_wikidata": "https://www.wikidata.org/wiki/Q103163"}, "Duc de Branchas": {"label": "PER", "kb_qid": null, "url_wikidata": null}, "Pair de Fianc\u00e9": {"label": "PER", "kb_qid": null, "url_wikidata": null}, "Madame la Marquise de Nouveau": {"label": "PER", "kb_qid": null, "url_wikidata": null}, "Mr.": {"label": "PER", "kb_qid": null, "url_wikidata": null}, "Nantes": {"label": "LOC", "kb_qid": "Q12191", "url_wikidata": "https://www.wikidata.org/wiki/Q12191"}, "Ab baye e Poitou": {"label": "LOC", "kb_qid": null, "url_wikidata": null}, "Mr. Camelot": {"label": "MISC", "kb_qid": null, "url_wikidata": null}, "Pr\u00e9sident d'une Chambre des Enqu\u00eates": {"label": "PER", "kb_qid": null, "url_wikidata": null}, "Henri Matheson": {"label": "PER", "kb_qid": null, "url_wikidata": null}, "Conseil le d'Ekat": {"label": "ORG", "kb_qid": null, "url_wikidata": null}, "Conseil de R\u00e9gence": {"label": "ORG", "kb_qid": "Q3454969", "url_wikidata": "https://www.wikidata.org/wiki/Q3454969"}, "Paris": {"label": "LOC", "kb_qid": "Q90", "url_wikidata": "https://www.wikidata.org/wiki/Q90"}, "Messie": {"label": "PER", "kb_qid": "Q51626", "url_wikidata": "https://www.wikidata.org/wiki/Q51626"}, "Dagues": {"label": "PER", "kb_qid": "Q18204139", "url_wikidata": "https://www.wikidata.org/wiki/Q18204139"}, "Pre": {"label": "LOC", "kb_qid": "Q1930558", "url_wikidata": "https://www.wikidata.org/wiki/Q1930558"}, "Par le ment de": {"label": "MISC", "kb_qid": null, "url_wikidata": null}, "Bourdeaux": {"label": "PER", "kb_qid": "Q1479", "url_wikidata": "https://www.wikidata.org/wiki/Q1479"}, "Mr. Dagues": {"label": "PER", "kb_qid": null, "url_wikidata": null}, "ms Avocat Mener al": {"label": "PER", "kb_qid": null, "url_wikidata": null}, "Parlement de Pais": {"label": "ORG", "kb_qid": null, "url_wikidata": null}, "Chat: de de Procureur": {"label": "MISC", "kb_qid": null, "url_wikidata": null}, "Mr l'Abb\u00e9 Dag": {"label": "PER", "kb_qid": null, "url_wikidata": null}, "Dame N....": {"label": "MISC", "kb_qid": null, "url_wikidata": null}, "Nom esse de Savane, e": {"label": "MISC", "kb_qid": null, "url_wikidata": null}}, "ents_freq": {"Janvier": 1, "AOT t\u00e9": 1, "Quais": 1, "Rivi\u00e8re de Seine": 1, "meurtrira": 1, "Mr le Duc de VliarsBran": 1, "Girard ia Cardes": 1, "Procureur": 1, "G\u00e9n\u00e9ral de la Chambre des Comptes": 1, "Abb\u00e9": 1, "Duc de Branchas": 1, "Pair de Fianc\u00e9": 1, "Madame la Marquise de Nouveau": 1, "Mr.": 1, "Nantes": 1, "Ab baye e Poitou": 1, "Mr. Camelot": 1, "Pr\u00e9sident d'une Chambre des Enqu\u00eates": 1, "Henri Matheson": 1, "Conseil le d'Ekat": 1, "Conseil de R\u00e9gence": 1, "Paris": 1, "Messie": 1, "Dagues": 1, "Pre": 1, "Par le ment de": 1, "Bourdeaux": 1, "Mr. Dagues": 1, "ms Avocat Mener al": 1, "Parlement de Pais": 1, "Chat: de de Procureur": 1, "Mr l'Abb\u00e9 Dag": 1, "Dame N....": 1, "Nom esse de Savane, e": 1}, "year": "1717", "month": "01", "page": "74"}