{"ents_info": {"Princes": {"label": "LOC", "kb_qid": null, "url_wikidata": null}, "18y": {"label": "LOC", "kb_qid": null, "url_wikidata": null}, "Villes": {"label": "MISC", "kb_qid": null, "url_wikidata": null}, "Communaut\u00e9 & Paroisses, &": {"label": "ORG", "kb_qid": null, "url_wikidata": null}, "Offices & gages": {"label": "ORG", "kb_qid": null, "url_wikidata": null}, "Finance d'ceux, suivant la liquidas ion": {"label": "ORG", "kb_qid": null, "url_wikidata": null}, "Janvier prochain Jusques": {"label": "MISC", "kb_qid": null, "url_wikidata": null}, "Ordonnons": {"label": "LOC", "kb_qid": null, "url_wikidata": null}, "Janet": {"label": "PER", "kb_qid": null, "url_wikidata": null}, "Maires, \u00c9chevins, Consuls, Capitouls, Jurats, Secr\u00e9taires, Greffiers, & autres Officiers Municipaux & Syndics des Paroisses": {"label": "MISC", "kb_qid": null, "url_wikidata": null}, "Offices": {"label": "LOC", "kb_qid": null, "url_wikidata": null}, "Exits, D\u00e9clarations, & Arr\u00eats": {"label": "MISC", "kb_qid": null, "url_wikidata": null}, "ARTICLE IV": {"label": "PER", "kb_qid": null, "url_wikidata": null}, "Voulons": {"label": "LOC", "kb_qid": null, "url_wikidata": null}, "Oies & gages luo": {"label": "ORG", "kb_qid": null, "url_wikidata": null}, "Et entre les mains de ses": {"label": "MISC", "kb_qid": null, "url_wikidata": null}, "Intendant & Commissaires": {"label": "ORG", "kb_qid": null, "url_wikidata": null}, "Provinces & Lee": {"label": "ORG", "kb_qid": null, "url_wikidata": null}, "notre Roua": {"label": "LOC", "kb_qid": null, "url_wikidata": null}, "Attraits de r\u00e9gion": {"label": "MISC", "kb_qid": null, "url_wikidata": null}, "ds": {"label": "ORG", "kb_qid": null, "url_wikidata": null}, "Dr esse": {"label": "MISC", "kb_qid": null, "url_wikidata": null}, "Items d5 \u00e9tats de la Finance des Oies de e Ville & Communaut\u00e9": {"label": "ORG", "kb_qid": null, "url_wikidata": null}, "Tillier": {"label": "PER", "kb_qid": null, "url_wikidata": null}}, "ents_freq": {"Princes": 1, "18y": 1, "Villes": 2, "Communaut\u00e9 & Paroisses, &": 1, "Offices & gages": 1, "Finance d'ceux, suivant la liquidas ion": 1, "Janvier prochain Jusques": 1, "Ordonnons": 1, "Janet": 1, "Maires, \u00c9chevins, Consuls, Capitouls, Jurats, Secr\u00e9taires, Greffiers, & autres Officiers Municipaux & Syndics des Paroisses": 1, "Offices": 1, "Exits, D\u00e9clarations, & Arr\u00eats": 1, "ARTICLE IV": 1, "Voulons": 1, "Oies & gages luo": 1, "Et entre les mains de ses": 1, "Intendant & Commissaires": 1, "Provinces & Lee": 1, "notre Roua": 1, "Attraits de r\u00e9gion": 1, "ds": 1, "Dr esse": 1, "Items d5 \u00e9tats de la Finance des Oies de e Ville & Communaut\u00e9": 1, "Tillier": 1}, "year": "1717", "month": "09", "page": "38"}