{"ents_info": {"Prises de": {"label": "MISC", "kb_qid": null, "url_wikidata": null}, "Petervvaradin": {"label": "PER", "kb_qid": null, "url_wikidata": null}, "Turcs": {"label": "LOC", "kb_qid": null, "url_wikidata": null}, "Spinoza & Sabbat": {"label": "ORG", "kb_qid": null, "url_wikidata": null}, "Lave": {"label": "PER", "kb_qid": null, "url_wikidata": null}, "Belgrade": {"label": "LOC", "kb_qid": null, "url_wikidata": null}, "Prince": {"label": "PER", "kb_qid": null, "url_wikidata": null}, "Arm\u00e9e": {"label": "ORG", "kb_qid": null, "url_wikidata": null}, "Va seaux de guerre & nos Sadiques": {"label": "MISC", "kb_qid": null, "url_wikidata": null}, "Canal": {"label": "ORG", "kb_qid": null, "url_wikidata": null}, "G\u00eanera Merci": {"label": "MISC", "kb_qid": null, "url_wikidata": null}, "Tubes": {"label": "MISC", "kb_qid": null, "url_wikidata": null}, "Arm\u00e9es": {"label": "LOC", "kb_qid": null, "url_wikidata": null}, "lai": {"label": "PER", "kb_qid": null, "url_wikidata": null}, "\u00c9l\u00e9onore B\u00ealera": {"label": "PER", "kb_qid": null, "url_wikidata": null}, "De!solution": {"label": "MISC", "kb_qid": null, "url_wikidata": null}, "Troupes": {"label": "LOC", "kb_qid": null, "url_wikidata": null}}, "ents_freq": {"Prises de": 1, "Petervvaradin": 1, "Turcs": 1, "Spinoza & Sabbat": 1, "Lave": 1, "Belgrade": 1, "Prince": 2, "Arm\u00e9e": 1, "Va seaux de guerre & nos Sadiques": 1, "Canal": 1, "G\u00eanera Merci": 1, "Tubes": 1, "Arm\u00e9es": 1, "lai": 1, "\u00c9l\u00e9onore B\u00ealera": 1, "De!solution": 1, "Troupes": 1}, "year": "1717", "month": "08", "page": "42"}