{"ents_info": {"Pierre?": {"label": "MISC", "kb_qid": null, "url_wikidata": null}, "De Allier": {"label": "PER", "kb_qid": null, "url_wikidata": null}, "ter incisa cent": {"label": "PER", "kb_qid": null, "url_wikidata": null}, "Le Rie grande Bretagne": {"label": "PER", "kb_qid": null, "url_wikidata": null}, "Nil": {"label": "LOC", "kb_qid": "Q3392", "url_wikidata": "https://www.wikidata.org/wiki/Q3392"}, "Ier": {"label": "PER", "kb_qid": "Q898657", "url_wikidata": "https://www.wikidata.org/wiki/Q898657"}, "Stasi": {"label": "ORG", "kb_qid": "Q153846", "url_wikidata": "https://www.wikidata.org/wiki/Q153846"}, "Des E. G": {"label": "PER", "kb_qid": null, "url_wikidata": null}, "EeV": {"label": "LOC", "kb_qid": "Q83327", "url_wikidata": "https://www.wikidata.org/wiki/Q83327"}, "ItleuxlIer": {"label": "PER", "kb_qid": null, "url_wikidata": null}, "Tr": {"label": "MISC", "kb_qid": "Q16286", "url_wikidata": "https://www.wikidata.org/wiki/Q16286"}, "Mr": {"label": "PER", "kb_qid": null, "url_wikidata": null}, "Iile": {"label": "PER", "kb_qid": "Q3153114", "url_wikidata": "https://www.wikidata.org/wiki/Q3153114"}, "Troupes": {"label": "LOC", "kb_qid": null, "url_wikidata": null}, "Rome": {"label": "LOC", "kb_qid": "Q220", "url_wikidata": "https://www.wikidata.org/wiki/Q220"}, "\u00c9tats o Provinces du d\u00e9ligniez": {"label": "LOC", "kb_qid": null, "url_wikidata": null}, "stlI": {"label": "PER", "kb_qid": null, "url_wikidata": null}, "Pre": {"label": "LOC", "kb_qid": "Q1930558", "url_wikidata": "https://www.wikidata.org/wiki/Q1930558"}, "ardes seditisrlelllnsintinelII Vera": {"label": "PER", "kb_qid": null, "url_wikidata": null}, "Asie": {"label": "LOC", "kb_qid": "Q48", "url_wikidata": "https://www.wikidata.org/wiki/Q48"}, "& celui l'homme la x d\u00e9esses": {"label": "MISC", "kb_qid": null, "url_wikidata": null}, "Conservez": {"label": "ORG", "kb_qid": null, "url_wikidata": null}, "Recours ra": {"label": "ORG", "kb_qid": null, "url_wikidata": null}, "Lex": {"label": "PER", "kb_qid": "Q306650", "url_wikidata": "https://www.wikidata.org/wiki/Q306650"}, "larIreuert": {"label": "MISC", "kb_qid": null, "url_wikidata": null}, "La tris qu'i!": {"label": "MISC", "kb_qid": null, "url_wikidata": null}, "Alibi Des": {"label": "MISC", "kb_qid": null, "url_wikidata": null}, "&&": {"label": "ORG", "kb_qid": null, "url_wikidata": null}, "Trait\u00e9 d'alliance": {"label": "MISC", "kb_qid": "Q3536739", "url_wikidata": "https://www.wikidata.org/wiki/Q3536739"}, "Seines": {"label": "LOC", "kb_qid": null, "url_wikidata": null}, "Ratification": {"label": "ORG", "kb_qid": "Q82228666", "url_wikidata": "https://www.wikidata.org/wiki/Q82228666"}, "Trait\u00e9": {"label": "MISC", "kb_qid": "Q131569", "url_wikidata": "https://www.wikidata.org/wiki/Q131569"}, "Sen": {"label": "PER", "kb_qid": "Q132489", "url_wikidata": "https://www.wikidata.org/wiki/Q132489"}, "T.C. & es \u00c9tats G\u00e9n\u00e9raux": {"label": "MISC", "kb_qid": null, "url_wikidata": null}, "Tallinn": {"label": "LOC", "kb_qid": "Q1770", "url_wikidata": "https://www.wikidata.org/wiki/Q1770"}, "Fr\u00e9ta": {"label": "LOC", "kb_qid": "Q2891715", "url_wikidata": "https://www.wikidata.org/wiki/Q2891715"}, "Hiatale": {"label": "LOC", "kb_qid": null, "url_wikidata": null}, "Rat": {"label": "ORG", "kb_qid": "Q26018", "url_wikidata": "https://www.wikidata.org/wiki/Q26018"}, "Cit\u00e9": {"label": "LOC", "kb_qid": "Q1094294", "url_wikidata": "https://www.wikidata.org/wiki/Q1094294"}, "Naissance,l Mise & la Mort der Prince": {"label": "MISC", "kb_qid": null, "url_wikidata": null}, "I.N": {"label": "PER", "kb_qid": "Q59831589", "url_wikidata": "https://www.wikidata.org/wiki/Q59831589"}, "IA naissance": {"label": "MISC", "kb_qid": null, "url_wikidata": null}, "Don Francisco": {"label": "MISC", "kb_qid": "Q1757508", "url_wikidata": "https://www.wikidata.org/wiki/Q1757508"}, "Royale": {"label": "MISC", "kb_qid": "Q217406", "url_wikidata": "https://www.wikidata.org/wiki/Q217406"}, "I": {"label": "LOC", "kb_qid": "Q9893", "url_wikidata": "https://www.wikidata.org/wiki/Q9893"}, "\u00cele!secteur": {"label": "LOC", "kb_qid": null, "url_wikidata": null}, "Pantin": {"label": "LOC", "kb_qid": "Q209086", "url_wikidata": "https://www.wikidata.org/wiki/Q209086"}, "Prince h\u00e9r\u00e9ditaire de Sultsbaeh": {"label": "PER", "kb_qid": null, "url_wikidata": null}, "Ernie III": {"label": "PER", "kb_qid": null, "url_wikidata": null}, "Fermer Dom Antonio Garibaldi": {"label": "PER", "kb_qid": null, "url_wikidata": null}, "ver Dos de l Relique de Gens": {"label": "PER", "kb_qid": null, "url_wikidata": null}, "Famille de Grime-le es originaire": {"label": "MISC", "kb_qid": null, "url_wikidata": null}, "Gene": {"label": "PER", "kb_qid": "Q1370701", "url_wikidata": "https://www.wikidata.org/wiki/Q1370701"}, "R\u00e9publique": {"label": "LOC", "kb_qid": "Q17167", "url_wikidata": "https://www.wikidata.org/wiki/Q17167"}, "Mai": {"label": "LOC", "kb_qid": "Q119", "url_wikidata": "https://www.wikidata.org/wiki/Q119"}, "Joie Morel": {"label": "PER", "kb_qid": null, "url_wikidata": null}, "Cheffe": {"label": "PER", "kb_qid": null, "url_wikidata": null}, "Comte": {"label": "PER", "kb_qid": "Q12718", "url_wikidata": "https://www.wikidata.org/wiki/Q12718"}, "Paul trois Ch\u00e2teaux": {"label": "PER", "kb_qid": null, "url_wikidata": null}, "A": {"label": "LOC", "kb_qid": "Q9659", "url_wikidata": "https://www.wikidata.org/wiki/Q9659"}, "Provence": {"label": "LOC", "kb_qid": "Q101081", "url_wikidata": "https://www.wikidata.org/wiki/Q101081"}, "Pr\u00e9lat": {"label": "PER", "kb_qid": "Q17305527", "url_wikidata": "https://www.wikidata.org/wiki/Q17305527"}, "Zen obel Willie Averti Lieutenant": {"label": "MISC", "kb_qid": null, "url_wikidata": null}, "Arm\u00e9es Ri TC": {"label": "ORG", "kb_qid": null, "url_wikidata": null}, "Ceinture Star": {"label": "LOC", "kb_qid": null, "url_wikidata": null}, "Parle": {"label": "MISC", "kb_qid": null, "url_wikidata": null}, "Emol, uni": {"label": "MISC", "kb_qid": null, "url_wikidata": null}}, "ents_freq": {"Pierre?": 1, "De Allier": 1, "ter incisa cent": 1, "Le Rie grande Bretagne": 1, "Nil": 1, "Ier": 1, "Stasi": 1, "Des E. G": 1, "EeV": 1, "ItleuxlIer": 1, "Tr": 1, "Mr": 1, "Iile": 1, "Troupes": 1, "Rome": 1, "\u00c9tats o Provinces du d\u00e9ligniez": 1, "stlI": 1, "Pre": 1, "ardes seditisrlelllnsintinelII Vera": 1, "Asie": 1, "& celui l'homme la x d\u00e9esses": 1, "Conservez": 1, "Recours ra": 1, "Lex": 1, "larIreuert": 1, "La tris qu'i!": 1, "Alibi Des": 1, "&&": 1, "Trait\u00e9 d'alliance": 1, "Seines": 1, "Ratification": 1, "Trait\u00e9": 1, "Sen": 1, "T.C. & es \u00c9tats G\u00e9n\u00e9raux": 1, "Tallinn": 1, "Fr\u00e9ta": 1, "Hiatale": 1, "Rat": 1, "Cit\u00e9": 1, "Naissance,l Mise & la Mort der Prince": 1, "I.N": 1, "IA naissance": 1, "Don Francisco": 1, "Royale": 1, "I": 1, "\u00cele!secteur": 1, "Pantin": 1, "Prince h\u00e9r\u00e9ditaire de Sultsbaeh": 1, "Ernie III": 1, "Fermer Dom Antonio Garibaldi": 1, "ver Dos de l Relique de Gens": 1, "Famille de Grime-le es originaire": 1, "Gene": 1, "R\u00e9publique": 1, "Mai": 1, "Joie Morel": 1, "Cheffe": 1, "Comte": 1, "Paul trois Ch\u00e2teaux": 1, "A": 1, "Provence": 1, "Pr\u00e9lat": 1, "Zen obel Willie Averti Lieutenant": 1, "Arm\u00e9es Ri TC": 1, "Ceinture Star": 1, "Parle": 1, "Emol, uni": 1}, "year": "1717", "month": "05", "page": "76"}