{"ents_info": {"Caine ordre": {"label": "MISC", "kb_qid": null, "url_wikidata": null}, "Officiers": {"label": "MISC", "kb_qid": "Q189290", "url_wikidata": "https://www.wikidata.org/wiki/Q189290"}, "Arm\u00e9e": {"label": "ORG", "kb_qid": "Q162513", "url_wikidata": "https://www.wikidata.org/wiki/Q162513"}, "Io": {"label": "LOC", "kb_qid": "Q3123", "url_wikidata": "https://www.wikidata.org/wiki/Q3123"}, "Compagnies, & de ses": {"label": "ORG", "kb_qid": null, "url_wikidata": null}, "Trou les Truites Royaume & du grand Dupes": {"label": "LOC", "kb_qid": null, "url_wikidata": null}, "L'unie": {"label": "ORG", "kb_qid": null, "url_wikidata": null}, "Pologne": {"label": "LOC", "kb_qid": "Q166196", "url_wikidata": "https://www.wikidata.org/wiki/Q166196"}, "Moscovite, & ils de": {"label": "ORG", "kb_qid": null, "url_wikidata": null}, "ds Lires de Mr.": {"label": "PER", "kb_qid": null, "url_wikidata": null}, "Sa Majest\u00e9 Corinne": {"label": "PER", "kb_qid": null, "url_wikidata": null}, "Prince": {"label": "PER", "kb_qid": "Q131719", "url_wikidata": "https://www.wikidata.org/wiki/Q131719"}, "Lettres ont calme?": {"label": "MISC", "kb_qid": null, "url_wikidata": null}, "Polonais": {"label": "MISC", "kb_qid": "Q1026", "url_wikidata": "https://www.wikidata.org/wiki/Q1026"}, "Sa M. CN": {"label": "PER", "kb_qid": null, "url_wikidata": null}, "Paris": {"label": "LOC", "kb_qid": "Q90", "url_wikidata": "https://www.wikidata.org/wiki/Q90"}, "Mar\u00e9chal Czeremethof": {"label": "PER", "kb_qid": null, "url_wikidata": null}, "Tropes Russiennes": {"label": "ORG", "kb_qid": null, "url_wikidata": null}, "R\u00e9publique": {"label": "LOC", "kb_qid": "Q7270", "url_wikidata": "https://www.wikidata.org/wiki/Q7270"}, "st": {"label": "MISC", "kb_qid": null, "url_wikidata": null}, "M": {"label": "LOC", "kb_qid": "Q246154", "url_wikidata": "https://www.wikidata.org/wiki/Q246154"}, "Grande Pologne": {"label": "LOC", "kb_qid": "Q211371", "url_wikidata": "https://www.wikidata.org/wiki/Q211371"}, "Roi": {"label": "PER", "kb_qid": "Q12097", "url_wikidata": "https://www.wikidata.org/wiki/Q12097"}, "Royaume": {"label": "LOC", "kb_qid": "Q106782", "url_wikidata": "https://www.wikidata.org/wiki/Q106782"}, "& Mr. le Grand Mener al de": {"label": "MISC", "kb_qid": null, "url_wikidata": null}, "IRA": {"label": "ORG", "kb_qid": "Q504628", "url_wikidata": "https://www.wikidata.org/wiki/Q504628"}}, "ents_freq": {"Caine ordre": 1, "Officiers": 1, "Arm\u00e9e": 1, "Io": 1, "Compagnies, & de ses": 1, "Trou les Truites Royaume & du grand Dupes": 1, "L'unie": 1, "Pologne": 2, "Moscovite, & ils de": 1, "ds Lires de Mr.": 1, "Sa Majest\u00e9 Corinne": 1, "Prince": 1, "Lettres ont calme?": 1, "Polonais": 1, "Sa M. CN": 1, "Paris": 1, "Mar\u00e9chal Czeremethof": 1, "Tropes Russiennes": 1, "R\u00e9publique": 2, "st": 1, "M": 1, "Grande Pologne": 1, "Roi": 1, "Royaume": 1, "& Mr. le Grand Mener al de": 1, "IRA": 1}, "year": "1717", "month": "09", "page": "55"}