{"ents_info": {"Princes": {"label": "LOC", "kb_qid": null, "url_wikidata": null}, "Troues Prussiennes & Danoises": {"label": "ORG", "kb_qid": null, "url_wikidata": null}, "Villages circonvoisin": {"label": "LOC", "kb_qid": null, "url_wikidata": null}, "R\u00e9gence d'Hanovre": {"label": "PER", "kb_qid": null, "url_wikidata": null}, "Roi de Pologne": {"label": "PER", "kb_qid": null, "url_wikidata": null}, "Saxe": {"label": "LOC", "kb_qid": null, "url_wikidata": null}, "Prince": {"label": "PER", "kb_qid": null, "url_wikidata": null}, "Artillerie": {"label": "ORG", "kb_qid": null, "url_wikidata": null}, "Se de de Sera sud": {"label": "MISC", "kb_qid": null, "url_wikidata": null}, "Garde de star": {"label": "ORG", "kb_qid": null, "url_wikidata": null}, "Prussiens": {"label": "LOC", "kb_qid": null, "url_wikidata": null}, "Danois": {"label": "LOC", "kb_qid": null, "url_wikidata": null}, "Des Fortifications de cette Ville": {"label": "MISC", "kb_qid": null, "url_wikidata": null}, "Rem arts": {"label": "ORG", "kb_qid": null, "url_wikidata": null}, "& es Foss\u00e9s": {"label": "LOC", "kb_qid": null, "url_wikidata": null}, "IA Ville": {"label": "MISC", "kb_qid": null, "url_wikidata": null}, "Mineurs": {"label": "MISC", "kb_qid": null, "url_wikidata": null}, "Puissances": {"label": "MISC", "kb_qid": null, "url_wikidata": null}, "ARTICLE VII": {"label": "MISC", "kb_qid": null, "url_wikidata": null}, "IA GRANDE BRETAGNE O": {"label": "MISC", "kb_qid": null, "url_wikidata": null}, "IL Journal d'Octobre": {"label": "ORG", "kb_qid": null, "url_wikidata": null}, "A": {"label": "LOC", "kb_qid": null, "url_wikidata": null}, "Relation": {"label": "MISC", "kb_qid": null, "url_wikidata": null}, "Hongrie": {"label": "LOC", "kb_qid": null, "url_wikidata": null}, "Article d'Angleterre": {"label": "MISC", "kb_qid": null, "url_wikidata": null}}, "ents_freq": {"Princes": 1, "Troues Prussiennes & Danoises": 1, "Villages circonvoisin": 1, "R\u00e9gence d'Hanovre": 1, "Roi de Pologne": 1, "Saxe": 1, "Prince": 1, "Artillerie": 2, "Se de de Sera sud": 1, "Garde de star": 1, "Prussiens": 1, "Danois": 1, "Des Fortifications de cette Ville": 1, "Rem arts": 1, "& es Foss\u00e9s": 1, "IA Ville": 1, "Mineurs": 1, "Puissances": 1, "ARTICLE VII": 1, "IA GRANDE BRETAGNE O": 1, "IL Journal d'Octobre": 1, "A": 1, "Relation": 1, "Hongrie": 1, "Article d'Angleterre": 1}, "year": "1717", "month": "11", "page": "62"}