{"ents_info": {"u": {"label": "PER", "kb_qid": "Q483261", "url_wikidata": "https://www.wikidata.org/wiki/Q483261"}, "Pete": {"label": "LOC", "kb_qid": "Q11947", "url_wikidata": "https://www.wikidata.org/wiki/Q11947"}, "Sacrement": {"label": "MISC", "kb_qid": "Q49703", "url_wikidata": "https://www.wikidata.org/wiki/Q49703"}, "Ciel": {"label": "PER", "kb_qid": "Q527", "url_wikidata": "https://www.wikidata.org/wiki/Q527"}, "Iers": {"label": "MISC", "kb_qid": "Q530278", "url_wikidata": "https://www.wikidata.org/wiki/Q530278"}, "l'Europe": {"label": "LOC", "kb_qid": "Q7787", "url_wikidata": "https://www.wikidata.org/wiki/Q7787"}, "Ville, qi": {"label": "MISC", "kb_qid": null, "url_wikidata": null}, "max,&ce": {"label": "PER", "kb_qid": null, "url_wikidata": null}, "Sauve": {"label": "MISC", "kb_qid": "Q477766", "url_wikidata": "https://www.wikidata.org/wiki/Q477766"}, "Bourbnecel": {"label": "MISC", "kb_qid": null, "url_wikidata": null}, "AVIS P\u00e9rou": {"label": "LOC", "kb_qid": null, "url_wikidata": null}, "II Ferret": {"label": "LOC", "kb_qid": null, "url_wikidata": null}, "I": {"label": "LOC", "kb_qid": "Q1103", "url_wikidata": "https://www.wikidata.org/wiki/Q1103"}, "Cherbourg al ais": {"label": "LOC", "kb_qid": null, "url_wikidata": null}, "Duc Repent de Mr. d'Age seau poncelet la Charge": {"label": "PER", "kb_qid": null, "url_wikidata": null}}, "ents_freq": {"u": 1, "Pete": 1, "Sacrement": 1, "Ciel": 1, "Iers": 1, "l'Europe": 1, "Ville, qi": 1, "max,&ce": 1, "Sauve": 1, "Bourbnecel": 1, "AVIS P\u00e9rou": 1, "II Ferret": 1, "I": 1, "Cherbourg al ais": 1, "Duc Repent de Mr. d'Age seau poncelet la Charge": 1}, "year": "1717", "month": "09", "page": "8"}