{"ents_info": {"Ekat": {"label": "PER", "kb_qid": null, "url_wikidata": null}, "Arm\u00e9 d'Espagne": {"label": "MISC", "kb_qid": null, "url_wikidata": null}, "La Clef du Cabinet de a Paix": {"label": "MISC", "kb_qid": null, "url_wikidata": null}, "Mr. Costes Ambassadeur des E ans Gens": {"label": "PER", "kb_qid": null, "url_wikidata": null}, "ues semoirs": {"label": "ORG", "kb_qid": null, "url_wikidata": null}, "Portugaise": {"label": "LOC", "kb_qid": null, "url_wikidata": null}, "Eure": {"label": "LOC", "kb_qid": null, "url_wikidata": null}, "IA Cour d- M'": {"label": "LOC", "kb_qid": null, "url_wikidata": null}, "Tas G\u00e9n\u00e9raux": {"label": "LOC", "kb_qid": null, "url_wikidata": null}, "Mise e 'a": {"label": "MISC", "kb_qid": null, "url_wikidata": null}, "Prince RT": {"label": "PER", "kb_qid": null, "url_wikidata": null}, "&u'nCtedq": {"label": "MISC", "kb_qid": null, "url_wikidata": null}, "Este rtainue'": {"label": "PER", "kb_qid": null, "url_wikidata": null}, "Journal, juge": {"label": "MISC", "kb_qid": null, "url_wikidata": null}, "Prs de Contactait": {"label": "PER", "kb_qid": null, "url_wikidata": null}, "Aberrons": {"label": "ORG", "kb_qid": null, "url_wikidata": null}, "Lard\u00e2t": {"label": "ORG", "kb_qid": null, "url_wikidata": null}, "Armes": {"label": "MISC", "kb_qid": null, "url_wikidata": null}, "Prince Rognant": {"label": "PER", "kb_qid": null, "url_wikidata": null}, "\u00c2me abandon le Poste": {"label": "MISC", "kb_qid": null, "url_wikidata": null}, "Pampelune": {"label": "LOC", "kb_qid": null, "url_wikidata": null}, "Prince Pio s.": {"label": "PER", "kb_qid": null, "url_wikidata": null}, "Fer Dinan": {"label": "LOC", "kb_qid": null, "url_wikidata": null}, "D\u00e9tachement": {"label": "ORG", "kb_qid": null, "url_wikidata": null}, "S\u00e9bastien": {"label": "MISC", "kb_qid": null, "url_wikidata": null}, "Fran\u00e7ois": {"label": "PER", "kb_qid": null, "url_wikidata": null}, "Mar\u00e9chal": {"label": "PER", "kb_qid": null, "url_wikidata": null}, "RER anche mens &": {"label": "MISC", "kb_qid": null, "url_wikidata": null}, "A": {"label": "LOC", "kb_qid": null, "url_wikidata": null}, "Nil": {"label": "LOC", "kb_qid": null, "url_wikidata": null}, "D'ourson": {"label": "MISC", "kb_qid": null, "url_wikidata": null}, "Infanterie, & zoo": {"label": "MISC", "kb_qid": null, "url_wikidata": null}}, "ents_freq": {"Ekat": 1, "Arm\u00e9 d'Espagne": 1, "La Clef du Cabinet de a Paix": 1, "Mr. Costes Ambassadeur des E ans Gens": 1, "ues semoirs": 1, "Portugaise": 1, "Eure": 1, "IA Cour d- M'": 1, "Tas G\u00e9n\u00e9raux": 1, "Mise e 'a": 1, "Prince RT": 1, "&u'nCtedq": 1, "Este rtainue'": 1, "Journal, juge": 1, "Prs de Contactait": 1, "Aberrons": 1, "Lard\u00e2t": 1, "Armes": 1, "Prince Rognant": 1, "\u00c2me abandon le Poste": 1, "Pampelune": 2, "Prince Pio s.": 1, "Fer Dinan": 1, "D\u00e9tachement": 1, "S\u00e9bastien": 1, "Fran\u00e7ois": 1, "Mar\u00e9chal": 1, "RER anche mens &": 1, "A": 1, "Nil": 1, "D'ourson": 1, "Infanterie, & zoo": 1}, "year": "1719", "month": "09", "page": "17"}