{"ents_info": {"Princes": {"label": "LOC", "kb_qid": "Q2747456", "url_wikidata": "https://www.wikidata.org/wiki/Q2747456"}, "L.S. Bout-ON.": {"label": "ORG", "kb_qid": null, "url_wikidata": null}, "L. S. Roburite.": {"label": "PER", "kb_qid": null, "url_wikidata": null}, "L. S.": {"label": "PER", "kb_qid": "Q1367913", "url_wikidata": "https://www.wikidata.org/wiki/Q1367913"}, "L. S. J.": {"label": "PER", "kb_qid": null, "url_wikidata": null}, "Pl\u00e9nipotentiaires du Roi de la Grande-Bretagne": {"label": "MISC", "kb_qid": null, "url_wikidata": null}, "Trait\u00e9s": {"label": "MISC", "kb_qid": "Q131569", "url_wikidata": "https://www.wikidata.org/wiki/Q131569"}, "Britannique": {"label": "LOC", "kb_qid": "Q23666", "url_wikidata": "https://www.wikidata.org/wiki/Q23666"}, "Tr\u00e9sChr\u00e9tienne": {"label": "MISC", "kb_qid": null, "url_wikidata": null}, "Ris": {"label": "LOC", "kb_qid": "Q1168723", "url_wikidata": "https://www.wikidata.org/wiki/Q1168723"}, "Utrecht": {"label": "LOC", "kb_qid": "Q803", "url_wikidata": "https://www.wikidata.org/wiki/Q803"}, "La Haye": {"label": "LOC", "kb_qid": "Q36600", "url_wikidata": "https://www.wikidata.org/wiki/Q36600"}, "Alliance": {"label": "MISC", "kb_qid": "Q1141127", "url_wikidata": "https://www.wikidata.org/wiki/Q1141127"}, "Actes en Latin": {"label": "MISC", "kb_qid": null, "url_wikidata": null}, "Fran\u00e7ois": {"label": "PER", "kb_qid": "Q130834", "url_wikidata": "https://www.wikidata.org/wiki/Q130834"}, "Roi": {"label": "PER", "kb_qid": "Q13592862", "url_wikidata": "https://www.wikidata.org/wiki/Q13592862"}, "Tes Chr\u00e9tien": {"label": "PER", "kb_qid": null, "url_wikidata": null}, "De Trait\u00e9": {"label": "MISC", "kb_qid": null, "url_wikidata": null}, "Empereur des Romains": {"label": "PER", "kb_qid": "Q3044", "url_wikidata": "https://www.wikidata.org/wiki/Q3044"}, "Roi de la Grande-Bretagne": {"label": "LOC", "kb_qid": "Q130805", "url_wikidata": "https://www.wikidata.org/wiki/Q130805"}, "\u00c9tats G\u00e9n\u00e9raux des Provinces-Unies des Pays-Bas": {"label": "MISC", "kb_qid": null, "url_wikidata": null}, "Pl\u00e9nipotentiaires": {"label": "MISC", "kb_qid": "Q1133920", "url_wikidata": "https://www.wikidata.org/wiki/Q1133920"}, "Acte du Trait\u00e9 de ce jour, sans \u00eatre muni": {"label": "MISC", "kb_qid": null, "url_wikidata": null}, "Parties": {"label": "MISC", "kb_qid": null, "url_wikidata": null}, "Actes dudit Trait\u00e9": {"label": "MISC", "kb_qid": null, "url_wikidata": null}, "Langue Latine": {"label": "MISC", "kb_qid": "Q1246397", "url_wikidata": "https://www.wikidata.org/wiki/Q1246397"}, "Roi de la Grande Bretagne": {"label": "PER", "kb_qid": null, "url_wikidata": null}, "Nous Pl\u00e9nipotentiaires de Sa Maj.": {"label": "MISC", "kb_qid": null, "url_wikidata": null}, "Pl\u00e9nier": {"label": "LOC", "kb_qid": "Q3454952", "url_wikidata": "https://www.wikidata.org/wiki/Q3454952"}, "S. M.": {"label": "PER", "kb_qid": "Q669458", "url_wikidata": "https://www.wikidata.org/wiki/Q669458"}, "Langue": {"label": "MISC", "kb_qid": "Q34770", "url_wikidata": "https://www.wikidata.org/wiki/Q34770"}, "Trait\u00e9 de": {"label": "MISC", "kb_qid": "Q696094", "url_wikidata": "https://www.wikidata.org/wiki/Q696094"}}, "ents_freq": {"Princes": 1, "L.S. Bout-ON.": 1, "L. S. Roburite.": 1, "L. S.": 1, "L. S. J.": 1, "Pl\u00e9nipotentiaires du Roi de la Grande-Bretagne": 1, "Trait\u00e9s": 1, "Britannique": 1, "Tr\u00e9sChr\u00e9tienne": 1, "Ris": 1, "Utrecht": 1, "La Haye": 1, "Alliance": 1, "Actes en Latin": 1, "Fran\u00e7ois": 1, "Roi": 3, "Tes Chr\u00e9tien": 1, "De Trait\u00e9": 1, "Empereur des Romains": 1, "Roi de la Grande-Bretagne": 1, "\u00c9tats G\u00e9n\u00e9raux des Provinces-Unies des Pays-Bas": 1, "Pl\u00e9nipotentiaires": 1, "Acte du Trait\u00e9 de ce jour, sans \u00eatre muni": 1, "Parties": 1, "Actes dudit Trait\u00e9": 1, "Langue Latine": 1, "Roi de la Grande Bretagne": 1, "Nous Pl\u00e9nipotentiaires de Sa Maj.": 1, "Pl\u00e9nier": 1, "S. M.": 1, "Langue": 1, "Trait\u00e9 de": 1}, "year": "1719", "month": "05", "page": "6"}