{"ents_info": {"La Clef": {"label": "LOC", "kb_qid": "Q3207510", "url_wikidata": "https://www.wikidata.org/wiki/Q3207510"}, "Messine": {"label": "LOC", "kb_qid": "Q13666", "url_wikidata": "https://www.wikidata.org/wiki/Q13666"}, "Arm\u00e9e l'Imp\u00e9riale": {"label": "ORG", "kb_qid": null, "url_wikidata": null}, "Evan cette VIe": {"label": "PER", "kb_qid": null, "url_wikidata": null}, "Ave es Cet": {"label": "MISC", "kb_qid": null, "url_wikidata": null}, "Arm\u00e9e": {"label": "ORG", "kb_qid": "Q162513", "url_wikidata": "https://www.wikidata.org/wiki/Q162513"}, "An lois": {"label": "MISC", "kb_qid": null, "url_wikidata": null}, "Cm": {"label": "LOC", "kb_qid": "Q1876", "url_wikidata": "https://www.wikidata.org/wiki/Q1876"}, "R\u00e9gi, d'e le tiret us SS": {"label": "MISC", "kb_qid": null, "url_wikidata": null}, "Naples": {"label": "LOC", "kb_qid": "Q173065", "url_wikidata": "https://www.wikidata.org/wiki/Q173065"}, "mu e. IX": {"label": "PER", "kb_qid": null, "url_wikidata": null}, "Cardinal d Schoten x": {"label": "PER", "kb_qid": null, "url_wikidata": null}, "TC": {"label": "ORG", "kb_qid": "Q2035496", "url_wikidata": "https://www.wikidata.org/wiki/Q2035496"}, "Em": {"label": "MISC", "kb_qid": "Q27869640", "url_wikidata": "https://www.wikidata.org/wiki/Q27869640"}, "Vice-roi": {"label": "PER", "kb_qid": "Q244741", "url_wikidata": "https://www.wikidata.org/wiki/Q244741"}, "duce": {"label": "PER", "kb_qid": "Q714189", "url_wikidata": "https://www.wikidata.org/wiki/Q714189"}, "Rome": {"label": "LOC", "kb_qid": "Q220", "url_wikidata": "https://www.wikidata.org/wiki/Q220"}, "Rome Porta": {"label": "LOC", "kb_qid": null, "url_wikidata": null}, "\u00c9mince, la rien de": {"label": "MISC", "kb_qid": null, "url_wikidata": null}, "\u00e9tat": {"label": "LOC", "kb_qid": null, "url_wikidata": null}, "I.t": {"label": "ORG", "kb_qid": null, "url_wikidata": null}, "S. E": {"label": "PER", "kb_qid": null, "url_wikidata": null}, "A Ier": {"label": "PER", "kb_qid": null, "url_wikidata": null}, "Cardinal": {"label": "PER", "kb_qid": "Q45722", "url_wikidata": "https://www.wikidata.org/wiki/Q45722"}, "Ier": {"label": "PER", "kb_qid": "Q898657", "url_wikidata": "https://www.wikidata.org/wiki/Q898657"}, "Sa Sa tees.": {"label": "MISC", "kb_qid": null, "url_wikidata": null}, "Jana": {"label": "LOC", "kb_qid": "Q3161815", "url_wikidata": "https://www.wikidata.org/wiki/Q3161815"}, "Jill": {"label": "PER", "kb_qid": "Q2374999", "url_wikidata": "https://www.wikidata.org/wiki/Q2374999"}, "j!qu'a i3": {"label": "MISC", "kb_qid": null, "url_wikidata": null}, "Bon Ella": {"label": "PER", "kb_qid": null, "url_wikidata": null}, "qua Cet": {"label": "PER", "kb_qid": null, "url_wikidata": null}}, "ents_freq": {"La Clef": 1, "Messine": 2, "Arm\u00e9e l'Imp\u00e9riale": 1, "Evan cette VIe": 1, "Ave es Cet": 1, "Arm\u00e9e": 1, "An lois": 1, "Cm": 1, "R\u00e9gi, d'e le tiret us SS": 1, "Naples": 2, "mu e. IX": 1, "Cardinal d Schoten x": 1, "TC": 1, "Em": 1, "Vice-roi": 1, "duce": 1, "Rome": 1, "Rome Porta": 1, "\u00c9mince, la rien de": 1, "\u00e9tat": 1, "I.t": 1, "S. E": 1, "A Ier": 1, "Cardinal": 1, "Ier": 1, "Sa Sa tees.": 1, "Jana": 1, "Jill": 1, "j!qu'a i3": 1, "Bon Ella": 1, "qua Cet": 1}, "year": "1719", "month": "10", "page": "21"}