{"ents_info": {"Princes e.": {"label": "LOC", "kb_qid": null, "url_wikidata": null}, "SS": {"label": "ORG", "kb_qid": null, "url_wikidata": null}, "Paix": {"label": "MISC", "kb_qid": null, "url_wikidata": null}, "Sa Maj.": {"label": "MISC", "kb_qid": null, "url_wikidata": null}, "antres Nations": {"label": "ORG", "kb_qid": null, "url_wikidata": null}, "Chr\u00e9tienne & Britannique": {"label": "ORG", "kb_qid": null, "url_wikidata": null}, "\u00c9tats G\u00e9n\u00e9raux des Provinces-Unies des Pays-Bas": {"label": "MISC", "kb_qid": null, "url_wikidata": null}, "Princes": {"label": "PER", "kb_qid": null, "url_wikidata": null}, "Hauts Contractant, & contre les v\u0153ux de toute l'Europe": {"label": "MISC", "kb_qid": null, "url_wikidata": null}, "Roi d'Espagne": {"label": "LOC", "kb_qid": null, "url_wikidata": null}, "Roi de Sardaigne": {"label": "PER", "kb_qid": null, "url_wikidata": null}, "Sa Maj. Imp\u00e9riale": {"label": "MISC", "kb_qid": null, "url_wikidata": null}, "l'Europe": {"label": "LOC", "kb_qid": null, "url_wikidata": null}, "Majest\u00e9s Tes": {"label": "PER", "kb_qid": null, "url_wikidata": null}, "\u00c9tats G\u00e9n\u00e9raux": {"label": "LOC", "kb_qid": null, "url_wikidata": null}, "S. M.I.": {"label": "PER", "kb_qid": null, "url_wikidata": null}, "M. IP": {"label": "MISC", "kb_qid": null, "url_wikidata": null}, "Article septi\u00e8me du Trait\u00e9 d'Alliance": {"label": "MISC", "kb_qid": null, "url_wikidata": null}}, "ents_freq": {"Princes e.": 1, "SS": 1, "Paix": 1, "Sa Maj.": 2, "antres Nations": 1, "Chr\u00e9tienne & Britannique": 1, "\u00c9tats G\u00e9n\u00e9raux des Provinces-Unies des Pays-Bas": 1, "Princes": 1, "Hauts Contractant, & contre les v\u0153ux de toute l'Europe": 1, "Roi d'Espagne": 1, "Roi de Sardaigne": 1, "Sa Maj. Imp\u00e9riale": 1, "l'Europe": 1, "Majest\u00e9s Tes": 1, "\u00c9tats G\u00e9n\u00e9raux": 1, "S. M.I.": 1, "M. IP": 1, "Article septi\u00e8me du Trait\u00e9 d'Alliance": 1}, "year": "1719", "month": "05", "page": "18"}