{"ents_info": {"Clou Cabinet": {"label": "LOC", "kb_qid": null, "url_wikidata": null}, "Ma\u00eetres, &": {"label": "MISC", "kb_qid": null, "url_wikidata": null}, "Ragotai, Bercent,": {"label": "MISC", "kb_qid": null, "url_wikidata": null}, "Antoine Est\u00e9rase, Formats": {"label": "PER", "kb_qid": null, "url_wikidata": null}, "Adam Mai & Michel Eaux": {"label": "PER", "kb_qid": null, "url_wikidata": null}, "Hongrois": {"label": "MISC", "kb_qid": null, "url_wikidata": null}, "L. R. &": {"label": "PER", "kb_qid": null, "url_wikidata": null}, "Terres de la domination Ottomane": {"label": "LOC", "kb_qid": null, "url_wikidata": null}, "Empire Ottoman": {"label": "LOC", "kb_qid": null, "url_wikidata": null}, "Pl\u00e9nipotentiaires de Sa": {"label": "MISC", "kb_qid": null, "url_wikidata": null}, "Roi": {"label": "PER", "kb_qid": null, "url_wikidata": null}, "R\u00e9publique de Pologne": {"label": "LOC", "kb_qid": null, "url_wikidata": null}, "Trait\u00e9": {"label": "MISC", "kb_qid": null, "url_wikidata": null}, "Polonais": {"label": "MISC", "kb_qid": null, "url_wikidata": null}, "Choquait;": {"label": "MISC", "kb_qid": null, "url_wikidata": null}, "Lettre ou Ambassadeur \u00e0 la Porte": {"label": "MISC", "kb_qid": null, "url_wikidata": null}, "Tr\u00eave": {"label": "MISC", "kb_qid": null, "url_wikidata": null}, "Ambassades solennelles de part &": {"label": "MISC", "kb_qid": null, "url_wikidata": null}}, "ents_freq": {"Clou Cabinet": 1, "Ma\u00eetres, &": 1, "Ragotai, Bercent,": 1, "Antoine Est\u00e9rase, Formats": 1, "Adam Mai & Michel Eaux": 1, "Hongrois": 1, "L. R. &": 1, "Terres de la domination Ottomane": 1, "Empire Ottoman": 2, "Pl\u00e9nipotentiaires de Sa": 1, "Roi": 2, "R\u00e9publique de Pologne": 1, "Trait\u00e9": 1, "Polonais": 1, "Choquait;": 1, "Lettre ou Ambassadeur \u00e0 la Porte": 1, "Tr\u00eave": 1, "Ambassades solennelles de part &": 1}, "year": "1719", "month": "05", "page": "63"}