{"ents_info": {"Prince e. Janvier": {"label": "PER", "kb_qid": null, "url_wikidata": null}, "Trait\u00e9": {"label": "MISC", "kb_qid": "Q131569", "url_wikidata": "https://www.wikidata.org/wiki/Q131569"}, "Passait": {"label": "MISC", "kb_qid": null, "url_wikidata": null}, "Porte & les v\u00e9nitiens": {"label": "ORG", "kb_qid": null, "url_wikidata": null}, "lez 21": {"label": "LOC", "kb_qid": null, "url_wikidata": null}, "Juillet": {"label": "PER", "kb_qid": "Q121", "url_wikidata": "https://www.wikidata.org/wiki/Q121"}, "Quadruple Alliance": {"label": "MISC", "kb_qid": "Q3536825", "url_wikidata": "https://www.wikidata.org/wiki/Q3536825"}, "Empereur & la France": {"label": "ORG", "kb_qid": null, "url_wikidata": null}, "Puissances": {"label": "LOC", "kb_qid": "Q26051996", "url_wikidata": "https://www.wikidata.org/wiki/Q26051996"}, "\u00c9tats de l'Europe": {"label": "LOC", "kb_qid": null, "url_wikidata": null}, "Prince": {"label": "PER", "kb_qid": "Q131719", "url_wikidata": "https://www.wikidata.org/wiki/Q131719"}, "l'Espagne": {"label": "LOC", "kb_qid": "Q80702", "url_wikidata": "https://www.wikidata.org/wiki/Q80702"}, "Trait\u00e9s": {"label": "MISC", "kb_qid": "Q131569", "url_wikidata": "https://www.wikidata.org/wiki/Q131569"}, "Monarque": {"label": "PER", "kb_qid": "Q508840", "url_wikidata": "https://www.wikidata.org/wiki/Q508840"}, "M\u00e9diterran\u00e9e": {"label": "LOC", "kb_qid": "Q4918", "url_wikidata": "https://www.wikidata.org/wiki/Q4918"}, "Commerce d'Angleterre": {"label": "MISC", "kb_qid": null, "url_wikidata": null}, "Monarchie": {"label": "MISC", "kb_qid": "Q7269", "url_wikidata": "https://www.wikidata.org/wiki/Q7269"}, "Lors d'assurer le repos de l'Europe": {"label": "MISC", "kb_qid": null, "url_wikidata": null}, "Syracuse": {"label": "LOC", "kb_qid": "Q13670", "url_wikidata": "https://www.wikidata.org/wiki/Q13670"}, "Flottes Anglaise & Espagnole": {"label": "ORG", "kb_qid": null, "url_wikidata": null}}, "ents_freq": {"Prince e. Janvier": 1, "Trait\u00e9": 1, "Passait": 1, "Porte & les v\u00e9nitiens": 1, "lez 21": 1, "Juillet": 1, "Quadruple Alliance": 1, "Empereur & la France": 1, "Puissances": 1, "\u00c9tats de l'Europe": 1, "Prince": 3, "l'Espagne": 1, "Trait\u00e9s": 2, "Monarque": 1, "M\u00e9diterran\u00e9e": 1, "Commerce d'Angleterre": 1, "Monarchie": 1, "Lors d'assurer le repos de l'Europe": 1, "Syracuse": 1, "Flottes Anglaise & Espagnole": 1}, "year": "1719", "month": "01", "page": "20"}