{"ents_info": {"La Clef du Cabine e6": {"label": "MISC", "kb_qid": null, "url_wikidata": null}, "Mr. d'Agent Garde": {"label": "MISC", "kb_qid": null, "url_wikidata": null}, "Sceaux": {"label": "LOC", "kb_qid": "Q19799735", "url_wikidata": "https://www.wikidata.org/wiki/Q19799735"}, "Conseiller d'Ekat": {"label": "LOC", "kb_qid": null, "url_wikidata": null}, "Mr. Chat": {"label": "PER", "kb_qid": null, "url_wikidata": null}, "Marquis de Ch": {"label": "PER", "kb_qid": null, "url_wikidata": null}, "Ambassadeur de France": {"label": "MISC", "kb_qid": "Q24928431", "url_wikidata": "https://www.wikidata.org/wiki/Q24928431"}, "\u00e9dit i": {"label": "MISC", "kb_qid": null, "url_wikidata": null}, "Mr. d'Angers": {"label": "PER", "kb_qid": null, "url_wikidata": null}, "Gouvernement du h\u00e2te": {"label": "MISC", "kb_qid": null, "url_wikidata": null}, "Duchesse de Barri": {"label": "PER", "kb_qid": null, "url_wikidata": null}, "Chevalier": {"label": "MISC", "kb_qid": "Q833163", "url_wikidata": "https://www.wikidata.org/wiki/Q833163"}, "Comte": {"label": "PER", "kb_qid": "Q3519259", "url_wikidata": "https://www.wikidata.org/wiki/Q3519259"}, "Madame la Princesse de Conti.": {"label": "PER", "kb_qid": null, "url_wikidata": null}, "Conti": {"label": "PER", "kb_qid": "Q465844", "url_wikidata": "https://www.wikidata.org/wiki/Q465844"}, "Anne": {"label": "PER", "kb_qid": "Q164294", "url_wikidata": "https://www.wikidata.org/wiki/Q164294"}, "ace": {"label": "MISC", "kb_qid": "Q1344019", "url_wikidata": "https://www.wikidata.org/wiki/Q1344019"}, "Mr. le Duc de l'ourson": {"label": "PER", "kb_qid": null, "url_wikidata": null}, "Mr Prier": {"label": "PER", "kb_qid": null, "url_wikidata": null}, "Terre": {"label": "LOC", "kb_qid": "Q2", "url_wikidata": "https://www.wikidata.org/wiki/Q2"}, "c Prince": {"label": "PER", "kb_qid": null, "url_wikidata": null}, "Da": {"label": "MISC", "kb_qid": "Q483261", "url_wikidata": "https://www.wikidata.org/wiki/Q483261"}, "Coma": {"label": "LOC", "kb_qid": "Q159557", "url_wikidata": "https://www.wikidata.org/wiki/Q159557"}, "Grenadiers": {"label": "LOC", "kb_qid": "Q313303", "url_wikidata": "https://www.wikidata.org/wiki/Q313303"}, "R\u00e9giment des Gardes": {"label": "ORG", "kb_qid": "Q1079501", "url_wikidata": "https://www.wikidata.org/wiki/Q1079501"}, "Casson ancien Capitaine danse R\u00e9giment": {"label": "MISC", "kb_qid": null, "url_wikidata": null}, "Dre": {"label": "PER", "kb_qid": "Q1129658", "url_wikidata": "https://www.wikidata.org/wiki/Q1129658"}, "Duc e": {"label": "PER", "kb_qid": null, "url_wikidata": null}, "Chartres": {"label": "LOC", "kb_qid": "Q130272", "url_wikidata": "https://www.wikidata.org/wiki/Q130272"}, "0 De Rend": {"label": "MISC", "kb_qid": null, "url_wikidata": null}, "Guternemetd Dune": {"label": "LOC", "kb_qid": null, "url_wikidata": null}, "IA Fusillade": {"label": "MISC", "kb_qid": null, "url_wikidata": null}, "cle n": {"label": "PER", "kb_qid": null, "url_wikidata": null}, "Fait Canitie": {"label": "MISC", "kb_qid": null, "url_wikidata": null}, "Evech\u0301cl'lI' 6": {"label": "MISC", "kb_qid": null, "url_wikidata": null}}, "ents_freq": {"La Clef du Cabine e6": 1, "Mr. d'Agent Garde": 1, "Sceaux": 1, "Conseiller d'Ekat": 2, "Mr. Chat": 1, "Marquis de Ch": 1, "Ambassadeur de France": 1, "\u00e9dit i": 1, "Mr. d'Angers": 1, "Gouvernement du h\u00e2te": 1, "Duchesse de Barri": 1, "Chevalier": 1, "Comte": 1, "Madame la Princesse de Conti.": 1, "Conti": 1, "Anne": 1, "ace": 1, "Mr. le Duc de l'ourson": 1, "Mr Prier": 1, "Terre": 1, "c Prince": 1, "Da": 1, "Coma": 1, "Grenadiers": 1, "R\u00e9giment des Gardes": 1, "Casson ancien Capitaine danse R\u00e9giment": 1, "Dre": 1, "Duc e": 1, "Chartres": 1, "0 De Rend": 1, "Guternemetd Dune": 1, "IA Fusillade": 1, "cle n": 1, "Fait Canitie": 1, "Evech\u0301cl'lI' 6": 1}, "year": "1719", "month": "10", "page": "37"}