{"ents_info": {"Harangue du Roi": {"label": "PER", "kb_qid": null, "url_wikidata": null}, "Par le ment": {"label": "MISC", "kb_qid": null, "url_wikidata": null}, "Cl": {"label": "LOC", "kb_qid": null, "url_wikidata": null}, "Cabinet 1 elle Assemble, &": {"label": "ORG", "kb_qid": null, "url_wikidata": null}, "De n\u00e9e jour par les Chambres,": {"label": "MISC", "kb_qid": null, "url_wikidata": null}, "Monarque": {"label": "PER", "kb_qid": null, "url_wikidata": null}, "l'Europe": {"label": "LOC", "kb_qid": null, "url_wikidata": null}, "Sa Maj.": {"label": "MISC", "kb_qid": null, "url_wikidata": null}, "Souverain & les Sujets, & jamais la": {"label": "ORG", "kb_qid": null, "url_wikidata": null}, "Nation Anglaise": {"label": "ORG", "kb_qid": null, "url_wikidata": null}, "Discours": {"label": "MISC", "kb_qid": null, "url_wikidata": null}, "Sa": {"label": "PER", "kb_qid": null, "url_wikidata": null}, "Harangue de Sa Majest\u00e9 Britannique": {"label": "PER", "kb_qid": null, "url_wikidata": null}, "Parlement": {"label": "ORG", "kb_qid": null, "url_wikidata": null}, "Novembre IIds": {"label": "PER", "kb_qid": null, "url_wikidata": null}, "MILORDS": {"label": "MISC", "kb_qid": null, "url_wikidata": null}, "Session, j'ai": {"label": "MISC", "kb_qid": null, "url_wikidata": null}, "b\u00e9n\u00e9diction de Dieu": {"label": "MISC", "kb_qid": null, "url_wikidata": null}, "Princes": {"label": "LOC", "kb_qid": null, "url_wikidata": null}, "Puissances": {"label": "LOC", "kb_qid": null, "url_wikidata": null}, "Puissances contractantes": {"label": "MISC", "kb_qid": null, "url_wikidata": null}, "succession Protestante": {"label": "MISC", "kb_qid": null, "url_wikidata": null}, "Roi": {"label": "PER", "kb_qid": null, "url_wikidata": null}}, "ents_freq": {"Harangue du Roi": 1, "Par le ment": 1, "Cl": 1, "Cabinet 1 elle Assemble, &": 1, "De n\u00e9e jour par les Chambres,": 1, "Monarque": 1, "l'Europe": 1, "Sa Maj.": 1, "Souverain & les Sujets, & jamais la": 1, "Nation Anglaise": 1, "Discours": 1, "Sa": 1, "Harangue de Sa Majest\u00e9 Britannique": 1, "Parlement": 1, "Novembre IIds": 1, "MILORDS": 1, "Session, j'ai": 1, "b\u00e9n\u00e9diction de Dieu": 1, "Princes": 1, "Puissances": 1, "Puissances contractantes": 1, "succession Protestante": 1, "Roi": 1}, "year": "1719", "month": "01", "page": "61"}