{"ents_info": {"LYDIA AVISAUPUBILI.": {"label": "MISC", "kb_qid": null, "url_wikidata": null}, "Journal!": {"label": "MISC", "kb_qid": null, "url_wikidata": null}, "Litt\u00e9rature": {"label": "PER", "kb_qid": "Q37922", "url_wikidata": "https://www.wikidata.org/wiki/Q37922"}, "Politique, & autres pi\u00e8ces li\u00e9": {"label": "MISC", "kb_qid": null, "url_wikidata": null}, "Public": {"label": "MISC", "kb_qid": "Q3410409", "url_wikidata": "https://www.wikidata.org/wiki/Q3410409"}, "Paquets": {"label": "MISC", "kb_qid": "Q1995545", "url_wikidata": "https://www.wikidata.org/wiki/Q1995545"}, "Sieur": {"label": "LOC", "kb_qid": "Q1550557", "url_wikidata": "https://www.wikidata.org/wiki/Q1550557"}, "Andr\u00e9 Chevalier": {"label": "PER", "kb_qid": null, "url_wikidata": null}, "Imprimer & Marchand Libraire Luxembourg": {"label": "MISC", "kb_qid": null, "url_wikidata": null}, "Journal": {"label": "MISC", "kb_qid": "Q11032", "url_wikidata": "https://www.wikidata.org/wiki/Q11032"}, "Cl\u00e9mentes": {"label": "ORG", "kb_qid": null, "url_wikidata": null}, "Paix de Ris\u00e9e": {"label": "MISC", "kb_qid": null, "url_wikidata": null}, "ledit Chevalier": {"label": "PER", "kb_qid": null, "url_wikidata": null}, "Lires": {"label": "MISC", "kb_qid": "Q204992", "url_wikidata": "https://www.wikidata.org/wiki/Q204992"}, "M\u00e9mo ces des Sciences & des Arts de Travaux": {"label": "MISC", "kb_qid": null, "url_wikidata": null}, "Journaux Litt\u00e9raires, historiques & Politiques": {"label": "MISC", "kb_qid": null, "url_wikidata": null}}, "ents_freq": {"LYDIA AVISAUPUBILI.": 1, "Journal!": 1, "Litt\u00e9rature": 1, "Politique, & autres pi\u00e8ces li\u00e9": 1, "Public": 1, "Paquets": 1, "Sieur": 1, "Andr\u00e9 Chevalier": 1, "Imprimer & Marchand Libraire Luxembourg": 1, "Journal": 1, "Cl\u00e9mentes": 1, "Paix de Ris\u00e9e": 1, "ledit Chevalier": 1, "Lires": 1, "M\u00e9mo ces des Sciences & des Arts de Travaux": 1, "Journaux Litt\u00e9raires, historiques & Politiques": 1}, "year": "1719", "month": "01", "page": "1"}