{"ents_info": {"Princes": {"label": "LOC", "kb_qid": "Q2747456", "url_wikidata": "https://www.wikidata.org/wiki/Q2747456"}, "Ouvrage": {"label": "MISC", "kb_qid": "Q1171840", "url_wikidata": "https://www.wikidata.org/wiki/Q1171840"}, "Volumes": {"label": "MISC", "kb_qid": "Q39297", "url_wikidata": "https://www.wikidata.org/wiki/Q39297"}, "Notre St. Perd le Pape": {"label": "MISC", "kb_qid": null, "url_wikidata": null}, "Cardinal de Nouilles": {"label": "PER", "kb_qid": null, "url_wikidata": null}, "Universit\u00e9 & du Parlement de Paris": {"label": "ORG", "kb_qid": null, "url_wikidata": null}, "Ernie Tome": {"label": "PER", "kb_qid": null, "url_wikidata": null}, "Ouvrage les Lettres": {"label": "MISC", "kb_qid": null, "url_wikidata": null}, "Facult\u00e9 de Th\u00e9ologie, les Arr\u00eats du Parlement de Paris": {"label": "ORG", "kb_qid": null, "url_wikidata": null}, "Acte d'Appel": {"label": "MISC", "kb_qid": null, "url_wikidata": null}, "Lettres": {"label": "MISC", "kb_qid": "Q8242", "url_wikidata": "https://www.wikidata.org/wiki/Q8242"}, "Journaux pr\u00e9": {"label": "MISC", "kb_qid": null, "url_wikidata": null}, "Acte d'Appel du Cardinal de Nouilles des Lettres": {"label": "MISC", "kb_qid": null, "url_wikidata": null}, "S.S. &": {"label": "ORG", "kb_qid": null, "url_wikidata": null}, "Antoine de Nouilles": {"label": "PER", "kb_qid": null, "url_wikidata": null}, "les Lettres": {"label": "MISC", "kb_qid": "Q3233517", "url_wikidata": "https://www.wikidata.org/wiki/Q3233517"}, "N. S. P. le Pape Clament XI": {"label": "PER", "kb_qid": null, "url_wikidata": null}, "Papes": {"label": "PER", "kb_qid": "Q3112587", "url_wikidata": "https://www.wikidata.org/wiki/Q3112587"}, "Bulles": {"label": "MISC", "kb_qid": "Q3550344", "url_wikidata": "https://www.wikidata.org/wiki/Q3550344"}, "Bref, elles renferment cependant un v\u00e9ritable jugement": {"label": "MISC", "kb_qid": null, "url_wikidata": null}, "Sa Saintet\u00e9": {"label": "PER", "kb_qid": "Q1326099", "url_wikidata": "https://www.wikidata.org/wiki/Q1326099"}, "\u00c9v\u00eaques de France": {"label": "MISC", "kb_qid": "Q478605", "url_wikidata": "https://www.wikidata.org/wiki/Q478605"}, "C3": {"label": "MISC", "kb_qid": "Q726411", "url_wikidata": "https://www.wikidata.org/wiki/Q726411"}}, "ents_freq": {"Princes": 1, "Ouvrage": 1, "Volumes": 1, "Notre St. Perd le Pape": 1, "Cardinal de Nouilles": 2, "Universit\u00e9 & du Parlement de Paris": 1, "Ernie Tome": 1, "Ouvrage les Lettres": 1, "Facult\u00e9 de Th\u00e9ologie, les Arr\u00eats du Parlement de Paris": 1, "Acte d'Appel": 1, "Lettres": 1, "Journaux pr\u00e9": 1, "Acte d'Appel du Cardinal de Nouilles des Lettres": 1, "S.S. &": 1, "Antoine de Nouilles": 1, "les Lettres": 1, "N. S. P. le Pape Clament XI": 1, "Papes": 1, "Bulles": 1, "Bref, elles renferment cependant un v\u00e9ritable jugement": 1, "Sa Saintet\u00e9": 1, "\u00c9v\u00eaques de France": 1, "C3": 1}, "year": "1719", "month": "01", "page": "36"}