{"ents_info": {"Princes": {"label": "LOC", "kb_qid": "Q2747456", "url_wikidata": "https://www.wikidata.org/wiki/Q2747456"}, "Euclide": {"label": "PER", "kb_qid": "Q8747", "url_wikidata": "https://www.wikidata.org/wiki/Q8747"}, "Perspective Th\u00e9orique & Partie 8": {"label": "MISC", "kb_qid": null, "url_wikidata": null}, "Gaufra": {"label": "LOC", "kb_qid": null, "url_wikidata": null}, "Compas de Proportion 8": {"label": "MISC", "kb_qid": null, "url_wikidata": null}, "Trait\u00e9 de l'Arpentage & du Tois\u00e9": {"label": "MISC", "kb_qid": null, "url_wikidata": null}, "Trigonom\u00e9trie r.": {"label": "MISC", "kb_qid": null, "url_wikidata": null}, "\u00c9l\u00e9ments d'Euclide": {"label": "MISC", "kb_qid": "Q172891", "url_wikidata": "https://www.wikidata.org/wiki/Q172891"}, "Par d'Chasles": {"label": "PER", "kb_qid": null, "url_wikidata": null}, "Plans & Cartes": {"label": "MISC", "kb_qid": null, "url_wikidata": null}, "G\u00e9om\u00e9trie Pratique": {"label": "MISC", "kb_qid": null, "url_wikidata": null}, "Ho": {"label": "LOC", "kb_qid": "Q615006", "url_wikidata": "https://www.wikidata.org/wiki/Q615006"}, "Recr\u00e9ations": {"label": "MISC", "kb_qid": null, "url_wikidata": null}, "I": {"label": "LOC", "kb_qid": "Q9893", "url_wikidata": "https://www.wikidata.org/wiki/Q9893"}, "Mr": {"label": "PER", "kb_qid": null, "url_wikidata": null}, "Plaquette": {"label": "LOC", "kb_qid": "Q101026", "url_wikidata": "https://www.wikidata.org/wiki/Q101026"}, "Placette celebret": {"label": "LOC", "kb_qid": null, "url_wikidata": null}, "Ouvrages 'latente.": {"label": "MISC", "kb_qid": null, "url_wikidata": null}, "Janvier": {"label": "PER", "kb_qid": "Q108", "url_wikidata": "https://www.wikidata.org/wiki/Q108"}, "Ponta": {"label": "LOC", "kb_qid": "Q2390841", "url_wikidata": "https://www.wikidata.org/wiki/Q2390841"}, "B\u00e9arn": {"label": "LOC", "kb_qid": "Q213763", "url_wikidata": "https://www.wikidata.org/wiki/Q213763"}, "Mr. son Perd": {"label": "MISC", "kb_qid": null, "url_wikidata": null}, "Th\u00e9ologie": {"label": "MISC", "kb_qid": "Q34178", "url_wikidata": "https://www.wikidata.org/wiki/Q34178"}, "Ministre": {"label": "ORG", "kb_qid": "Q83307", "url_wikidata": "https://www.wikidata.org/wiki/Q83307"}, "Enlise": {"label": "MISC", "kb_qid": null, "url_wikidata": null}, "O": {"label": "LOC", "kb_qid": "Q629", "url_wikidata": "https://www.wikidata.org/wiki/Q629"}, "Opel": {"label": "ORG", "kb_qid": "Q40966", "url_wikidata": "https://www.wikidata.org/wiki/Q40966"}, "N'ai, en la m\u00eame Province de B\u00e9arn, &": {"label": "MISC", "kb_qid": null, "url_wikidata": null}, "Minist\u00e8re": {"label": "ORG", "kb_qid": "Q192350", "url_wikidata": "https://www.wikidata.org/wiki/Q192350"}, "\u00c9glise de Charango": {"label": "ORG", "kb_qid": null, "url_wikidata": null}, "N'ai,": {"label": "MISC", "kb_qid": null, "url_wikidata": null}, "Ebit": {"label": "ORG", "kb_qid": "Q720862", "url_wikidata": "https://www.wikidata.org/wiki/Q720862"}, "Nantes": {"label": "LOC", "kb_qid": "Q12191", "url_wikidata": "https://www.wikidata.org/wiki/Q12191"}}, "ents_freq": {"Princes": 1, "Euclide": 1, "Perspective Th\u00e9orique & Partie 8": 1, "Gaufra": 1, "Compas de Proportion 8": 1, "Trait\u00e9 de l'Arpentage & du Tois\u00e9": 1, "Trigonom\u00e9trie r.": 1, "\u00c9l\u00e9ments d'Euclide": 1, "Par d'Chasles": 1, "Plans & Cartes": 1, "G\u00e9om\u00e9trie Pratique": 1, "Ho": 1, "Recr\u00e9ations": 1, "I": 1, "Mr": 1, "Plaquette": 1, "Placette celebret": 1, "Ouvrages 'latente.": 1, "Janvier": 1, "Ponta": 1, "B\u00e9arn": 1, "Mr. son Perd": 1, "Th\u00e9ologie": 1, "Ministre": 2, "Enlise": 1, "O": 1, "Opel": 1, "N'ai, en la m\u00eame Province de B\u00e9arn, &": 1, "Minist\u00e8re": 1, "\u00c9glise de Charango": 1, "N'ai,": 1, "Ebit": 1, "Nantes": 1}, "year": "1719", "month": "09", "page": "6"}