{"ents_info": {"R\u00e9sident du eau ordre": {"label": "MISC", "kb_qid": null, "url_wikidata": null}, "Terres de l'Empire &": {"label": "LOC", "kb_qid": null, "url_wikidata": null}, "Lettre de r\u00e9cr\u00e9ance": {"label": "MISC", "kb_qid": null, "url_wikidata": null}, "S. M. I.": {"label": "PER", "kb_qid": "Q939", "url_wikidata": "https://www.wikidata.org/wiki/Q939"}, "CHARLES VI": {"label": "PER", "kb_qid": null, "url_wikidata": null}, "Votre S\u00e9r\u00e9nit\u00e9": {"label": "MISC", "kb_qid": null, "url_wikidata": null}, "R\u00e9sident": {"label": "PER", "kb_qid": "Q7315424", "url_wikidata": "https://www.wikidata.org/wiki/Q7315424"}, "Abraham Dessellons": {"label": "PER", "kb_qid": null, "url_wikidata": null}, "Cour": {"label": "LOC", "kb_qid": "Q3001001", "url_wikidata": "https://www.wikidata.org/wiki/Q3001001"}, "Nous souhaitons": {"label": "MISC", "kb_qid": null, "url_wikidata": null}, "Votre S\u00e9r\u00e9nit\u00e9 toutes sortes de prosp\u00e9rit\u00e9": {"label": "MISC", "kb_qid": null, "url_wikidata": null}, "Vienne": {"label": "LOC", "kb_qid": "Q26849", "url_wikidata": "https://www.wikidata.org/wiki/Q26849"}, "Mr. Rose": {"label": "MISC", "kb_qid": null, "url_wikidata": null}, "Ministre Moscovite": {"label": "ORG", "kb_qid": null, "url_wikidata": null}, "Agent": {"label": "MISC", "kb_qid": "Q2661073", "url_wikidata": "https://www.wikidata.org/wiki/Q2661073"}, "Czar": {"label": "LOC", "kb_qid": "Q44356", "url_wikidata": "https://www.wikidata.org/wiki/Q44356"}, "Sil\u00e9sie": {"label": "LOC", "kb_qid": "Q675032", "url_wikidata": "https://www.wikidata.org/wiki/Q675032"}, "Baron D'\u00e9chaul\u00e9": {"label": "MISC", "kb_qid": null, "url_wikidata": null}, "Envoy\u00e9 du Duc de Mecklembourg-Schwerin": {"label": "MISC", "kb_qid": null, "url_wikidata": null}, "Duc son Ma\u00eetre": {"label": "PER", "kb_qid": null, "url_wikidata": null}, "M\u00e9moires": {"label": "MISC", "kb_qid": "Q112983", "url_wikidata": "https://www.wikidata.org/wiki/Q112983"}, "Prince": {"label": "PER", "kb_qid": "Q131719", "url_wikidata": "https://www.wikidata.org/wiki/Q131719"}, "Comte de Merci": {"label": "PER", "kb_qid": null, "url_wikidata": null}, "Arm\u00e9e Imp\u00e9riale": {"label": "ORG", "kb_qid": "Q1721681", "url_wikidata": "https://www.wikidata.org/wiki/Q1721681"}, "Sicile": {"label": "LOC", "kb_qid": "Q188586", "url_wikidata": "https://www.wikidata.org/wiki/Q188586"}, "Comte de de  asse": {"label": "PER", "kb_qid": null, "url_wikidata": null}, "Prince de Campant": {"label": "PER", "kb_qid": null, "url_wikidata": null}, "Grand d'Espagne": {"label": "LOC", "kb_qid": "Q3907844", "url_wikidata": "https://www.wikidata.org/wiki/Q3907844"}, "Campant": {"label": "LOC", "kb_qid": null, "url_wikidata": null}, "Ce Seigneur": {"label": "MISC", "kb_qid": null, "url_wikidata": null}}, "ents_freq": {"R\u00e9sident du eau ordre": 1, "Terres de l'Empire &": 1, "Lettre de r\u00e9cr\u00e9ance": 1, "S. M. I.": 2, "CHARLES VI": 1, "Votre S\u00e9r\u00e9nit\u00e9": 1, "R\u00e9sident": 2, "Abraham Dessellons": 1, "Cour": 1, "Nous souhaitons": 1, "Votre S\u00e9r\u00e9nit\u00e9 toutes sortes de prosp\u00e9rit\u00e9": 1, "Vienne": 2, "Mr. Rose": 1, "Ministre Moscovite": 1, "Agent": 1, "Czar": 1, "Sil\u00e9sie": 1, "Baron D'\u00e9chaul\u00e9": 1, "Envoy\u00e9 du Duc de Mecklembourg-Schwerin": 1, "Duc son Ma\u00eetre": 1, "M\u00e9moires": 1, "Prince": 1, "Comte de Merci": 1, "Arm\u00e9e Imp\u00e9riale": 1, "Sicile": 1, "Comte de de  asse": 1, "Prince de Campant": 1, "Grand d'Espagne": 1, "Campant": 1, "Ce Seigneur": 1}, "year": "1719", "month": "05", "page": "59"}