{"ents_info": {"C Cabinet": {"label": "MISC", "kb_qid": null, "url_wikidata": null}, "Journal": {"label": "MISC", "kb_qid": null, "url_wikidata": null}, "Cour": {"label": "LOC", "kb_qid": null, "url_wikidata": null}, "Roi de Sue": {"label": "PER", "kb_qid": null, "url_wikidata": null}, "Duc de But-on &": {"label": "PER", "kb_qid": null, "url_wikidata": null}, "La Br\u00e8le-y": {"label": "LOC", "kb_qid": null, "url_wikidata": null}, "Vice-royaut\u00e9 d'Irlande": {"label": "LOC", "kb_qid": null, "url_wikidata": null}, "Portsmouth": {"label": "LOC", "kb_qid": null, "url_wikidata": null}, "Vaisseaux": {"label": "MISC", "kb_qid": null, "url_wikidata": null}, "Amiral Norrois": {"label": "PER", "kb_qid": null, "url_wikidata": null}, "Officiers": {"label": "ORG", "kb_qid": null, "url_wikidata": null}, "Postes": {"label": "ORG", "kb_qid": null, "url_wikidata": null}, "d'Espagne": {"label": "LOC", "kb_qid": null, "url_wikidata": null}, "Chevalier de Saint-George": {"label": "PER", "kb_qid": null, "url_wikidata": null}, "Madrid": {"label": "LOC", "kb_qid": null, "url_wikidata": null}, "Espagnols": {"label": "LOC", "kb_qid": null, "url_wikidata": null}, "Ypres": {"label": "LOC", "kb_qid": null, "url_wikidata": null}, "Londres": {"label": "LOC", "kb_qid": null, "url_wikidata": null}, "Comte": {"label": "PER", "kb_qid": null, "url_wikidata": null}, "Mars": {"label": "PER", "kb_qid": null, "url_wikidata": null}, "Flotte": {"label": "MISC", "kb_qid": null, "url_wikidata": null}, "Cadix": {"label": "LOC", "kb_qid": null, "url_wikidata": null}, "Vid\u00e9os": {"label": "MISC", "kb_qid": null, "url_wikidata": null}, "Dix": {"label": "MISC", "kb_qid": null, "url_wikidata": null}, "Angleterre": {"label": "LOC", "kb_qid": null, "url_wikidata": null}, "& les Puissances Alli\u00e9es": {"label": "MISC", "kb_qid": null, "url_wikidata": null}}, "ents_freq": {"C Cabinet": 1, "Journal": 1, "Cour": 1, "Roi de Sue": 1, "Duc de But-on &": 1, "La Br\u00e8le-y": 1, "Vice-royaut\u00e9 d'Irlande": 1, "Portsmouth": 1, "Vaisseaux": 1, "Amiral Norrois": 1, "Officiers": 1, "Postes": 1, "d'Espagne": 1, "Chevalier de Saint-George": 1, "Madrid": 1, "Espagnols": 1, "Ypres": 1, "Londres": 2, "Comte": 1, "Mars": 1, "Flotte": 1, "Cadix": 1, "Vid\u00e9os": 1, "Dix": 1, "Angleterre": 1, "& les Puissances Alli\u00e9es": 1}, "year": "1719", "month": "05", "page": "75"}