{"ents_info": {"Princes e Mai": {"label": "LOC", "kb_qid": null, "url_wikidata": null}, "3ES 2  L. S.": {"label": "MISC", "kb_qid": null, "url_wikidata": null}, "Jobs": {"label": "PER", "kb_qid": "Q19837", "url_wikidata": "https://www.wikidata.org/wiki/Q19837"}, "Hermann": {"label": "PER", "kb_qid": "Q983344", "url_wikidata": "https://www.wikidata.org/wiki/Q983344"}, "L. S.": {"label": "PER", "kb_qid": "Q1367913", "url_wikidata": "https://www.wikidata.org/wiki/Q1367913"}, "SANDERLING P. D Bois": {"label": "PER", "kb_qid": null, "url_wikidata": null}, "Holmes": {"label": "PER", "kb_qid": "Q4653", "url_wikidata": "https://www.wikidata.org/wiki/Q4653"}, "L.S": {"label": "PER", "kb_qid": null, "url_wikidata": null}, "L. S. J. RANGS.": {"label": "PER", "kb_qid": null, "url_wikidata": null}, "J. PROFANA.": {"label": "PER", "kb_qid": null, "url_wikidata": null}, "Plein- Pouvoir": {"label": "MISC", "kb_qid": null, "url_wikidata": null}, "Roi de France": {"label": "PER", "kb_qid": "Q18384454", "url_wikidata": "https://www.wikidata.org/wiki/Q18384454"}, "Grace de Dieu": {"label": "MISC", "kb_qid": null, "url_wikidata": null}, "Roi de France IL de Navarre?": {"label": "PER", "kb_qid": null, "url_wikidata": null}, "Lettres": {"label": "MISC", "kb_qid": "Q841090", "url_wikidata": "https://www.wikidata.org/wiki/Q841090"}, "SA IUT": {"label": "ORG", "kb_qid": null, "url_wikidata": null}, "Nous avons eue": {"label": "MISC", "kb_qid": null, "url_wikidata": null}, "Tr\u00f4ne": {"label": "LOC", "kb_qid": "Q189233", "url_wikidata": "https://www.wikidata.org/wiki/Q189233"}, "Trait\u00e9s d'Utrecht & de Bade": {"label": "MISC", "kb_qid": null, "url_wikidata": null}, "Trait\u00e9s": {"label": "MISC", "kb_qid": "Q131569", "url_wikidata": "https://www.wikidata.org/wiki/Q131569"}, "Londres": {"label": "LOC", "kb_qid": "Q84", "url_wikidata": "https://www.wikidata.org/wiki/Q84"}, "Ministres Pl\u00e9nipotentiaires de narre tes-cher & tes-arm\u00e9 Frire l'Empereur des Romains, & ceux de narre": {"label": "MISC", "kb_qid": null, "url_wikidata": null}, "Aix": {"label": "LOC", "kb_qid": "Q181955", "url_wikidata": "https://www.wikidata.org/wiki/Q181955"}, "Frire l'Empereur des Romans & notre tes": {"label": "PER", "kb_qid": null, "url_wikidata": null}, "Frire & Oncle ile Roi d'Espagne": {"label": "MISC", "kb_qid": null, "url_wikidata": null}, "Frire Empereur des Romains": {"label": "PER", "kb_qid": null, "url_wikidata": null}, "& notre tes": {"label": "MISC", "kb_qid": null, "url_wikidata": null}, "Frire & Grand l'erre": {"label": "MISC", "kb_qid": null, "url_wikidata": null}, "Roi de Sicile": {"label": "PER", "kb_qid": "Q188586", "url_wikidata": "https://www.wikidata.org/wiki/Q188586"}, "Frire & Grand-Perd le Roi de Sicile": {"label": "MISC", "kb_qid": null, "url_wikidata": null}}, "ents_freq": {"Princes e Mai": 1, "3ES 2  L. S.": 1, "Jobs": 1, "Hermann": 1, "L. S.": 6, "SANDERLING P. D Bois": 1, "Holmes": 1, "L.S": 1, "L. S. J. RANGS.": 1, "J. PROFANA.": 1, "Plein- Pouvoir": 1, "Roi de France": 1, "Grace de Dieu": 1, "Roi de France IL de Navarre?": 1, "Lettres": 1, "SA IUT": 1, "Nous avons eue": 1, "Tr\u00f4ne": 1, "Trait\u00e9s d'Utrecht & de Bade": 1, "Trait\u00e9s": 1, "Londres": 1, "Ministres Pl\u00e9nipotentiaires de narre tes-cher & tes-arm\u00e9 Frire l'Empereur des Romains, & ceux de narre": 1, "Aix": 1, "Frire l'Empereur des Romans & notre tes": 1, "Frire & Oncle ile Roi d'Espagne": 1, "Frire Empereur des Romains": 1, "& notre tes": 1, "Frire & Grand l'erre": 1, "Roi de Sicile": 1, "Frire & Grand-Perd le Roi de Sicile": 1}, "year": "1719", "month": "05", "page": "34"}