{"ents_info": {"Prises": {"label": "MISC", "kb_qid": null, "url_wikidata": null}, "Octobre 119": {"label": "MISC", "kb_qid": null, "url_wikidata": null}, "Ce Brown": {"label": "MISC", "kb_qid": null, "url_wikidata": null}, "Frelate": {"label": "LOC", "kb_qid": null, "url_wikidata": null}, "Copenhague &": {"label": "ORG", "kb_qid": null, "url_wikidata": null}, "Asseaux": {"label": "LOC", "kb_qid": null, "url_wikidata": null}, "Ier": {"label": "PER", "kb_qid": null, "url_wikidata": null}, "Aura Ni toit": {"label": "MISC", "kb_qid": null, "url_wikidata": null}, "Pot de Cru &": {"label": "MISC", "kb_qid": null, "url_wikidata": null}, "aveclesqels": {"label": "PER", "kb_qid": null, "url_wikidata": null}, "Ha": {"label": "MISC", "kb_qid": null, "url_wikidata": null}, "F": {"label": "LOC", "kb_qid": null, "url_wikidata": null}, "& Jess Texte": {"label": "MISC", "kb_qid": null, "url_wikidata": null}, "bien-Retraite": {"label": "MISC", "kb_qid": null, "url_wikidata": null}, "Sud": {"label": "LOC", "kb_qid": null, "url_wikidata": null}, "G": {"label": "LOC", "kb_qid": null, "url_wikidata": null}, "Czar": {"label": "PER", "kb_qid": null, "url_wikidata": null}, "De de Bretagne Roi": {"label": "PER", "kb_qid": null, "url_wikidata": null}, "P": {"label": "LOC", "kb_qid": null, "url_wikidata": null}, "Reine & du Sent": {"label": "MISC", "kb_qid": null, "url_wikidata": null}, "Ri de Danemark": {"label": "PER", "kb_qid": null, "url_wikidata": null}, "fat": {"label": "MISC", "kb_qid": null, "url_wikidata": null}, "Flotte &": {"label": "ORG", "kb_qid": null, "url_wikidata": null}, "Guerres \u00e0 Revue!": {"label": "MISC", "kb_qid": null, "url_wikidata": null}, "Lettres": {"label": "MISC", "kb_qid": null, "url_wikidata": null}, "cette Ville": {"label": "LOC", "kb_qid": null, "url_wikidata": null}, "Danemark": {"label": "LOC", "kb_qid": null, "url_wikidata": null}, "MMA": {"label": "ORG", "kb_qid": null, "url_wikidata": null}, "Roi": {"label": "PER", "kb_qid": null, "url_wikidata": null}, "Daredare": {"label": "PER", "kb_qid": null, "url_wikidata": null}, "Bas": {"label": "LOC", "kb_qid": null, "url_wikidata": null}, "Lettres d 4": {"label": "MISC", "kb_qid": null, "url_wikidata": null}, "Prince": {"label": "PER", "kb_qid": null, "url_wikidata": null}, "Stroma": {"label": "PER", "kb_qid": null, "url_wikidata": null}, "Aime, & le f\u00e9ral Roi": {"label": "MISC", "kb_qid": null, "url_wikidata": null}, "O Laval": {"label": "PER", "kb_qid": null, "url_wikidata": null}, "Corps de Troupes Su\u00e9doises": {"label": "ORG", "kb_qid": null, "url_wikidata": null}, "Amiral": {"label": "PER", "kb_qid": null, "url_wikidata": null}, "ch\u00e2teau d'E": {"label": "LOC", "kb_qid": null, "url_wikidata": null}, "AOT": {"label": "ORG", "kb_qid": null, "url_wikidata": null}, "ace": {"label": "MISC", "kb_qid": null, "url_wikidata": null}}, "ents_freq": {"Prises": 1, "Octobre 119": 1, "Ce Brown": 1, "Frelate": 1, "Copenhague &": 1, "Asseaux": 1, "Ier": 1, "Aura Ni toit": 1, "Pot de Cru &": 1, "aveclesqels": 1, "Ha": 1, "F": 1, "& Jess Texte": 1, "bien-Retraite": 1, "Sud": 1, "G": 1, "Czar": 1, "De de Bretagne Roi": 1, "P": 1, "Reine & du Sent": 1, "Ri de Danemark": 1, "fat": 1, "Flotte &": 1, "Guerres \u00e0 Revue!": 1, "Lettres": 1, "cette Ville": 1, "Danemark": 1, "MMA": 1, "Roi": 1, "Daredare": 1, "Bas": 1, "Lettres d 4": 1, "Prince": 1, "Stroma": 1, "Aime, & le f\u00e9ral Roi": 1, "O Laval": 1, "Corps de Troupes Su\u00e9doises": 1, "Amiral": 1, "ch\u00e2teau d'E": 1, "AOT": 1, "ace": 1}, "year": "1719", "month": "10", "page": "76"}