{"ents_info": {"Princes": {"label": "LOC", "kb_qid": "Q2747456", "url_wikidata": "https://www.wikidata.org/wiki/Q2747456"}, "R": {"label": "LOC", "kb_qid": "Q29468", "url_wikidata": "https://www.wikidata.org/wiki/Q29468"}, "Pologne": {"label": "LOC", "kb_qid": "Q36", "url_wikidata": "https://www.wikidata.org/wiki/Q36"}, "Cour loterie": {"label": "MISC", "kb_qid": null, "url_wikidata": null}, "Elie": {"label": "MISC", "kb_qid": "Q133507", "url_wikidata": "https://www.wikidata.org/wiki/Q133507"}, "Religion la Te": {"label": "MISC", "kb_qid": null, "url_wikidata": null}, "la Retour chaton aux \u00c9tats de la Maison d'Auto": {"label": "MISC", "kb_qid": null, "url_wikidata": null}, "D u": {"label": "PER", "kb_qid": null, "url_wikidata": null}, "Journal pi\u00e8ce dent": {"label": "MISC", "kb_qid": null, "url_wikidata": null}, "Sa M I.": {"label": "PER", "kb_qid": null, "url_wikidata": null}, "Audience de la Chasse": {"label": "MISC", "kb_qid": null, "url_wikidata": null}, "Vienne": {"label": "LOC", "kb_qid": "Q1741", "url_wikidata": "https://www.wikidata.org/wiki/Q1741"}, "ds Mr. De Cava Ier": {"label": "PER", "kb_qid": null, "url_wikidata": null}, "Abondant": {"label": "LOC", "kb_qid": "Q2968032", "url_wikidata": "https://www.wikidata.org/wiki/Q2968032"}, "Sur de Vienne": {"label": "LOC", "kb_qid": null, "url_wikidata": null}, "Vn\u0308\u0301qalit\u00e9l'mbssu Ur": {"label": "PER", "kb_qid": null, "url_wikidata": null}, "Venise": {"label": "LOC", "kb_qid": "Q641", "url_wikidata": "https://www.wikidata.org/wiki/Q641"}, "Monarque,": {"label": "MISC", "kb_qid": null, "url_wikidata": null}, "Das": {"label": "MISC", "kb_qid": "Q13734", "url_wikidata": "https://www.wikidata.org/wiki/Q13734"}, "M'initie": {"label": "MISC", "kb_qid": null, "url_wikidata": null}, "Mr.": {"label": "PER", "kb_qid": null, "url_wikidata": null}, "O. S. M": {"label": "PER", "kb_qid": null, "url_wikidata": null}, "Cerf": {"label": "LOC", "kb_qid": "Q273837", "url_wikidata": "https://www.wikidata.org/wiki/Q273837"}, "Ebersdorf": {"label": "LOC", "kb_qid": "Q518398", "url_wikidata": "https://www.wikidata.org/wiki/Q518398"}, "Sera": {"label": "MISC", "kb_qid": "Q124848", "url_wikidata": "https://www.wikidata.org/wiki/Q124848"}, "Mahler": {"label": "PER", "kb_qid": "Q7304", "url_wikidata": "https://www.wikidata.org/wiki/Q7304"}, "Bagages d\u00e9fra\u00eechi": {"label": "MISC", "kb_qid": null, "url_wikidata": null}, "Nour \u00e8re no z": {"label": "MISC", "kb_qid": null, "url_wikidata": null}, "Dresde": {"label": "LOC", "kb_qid": "Q1731", "url_wikidata": "https://www.wikidata.org/wiki/Q1731"}, "Off-Iers": {"label": "PER", "kb_qid": null, "url_wikidata": null}, "Fronti\u00e8re": {"label": "LOC", "kb_qid": "Q133346", "url_wikidata": "https://www.wikidata.org/wiki/Q133346"}, "Empereur je Prince": {"label": "PER", "kb_qid": null, "url_wikidata": null}, "Eux": {"label": "PER", "kb_qid": "Q21657983", "url_wikidata": "https://www.wikidata.org/wiki/Q21657983"}, "Cil": {"label": "PER", "kb_qid": "Q160108", "url_wikidata": "https://www.wikidata.org/wiki/Q160108"}, "u": {"label": "PER", "kb_qid": "Q29653", "url_wikidata": "https://www.wikidata.org/wiki/Q29653"}}, "ents_freq": {"Princes": 1, "R": 1, "Pologne": 1, "Cour loterie": 1, "Elie": 1, "Religion la Te": 1, "la Retour chaton aux \u00c9tats de la Maison d'Auto": 1, "D u": 1, "Journal pi\u00e8ce dent": 1, "Sa M I.": 1, "Audience de la Chasse": 1, "Vienne": 2, "ds Mr. De Cava Ier": 1, "Abondant": 1, "Sur de Vienne": 1, "Vn\u0308\u0301qalit\u00e9l'mbssu Ur": 1, "Venise": 2, "Monarque,": 1, "Das": 1, "M'initie": 1, "Mr.": 1, "O. S. M": 1, "Cerf": 1, "Ebersdorf": 1, "Sera": 1, "Mahler": 1, "Bagages d\u00e9fra\u00eechi": 1, "Nour \u00e8re no z": 1, "Dresde": 1, "Off-Iers": 1, "Fronti\u00e8re": 1, "Empereur je Prince": 1, "Eux": 1, "Cil": 1, "u": 1}, "year": "1719", "month": "10", "page": "60"}