{"ents_info": {"Princes": {"label": "LOC", "kb_qid": "Q2747456", "url_wikidata": "https://www.wikidata.org/wiki/Q2747456"}, "Compagnie": {"label": "ORG", "kb_qid": "Q83164", "url_wikidata": "https://www.wikidata.org/wiki/Q83164"}, "La Compabenefice": {"label": "MISC", "kb_qid": null, "url_wikidata": null}, "Inde": {"label": "LOC", "kb_qid": "Q668", "url_wikidata": "https://www.wikidata.org/wiki/Q668"}, "Ho": {"label": "LOC", "kb_qid": "Q615006", "url_wikidata": "https://www.wikidata.org/wiki/Q615006"}, "o6": {"label": "LOC", "kb_qid": "Q8452", "url_wikidata": "https://www.wikidata.org/wiki/Q8452"}, "Mon\u00f4mes": {"label": "LOC", "kb_qid": "Q243723", "url_wikidata": "https://www.wikidata.org/wiki/Q243723"}, "S. M.": {"label": "PER", "kb_qid": "Q669458", "url_wikidata": "https://www.wikidata.org/wiki/Q669458"}, "A": {"label": "LOC", "kb_qid": "Q126344", "url_wikidata": "https://www.wikidata.org/wiki/Q126344"}, "de France": {"label": "LOC", "kb_qid": "Q2935365", "url_wikidata": "https://www.wikidata.org/wiki/Q2935365"}, "Pays": {"label": "LOC", "kb_qid": "Q43702", "url_wikidata": "https://www.wikidata.org/wiki/Q43702"}, "Mmes": {"label": "MISC", "kb_qid": null, "url_wikidata": null}, "Ebit": {"label": "ORG", "kb_qid": "Q720862", "url_wikidata": "https://www.wikidata.org/wiki/Q720862"}, "Mai 8 &": {"label": "MISC", "kb_qid": null, "url_wikidata": null}, "premier Ao\u00fbt": {"label": "MISC", "kb_qid": "Q2788", "url_wikidata": "https://www.wikidata.org/wiki/Q2788"}, "Sa Maj.": {"label": "PER", "kb_qid": null, "url_wikidata": null}, "Esp\u00e8ces": {"label": "PER", "kb_qid": "Q240532", "url_wikidata": "https://www.wikidata.org/wiki/Q240532"}, "Mon\u00f4mes, &": {"label": "MISC", "kb_qid": null, "url_wikidata": null}, "EL": {"label": "LOC", "kb_qid": "Q881184", "url_wikidata": "https://www.wikidata.org/wiki/Q881184"}, "Espaces": {"label": "ORG", "kb_qid": "Q3058346", "url_wikidata": "https://www.wikidata.org/wiki/Q3058346"}, "Actons": {"label": "LOC", "kb_qid": null, "url_wikidata": null}, "Combi": {"label": "MISC", "kb_qid": "Q1819861", "url_wikidata": "https://www.wikidata.org/wiki/Q1819861"}, "ions Sa;.": {"label": "ORG", "kb_qid": null, "url_wikidata": null}, "Arr\u00eat d 2": {"label": "MISC", "kb_qid": null, "url_wikidata": null}}, "ents_freq": {"Princes": 1, "Compagnie": 3, "La Compabenefice": 1, "Inde": 1, "Ho": 1, "o6": 1, "Mon\u00f4mes": 1, "S. M.": 2, "A": 1, "de France": 1, "Pays": 1, "Mmes": 1, "Ebit": 1, "Mai 8 &": 1, "premier Ao\u00fbt": 1, "Sa Maj.": 1, "Esp\u00e8ces": 1, "Mon\u00f4mes, &": 1, "EL": 1, "Espaces": 1, "Actons": 1, "Combi": 1, "ions Sa;.": 1, "Arr\u00eat d 2": 1}, "year": "1719", "month": "09", "page": "56"}