{"ents_info": {"Princes": {"label": "LOC", "kb_qid": null, "url_wikidata": null}, "299 Ier Cours": {"label": "LOC", "kb_qid": null, "url_wikidata": null}, "De Te D'EUR": {"label": "MISC", "kb_qid": null, "url_wikidata": null}, "Marquis de Lede du Camp de Fran\u00e7ais": {"label": "PER", "kb_qid": null, "url_wikidata": null}, "Comte": {"label": "PER", "kb_qid": null, "url_wikidata": null}, "Lire": {"label": "PER", "kb_qid": null, "url_wikidata": null}, "At At": {"label": "LOC", "kb_qid": null, "url_wikidata": null}, "Sa Mai Lede": {"label": "PER", "kb_qid": null, "url_wikidata": null}, "Je ne puis encore savoir le nombre": {"label": "MISC", "kb_qid": null, "url_wikidata": null}, "Troupes &": {"label": "ORG", "kb_qid": null, "url_wikidata": null}, "Inexp\u00e9rience": {"label": "MISC", "kb_qid": null, "url_wikidata": null}, "Hansen": {"label": "PER", "kb_qid": null, "url_wikidata": null}, "Chevalier de Lede & Dom Juan Caracole": {"label": "PER", "kb_qid": null, "url_wikidata": null}, "Brigadier Dom Pedro": {"label": "PER", "kb_qid": null, "url_wikidata": null}, "V. E.": {"label": "PER", "kb_qid": null, "url_wikidata": null}, "Pres dent &": {"label": "ORG", "kb_qid": null, "url_wikidata": null}, "Sent": {"label": "MISC", "kb_qid": null, "url_wikidata": null}, "Secr\u00e9taire &": {"label": "ORG", "kb_qid": null, "url_wikidata": null}, "Dieu": {"label": "MISC", "kb_qid": null, "url_wikidata": null}, "Te D'EUR": {"label": "MISC", "kb_qid": null, "url_wikidata": null}}, "ents_freq": {"Princes": 1, "299 Ier Cours": 1, "De Te D'EUR": 1, "Marquis de Lede du Camp de Fran\u00e7ais": 1, "Comte": 1, "Lire": 1, "At At": 1, "Sa Mai Lede": 1, "Je ne puis encore savoir le nombre": 1, "Troupes &": 1, "Inexp\u00e9rience": 1, "Hansen": 1, "Chevalier de Lede & Dom Juan Caracole": 1, "Brigadier Dom Pedro": 1, "V. E.": 1, "Pres dent &": 1, "Sent": 1, "Secr\u00e9taire &": 1, "Dieu": 2, "Te D'EUR": 1}, "year": "1719", "month": "09", "page": "40"}