{"ents_info": {"Princes": {"label": "LOC", "kb_qid": null, "url_wikidata": null}, "Roi de Sardaigne": {"label": "PER", "kb_qid": null, "url_wikidata": null}, "Ekat": {"label": "LOC", "kb_qid": null, "url_wikidata": null}, "Milan": {"label": "LOC", "kb_qid": null, "url_wikidata": null}, "Roi": {"label": "PER", "kb_qid": null, "url_wikidata": null}, "Contractant,": {"label": "MISC", "kb_qid": null, "url_wikidata": null}, "Sa Maj. Imp\u00e9riale": {"label": "MISC", "kb_qid": null, "url_wikidata": null}, "Prince": {"label": "PER", "kb_qid": null, "url_wikidata": null}, "Duch\u00e9 de Montserrat": {"label": "LOC", "kb_qid": null, "url_wikidata": null}, "Lettres d'Expectatives": {"label": "MISC", "kb_qid": null, "url_wikidata": null}, "\u00c9tats": {"label": "LOC", "kb_qid": null, "url_wikidata": null}, "Grand Duc de Toscane": {"label": "LOC", "kb_qid": null, "url_wikidata": null}, "Duc de Parme": {"label": "PER", "kb_qid": null, "url_wikidata": null}, "Reine d'Espagne": {"label": "PER", "kb_qid": null, "url_wikidata": null}, "l'Empire": {"label": "LOC", "kb_qid": null, "url_wikidata": null}, "Sa Maj.": {"label": "MISC", "kb_qid": null, "url_wikidata": null}, "Prince de la Maison d'Autriche": {"label": "PER", "kb_qid": null, "url_wikidata": null}, "Provinces & \u00c9tats d'Italie": {"label": "MISC", "kb_qid": null, "url_wikidata": null}, "\u00c9tats de Toscane & de Parme": {"label": "LOC", "kb_qid": null, "url_wikidata": null}, "Alli\u00e9s": {"label": "MISC", "kb_qid": null, "url_wikidata": null}, "Sicile": {"label": "LOC", "kb_qid": null, "url_wikidata": null}, "Royaume": {"label": "LOC", "kb_qid": null, "url_wikidata": null}, "Trait\u00e9": {"label": "MISC", "kb_qid": null, "url_wikidata": null}, "la Paix": {"label": "MISC", "kb_qid": null, "url_wikidata": null}, "entre-Elle & les Rois d'Espagne & de Sardaigne": {"label": "ORG", "kb_qid": null, "url_wikidata": null}}, "ents_freq": {"Princes": 2, "Roi de Sardaigne": 3, "Ekat": 1, "Milan": 1, "Roi": 2, "Contractant,": 1, "Sa Maj. Imp\u00e9riale": 1, "Prince": 1, "Duch\u00e9 de Montserrat": 1, "Lettres d'Expectatives": 1, "\u00c9tats": 1, "Grand Duc de Toscane": 1, "Duc de Parme": 1, "Reine d'Espagne": 1, "l'Empire": 1, "Sa Maj.": 3, "Prince de la Maison d'Autriche": 1, "Provinces & \u00c9tats d'Italie": 1, "\u00c9tats de Toscane & de Parme": 1, "Alli\u00e9s": 1, "Sicile": 1, "Royaume": 1, "Trait\u00e9": 1, "la Paix": 1, "entre-Elle & les Rois d'Espagne & de Sardaigne": 1}, "year": "1719", "month": "05", "page": "22"}