{"ents_info": {"e. Octobre": {"label": "PER", "kb_qid": null, "url_wikidata": null}, "CS": {"label": "MISC", "kb_qid": "Q3614302", "url_wikidata": "https://www.wikidata.org/wiki/Q3614302"}, "Moine l\u00e9gers": {"label": "MISC", "kb_qid": null, "url_wikidata": null}, "D\u00e9truisent": {"label": "MISC", "kb_qid": null, "url_wikidata": null}, "Ne lister": {"label": "MISC", "kb_qid": null, "url_wikidata": null}, "Sa!voir": {"label": "LOC", "kb_qid": null, "url_wikidata": null}, "De au jeu d'int\u00e9ress\u00e9 C": {"label": "MISC", "kb_qid": null, "url_wikidata": null}, "Das": {"label": "MISC", "kb_qid": "Q13734", "url_wikidata": "https://www.wikidata.org/wiki/Q13734"}, "Confr\u00e8res": {"label": "MISC", "kb_qid": "Q992253", "url_wikidata": "https://www.wikidata.org/wiki/Q992253"}, "Table placez": {"label": "MISC", "kb_qid": null, "url_wikidata": null}, "AOT": {"label": "ORG", "kb_qid": "Q759690", "url_wikidata": "https://www.wikidata.org/wiki/Q759690"}, "Point de ces hommes": {"label": "MISC", "kb_qid": null, "url_wikidata": null}, "Dont": {"label": "PER", "kb_qid": null, "url_wikidata": null}, "De mile frivoles": {"label": "MISC", "kb_qid": null, "url_wikidata": null}, "La e forcera": {"label": "MISC", "kb_qid": null, "url_wikidata": null}, "Le sage": {"label": "MISC", "kb_qid": "Q47595", "url_wikidata": "https://www.wikidata.org/wiki/Q47595"}, "A": {"label": "LOC", "kb_qid": "Q9659", "url_wikidata": "https://www.wikidata.org/wiki/Q9659"}, "Caton": {"label": "PER", "kb_qid": "Q180081", "url_wikidata": "https://www.wikidata.org/wiki/Q180081"}, "Rien de trop, c'et n'ocre": {"label": "MISC", "kb_qid": null, "url_wikidata": null}, "Que de ces amoureux de sirs,": {"label": "MISC", "kb_qid": null, "url_wikidata": null}, "Nul": {"label": "PER", "kb_qid": "Q3033506", "url_wikidata": "https://www.wikidata.org/wiki/Q3033506"}, "Aux genoux de la fibre Imite Laissons": {"label": "MISC", "kb_qid": null, "url_wikidata": null}, "A mat": {"label": "LOC", "kb_qid": null, "url_wikidata": null}, "Point d'am": {"label": "LOC", "kb_qid": null, "url_wikidata": null}, "Point": {"label": "PER", "kb_qid": "Q172008", "url_wikidata": "https://www.wikidata.org/wiki/Q172008"}, "Si nos bornes": {"label": "MISC", "kb_qid": null, "url_wikidata": null}}, "ents_freq": {"e. Octobre": 1, "CS": 1, "Moine l\u00e9gers": 1, "D\u00e9truisent": 1, "Ne lister": 1, "Sa!voir": 1, "De au jeu d'int\u00e9ress\u00e9 C": 1, "Das": 1, "Confr\u00e8res": 1, "Table placez": 1, "AOT": 1, "Point de ces hommes": 1, "Dont": 1, "De mile frivoles": 1, "La e forcera": 1, "Le sage": 1, "A": 1, "Caton": 1, "Rien de trop, c'et n'ocre": 1, "Que de ces amoureux de sirs,": 1, "Nul": 1, "Aux genoux de la fibre Imite Laissons": 1, "A mat": 1, "Point d'am": 1, "Point": 1, "Si nos bornes": 1}, "year": "1719", "month": "10", "page": "4"}