{"ents_info": {"c. Deneb": {"label": "PER", "kb_qid": null, "url_wikidata": null}, "R\u00e9publique": {"label": "MISC", "kb_qid": "Q7270", "url_wikidata": "https://www.wikidata.org/wiki/Q7270"}, "Article 26": {"label": "MISC", "kb_qid": "Q2865535", "url_wikidata": "https://www.wikidata.org/wiki/Q2865535"}, "Trait\u00e9 de Briefe": {"label": "MISC", "kb_qid": null, "url_wikidata": null}, "Commerce &": {"label": "ORG", "kb_qid": null, "url_wikidata": null}, "Articles dudit Taille!noter;": {"label": "MISC", "kb_qid": null, "url_wikidata": null}, "Trait\u00e9 \u00e9t\u00e9 conhirm\u00e9aIclui": {"label": "MISC", "kb_qid": null, "url_wikidata": null}, "Railla Grande Bretagne": {"label": "LOC", "kb_qid": null, "url_wikidata": null}, "I. & C.": {"label": "MISC", "kb_qid": null, "url_wikidata": null}, "Droit de l'Ekat": {"label": "MISC", "kb_qid": null, "url_wikidata": null}, "L. H. P.": {"label": "PER", "kb_qid": null, "url_wikidata": null}, "Navigation": {"label": "MISC", "kb_qid": "Q1413038", "url_wikidata": "https://www.wikidata.org/wiki/Q1413038"}, "Cie.ce": {"label": "LOC", "kb_qid": null, "url_wikidata": null}, "Indes": {"label": "LOC", "kb_qid": "Q2385925", "url_wikidata": "https://www.wikidata.org/wiki/Q2385925"}, "MI": {"label": "LOC", "kb_qid": "Q1166", "url_wikidata": "https://www.wikidata.org/wiki/Q1166"}, "Nuit & ledit Commerce": {"label": "MISC", "kb_qid": null, "url_wikidata": null}, "Octroi, lulu": {"label": "MISC", "kb_qid": null, "url_wikidata": null}, "ITraitzlitSe": {"label": "LOC", "kb_qid": null, "url_wikidata": null}, "L. H. P. Gr\u00e9": {"label": "PER", "kb_qid": null, "url_wikidata": null}, "Lorelei": {"label": "PER", "kb_qid": "Q4168", "url_wikidata": "https://www.wikidata.org/wiki/Q4168"}, "S. M. I.& C.": {"label": "PER", "kb_qid": null, "url_wikidata": null}, "& c soussign\u00e9 R\u00e9sident": {"label": "MISC", "kb_qid": null, "url_wikidata": null}, "V. Ex": {"label": "PER", "kb_qid": null, "url_wikidata": null}, "Directeurs desdites deux": {"label": "ORG", "kb_qid": null, "url_wikidata": null}, "Commande Ides Orientales & Occidentales": {"label": "MISC", "kb_qid": null, "url_wikidata": null}}, "ents_freq": {"c. Deneb": 1, "R\u00e9publique": 1, "Article 26": 1, "Trait\u00e9 de Briefe": 1, "Commerce &": 1, "Articles dudit Taille!noter;": 1, "Trait\u00e9 \u00e9t\u00e9 conhirm\u00e9aIclui": 1, "Railla Grande Bretagne": 1, "I. & C.": 1, "Droit de l'Ekat": 1, "L. H. P.": 1, "Navigation": 1, "Cie.ce": 1, "Indes": 1, "MI": 1, "Nuit & ledit Commerce": 1, "Octroi, lulu": 1, "ITraitzlitSe": 1, "L. H. P. Gr\u00e9": 1, "Lorelei": 1, "S. M. I.& C.": 1, "& c soussign\u00e9 R\u00e9sident": 1, "V. Ex": 2, "Directeurs desdites deux": 1, "Commande Ides Orientales & Occidentales": 1}, "year": "1724", "month": "12", "page": "6"}