{"ents_info": {"Princes": {"label": "LOC", "kb_qid": "Q2747456", "url_wikidata": "https://www.wikidata.org/wiki/Q2747456"}, "Elle des Chevaliers": {"label": "MISC", "kb_qid": null, "url_wikidata": null}, "Mr. Garibaldi Nonce Apologie": {"label": "PER", "kb_qid": null, "url_wikidata": null}, "Archiduchesse": {"label": "PER", "kb_qid": "Q154615", "url_wikidata": "https://www.wikidata.org/wiki/Q154615"}, "Marie Am\u00e9lie Carol e Loire": {"label": "PER", "kb_qid": null, "url_wikidata": null}, "Anne": {"label": "PER", "kb_qid": "Q119702", "url_wikidata": "https://www.wikidata.org/wiki/Q119702"}, "Marraine": {"label": "PER", "kb_qid": "Q3077746", "url_wikidata": "https://www.wikidata.org/wiki/Q3077746"}, "imp\u00e9ratrice Douairi\u00e8re": {"label": "PER", "kb_qid": "Q7409248", "url_wikidata": "https://www.wikidata.org/wiki/Q7409248"}, "Parrain": {"label": "PER", "kb_qid": "Q243556", "url_wikidata": "https://www.wikidata.org/wiki/Q243556"}, "Roi de Pologne": {"label": "PER", "kb_qid": "Q53460", "url_wikidata": "https://www.wikidata.org/wiki/Q53460"}, "Prince Emmanuel": {"label": "PER", "kb_qid": "Q2959004", "url_wikidata": "https://www.wikidata.org/wiki/Q2959004"}, "Ambassadeur": {"label": "PER", "kb_qid": "Q121998", "url_wikidata": "https://www.wikidata.org/wiki/Q121998"}, "S. M. Polonaise": {"label": "PER", "kb_qid": null, "url_wikidata": null}, "Prince de Trahison Gand Mitre d'H\u00f4tel de l'Empereur qi Dorsal": {"label": "PER", "kb_qid": null, "url_wikidata": null}, "OC": {"label": "MISC", "kb_qid": "Q99700", "url_wikidata": "https://www.wikidata.org/wiki/Q99700"}, "& le Prince de Crise, & le Comte de": {"label": "MISC", "kb_qid": null, "url_wikidata": null}, "Ciment\u00e9s Grands d'Espagne": {"label": "PER", "kb_qid": null, "url_wikidata": null}, "L\u00e9onie": {"label": "MISC", "kb_qid": "Q3271703", "url_wikidata": "https://www.wikidata.org/wiki/Q3271703"}, "Dignit\u00e9;": {"label": "MISC", "kb_qid": null, "url_wikidata": null}, "le Pince h\u00e9r\u00e9ditaire": {"label": "MISC", "kb_qid": null, "url_wikidata": null}, "Lors-une, les": {"label": "MISC", "kb_qid": null, "url_wikidata": null}, "Ministres": {"label": "MISC", "kb_qid": "Q83307", "url_wikidata": "https://www.wikidata.org/wiki/Q83307"}, "Noblesse": {"label": "MISC", "kb_qid": "Q134737", "url_wikidata": "https://www.wikidata.org/wiki/Q134737"}, "M. Du": {"label": "PER", "kb_qid": null, "url_wikidata": null}, "Il\u00e9ite D'.tir-": {"label": "MISC", "kb_qid": null, "url_wikidata": null}, "Jaunit": {"label": "PER", "kb_qid": "Q943", "url_wikidata": "https://www.wikidata.org/wiki/Q943"}, "Empilade": {"label": "MISC", "kb_qid": null, "url_wikidata": null}, "Recul": {"label": "LOC", "kb_qid": "Q3483600", "url_wikidata": "https://www.wikidata.org/wiki/Q3483600"}, "Ce Seigneur": {"label": "MISC", "kb_qid": null, "url_wikidata": null}, "Oie": {"label": "LOC", "kb_qid": "Q16529344", "url_wikidata": "https://www.wikidata.org/wiki/Q16529344"}, "Originaux Saga,na": {"label": "MISC", "kb_qid": null, "url_wikidata": null}, "Ier": {"label": "PER", "kb_qid": "Q898657", "url_wikidata": "https://www.wikidata.org/wiki/Q898657"}, "IInd Clivait": {"label": "ORG", "kb_qid": null, "url_wikidata": null}, "Iain": {"label": "PER", "kb_qid": "Q2757690", "url_wikidata": "https://www.wikidata.org/wiki/Q2757690"}, "S hiiotenbah": {"label": "PER", "kb_qid": null, "url_wikidata": null}, "l'Empereur": {"label": "PER", "kb_qid": "Q7721", "url_wikidata": "https://www.wikidata.org/wiki/Q7721"}, "Garde": {"label": "LOC", "kb_qid": "Q1090710", "url_wikidata": "https://www.wikidata.org/wiki/Q1090710"}, "Prince H\u00e9r\u00e9ditaire de Lorraine": {"label": "PER", "kb_qid": null, "url_wikidata": null}, "Cour": {"label": "LOC", "kb_qid": "Q3001001", "url_wikidata": "https://www.wikidata.org/wiki/Q3001001"}, "Madame Royale": {"label": "PER", "kb_qid": "Q1348170", "url_wikidata": "https://www.wikidata.org/wiki/Q1348170"}, "Marquis de Creil": {"label": "PER", "kb_qid": null, "url_wikidata": null}}, "ents_freq": {"Princes": 1, "Elle des Chevaliers": 1, "Mr. Garibaldi Nonce Apologie": 1, "Archiduchesse": 1, "Marie Am\u00e9lie Carol e Loire": 1, "Anne": 1, "Marraine": 1, "imp\u00e9ratrice Douairi\u00e8re": 1, "Parrain": 1, "Roi de Pologne": 1, "Prince Emmanuel": 1, "Ambassadeur": 1, "S. M. Polonaise": 1, "Prince de Trahison Gand Mitre d'H\u00f4tel de l'Empereur qi Dorsal": 1, "OC": 1, "& le Prince de Crise, & le Comte de": 1, "Ciment\u00e9s Grands d'Espagne": 1, "L\u00e9onie": 1, "Dignit\u00e9;": 1, "le Pince h\u00e9r\u00e9ditaire": 1, "Lors-une, les": 1, "Ministres": 1, "Noblesse": 1, "M. Du": 1, "Il\u00e9ite D'.tir-": 1, "Jaunit": 1, "Empilade": 1, "Recul": 1, "Ce Seigneur": 1, "Oie": 1, "Originaux Saga,na": 1, "Ier": 1, "IInd Clivait": 1, "Iain": 1, "S hiiotenbah": 1, "l'Empereur": 1, "Garde": 1, "Prince H\u00e9r\u00e9ditaire de Lorraine": 1, "Cour": 1, "Madame Royale": 1, "Marquis de Creil": 1}, "year": "1724", "month": "06", "page": "58"}