{"ents_info": {"64 La Clef du Cabinet": {"label": "MISC", "kb_qid": null, "url_wikidata": null}, "D\u00e9s le matin le Clerg\u00e9, la grande &": {"label": "MISC", "kb_qid": null, "url_wikidata": null}, "Noblesse, les Princes, Comtes, boyards, &": {"label": "MISC", "kb_qid": null, "url_wikidata": null}, "Seigneurs,": {"label": "MISC", "kb_qid": null, "url_wikidata": null}, "Ch\u00e2teau de Tremplin": {"label": "LOC", "kb_qid": null, "url_wikidata": null}, "Canon": {"label": "LOC", "kb_qid": null, "url_wikidata": null}, "Trompettes,": {"label": "MISC", "kb_qid": null, "url_wikidata": null}, "grande Salle": {"label": "MISC", "kb_qid": null, "url_wikidata": null}, "Pays": {"label": "LOC", "kb_qid": null, "url_wikidata": null}, "Dre du Car": {"label": "PER", "kb_qid": null, "url_wikidata": null}, "\u00c9tats de Russie": {"label": "LOC", "kb_qid": null, "url_wikidata": null}, "Souverain": {"label": "PER", "kb_qid": null, "url_wikidata": null}, "Pierre \u00c9lectivit\u00e9": {"label": "PER", "kb_qid": null, "url_wikidata": null}, "Empereur de la Grande Petite Russie": {"label": "PER", "kb_qid": null, "url_wikidata": null}, "Couronnement de l'Imp\u00e9ratrice": {"label": "MISC", "kb_qid": null, "url_wikidata": null}, "Camp de Peut": {"label": "MISC", "kb_qid": null, "url_wikidata": null}, "D\u00e9putez": {"label": "LOC", "kb_qid": null, "url_wikidata": null}, "Assembl\u00e9e": {"label": "ORG", "kb_qid": null, "url_wikidata": null}, "Princesse Imp\u00e9ratrice": {"label": "PER", "kb_qid": null, "url_wikidata": null}, "Russie": {"label": "LOC", "kb_qid": null, "url_wikidata": null}, "Grand Chancelier": {"label": "PER", "kb_qid": null, "url_wikidata": null}, "L. M.": {"label": "PER", "kb_qid": null, "url_wikidata": null}, "ausquelles Il": {"label": "PER", "kb_qid": null, "url_wikidata": null}, "De Czar": {"label": "PER", "kb_qid": null, "url_wikidata": null}, "Carine son \u00c9pouse": {"label": "MISC", "kb_qid": null, "url_wikidata": null}, "Cr\u00e9ole": {"label": "MISC", "kb_qid": null, "url_wikidata": null}, "Carole d'Ekat": {"label": "PER", "kb_qid": null, "url_wikidata": null}}, "ents_freq": {"64 La Clef du Cabinet": 1, "D\u00e9s le matin le Clerg\u00e9, la grande &": 1, "Noblesse, les Princes, Comtes, boyards, &": 1, "Seigneurs,": 1, "Ch\u00e2teau de Tremplin": 1, "Canon": 1, "Trompettes,": 1, "grande Salle": 1, "Pays": 1, "Dre du Car": 1, "\u00c9tats de Russie": 1, "Souverain": 1, "Pierre \u00c9lectivit\u00e9": 1, "Empereur de la Grande Petite Russie": 1, "Couronnement de l'Imp\u00e9ratrice": 1, "Camp de Peut": 1, "D\u00e9putez": 1, "Assembl\u00e9e": 1, "Princesse Imp\u00e9ratrice": 1, "Russie": 1, "Grand Chancelier": 1, "L. M.": 1, "ausquelles Il": 1, "De Czar": 1, "Carine son \u00c9pouse": 1, "Cr\u00e9ole": 1, "Carole d'Ekat": 1}, "year": "1724", "month": "07", "page": "63"}