{"ents_info": {"Cabine \u00e9on desdits Directeurs": {"label": "MISC", "kb_qid": null, "url_wikidata": null}, "l'Empereur": {"label": "PER", "kb_qid": "Q7721", "url_wikidata": "https://www.wikidata.org/wiki/Q7721"}, "Pays-Bas": {"label": "LOC", "kb_qid": "Q476033", "url_wikidata": "https://www.wikidata.org/wiki/Q476033"}, "Compagnie exclusive pour la Navigation & le Commerce des Indes": {"label": "ORG", "kb_qid": null, "url_wikidata": null}, "Trait\u00e9 de Munster": {"label": "MISC", "kb_qid": "Q681800", "url_wikidata": "https://www.wikidata.org/wiki/Q681800"}, "Climats": {"label": "MISC", "kb_qid": "Q2979124", "url_wikidata": "https://www.wikidata.org/wiki/Q2979124"}, "Europe": {"label": "LOC", "kb_qid": "Q46", "url_wikidata": "https://www.wikidata.org/wiki/Q46"}, "Directeurs desdites Soci\u00e9t\u00e9 d'Orient & d'Occident": {"label": "ORG", "kb_qid": null, "url_wikidata": null}, "Directeurs": {"label": "ORG", "kb_qid": "Q3029398", "url_wikidata": "https://www.wikidata.org/wiki/Q3029398"}, "Art": {"label": "MISC", "kb_qid": "Q735", "url_wikidata": "https://www.wikidata.org/wiki/Q735"}, "Trait\u00e9": {"label": "MISC", "kb_qid": "Q131569", "url_wikidata": "https://www.wikidata.org/wiki/Q131569"}, "Octrois de leurs Compagnes": {"label": "ORG", "kb_qid": null, "url_wikidata": null}, "Sujets des ProvincesUnies": {"label": "MISC", "kb_qid": null, "url_wikidata": null}, "Habitants des Royaumes, \u00c9tats, & Districts": {"label": "ORG", "kb_qid": null, "url_wikidata": null}, "Ob\u00e9issance de Philippe": {"label": "PER", "kb_qid": null, "url_wikidata": null}, "Clause suivante de l'Art": {"label": "MISC", "kb_qid": null, "url_wikidata": null}, "Trait\u00e9:": {"label": "MISC", "kb_qid": null, "url_wikidata": null}, "Navigation & Trafic": {"label": "MISC", "kb_qid": null, "url_wikidata": null}, "Indes Orientales & Occidentales": {"label": "LOC", "kb_qid": null, "url_wikidata": null}, "Octrois": {"label": "ORG", "kb_qid": "Q1270515", "url_wikidata": "https://www.wikidata.org/wiki/Q1270515"}, "Trait\u00e9 & la Ratification d'icelui, qui de part & d'autre": {"label": "MISC", "kb_qid": null, "url_wikidata": null}, "Nations & Peuples": {"label": "ORG", "kb_qid": null, "url_wikidata": null}}, "ents_freq": {"Cabine \u00e9on desdits Directeurs": 1, "l'Empereur": 1, "Pays-Bas": 1, "Compagnie exclusive pour la Navigation & le Commerce des Indes": 1, "Trait\u00e9 de Munster": 2, "Climats": 1, "Europe": 1, "Directeurs desdites Soci\u00e9t\u00e9 d'Orient & d'Occident": 1, "Directeurs": 1, "Art": 1, "Trait\u00e9": 2, "Octrois de leurs Compagnes": 1, "Sujets des ProvincesUnies": 1, "Habitants des Royaumes, \u00c9tats, & Districts": 1, "Ob\u00e9issance de Philippe": 1, "Clause suivante de l'Art": 1, "Trait\u00e9:": 1, "Navigation & Trafic": 1, "Indes Orientales & Occidentales": 1, "Octrois": 1, "Trait\u00e9 & la Ratification d'icelui, qui de part & d'autre": 1, "Nations & Peuples": 1}, "year": "1724", "month": "05", "page": "5"}