{"ents_info": {"Cabinet": {"label": "MISC", "kb_qid": "Q529012", "url_wikidata": "https://www.wikidata.org/wiki/Q529012"}, "jeunes Princesses": {"label": "MISC", "kb_qid": null, "url_wikidata": null}, "Remington": {"label": "LOC", "kb_qid": "Q1122504", "url_wikidata": "https://www.wikidata.org/wiki/Q1122504"}, "Portsmouth": {"label": "LOC", "kb_qid": "Q72259", "url_wikidata": "https://www.wikidata.org/wiki/Q72259"}, "Pays": {"label": "LOC", "kb_qid": "Q43702", "url_wikidata": "https://www.wikidata.org/wiki/Q43702"}, "Tour": {"label": "MISC", "kb_qid": "Q33881", "url_wikidata": "https://www.wikidata.org/wiki/Q33881"}, "Commerce te ce Royaume": {"label": "MISC", "kb_qid": null, "url_wikidata": null}, "Parlement": {"label": "ORG", "kb_qid": "Q1130737", "url_wikidata": "https://www.wikidata.org/wiki/Q1130737"}, "\u00e9tats d'Finlande": {"label": "MISC", "kb_qid": null, "url_wikidata": null}, "Vectoris\u00e9": {"label": "ORG", "kb_qid": "Q170130", "url_wikidata": "https://www.wikidata.org/wiki/Q170130"}, "Marquis de Montesson": {"label": "PER", "kb_qid": null, "url_wikidata": null}, "Cor de Avril": {"label": "MISC", "kb_qid": null, "url_wikidata": null}, "H. P.": {"label": "PER", "kb_qid": "Q210999", "url_wikidata": "https://www.wikidata.org/wiki/Q210999"}, "M\u00e9moire": {"label": "MISC", "kb_qid": "Q66221", "url_wikidata": "https://www.wikidata.org/wiki/Q66221"}, "& S. EX": {"label": "MISC", "kb_qid": null, "url_wikidata": null}, "Dollar": {"label": "ORG", "kb_qid": "Q1235672", "url_wikidata": "https://www.wikidata.org/wiki/Q1235672"}, "Assembl\u00e9e": {"label": "ORG", "kb_qid": "Q193582", "url_wikidata": "https://www.wikidata.org/wiki/Q193582"}, "mi-Septembre": {"label": "MISC", "kb_qid": "Q123", "url_wikidata": "https://www.wikidata.org/wiki/Q123"}, "Lettres d cr\u00e9ance": {"label": "MISC", "kb_qid": null, "url_wikidata": null}, "Prince & \u00c9v\u00eaque de Linge": {"label": "ORG", "kb_qid": null, "url_wikidata": null}, "Indes Orientales": {"label": "LOC", "kb_qid": "Q213663", "url_wikidata": "https://www.wikidata.org/wiki/Q213663"}, "Pays Bas": {"label": "LOC", "kb_qid": "Q29999", "url_wikidata": "https://www.wikidata.org/wiki/Q29999"}, "Bruxelles": {"label": "LOC", "kb_qid": "Q239", "url_wikidata": "https://www.wikidata.org/wiki/Q239"}, "Marquis & la Mouise": {"label": "ORG", "kb_qid": null, "url_wikidata": null}, "Pri\u00e9": {"label": "PER", "kb_qid": "Q2027217", "url_wikidata": "https://www.wikidata.org/wiki/Q2027217"}, "I5": {"label": "ORG", "kb_qid": "Q3562416", "url_wikidata": "https://www.wikidata.org/wiki/Q3562416"}, "Ostende": {"label": "LOC", "kb_qid": "Q12996", "url_wikidata": "https://www.wikidata.org/wiki/Q12996"}, "& S. Ex": {"label": "MISC", "kb_qid": null, "url_wikidata": null}, "Naissance de l'Imp\u00e9ratrice": {"label": "MISC", "kb_qid": null, "url_wikidata": null}, "Septembre": {"label": "MISC", "kb_qid": "Q3479004", "url_wikidata": "https://www.wikidata.org/wiki/Q3479004"}, "Comte de Orange Gouverneur": {"label": "PER", "kb_qid": null, "url_wikidata": null}, "G\u00eanera Marquis de Bonne val": {"label": "MISC", "kb_qid": null, "url_wikidata": null}, "Marquis de Pri\u00e9": {"label": "PER", "kb_qid": "Q677757", "url_wikidata": "https://www.wikidata.org/wiki/Q677757"}}, "ents_freq": {"Cabinet": 1, "jeunes Princesses": 1, "Remington": 1, "Portsmouth": 1, "Pays": 1, "Tour": 1, "Commerce te ce Royaume": 1, "Parlement": 1, "\u00e9tats d'Finlande": 1, "Vectoris\u00e9": 1, "Marquis de Montesson": 1, "Cor de Avril": 1, "H. P.": 1, "M\u00e9moire": 1, "& S. EX": 1, "Dollar": 1, "Assembl\u00e9e": 1, "mi-Septembre": 1, "Lettres d cr\u00e9ance": 1, "Prince & \u00c9v\u00eaque de Linge": 1, "Indes Orientales": 1, "Pays Bas": 1, "Bruxelles": 1, "Marquis & la Mouise": 1, "Pri\u00e9": 1, "I5": 1, "Ostende": 1, "& S. Ex": 1, "Naissance de l'Imp\u00e9ratrice": 1, "Septembre": 1, "Comte de Orange Gouverneur": 1, "G\u00eanera Marquis de Bonne val": 1, "Marquis de Pri\u00e9": 1}, "year": "1724", "month": "10", "page": "71"}