{"ents_info": {"La Chef du Cabinet \u00e9tendre ladite exclusion": {"label": "MISC", "kb_qid": null, "url_wikidata": null}, "Flamands": {"label": "LOC", "kb_qid": "Q242485", "url_wikidata": "https://www.wikidata.org/wiki/Q242485"}, "Habitants des Pais-Bas": {"label": "ORG", "kb_qid": null, "url_wikidata": null}, "Loi": {"label": "MISC", "kb_qid": "Q820655", "url_wikidata": "https://www.wikidata.org/wiki/Q820655"}, "Duc de Brabant": {"label": "PER", "kb_qid": "Q159856", "url_wikidata": "https://www.wikidata.org/wiki/Q159856"}, "Comte de Flandres": {"label": "PER", "kb_qid": "Q468968", "url_wikidata": "https://www.wikidata.org/wiki/Q468968"}, "Rois d'Espagne": {"label": "MISC", "kb_qid": null, "url_wikidata": null}, "Navigation & le Commerce des Indes": {"label": "MISC", "kb_qid": null, "url_wikidata": null}, "Nations de l'Europe": {"label": "ORG", "kb_qid": null, "url_wikidata": null}, "Noires & Marchandises": {"label": "ORG", "kb_qid": null, "url_wikidata": null}, "Souverains des Pais-Bas": {"label": "MISC", "kb_qid": null, "url_wikidata": null}, "Commerce des Renions": {"label": "ORG", "kb_qid": null, "url_wikidata": null}, "Sujets Espagnols": {"label": "MISC", "kb_qid": null, "url_wikidata": null}, "Castillans": {"label": "LOC", "kb_qid": "Q179293", "url_wikidata": "https://www.wikidata.org/wiki/Q179293"}, "Braban\u00e7ons": {"label": "LOC", "kb_qid": "Q159856", "url_wikidata": "https://www.wikidata.org/wiki/Q159856"}, "Fran\u00e7ois": {"label": "PER", "kb_qid": "Q129857", "url_wikidata": "https://www.wikidata.org/wiki/Q129857"}, "An lois & autres": {"label": "MISC", "kb_qid": null, "url_wikidata": null}, "Europ\u00e9ens on Sujets des Rois Catholiques": {"label": "MISC", "kb_qid": null, "url_wikidata": null}, "Habitants des Pais.": {"label": "ORG", "kb_qid": null, "url_wikidata": null}, "Autrichiens": {"label": "LOC", "kb_qid": "Q40", "url_wikidata": "https://www.wikidata.org/wiki/Q40"}, "S. M. I. & C.": {"label": "PER", "kb_qid": null, "url_wikidata": null}, "Souverainet\u00e9 desdites Provinces": {"label": "MISC", "kb_qid": null, "url_wikidata": null}, "Hollandais": {"label": "LOC", "kb_qid": "Q29999", "url_wikidata": "https://www.wikidata.org/wiki/Q29999"}, "Droit des gens": {"label": "MISC", "kb_qid": "Q160085", "url_wikidata": "https://www.wikidata.org/wiki/Q160085"}, "Commerce dans des endroits": {"label": "MISC", "kb_qid": null, "url_wikidata": null}}, "ents_freq": {"La Chef du Cabinet \u00e9tendre ladite exclusion": 1, "Flamands": 1, "Habitants des Pais-Bas": 1, "Loi": 1, "Duc de Brabant": 1, "Comte de Flandres": 1, "Rois d'Espagne": 2, "Navigation & le Commerce des Indes": 1, "Nations de l'Europe": 1, "Noires & Marchandises": 1, "Souverains des Pais-Bas": 1, "Commerce des Renions": 1, "Sujets Espagnols": 1, "Castillans": 1, "Braban\u00e7ons": 1, "Fran\u00e7ois": 1, "An lois & autres": 1, "Europ\u00e9ens on Sujets des Rois Catholiques": 1, "Habitants des Pais.": 1, "Autrichiens": 1, "S. M. I. & C.": 1, "Souverainet\u00e9 desdites Provinces": 1, "Hollandais": 1, "Droit des gens": 1, "Commerce dans des endroits": 1}, "year": "1724", "month": "10", "page": "7"}