{"ents_info": {"CLEF IT CABINET DES PRINCES DE L'EUROPE": {"label": "MISC", "kb_qid": null, "url_wikidata": null}, "pg s": {"label": "MISC", "kb_qid": null, "url_wikidata": null}, "M V x Chez ADIRE'": {"label": "MISC", "kb_qid": null, "url_wikidata": null}, "Ira": {"label": "PER", "kb_qid": null, "url_wikidata": null}, "Se l'l l l'l2": {"label": "MISC", "kb_qid": null, "url_wikidata": null}, "E": {"label": "LOC", "kb_qid": null, "url_wikidata": null}}, "ents_freq": {"CLEF IT CABINET DES PRINCES DE L'EUROPE": 1, "pg s": 1, "M V x Chez ADIRE'": 1, "Ira": 1, "Se l'l l l'l2": 1, "E": 1}, "year": "1724", "month": "06", "page": "0"}