{"ents_info": {"La Clef du Cabinet publique": {"label": "MISC", "kb_qid": null, "url_wikidata": null}, "Lecteur": {"label": "MISC", "kb_qid": null, "url_wikidata": null}, "Histoire": {"label": "MISC", "kb_qid": null, "url_wikidata": null}, "Prince Rognant": {"label": "PER", "kb_qid": null, "url_wikidata": null}, "Lettre de Philippe V. son Perd": {"label": "MISC", "kb_qid": null, "url_wikidata": null}, "Couronne": {"label": "ORG", "kb_qid": null, "url_wikidata": null}, "ID IL  ": {"label": "ORG", "kb_qid": null, "url_wikidata": null}, "Es pagne de inaction h\u00e9ro\u00efque": {"label": "MISC", "kb_qid": null, "url_wikidata": null}, "V. M.": {"label": "PER", "kb_qid": null, "url_wikidata": null}, "ois": {"label": "PER", "kb_qid": null, "url_wikidata": null}, "Pre": {"label": "MISC", "kb_qid": null, "url_wikidata": null}, "pore": {"label": "LOC", "kb_qid": null, "url_wikidata": null}, "Royaut\u00e9": {"label": "LOC", "kb_qid": null, "url_wikidata": null}, "Mer": {"label": "LOC", "kb_qid": null, "url_wikidata": null}, "Die": {"label": "MISC", "kb_qid": null, "url_wikidata": null}}, "ents_freq": {"La Clef du Cabinet publique": 1, "Lecteur": 1, "Histoire": 1, "Prince Rognant": 1, "Lettre de Philippe V. son Perd": 1, "Couronne": 1, "ID IL  ": 1, "Es pagne de inaction h\u00e9ro\u00efque": 1, "V. M.": 1, "ois": 1, "Pre": 1, "pore": 1, "Royaut\u00e9": 1, "Mer": 1, "Die": 1}, "year": "1724", "month": "06", "page": "19"}