{"ents_info": {"Savant &": {"label": "ORG", "kb_qid": null, "url_wikidata": null}, "Litt\u00e9rature": {"label": "PER", "kb_qid": "Q8242", "url_wikidata": "https://www.wikidata.org/wiki/Q8242"}, "Politique, et autres pinces": {"label": "MISC", "kb_qid": null, "url_wikidata": null}, "Public": {"label": "MISC", "kb_qid": "Q3410409", "url_wikidata": "https://www.wikidata.org/wiki/Q3410409"}, "Sieur": {"label": "LOC", "kb_qid": "Q1550557", "url_wikidata": "https://www.wikidata.org/wiki/Q1550557"}, "Andr\u00e9 Chevalier": {"label": "PER", "kb_qid": null, "url_wikidata": null}, "Imprimeur de Sa Maj.": {"label": "MISC", "kb_qid": null, "url_wikidata": null}, "& Marchand Libraire": {"label": "MISC", "kb_qid": null, "url_wikidata": null}, "Luxembourg": {"label": "LOC", "kb_qid": "Q1842", "url_wikidata": "https://www.wikidata.org/wiki/Q1842"}, "Suppl\u00e9menter": {"label": "LOC", "kb_qid": "Q2368192", "url_wikidata": "https://www.wikidata.org/wiki/Q2368192"}, "Paix de Russie": {"label": "MISC", "kb_qid": null, "url_wikidata": null}, "ledit Chevalier": {"label": "PER", "kb_qid": null, "url_wikidata": null}, "M\u00e9moires des Sciences & des Arts de Travaux": {"label": "MISC", "kb_qid": null, "url_wikidata": null}, "Journaux Litt\u00e9raires, Historiques & Politiques": {"label": "MISC", "kb_qid": null, "url_wikidata": null}, "R\u00e9publiques des Lettres, Histoire des ouvrages des Savais,": {"label": "ORG", "kb_qid": null, "url_wikidata": null}, "Histoire": {"label": "MISC", "kb_qid": "Q309", "url_wikidata": "https://www.wikidata.org/wiki/Q309"}, "R\u00e9publique des Lettres, 'Europe": {"label": "LOC", "kb_qid": null, "url_wikidata": null}}, "ents_freq": {"Savant &": 1, "Litt\u00e9rature": 1, "Politique, et autres pinces": 1, "Public": 1, "Sieur": 1, "Andr\u00e9 Chevalier": 1, "Imprimeur de Sa Maj.": 1, "& Marchand Libraire": 1, "Luxembourg": 1, "Suppl\u00e9menter": 1, "Paix de Russie": 1, "ledit Chevalier": 1, "M\u00e9moires des Sciences & des Arts de Travaux": 1, "Journaux Litt\u00e9raires, Historiques & Politiques": 1, "R\u00e9publiques des Lettres, Histoire des ouvrages des Savais,": 1, "Histoire": 1, "R\u00e9publique des Lettres, 'Europe": 1}, "year": "1724", "month": "08", "page": "1"}