{"ents_info": {"S2": {"label": "MISC", "kb_qid": null, "url_wikidata": null}, "Cabine tu rel;": {"label": "MISC", "kb_qid": null, "url_wikidata": null}, "Lecteur": {"label": "MISC", "kb_qid": null, "url_wikidata": null}, "Serviez": {"label": "PER", "kb_qid": null, "url_wikidata": null}, "Pre": {"label": "LOC", "kb_qid": null, "url_wikidata": null}, "AI Dieu": {"label": "MISC", "kb_qid": null, "url_wikidata": null}, "Historien Cur\u00e9": {"label": "PER", "kb_qid": null, "url_wikidata": null}, "Auteurs": {"label": "MISC", "kb_qid": null, "url_wikidata": null}, "Idol\u00e2tres, & que ma plume moins sage & moins": {"label": "MISC", "kb_qid": null, "url_wikidata": null}, "Paroles remarquables!": {"label": "MISC", "kb_qid": null, "url_wikidata": null}, "\u00c9crivain Chr\u00e9tien": {"label": "PER", "kb_qid": null, "url_wikidata": null}, "Tome": {"label": "MISC", "kb_qid": null, "url_wikidata": null}, "Histoire de Julie, femme": {"label": "MISC", "kb_qid": null, "url_wikidata": null}, "Severi": {"label": "PER", "kb_qid": null, "url_wikidata": null}, "Flottille, femme": {"label": "MISC", "kb_qid": null, "url_wikidata": null}, "Caracal;": {"label": "MISC", "kb_qid": null, "url_wikidata": null}, "Libraire": {"label": "MISC", "kb_qid": null, "url_wikidata": null}, "Histoire": {"label": "MISC", "kb_qid": null, "url_wikidata": null}, "l'Auteur": {"label": "PER", "kb_qid": null, "url_wikidata": null}, "Platine": {"label": "MISC", "kb_qid": null, "url_wikidata": null}, "Femme de Trajan": {"label": "PER", "kb_qid": null, "url_wikidata": null}, "\u00c9pouse du meilleur des Empereurs": {"label": "MISC", "kb_qid": null, "url_wikidata": null}, "Histoire de Platine": {"label": "MISC", "kb_qid": null, "url_wikidata": null}, "Femme Train.": {"label": "MISC", "kb_qid": null, "url_wikidata": null}}, "ents_freq": {"S2": 1, "Cabine tu rel;": 1, "Lecteur": 1, "Serviez": 2, "Pre": 1, "AI Dieu": 1, "Historien Cur\u00e9": 1, "Auteurs": 1, "Idol\u00e2tres, & que ma plume moins sage & moins": 1, "Paroles remarquables!": 1, "\u00c9crivain Chr\u00e9tien": 1, "Tome": 1, "Histoire de Julie, femme": 1, "Severi": 1, "Flottille, femme": 1, "Caracal;": 1, "Libraire": 1, "Histoire": 1, "l'Auteur": 2, "Platine": 2, "Femme de Trajan": 1, "\u00c9pouse du meilleur des Empereurs": 1, "Histoire de Platine": 1, "Femme Train.": 1}, "year": "1724", "month": "02", "page": "7"}