{"ents_info": {"Mr. Cl\u00e9 & le Comte de SinLendorf": {"label": "MISC", "kb_qid": null, "url_wikidata": null}, "Chancelier de la Cour": {"label": "PER", "kb_qid": null, "url_wikidata": null}, "Pres": {"label": "LOC", "kb_qid": "Q3412198", "url_wikidata": "https://www.wikidata.org/wiki/Q3412198"}, "Appartement du Ch\u00e2teau": {"label": "LOC", "kb_qid": null, "url_wikidata": null}, "D\u00e9putation Imp\u00e9riale": {"label": "MISC", "kb_qid": "Q173947", "url_wikidata": "https://www.wikidata.org/wiki/Q173947"}, "& le Comte de Potentiel": {"label": "MISC", "kb_qid": null, "url_wikidata": null}, "Commissaire de l'Empereur": {"label": "ORG", "kb_qid": null, "url_wikidata": null}, "Ville": {"label": "LOC", "kb_qid": "Q515", "url_wikidata": "https://www.wikidata.org/wiki/Q515"}, "Comte": {"label": "PER", "kb_qid": "Q2192649", "url_wikidata": "https://www.wikidata.org/wiki/Q2192649"}, "Pr\u00e9sident du": {"label": "ORG", "kb_qid": "Q3409212", "url_wikidata": "https://www.wikidata.org/wiki/Q3409212"}, "Conseil Royal": {"label": "ORG", "kb_qid": "Q2993894", "url_wikidata": "https://www.wikidata.org/wiki/Q2993894"}, "Hongrie": {"label": "LOC", "kb_qid": "Q171150", "url_wikidata": "https://www.wikidata.org/wiki/Q171150"}, "ES": {"label": "ORG", "kb_qid": "Q2878184", "url_wikidata": "https://www.wikidata.org/wiki/Q2878184"}, "Conseil": {"label": "ORG", "kb_qid": "Q8896", "url_wikidata": "https://www.wikidata.org/wiki/Q8896"}, "Religion &": {"label": "ORG", "kb_qid": null, "url_wikidata": null}, "Dette de Ratisbonne": {"label": "MISC", "kb_qid": null, "url_wikidata": null}, "F\u00eates de Paniques": {"label": "MISC", "kb_qid": null, "url_wikidata": null}, "\u00c9lecteur de Bavi\u00e8re": {"label": "PER", "kb_qid": "Q256961", "url_wikidata": "https://www.wikidata.org/wiki/Q256961"}, "Succession du feu": {"label": "MISC", "kb_qid": null, "url_wikidata": null}, "Comte de Billy": {"label": "PER", "kb_qid": null, "url_wikidata": null}, "yA": {"label": "MISC", "kb_qid": null, "url_wikidata": null}, "Fiefs de l'Empire": {"label": "LOC", "kb_qid": null, "url_wikidata": null}, "Course Danemark": {"label": "MISC", "kb_qid": null, "url_wikidata": null}, "& Mt pharillon": {"label": "LOC", "kb_qid": null, "url_wikidata": null}, "Mr. Clan": {"label": "MISC", "kb_qid": null, "url_wikidata": null}, "Ministre de S. M. Britannique": {"label": "ORG", "kb_qid": null, "url_wikidata": null}, "R\u00e9sidence de Florence": {"label": "LOC", "kb_qid": null, "url_wikidata": null}, "Pince H\u00e9r\u00e9ditaire de Lorraine": {"label": "LOC", "kb_qid": null, "url_wikidata": null}, "M. Lange": {"label": "PER", "kb_qid": null, "url_wikidata": null}, "Droit & l'Histoire, & S. A. S.": {"label": "MISC", "kb_qid": null, "url_wikidata": null}, "allions": {"label": "LOC", "kb_qid": null, "url_wikidata": null}, "Annonciation de la Vierge": {"label": "MISC", "kb_qid": "Q154326", "url_wikidata": "https://www.wikidata.org/wiki/Q154326"}, "l'Empereur": {"label": "PER", "kb_qid": "Q7721", "url_wikidata": "https://www.wikidata.org/wiki/Q7721"}, "Nonce": {"label": "ORG", "kb_qid": "Q157037", "url_wikidata": "https://www.wikidata.org/wiki/Q157037"}, "Pape": {"label": "PER", "kb_qid": "Q19546", "url_wikidata": "https://www.wikidata.org/wiki/Q19546"}, "Ambassadeur de Venise": {"label": "LOC", "kb_qid": null, "url_wikidata": null}, "Chevaliers de la Toison d'or": {"label": "MISC", "kb_qid": "Q465774", "url_wikidata": "https://www.wikidata.org/wiki/Q465774"}, "Meise": {"label": "LOC", "kb_qid": "Q922260", "url_wikidata": "https://www.wikidata.org/wiki/Q922260"}, "Augustins": {"label": "LOC", "kb_qid": "Q29075", "url_wikidata": "https://www.wikidata.org/wiki/Q29075"}}, "ents_freq": {"Mr. Cl\u00e9 & le Comte de SinLendorf": 1, "Chancelier de la Cour": 1, "Pres": 1, "Appartement du Ch\u00e2teau": 1, "D\u00e9putation Imp\u00e9riale": 1, "& le Comte de Potentiel": 1, "Commissaire de l'Empereur": 1, "Ville": 1, "Comte": 1, "Pr\u00e9sident du": 1, "Conseil Royal": 1, "Hongrie": 1, "ES": 1, "Conseil": 1, "Religion &": 1, "Dette de Ratisbonne": 1, "F\u00eates de Paniques": 1, "\u00c9lecteur de Bavi\u00e8re": 1, "Succession du feu": 1, "Comte de Billy": 1, "yA": 1, "Fiefs de l'Empire": 1, "Course Danemark": 1, "& Mt pharillon": 1, "Mr. Clan": 1, "Ministre de S. M. Britannique": 1, "R\u00e9sidence de Florence": 1, "Pince H\u00e9r\u00e9ditaire de Lorraine": 1, "M. Lange": 1, "Droit & l'Histoire, & S. A. S.": 1, "allions": 1, "Annonciation de la Vierge": 1, "l'Empereur": 1, "Nonce": 1, "Pape": 1, "Ambassadeur de Venise": 1, "Chevaliers de la Toison d'or": 1, "Meise": 1, "Augustins": 1}, "year": "1724", "month": "05", "page": "64"}