{"ents_info": {"334 La Clef du Cabinet": {"label": "MISC", "kb_qid": null, "url_wikidata": null}, "T\u00eates": {"label": "MISC", "kb_qid": null, "url_wikidata": null}, "Cardinal": {"label": "PER", "kb_qid": "Q45722", "url_wikidata": "https://www.wikidata.org/wiki/Q45722"}, "St. Perd, &": {"label": "MISC", "kb_qid": null, "url_wikidata": null}, "Pontificat": {"label": "LOC", "kb_qid": "Q19546", "url_wikidata": "https://www.wikidata.org/wiki/Q19546"}, "Conclave": {"label": "MISC", "kb_qid": "Q4422669", "url_wikidata": "https://www.wikidata.org/wiki/Q4422669"}, "Vos Em": {"label": "MISC", "kb_qid": null, "url_wikidata": null}, "Foi": {"label": "MISC", "kb_qid": "Q1577278", "url_wikidata": "https://www.wikidata.org/wiki/Q1577278"}, "St. Esprit!": {"label": "ORG", "kb_qid": null, "url_wikidata": null}, "Providence": {"label": "LOC", "kb_qid": "Q18383", "url_wikidata": "https://www.wikidata.org/wiki/Q18383"}, "Princes Catholiques": {"label": "LOC", "kb_qid": null, "url_wikidata": null}, "Roi": {"label": "PER", "kb_qid": "Q18384454", "url_wikidata": "https://www.wikidata.org/wiki/Q18384454"}, "Autels, \u00e0 danger": {"label": "MISC", "kb_qid": null, "url_wikidata": null}, "Droits de l'\u00c9lis-le & du St. Si\u00e8ge;": {"label": "ORG", "kb_qid": null, "url_wikidata": null}, "Autorit\u00e9 &": {"label": "ORG", "kb_qid": null, "url_wikidata": null}}, "ents_freq": {"334 La Clef du Cabinet": 1, "T\u00eates": 1, "Cardinal": 1, "St. Perd, &": 1, "Pontificat": 1, "Conclave": 1, "Vos Em": 2, "Foi": 1, "St. Esprit!": 1, "Providence": 1, "Princes Catholiques": 1, "Roi": 2, "Autels, \u00e0 danger": 1, "Droits de l'\u00c9lis-le & du St. Si\u00e8ge;": 1, "Autorit\u00e9 &": 1}, "year": "1724", "month": "05", "page": "33"}