{"ents_info": {"Abbaye de Chelles": {"label": "LOC", "kb_qid": "Q333867", "url_wikidata": "https://www.wikidata.org/wiki/Q333867"}, "Duchesse Douairi\u00e8re": {"label": "PER", "kb_qid": "Q2633173", "url_wikidata": "https://www.wikidata.org/wiki/Q2633173"}, "MI": {"label": "LOC", "kb_qid": "Q752119", "url_wikidata": "https://www.wikidata.org/wiki/Q752119"}, "Duc": {"label": "PER", "kb_qid": "Q71747", "url_wikidata": "https://www.wikidata.org/wiki/Q71747"}, "Abbesse": {"label": "PER", "kb_qid": "Q103163", "url_wikidata": "https://www.wikidata.org/wiki/Q103163"}, "Aube": {"label": "LOC", "kb_qid": "Q3194", "url_wikidata": "https://www.wikidata.org/wiki/Q3194"}, "L. A": {"label": "PER", "kb_qid": null, "url_wikidata": null}, "Bagnolet": {"label": "LOC", "kb_qid": "Q783067", "url_wikidata": "https://www.wikidata.org/wiki/Q783067"}, "Roi": {"label": "PER", "kb_qid": "Q13592862", "url_wikidata": "https://www.wikidata.org/wiki/Q13592862"}, "Princesse, &": {"label": "MISC", "kb_qid": null, "url_wikidata": null}, "Cha\u00efma": {"label": "LOC", "kb_qid": "Q2947632", "url_wikidata": "https://www.wikidata.org/wiki/Q2947632"}, "Horace Vialle": {"label": "PER", "kb_qid": null, "url_wikidata": null}, "M'insiste du Roi de la Grande Bretagne": {"label": "MISC", "kb_qid": null, "url_wikidata": null}, "Maisons Royales": {"label": "LOC", "kb_qid": "Q164950", "url_wikidata": "https://www.wikidata.org/wiki/Q164950"}, "& Deloitte": {"label": "ORG", "kb_qid": null, "url_wikidata": null}, "Fripes": {"label": "MISC", "kb_qid": "Q3087867", "url_wikidata": "https://www.wikidata.org/wiki/Q3087867"}, "Londres": {"label": "LOC", "kb_qid": "Q84", "url_wikidata": "https://www.wikidata.org/wiki/Q84"}, "Duc d'Romberg": {"label": "PER", "kb_qid": null, "url_wikidata": null}, "Gouverneur d Mons": {"label": "PER", "kb_qid": null, "url_wikidata": null}, "Gand": {"label": "LOC", "kb_qid": "Q1296", "url_wikidata": "https://www.wikidata.org/wiki/Q1296"}, "st parti": {"label": "LOC", "kb_qid": null, "url_wikidata": null}, "Vienne": {"label": "LOC", "kb_qid": "Q1741", "url_wikidata": "https://www.wikidata.org/wiki/Q1741"}, "Ambassade extraordinaire": {"label": "LOC", "kb_qid": null, "url_wikidata": null}, "Empereur": {"label": "PER", "kb_qid": "Q51770", "url_wikidata": "https://www.wikidata.org/wiki/Q51770"}, "Chavirai st": {"label": "LOC", "kb_qid": null, "url_wikidata": null}, "& Mr. Dazevedo": {"label": "MISC", "kb_qid": null, "url_wikidata": null}, "Continuo, 'noy\u00e9 Extraordinaire": {"label": "MISC", "kb_qid": null, "url_wikidata": null}, "Portugal": {"label": "LOC", "kb_qid": "Q45", "url_wikidata": "https://www.wikidata.org/wiki/Q45"}, "S. M. Portugaise": {"label": "PER", "kb_qid": null, "url_wikidata": null}, "Ministre Pl\u00e9nipotentiaire": {"label": "ORG", "kb_qid": "Q1133920", "url_wikidata": "https://www.wikidata.org/wiki/Q1133920"}, "Expr\u00e8s": {"label": "MISC", "kb_qid": null, "url_wikidata": null}, "Ma ru": {"label": "MISC", "kb_qid": null, "url_wikidata": null}, "N\u00e9gociation": {"label": "MISC", "kb_qid": "Q202875", "url_wikidata": "https://www.wikidata.org/wiki/Q202875"}}, "ents_freq": {"Abbaye de Chelles": 1, "Duchesse Douairi\u00e8re": 1, "MI": 1, "Duc": 1, "Abbesse": 1, "Aube": 1, "L. A": 1, "Bagnolet": 1, "Roi": 1, "Princesse, &": 1, "Cha\u00efma": 1, "Horace Vialle": 1, "M'insiste du Roi de la Grande Bretagne": 1, "Maisons Royales": 1, "& Deloitte": 1, "Fripes": 1, "Londres": 2, "Duc d'Romberg": 1, "Gouverneur d Mons": 1, "Gand": 1, "st parti": 1, "Vienne": 1, "Ambassade extraordinaire": 1, "Empereur": 1, "Chavirai st": 1, "& Mr. Dazevedo": 1, "Continuo, 'noy\u00e9 Extraordinaire": 1, "Portugal": 1, "S. M. Portugaise": 1, "Ministre Pl\u00e9nipotentiaire": 1, "Expr\u00e8s": 1, "Ma ru": 1, "N\u00e9gociation": 1}, "year": "1724", "month": "09", "page": "51"}