{"ents_info": {"Princes &": {"label": "MISC", "kb_qid": null, "url_wikidata": null}, "V Jess": {"label": "PER", "kb_qid": null, "url_wikidata": null}, "Roi de la Grande Bretagne": {"label": "PER", "kb_qid": null, "url_wikidata": null}, "\u00c9metteur d'Hanovre": {"label": "LOC", "kb_qid": null, "url_wikidata": null}, "Dette deux Secrets Imp\u00e9riaux": {"label": "MISC", "kb_qid": null, "url_wikidata": null}, "Fort de R\u00e9el &": {"label": "LOC", "kb_qid": null, "url_wikidata": null}, "Philisbourg, &": {"label": "ORG", "kb_qid": null, "url_wikidata": null}, "PO LIGNE": {"label": "ORG", "kb_qid": null, "url_wikidata": null}, "Pais du NORD, de pis": {"label": "LOC", "kb_qid": null, "url_wikidata": null}, "Var": {"label": "LOC", "kb_qid": "Q12789", "url_wikidata": "https://www.wikidata.org/wiki/Q12789"}, "Roi": {"label": "PER", "kb_qid": "Q12097", "url_wikidata": "https://www.wikidata.org/wiki/Q12097"}, "Dette g\u00e9n\u00e9rale des litas du": {"label": "MISC", "kb_qid": null, "url_wikidata": null}, "Royaume": {"label": "LOC", "kb_qid": "Q70972", "url_wikidata": "https://www.wikidata.org/wiki/Q70972"}, "Cour lande": {"label": "LOC", "kb_qid": null, "url_wikidata": null}, "& le Tellement des Limites": {"label": "MISC", "kb_qid": null, "url_wikidata": null}, "Ville d'Albin & les": {"label": "LOC", "kb_qid": null, "url_wikidata": null}, "\u00c9tats du Roi de Prusse": {"label": "LOC", "kb_qid": null, "url_wikidata": null}, "Assembl\u00e9e": {"label": "ORG", "kb_qid": "Q193582", "url_wikidata": "https://www.wikidata.org/wiki/Q193582"}, "Ile 25": {"label": "LOC", "kb_qid": null, "url_wikidata": null}, "Mars S. M.": {"label": "PER", "kb_qid": null, "url_wikidata": null}, "Palatinat": {"label": "LOC", "kb_qid": "Q22880", "url_wikidata": "https://www.wikidata.org/wiki/Q22880"}, "Corniche": {"label": "LOC", "kb_qid": "Q328092", "url_wikidata": "https://www.wikidata.org/wiki/Q328092"}, "Cl": {"label": "LOC", "kb_qid": "Q688", "url_wikidata": "https://www.wikidata.org/wiki/Q688"}, "Alain Bel": {"label": "PER", "kb_qid": null, "url_wikidata": null}, "Charge": {"label": "PER", "kb_qid": "Q65129431", "url_wikidata": "https://www.wikidata.org/wiki/Q65129431"}, "Coutume": {"label": "MISC", "kb_qid": "Q2078736", "url_wikidata": "https://www.wikidata.org/wiki/Q2078736"}, "MI": {"label": "ORG", "kb_qid": "Q752119", "url_wikidata": "https://www.wikidata.org/wiki/Q752119"}, "Andr\u00e9": {"label": "MISC", "kb_qid": "Q43399", "url_wikidata": "https://www.wikidata.org/wiki/Q43399"}, "Grand Tr\u00e9sorier": {"label": "PER", "kb_qid": "Q927915", "url_wikidata": "https://www.wikidata.org/wiki/Q927915"}, "Tapisseries de la Couronne": {"label": "ORG", "kb_qid": null, "url_wikidata": null}, "Ps": {"label": "MISC", "kb_qid": "Q12497663", "url_wikidata": "https://www.wikidata.org/wiki/Q12497663"}, "Couvent de Ces": {"label": "LOC", "kb_qid": null, "url_wikidata": null}, "Palais Royal": {"label": "LOC", "kb_qid": "Q171517", "url_wikidata": "https://www.wikidata.org/wiki/Q171517"}, "Maison de Cerneau.": {"label": "MISC", "kb_qid": null, "url_wikidata": null}, "Comte": {"label": "PER", "kb_qid": "Q3519259", "url_wikidata": "https://www.wikidata.org/wiki/Q3519259"}, "Sous-Mar\u00e9chal de LihuanieIien": {"label": "PER", "kb_qid": null, "url_wikidata": null}, "Primat du Raie": {"label": "LOC", "kb_qid": null, "url_wikidata": null}, "Sellait": {"label": "MISC", "kb_qid": null, "url_wikidata": null}, "Cite de VTT &": {"label": "MISC", "kb_qid": null, "url_wikidata": null}, "P\u00e9riclite": {"label": "MISC", "kb_qid": null, "url_wikidata": null}, "lntetounez": {"label": "PER", "kb_qid": null, "url_wikidata": null}}, "ents_freq": {"Princes &": 1, "V Jess": 1, "Roi de la Grande Bretagne": 1, "\u00c9metteur d'Hanovre": 1, "Dette deux Secrets Imp\u00e9riaux": 1, "Fort de R\u00e9el &": 1, "Philisbourg, &": 1, "PO LIGNE": 1, "Pais du NORD, de pis": 1, "Var": 1, "Roi": 2, "Dette g\u00e9n\u00e9rale des litas du": 1, "Royaume": 1, "Cour lande": 1, "& le Tellement des Limites": 1, "Ville d'Albin & les": 1, "\u00c9tats du Roi de Prusse": 1, "Assembl\u00e9e": 1, "Ile 25": 1, "Mars S. M.": 1, "Palatinat": 1, "Corniche": 1, "Cl": 1, "Alain Bel": 1, "Charge": 1, "Coutume": 1, "MI": 1, "Andr\u00e9": 1, "Grand Tr\u00e9sorier": 1, "Tapisseries de la Couronne": 1, "Ps": 1, "Couvent de Ces": 1, "Palais Royal": 1, "Maison de Cerneau.": 1, "Comte": 1, "Sous-Mar\u00e9chal de LihuanieIien": 1, "Primat du Raie": 1, "Sellait": 1, "Cite de VTT &": 1, "P\u00e9riclite": 1, "lntetounez": 1}, "year": "1724", "month": "06", "page": "62"}