{"ents_info": {"6 La Clef du Cadet": {"label": "MISC", "kb_qid": null, "url_wikidata": null}, "Abb\u00e9 Tenir": {"label": "PER", "kb_qid": null, "url_wikidata": null}, "Pape": {"label": "PER", "kb_qid": null, "url_wikidata": null}, "Cardinal Spinoza": {"label": "PER", "kb_qid": null, "url_wikidata": null}, "Secr\u00e9taire d'Ekat": {"label": "PER", "kb_qid": null, "url_wikidata": null}, "Mr. le Duc d'Or": {"label": "PER", "kb_qid": null, "url_wikidata": null}, "Courrier du Cabinet": {"label": "MISC", "kb_qid": null, "url_wikidata": null}, "Paris": {"label": "LOC", "kb_qid": null, "url_wikidata": null}, "Naples": {"label": "LOC", "kb_qid": null, "url_wikidata": null}, "F\u00eate de Ste. \u00c9lisabeth": {"label": "MISC", "kb_qid": null, "url_wikidata": null}, "Imp\u00e9ratrice R\u00e9gnante": {"label": "PER", "kb_qid": null, "url_wikidata": null}, "Cardinal Vice-roi": {"label": "PER", "kb_qid": null, "url_wikidata": null}, "Met": {"label": "MISC", "kb_qid": null, "url_wikidata": null}, "Geste quelques Munitions": {"label": "MISC", "kb_qid": null, "url_wikidata": null}, "Corsaires de Barbarie": {"label": "MISC", "kb_qid": null, "url_wikidata": null}, "Mers de Sicile": {"label": "MISC", "kb_qid": null, "url_wikidata": null}, "Escadre": {"label": "LOC", "kb_qid": null, "url_wikidata": null}, "l'Empereur": {"label": "PER", "kb_qid": null, "url_wikidata": null}, "Royaume": {"label": "LOC", "kb_qid": null, "url_wikidata": null}, "Marquis de St. Vincent": {"label": "PER", "kb_qid": null, "url_wikidata": null}, "G\u00eanera de la Cavalerie de cet Ekat": {"label": "MISC", "kb_qid": null, "url_wikidata": null}, "Cour de Vienne": {"label": "LOC", "kb_qid": null, "url_wikidata": null}, "Madame": {"label": "PER", "kb_qid": null, "url_wikidata": null}, "Comte": {"label": "PER", "kb_qid": null, "url_wikidata": null}, "Rome": {"label": "LOC", "kb_qid": null, "url_wikidata": null}, "Cardinal": {"label": "PER", "kb_qid": null, "url_wikidata": null}, "Docteur Don Salvador de Maria": {"label": "PER", "kb_qid": null, "url_wikidata": null}, "Charge d'Eau du peuple": {"label": "MISC", "kb_qid": null, "url_wikidata": null}, "Habitants de cette Capitale": {"label": "LOC", "kb_qid": null, "url_wikidata": null}, "S.": {"label": "PER", "kb_qid": null, "url_wikidata": null}, "D\u00e9portation": {"label": "MISC", "kb_qid": null, "url_wikidata": null}, "Liste des Su jets": {"label": "MISC", "kb_qid": null, "url_wikidata": null}, "Gouvernement vacant de ce": {"label": "MISC", "kb_qid": null, "url_wikidata": null}, "Roi": {"label": "PER", "kb_qid": null, "url_wikidata": null}, "Marquis de St. Vit": {"label": "PER", "kb_qid": null, "url_wikidata": null}, "Gallipoli": {"label": "LOC", "kb_qid": null, "url_wikidata": null}, "Comte de St. Alonzo,": {"label": "PER", "kb_qid": null, "url_wikidata": null}}, "ents_freq": {"6 La Clef du Cadet": 1, "Abb\u00e9 Tenir": 1, "Pape": 1, "Cardinal Spinoza": 1, "Secr\u00e9taire d'Ekat": 1, "Mr. le Duc d'Or": 1, "Courrier du Cabinet": 1, "Paris": 1, "Naples": 1, "F\u00eate de Ste. \u00c9lisabeth": 1, "Imp\u00e9ratrice R\u00e9gnante": 1, "Cardinal Vice-roi": 1, "Met": 1, "Geste quelques Munitions": 1, "Corsaires de Barbarie": 1, "Mers de Sicile": 1, "Escadre": 1, "l'Empereur": 1, "Royaume": 1, "Marquis de St. Vincent": 1, "G\u00eanera de la Cavalerie de cet Ekat": 1, "Cour de Vienne": 1, "Madame": 1, "Comte": 1, "Rome": 1, "Cardinal": 1, "Docteur Don Salvador de Maria": 1, "Charge d'Eau du peuple": 1, "Habitants de cette Capitale": 1, "S.": 1, "D\u00e9portation": 1, "Liste des Su jets": 1, "Gouvernement vacant de ce": 1, "Roi": 1, "Marquis de St. Vit": 1, "Gallipoli": 1, "Comte de St. Alonzo,": 1}, "year": "1724", "month": "02", "page": "21"}