{"ents_info": {"Table des Mati\u00e8res": {"label": "MISC", "kb_qid": "Q1456936", "url_wikidata": "https://www.wikidata.org/wiki/Q1456936"}, "Mr. Kenny": {"label": "PER", "kb_qid": null, "url_wikidata": null}, "S5": {"label": "MISC", "kb_qid": "Q56309389", "url_wikidata": "https://www.wikidata.org/wiki/Q56309389"}, "Clapse": {"label": "LOC", "kb_qid": null, "url_wikidata": null}, "Soleil": {"label": "LOC", "kb_qid": "Q525", "url_wikidata": "https://www.wikidata.org/wiki/Q525"}, "Espagne": {"label": "LOC", "kb_qid": "Q29", "url_wikidata": "https://www.wikidata.org/wiki/Q29"}, "Nuances & Arr\u00eats": {"label": "MISC", "kb_qid": null, "url_wikidata": null}, "France": {"label": "LOC", "kb_qid": "Q142", "url_wikidata": "https://www.wikidata.org/wiki/Q142"}, "I5.S6.1I3": {"label": "MISC", "kb_qid": null, "url_wikidata": null}, "Florence": {"label": "LOC", "kb_qid": "Q2044", "url_wikidata": "https://www.wikidata.org/wiki/Q2044"}, "Francfort": {"label": "LOC", "kb_qid": "Q1794", "url_wikidata": "https://www.wikidata.org/wiki/Q1794"}, "I44.": {"label": "MISC", "kb_qid": null, "url_wikidata": null}, "PS4": {"label": "MISC", "kb_qid": "Q5014725", "url_wikidata": "https://www.wikidata.org/wiki/Q5014725"}, "Hambourg": {"label": "LOC", "kb_qid": "Q1055", "url_wikidata": "https://www.wikidata.org/wiki/Q1055"}, "Histoire de l'Architecture": {"label": "MISC", "kb_qid": "Q8180985", "url_wikidata": "https://www.wikidata.org/wiki/Q8180985"}, "Fischer": {"label": "PER", "kb_qid": "Q41314", "url_wikidata": "https://www.wikidata.org/wiki/Q41314"}, "Concile de Pise": {"label": "MISC", "kb_qid": "Q2992020", "url_wikidata": "https://www.wikidata.org/wiki/Q2992020"}, "Hongrie": {"label": "LOC", "kb_qid": "Q600018", "url_wikidata": "https://www.wikidata.org/wiki/Q600018"}, "Baron d' son M\u00e9moire": {"label": "MISC", "kb_qid": null, "url_wikidata": null}, "Roi de France": {"label": "LOC", "kb_qid": "Q18384454", "url_wikidata": "https://www.wikidata.org/wiki/Q18384454"}, "D\u00e9claration contre les Reformez du Royaume": {"label": "MISC", "kb_qid": null, "url_wikidata": null}, "4I Jubil\u00e9": {"label": "PER", "kb_qid": null, "url_wikidata": null}, "Rome": {"label": "LOC", "kb_qid": "Q220", "url_wikidata": "https://www.wikidata.org/wiki/Q220"}, "Livourne": {"label": "LOC", "kb_qid": "Q6761", "url_wikidata": "https://www.wikidata.org/wiki/Q6761"}, "Lorraine": {"label": "LOC", "kb_qid": "Q1137", "url_wikidata": "https://www.wikidata.org/wiki/Q1137"}, "Compagnie de Commence": {"label": "ORG", "kb_qid": null, "url_wikidata": null}, "I5.2I9 Louis XV": {"label": "LOC", "kb_qid": null, "url_wikidata": null}, "R\u00e8glement concernant le Commerce des Cheval": {"label": "MISC", "kb_qid": null, "url_wikidata": null}, "D\u00e9lation": {"label": "ORG", "kb_qid": "Q63546485", "url_wikidata": "https://www.wikidata.org/wiki/Q63546485"}, "Des Reformez du Royaume": {"label": "MISC", "kb_qid": null, "url_wikidata": null}}, "ents_freq": {"Table des Mati\u00e8res": 1, "Mr. Kenny": 1, "S5": 1, "Clapse": 1, "Soleil": 1, "Espagne": 1, "Nuances & Arr\u00eats": 1, "France": 2, "I5.S6.1I3": 1, "Florence": 1, "Francfort": 1, "I44.": 1, "PS4": 1, "Hambourg": 1, "Histoire de l'Architecture": 1, "Fischer": 1, "Concile de Pise": 1, "Hongrie": 1, "Baron d' son M\u00e9moire": 1, "Roi de France": 1, "D\u00e9claration contre les Reformez du Royaume": 1, "4I Jubil\u00e9": 1, "Rome": 1, "Livourne": 1, "Lorraine": 1, "Compagnie de Commence": 1, "I5.2I9 Louis XV": 1, "R\u00e8glement concernant le Commerce des Cheval": 1, "D\u00e9lation": 1, "Des Reformez du Royaume": 1}, "year": "1724", "month": "12", "page": "76"}