{"ents_info": {"II2": {"label": "MISC", "kb_qid": null, "url_wikidata": null}, "Cabines temps": {"label": "MISC", "kb_qid": null, "url_wikidata": null}, "Gouvernement d'Alsace": {"label": "MISC", "kb_qid": null, "url_wikidata": null}, "Compte de Charolais, &": {"label": "ORG", "kb_qid": null, "url_wikidata": null}, "Charge de premier \u00c9cuyer du Roi": {"label": "MISC", "kb_qid": null, "url_wikidata": null}, "Chevalier de B\u00e9renger": {"label": "PER", "kb_qid": null, "url_wikidata": null}, "Infanterie": {"label": "MISC", "kb_qid": "Q29171", "url_wikidata": "https://www.wikidata.org/wiki/Q29171"}, "Appartement de cette Princesse &": {"label": "LOC", "kb_qid": null, "url_wikidata": null}, "Roi": {"label": "PER", "kb_qid": "Q12097", "url_wikidata": "https://www.wikidata.org/wiki/Q12097"}, "Meudon": {"label": "LOC", "kb_qid": "Q234735", "url_wikidata": "https://www.wikidata.org/wiki/Q234735"}, "Cour de cette": {"label": "LOC", "kb_qid": null, "url_wikidata": null}, "Paris": {"label": "LOC", "kb_qid": "Q90", "url_wikidata": "https://www.wikidata.org/wiki/Q90"}, "Versailles": {"label": "LOC", "kb_qid": "Q621", "url_wikidata": "https://www.wikidata.org/wiki/Q621"}, "Familles": {"label": "MISC", "kb_qid": "Q35409", "url_wikidata": "https://www.wikidata.org/wiki/Q35409"}, "IX": {"label": "PER", "kb_qid": "Q2844900", "url_wikidata": "https://www.wikidata.org/wiki/Q2844900"}, "D\u00e9claration": {"label": "MISC", "kb_qid": "Q3042655", "url_wikidata": "https://www.wikidata.org/wiki/Q3042655"}, "B\u00e9n\u00e9ficier & Communaut\u00e9 Religieuses": {"label": "ORG", "kb_qid": null, "url_wikidata": null}, "Royaume": {"label": "LOC", "kb_qid": "Q145", "url_wikidata": "https://www.wikidata.org/wiki/Q145"}, "Chambres des Comptes des d\u00e9clarations de leur temporel": {"label": "ORG", "kb_qid": null, "url_wikidata": null}, "Clerg\u00e9 de France": {"label": "LOC", "kb_qid": null, "url_wikidata": null}, "Prince": {"label": "PER", "kb_qid": "Q2747456", "url_wikidata": "https://www.wikidata.org/wiki/Q2747456"}, "Messieurs": {"label": "PER", "kb_qid": "Q3489506", "url_wikidata": "https://www.wikidata.org/wiki/Q3489506"}, "Cour &": {"label": "ORG", "kb_qid": null, "url_wikidata": null}, "suris": {"label": "LOC", "kb_qid": "Q979875", "url_wikidata": "https://www.wikidata.org/wiki/Q979875"}, "D\u00e9clarations": {"label": "MISC", "kb_qid": null, "url_wikidata": null}, "Lettres Pa": {"label": "MISC", "kb_qid": null, "url_wikidata": null}}, "ents_freq": {"II2": 1, "Cabines temps": 1, "Gouvernement d'Alsace": 1, "Compte de Charolais, &": 1, "Charge de premier \u00c9cuyer du Roi": 1, "Chevalier de B\u00e9renger": 1, "Infanterie": 1, "Appartement de cette Princesse &": 1, "Roi": 1, "Meudon": 1, "Cour de cette": 1, "Paris": 1, "Versailles": 1, "Familles": 1, "IX": 1, "D\u00e9claration": 1, "B\u00e9n\u00e9ficier & Communaut\u00e9 Religieuses": 1, "Royaume": 1, "Chambres des Comptes des d\u00e9clarations de leur temporel": 1, "Clerg\u00e9 de France": 1, "Prince": 1, "Messieurs": 1, "Cour &": 1, "suris": 1, "D\u00e9clarations": 1, "Lettres Pa": 1}, "year": "1724", "month": "02", "page": "37"}