{"ents_info": {"Princes": {"label": "LOC", "kb_qid": "Q2747456", "url_wikidata": "https://www.wikidata.org/wiki/Q2747456"}, "Cour": {"label": "LOC", "kb_qid": "Q3001001", "url_wikidata": "https://www.wikidata.org/wiki/Q3001001"}, "Rome": {"label": "LOC", "kb_qid": "Q220", "url_wikidata": "https://www.wikidata.org/wiki/Q220"}, "Ambassadeur Extra": {"label": "MISC", "kb_qid": null, "url_wikidata": null}, "S. M.": {"label": "PER", "kb_qid": "Q669458", "url_wikidata": "https://www.wikidata.org/wiki/Q669458"}, "\u00c9lection d'un Pape": {"label": "MISC", "kb_qid": "Q186431", "url_wikidata": "https://www.wikidata.org/wiki/Q186431"}, "Cardinal de Souligna": {"label": "PER", "kb_qid": null, "url_wikidata": null}, "Commission": {"label": "ORG", "kb_qid": "Q8880", "url_wikidata": "https://www.wikidata.org/wiki/Q8880"}, "Abb\u00e9 Tenir": {"label": "PER", "kb_qid": null, "url_wikidata": null}, "Conclave, &": {"label": "MISC", "kb_qid": null, "url_wikidata": null}, "Expire": {"label": "MISC", "kb_qid": "Q2197000", "url_wikidata": "https://www.wikidata.org/wiki/Q2197000"}, "Ministre": {"label": "ORG", "kb_qid": "Q83307", "url_wikidata": "https://www.wikidata.org/wiki/Q83307"}, "Chevalier de N'": {"label": "PER", "kb_qid": null, "url_wikidata": null}, "Vaisseaux du Roi Mr.": {"label": "MISC", "kb_qid": null, "url_wikidata": null}, "Andr\u00e9e": {"label": "PER", "kb_qid": "Q461027", "url_wikidata": "https://www.wikidata.org/wiki/Q461027"}, "Ambassade de Constantinople": {"label": "ORG", "kb_qid": null, "url_wikidata": null}, "Marquis de Bonasse": {"label": "PER", "kb_qid": null, "url_wikidata": null}, "Mr. Masse": {"label": "PER", "kb_qid": null, "url_wikidata": null}, "Nonce du Pape": {"label": "PER", "kb_qid": "Q157037", "url_wikidata": "https://www.wikidata.org/wiki/Q157037"}, "& Archev\u00eaque Titulaire": {"label": "MISC", "kb_qid": null, "url_wikidata": null}, "Ath\u00e8nes": {"label": "LOC", "kb_qid": "Q1064853", "url_wikidata": "https://www.wikidata.org/wiki/Q1064853"}, "Audience du Roi": {"label": "ORG", "kb_qid": null, "url_wikidata": null}, "IL": {"label": "ORG", "kb_qid": "Q1204", "url_wikidata": "https://www.wikidata.org/wiki/Q1204"}, "Innocent XIII": {"label": "PER", "kb_qid": "Q133100", "url_wikidata": "https://www.wikidata.org/wiki/Q133100"}, "Lettre du Sacr\u00e9 Collage": {"label": "MISC", "kb_qid": null, "url_wikidata": null}, "Cardinaux Fran\u00e7ois": {"label": "PER", "kb_qid": null, "url_wikidata": null}, "Cardinal de Nouilles": {"label": "PER", "kb_qid": null, "url_wikidata": null}, "\u00c9lection": {"label": "MISC", "kb_qid": "Q40231", "url_wikidata": "https://www.wikidata.org/wiki/Q40231"}, "Pape": {"label": "PER", "kb_qid": "Q19546", "url_wikidata": "https://www.wikidata.org/wiki/Q19546"}, "Conclave": {"label": "MISC", "kb_qid": "Q186431", "url_wikidata": "https://www.wikidata.org/wiki/Q186431"}, "Cardinal de Bisse": {"label": "PER", "kb_qid": null, "url_wikidata": null}, "Conclaviste l'Abb\u00e9": {"label": "MISC", "kb_qid": null, "url_wikidata": null}, "Cardinal de Souligna, l'": {"label": "PER", "kb_qid": null, "url_wikidata": null}, "Abb\u00e9 de Rotin": {"label": "PER", "kb_qid": null, "url_wikidata": null}, "Cardinal de Johan": {"label": "PER", "kb_qid": null, "url_wikidata": null}, "Abb\u00e9 de Rome": {"label": "LOC", "kb_qid": null, "url_wikidata": null}, "Madame Royale": {"label": "PER", "kb_qid": "Q659488", "url_wikidata": "https://www.wikidata.org/wiki/Q659488"}, "Turin": {"label": "LOC", "kb_qid": "Q495", "url_wikidata": "https://www.wikidata.org/wiki/Q495"}, "Mr. le Duc d'Orl\u00e9ans": {"label": "PER", "kb_qid": null, "url_wikidata": null}, "Strasbourg": {"label": "LOC", "kb_qid": "Q6602", "url_wikidata": "https://www.wikidata.org/wiki/Q6602"}, "S. A.": {"label": "PER", "kb_qid": "Q2747456", "url_wikidata": "https://www.wikidata.org/wiki/Q2747456"}, "Mariage A21": {"label": "MISC", "kb_qid": null, "url_wikidata": null}}, "ents_freq": {"Princes": 1, "Cour": 2, "Rome": 1, "Ambassadeur Extra": 1, "S. M.": 1, "\u00c9lection d'un Pape": 1, "Cardinal de Souligna": 1, "Commission": 1, "Abb\u00e9 Tenir": 1, "Conclave, &": 1, "Expire": 1, "Ministre": 1, "Chevalier de N'": 1, "Vaisseaux du Roi Mr.": 1, "Andr\u00e9e": 1, "Ambassade de Constantinople": 1, "Marquis de Bonasse": 1, "Mr. Masse": 1, "Nonce du Pape": 1, "& Archev\u00eaque Titulaire": 1, "Ath\u00e8nes": 1, "Audience du Roi": 1, "IL": 1, "Innocent XIII": 1, "Lettre du Sacr\u00e9 Collage": 1, "Cardinaux Fran\u00e7ois": 1, "Cardinal de Nouilles": 1, "\u00c9lection": 1, "Pape": 1, "Conclave": 1, "Cardinal de Bisse": 1, "Conclaviste l'Abb\u00e9": 1, "Cardinal de Souligna, l'": 1, "Abb\u00e9 de Rotin": 1, "Cardinal de Johan": 1, "Abb\u00e9 de Rome": 1, "Madame Royale": 1, "Turin": 1, "Mr. le Duc d'Orl\u00e9ans": 1, "Strasbourg": 1, "S. A.": 1, "Mariage A21": 1}, "year": "1724", "month": "05", "page": "48"}