{"ents_info": {"Princes": {"label": "LOC", "kb_qid": "Q2747456", "url_wikidata": "https://www.wikidata.org/wiki/Q2747456"}, "G\u00e9n\u00e9rales Porte,de S": {"label": "MISC", "kb_qid": null, "url_wikidata": null}, "Ifs & pairs": {"label": "MISC", "kb_qid": null, "url_wikidata": null}, "Destinons": {"label": "LOC", "kb_qid": null, "url_wikidata": null}, "Redent": {"label": "LOC", "kb_qid": "Q90727", "url_wikidata": "https://www.wikidata.org/wiki/Q90727"}, "L. M. Chiliennes": {"label": "PER", "kb_qid": null, "url_wikidata": null}, "Perse": {"label": "LOC", "kb_qid": "Q28926", "url_wikidata": "https://www.wikidata.org/wiki/Q28926"}, "Lettre fort peu duc de Mecklembourg": {"label": "MISC", "kb_qid": null, "url_wikidata": null}, "Mandement de l'Empereur": {"label": "MISC", "kb_qid": null, "url_wikidata": null}, "AIS-AS": {"label": "ORG", "kb_qid": null, "url_wikidata": null}, "Londres": {"label": "LOC", "kb_qid": "Q84", "url_wikidata": "https://www.wikidata.org/wiki/Q84"}, "L Patron des Gallois, la": {"label": "MISC", "kb_qid": null, "url_wikidata": null}, "Soci\u00e9taires Bretons": {"label": "ORG", "kb_qid": null, "url_wikidata": null}, "Point & l l'Fin cesse de": {"label": "ORG", "kb_qid": null, "url_wikidata": null}, "Galles": {"label": "PER", "kb_qid": "Q25", "url_wikidata": "https://www.wikidata.org/wiki/Q25"}, "Anim\u00e9 saie de la": {"label": "MISC", "kb_qid": null, "url_wikidata": null}, "Matin\u00e9e de cette Priscille": {"label": "MISC", "kb_qid": null, "url_wikidata": null}, "L. A. R.": {"label": "PER", "kb_qid": null, "url_wikidata": null}, "Maison de Leicester": {"label": "LOC", "kb_qid": null, "url_wikidata": null}, "Hit de Pete": {"label": "LOC", "kb_qid": null, "url_wikidata": null}, "Canon de la Tour & du Parc": {"label": "LOC", "kb_qid": null, "url_wikidata": null}, "la Ville": {"label": "LOC", "kb_qid": "Q220", "url_wikidata": "https://www.wikidata.org/wiki/Q220"}, "St. James": {"label": "MISC", "kb_qid": "Q3463857", "url_wikidata": "https://www.wikidata.org/wiki/Q3463857"}, "Colonel Bourg": {"label": "PER", "kb_qid": null, "url_wikidata": null}, "Fran\u00e7oise Nation": {"label": "PER", "kb_qid": null, "url_wikidata": null}, "De Roi": {"label": "PER", "kb_qid": null, "url_wikidata": null}, "Berlin": {"label": "LOC", "kb_qid": "Q64", "url_wikidata": "https://www.wikidata.org/wiki/Q64"}, "& la Reine de Prusse": {"label": "MISC", "kb_qid": null, "url_wikidata": null}, "S. M.": {"label": "PER", "kb_qid": "Q669458", "url_wikidata": "https://www.wikidata.org/wiki/Q669458"}, "Tapisserie pour son Cabinet, que cette Princesse": {"label": "MISC", "kb_qid": null, "url_wikidata": null}, "Marquis de Pizza-Buenos": {"label": "PER", "kb_qid": null, "url_wikidata": null}, "Ministre d'Espace,": {"label": "ORG", "kb_qid": null, "url_wikidata": null}}, "ents_freq": {"Princes": 1, "G\u00e9n\u00e9rales Porte,de S": 1, "Ifs & pairs": 1, "Destinons": 1, "Redent": 1, "L. M. Chiliennes": 1, "Perse": 1, "Lettre fort peu duc de Mecklembourg": 1, "Mandement de l'Empereur": 1, "AIS-AS": 1, "Londres": 1, "L Patron des Gallois, la": 1, "Soci\u00e9taires Bretons": 1, "Point & l l'Fin cesse de": 1, "Galles": 1, "Anim\u00e9 saie de la": 1, "Matin\u00e9e de cette Priscille": 1, "L. A. R.": 1, "Maison de Leicester": 1, "Hit de Pete": 1, "Canon de la Tour & du Parc": 1, "la Ville": 1, "St. James": 1, "Colonel Bourg": 1, "Fran\u00e7oise Nation": 1, "De Roi": 1, "Berlin": 1, "& la Reine de Prusse": 1, "S. M.": 1, "Tapisserie pour son Cabinet, que cette Princesse": 1, "Marquis de Pizza-Buenos": 1, "Ministre d'Espace,": 1}, "year": "1724", "month": "05", "page": "72"}