{"ents_info": {"Princes": {"label": "LOC", "kb_qid": "Q2747456", "url_wikidata": "https://www.wikidata.org/wiki/Q2747456"}, "Conseille Castille": {"label": "LOC", "kb_qid": null, "url_wikidata": null}, "Cortex": {"label": "MISC", "kb_qid": "Q2346577", "url_wikidata": "https://www.wikidata.org/wiki/Q2346577"}, "Prince H\u00e9r\u00e9ditaire d'Espagne": {"label": "PER", "kb_qid": null, "url_wikidata": null}, "Cou": {"label": "LOC", "kb_qid": "Q9633", "url_wikidata": "https://www.wikidata.org/wiki/Q9633"}, "cs Royaumes": {"label": "MISC", "kb_qid": null, "url_wikidata": null}, "prool\u00e9": {"label": "PER", "kb_qid": null, "url_wikidata": null}, "Conseil de Cabinet": {"label": "ORG", "kb_qid": "Q2993836", "url_wikidata": "https://www.wikidata.org/wiki/Q2993836"}, "Villes": {"label": "LOC", "kb_qid": "Q636415", "url_wikidata": "https://www.wikidata.org/wiki/Q636415"}, "D\u00e9purez": {"label": "PER", "kb_qid": null, "url_wikidata": null}, "Assembl\u00e9e Gene": {"label": "ORG", "kb_qid": null, "url_wikidata": null}, "F\u00e9r\u00e9e": {"label": "PER", "kb_qid": null, "url_wikidata": null}, "Couronne": {"label": "ORG", "kb_qid": "Q508840", "url_wikidata": "https://www.wikidata.org/wiki/Q508840"}, "Philippe": {"label": "PER", "kb_qid": "Q155004", "url_wikidata": "https://www.wikidata.org/wiki/Q155004"}, "Orthez": {"label": "LOC", "kb_qid": "Q274566", "url_wikidata": "https://www.wikidata.org/wiki/Q274566"}, "\u00c9lection.": {"label": "MISC", "kb_qid": null, "url_wikidata": null}, "Prince": {"label": "PER", "kb_qid": "Q131719", "url_wikidata": "https://www.wikidata.org/wiki/Q131719"}, "Madrid": {"label": "LOC", "kb_qid": "Q2807", "url_wikidata": "https://www.wikidata.org/wiki/Q2807"}, "Princesse": {"label": "MISC", "kb_qid": "Q2747456", "url_wikidata": "https://www.wikidata.org/wiki/Q2747456"}, "Oise": {"label": "LOC", "kb_qid": "Q12675", "url_wikidata": "https://www.wikidata.org/wiki/Q12675"}, "Les Infants !": {"label": "MISC", "kb_qid": null, "url_wikidata": null}, "Marquis de Mirabel": {"label": "PER", "kb_qid": "Q965411", "url_wikidata": "https://www.wikidata.org/wiki/Q965411"}, "Boris &": {"label": "MISC", "kb_qid": null, "url_wikidata": null}, "B\u00e9luga, l'": {"label": "MISC", "kb_qid": null, "url_wikidata": null}, "Archev\u00eaque de Tol\u00e8de": {"label": "LOC", "kb_qid": "Q1423027", "url_wikidata": "https://www.wikidata.org/wiki/Q1423027"}, "Inquisiteur": {"label": "ORG", "kb_qid": "Q43173", "url_wikidata": "https://www.wikidata.org/wiki/Q43173"}, "Plats;": {"label": "MISC", "kb_qid": null, "url_wikidata": null}, "Cor, & les Ministres \u00c9trangers": {"label": "ORG", "kb_qid": null, "url_wikidata": null}, "Pa": {"label": "LOC", "kb_qid": "Q44395", "url_wikidata": "https://www.wikidata.org/wiki/Q44395"}, "ns Leur Appartement": {"label": "LOC", "kb_qid": null, "url_wikidata": null}, "Place du Palais": {"label": "LOC", "kb_qid": "Q3390656", "url_wikidata": "https://www.wikidata.org/wiki/Q3390656"}, "Louis I. le Donna": {"label": "PER", "kb_qid": null, "url_wikidata": null}, "M'assois de la": {"label": "MISC", "kb_qid": null, "url_wikidata": null}, "Cour": {"label": "ORG", "kb_qid": "Q122880", "url_wikidata": "https://www.wikidata.org/wiki/Q122880"}, "F\u00eate plus brillante": {"label": "MISC", "kb_qid": null, "url_wikidata": null}, "Prince Rognant": {"label": "PER", "kb_qid": null, "url_wikidata": null}}, "ents_freq": {"Princes": 1, "Conseille Castille": 1, "Cortex": 1, "Prince H\u00e9r\u00e9ditaire d'Espagne": 1, "Cou": 1, "cs Royaumes": 1, "prool\u00e9": 1, "Conseil de Cabinet": 2, "Villes": 1, "D\u00e9purez": 1, "Assembl\u00e9e Gene": 1, "F\u00e9r\u00e9e": 1, "Couronne": 1, "Philippe": 1, "Orthez": 1, "\u00c9lection.": 1, "Prince": 1, "Madrid": 1, "Princesse": 1, "Oise": 1, "Les Infants !": 1, "Marquis de Mirabel": 1, "Boris &": 1, "B\u00e9luga, l'": 1, "Archev\u00eaque de Tol\u00e8de": 1, "Inquisiteur": 1, "Plats;": 1, "Cor, & les Ministres \u00c9trangers": 1, "Pa": 1, "ns Leur Appartement": 1, "Place du Palais": 1, "Louis I. le Donna": 1, "M'assois de la": 1, "Cour": 1, "F\u00eate plus brillante": 1, "Prince Rognant": 1}, "year": "1724", "month": "04", "page": "24"}