{"ents_info": {"Savant": {"label": "PER", "kb_qid": "Q707726", "url_wikidata": "https://www.wikidata.org/wiki/Q707726"}, "Litt\u00e9rature": {"label": "PER", "kb_qid": "Q37922", "url_wikidata": "https://www.wikidata.org/wiki/Q37922"}, "Politique, autres pi\u00e8ces qui pourront int\u00e9resser \u00eatre agr\u00e9ables au Public;": {"label": "MISC", "kb_qid": null, "url_wikidata": null}, "Sieur": {"label": "LOC", "kb_qid": "Q1550557", "url_wikidata": "https://www.wikidata.org/wiki/Q1550557"}, "Andr\u00e9 Chevalier": {"label": "PER", "kb_qid": null, "url_wikidata": null}, "Imprimeur de Sa Maj.": {"label": "MISC", "kb_qid": null, "url_wikidata": null}, "& Marchand Libraire": {"label": "MISC", "kb_qid": null, "url_wikidata": null}, "Luxembourg": {"label": "LOC", "kb_qid": "Q1842", "url_wikidata": "https://www.wikidata.org/wiki/Q1842"}, "ledit Journal": {"label": "ORG", "kb_qid": null, "url_wikidata": null}, "Suppl\u00e9ment": {"label": "MISC", "kb_qid": "Q1765222", "url_wikidata": "https://www.wikidata.org/wiki/Q1765222"}, "Paix de Russie": {"label": "MISC", "kb_qid": null, "url_wikidata": null}, "ledit Chevalier": {"label": "PER", "kb_qid": null, "url_wikidata": null}, "M\u00e9moires des Sciences & des Arts de Travaux": {"label": "MISC", "kb_qid": null, "url_wikidata": null}, "Journaux Litt\u00e9raires, Historiques & Politiques": {"label": "MISC", "kb_qid": null, "url_wikidata": null}, "R\u00e9publiques des Lettres, Histoire des ouvrages des Savant,": {"label": "ORG", "kb_qid": null, "url_wikidata": null}, "R\u00e9publique des Lettres": {"label": "LOC", "kb_qid": "Q449359", "url_wikidata": "https://www.wikidata.org/wiki/Q449359"}, "Europe": {"label": "LOC", "kb_qid": "Q46", "url_wikidata": "https://www.wikidata.org/wiki/Q46"}}, "ents_freq": {"Savant": 1, "Litt\u00e9rature": 1, "Politique, autres pi\u00e8ces qui pourront int\u00e9resser \u00eatre agr\u00e9ables au Public;": 1, "Sieur": 1, "Andr\u00e9 Chevalier": 1, "Imprimeur de Sa Maj.": 1, "& Marchand Libraire": 1, "Luxembourg": 1, "ledit Journal": 1, "Suppl\u00e9ment": 1, "Paix de Russie": 1, "ledit Chevalier": 1, "M\u00e9moires des Sciences & des Arts de Travaux": 1, "Journaux Litt\u00e9raires, Historiques & Politiques": 1, "R\u00e9publiques des Lettres, Histoire des ouvrages des Savant,": 1, "R\u00e9publique des Lettres": 1, "Europe": 1}, "year": "1724", "month": "04", "page": "1"}