{"ents_info": {"La Clef du Cabine D 1  ARTICLE VI": {"label": "MISC", "kb_qid": null, "url_wikidata": null}, "Pais du NORD": {"label": "LOC", "kb_qid": null, "url_wikidata": null}, "J Pologne": {"label": "LOC", "kb_qid": null, "url_wikidata": null}, "Varsovie": {"label": "LOC", "kb_qid": "Q270", "url_wikidata": "https://www.wikidata.org/wiki/Q270"}, "Dette g\u00e9n\u00e9rale des \u00c9tats d ce Royaume paroi": {"label": "MISC", "kb_qid": null, "url_wikidata": null}, "S\u00e9nateurs": {"label": "ORG", "kb_qid": "Q841180", "url_wikidata": "https://www.wikidata.org/wiki/Q841180"}, "Conf\u00e9rences sir les moyens -de": {"label": "MISC", "kb_qid": null, "url_wikidata": null}, "S. M.": {"label": "PER", "kb_qid": "Q1896771", "url_wikidata": "https://www.wikidata.org/wiki/Q1896771"}, "\u00c9tats d'Allemagne": {"label": "LOC", "kb_qid": null, "url_wikidata": null}, "Diath\u00e8se Lituanie": {"label": "LOC", "kb_qid": null, "url_wikidata": null}, "Dette g\u00e9n\u00e9rale": {"label": "MISC", "kb_qid": null, "url_wikidata": null}, "Dette": {"label": "PER", "kb_qid": "Q3196867", "url_wikidata": "https://www.wikidata.org/wiki/Q3196867"}, "Pologne": {"label": "LOC", "kb_qid": "Q36", "url_wikidata": "https://www.wikidata.org/wiki/Q36"}, "Grand Chambellan": {"label": "LOC", "kb_qid": "Q1549372", "url_wikidata": "https://www.wikidata.org/wiki/Q1549372"}, "Couronne": {"label": "ORG", "kb_qid": "Q170984", "url_wikidata": "https://www.wikidata.org/wiki/Q170984"}, "Avril, & le": {"label": "MISC", "kb_qid": null, "url_wikidata": null}, "G\u00eanera Comte de F\u00e9minin": {"label": "MISC", "kb_qid": null, "url_wikidata": null}, "Dresde": {"label": "LOC", "kb_qid": "Q1731", "url_wikidata": "https://www.wikidata.org/wiki/Q1731"}, "Abb\u00e9 Sylve": {"label": "PER", "kb_qid": null, "url_wikidata": null}, "Cour de Russie": {"label": "LOC", "kb_qid": "Q34266", "url_wikidata": "https://www.wikidata.org/wiki/Q34266"}, "Envoy\u00e9 Extraordinaire du Roi de Portugal": {"label": "MISC", "kb_qid": null, "url_wikidata": null}, "Mai le Roi": {"label": "PER", "kb_qid": null, "url_wikidata": null}, "Courtisans": {"label": "LOC", "kb_qid": "Q376924", "url_wikidata": "https://www.wikidata.org/wiki/Q376924"}, "Palais": {"label": "LOC", "kb_qid": "Q128745", "url_wikidata": "https://www.wikidata.org/wiki/Q128745"}, "F\u00eate, & S. M. recul leurs compliments sur l'Anniversaire": {"label": "MISC", "kb_qid": null, "url_wikidata": null}}, "ents_freq": {"La Clef du Cabine D 1  ARTICLE VI": 1, "Pais du NORD": 1, "J Pologne": 1, "Varsovie": 1, "Dette g\u00e9n\u00e9rale des \u00c9tats d ce Royaume paroi": 1, "S\u00e9nateurs": 1, "Conf\u00e9rences sir les moyens -de": 1, "S. M.": 2, "\u00c9tats d'Allemagne": 1, "Diath\u00e8se Lituanie": 1, "Dette g\u00e9n\u00e9rale": 1, "Dette": 1, "Pologne": 1, "Grand Chambellan": 1, "Couronne": 1, "Avril, & le": 1, "G\u00eanera Comte de F\u00e9minin": 1, "Dresde": 1, "Abb\u00e9 Sylve": 1, "Cour de Russie": 1, "Envoy\u00e9 Extraordinaire du Roi de Portugal": 1, "Mai le Roi": 1, "Courtisans": 1, "Palais": 1, "F\u00eate, & S. M. recul leurs compliments sur l'Anniversaire": 1}, "year": "1724", "month": "07", "page": "59"}