{"ents_info": {"e. Janvier r14": {"label": "PER", "kb_qid": null, "url_wikidata": null}, "Espagne": {"label": "LOC", "kb_qid": "Q29", "url_wikidata": "https://www.wikidata.org/wiki/Q29"}, "l Haye": {"label": "LOC", "kb_qid": null, "url_wikidata": null}, "Cas one": {"label": "MISC", "kb_qid": null, "url_wikidata": null}, "Monte": {"label": "LOC", "kb_qid": "Q677898", "url_wikidata": "https://www.wikidata.org/wiki/Q677898"}, "Madrid": {"label": "LOC", "kb_qid": "Q2807", "url_wikidata": "https://www.wikidata.org/wiki/Q2807"}, "ARTICLE VIII": {"label": "MISC", "kb_qid": null, "url_wikidata": null}, "Naissances, Mariages, & Morts des Princes, autres": {"label": "MISC", "kb_qid": null, "url_wikidata": null}, "Personnes Illustres": {"label": "ORG", "kb_qid": null, "url_wikidata": null}, "Novembre li": {"label": "PER", "kb_qid": null, "url_wikidata": null}, "Berlin": {"label": "LOC", "kb_qid": "Q64", "url_wikidata": "https://www.wikidata.org/wiki/Q64"}, "poe d Prince": {"label": "MISC", "kb_qid": null, "url_wikidata": null}, "Mm": {"label": "PER", "kb_qid": null, "url_wikidata": null}, "Mile Duc d Orl\u00e9ans": {"label": "PER", "kb_qid": null, "url_wikidata": null}, "Moderne": {"label": "MISC", "kb_qid": "Q245188", "url_wikidata": "https://www.wikidata.org/wiki/Q245188"}, "Le Pince d'Post risse": {"label": "MISC", "kb_qid": null, "url_wikidata": null}, "P": {"label": "LOC", "kb_qid": "Q9946", "url_wikidata": "https://www.wikidata.org/wiki/Q9946"}, "Combat h.": {"label": "MISC", "kb_qid": null, "url_wikidata": null}, "Rue": {"label": "PER", "kb_qid": "Q629405", "url_wikidata": "https://www.wikidata.org/wiki/Q629405"}, "Adjudant G\u00e9n\u00e9ral": {"label": "PER", "kb_qid": "Q2429942", "url_wikidata": "https://www.wikidata.org/wiki/Q2429942"}, "Ami sieur d Roidira": {"label": "PER", "kb_qid": null, "url_wikidata": null}, "Cour de France": {"label": "LOC", "kb_qid": "Q3001001", "url_wikidata": "https://www.wikidata.org/wiki/Q3001001"}, "Lisbonne": {"label": "LOC", "kb_qid": "Q597", "url_wikidata": "https://www.wikidata.org/wiki/Q597"}, "Tourne-y": {"label": "LOC", "kb_qid": null, "url_wikidata": null}, "Paris": {"label": "LOC", "kb_qid": "Q90", "url_wikidata": "https://www.wikidata.org/wiki/Q90"}, "Duc d'Amont": {"label": "PER", "kb_qid": null, "url_wikidata": null}, "Pait de France": {"label": "LOC", "kb_qid": null, "url_wikidata": null}, "Gentilhomme de l Cire": {"label": "PER", "kb_qid": null, "url_wikidata": null}, "Gouverneur du Boulonnais": {"label": "PER", "kb_qid": null, "url_wikidata": null}, "Dut ion Perd, l Duchesse s Mer": {"label": "MISC", "kb_qid": null, "url_wikidata": null}, "Madame o t'housse &": {"label": "MISC", "kb_qid": null, "url_wikidata": null}, "M'acquis de la Chaise": {"label": "ORG", "kb_qid": null, "url_wikidata": null}, "Ne": {"label": "LOC", "kb_qid": "Q654", "url_wikidata": "https://www.wikidata.org/wiki/Q654"}, "J\u00e9suite": {"label": "PER", "kb_qid": "Q36380", "url_wikidata": "https://www.wikidata.org/wiki/Q36380"}, "& Capitaine des ordres de": {"label": "MISC", "kb_qid": null, "url_wikidata": null}}, "ents_freq": {"e. Janvier r14": 1, "Espagne": 1, "l Haye": 1, "Cas one": 1, "Monte": 1, "Madrid": 1, "ARTICLE VIII": 1, "Naissances, Mariages, & Morts des Princes, autres": 1, "Personnes Illustres": 1, "Novembre li": 1, "Berlin": 1, "poe d Prince": 1, "Mm": 1, "Mile Duc d Orl\u00e9ans": 1, "Moderne": 1, "Le Pince d'Post risse": 1, "P": 1, "Combat h.": 1, "Rue": 1, "Adjudant G\u00e9n\u00e9ral": 1, "Ami sieur d Roidira": 1, "Cour de France": 1, "Lisbonne": 1, "Tourne-y": 1, "Paris": 2, "Duc d'Amont": 1, "Pait de France": 1, "Gentilhomme de l Cire": 1, "Gouverneur du Boulonnais": 1, "Dut ion Perd, l Duchesse s Mer": 1, "Madame o t'housse &": 1, "M'acquis de la Chaise": 1, "Ne": 1, "J\u00e9suite": 1, "& Capitaine des ordres de": 1}, "year": "1724", "month": "01", "page": "70"}