{"ents_info": {"La Clef du Cabinet": {"label": "MISC", "kb_qid": null, "url_wikidata": null}, "Villes & Lieux": {"label": "MISC", "kb_qid": null, "url_wikidata": null}, "Femmes & En": {"label": "ORG", "kb_qid": null, "url_wikidata": null}, "Domestiques": {"label": "MISC", "kb_qid": "Q2454547", "url_wikidata": "https://www.wikidata.org/wiki/Q2454547"}, "Nation, leurs hardes & M": {"label": "MISC", "kb_qid": null, "url_wikidata": null}, "En fans,": {"label": "MISC", "kb_qid": null, "url_wikidata": null}, "France": {"label": "LOC", "kb_qid": "Q142", "url_wikidata": "https://www.wikidata.org/wiki/Q142"}, "Pertes & Mer": {"label": "MISC", "kb_qid": null, "url_wikidata": null}, "Royaume": {"label": "LOC", "kb_qid": "Q145", "url_wikidata": "https://www.wikidata.org/wiki/Q145"}, "ut Religion": {"label": "ORG", "kb_qid": null, "url_wikidata": null}, "H\u00f4tels des Ambassadeurs": {"label": "ORG", "kb_qid": null, "url_wikidata": null}, "Ministres des Puissances Protestantes": {"label": "ORG", "kb_qid": null, "url_wikidata": null}, "\u00c9trangers Protestants": {"label": "ORG", "kb_qid": null, "url_wikidata": null}, "S. M.": {"label": "PER", "kb_qid": "Q669458", "url_wikidata": "https://www.wikidata.org/wiki/Q669458"}, "Sujets": {"label": "MISC", "kb_qid": null, "url_wikidata": null}, "\u00c9tats Protestants": {"label": "ORG", "kb_qid": null, "url_wikidata": null}, "Religion": {"label": "ORG", "kb_qid": "Q9174", "url_wikidata": "https://www.wikidata.org/wiki/Q9174"}, "Loi &": {"label": "MISC", "kb_qid": null, "url_wikidata": null}, "\u00c9tranger": {"label": "PER", "kb_qid": "Q473741", "url_wikidata": "https://www.wikidata.org/wiki/Q473741"}, "Protestants \u00c9trangers": {"label": "ORG", "kb_qid": null, "url_wikidata": null}, "Sa Majest\u00e9": {"label": "PER", "kb_qid": "Q669458", "url_wikidata": "https://www.wikidata.org/wiki/Q669458"}}, "ents_freq": {"La Clef du Cabinet": 1, "Villes & Lieux": 1, "Femmes & En": 1, "Domestiques": 1, "Nation, leurs hardes & M": 1, "En fans,": 1, "France": 1, "Pertes & Mer": 1, "Royaume": 1, "ut Religion": 1, "H\u00f4tels des Ambassadeurs": 1, "Ministres des Puissances Protestantes": 1, "\u00c9trangers Protestants": 1, "S. M.": 1, "Sujets": 1, "\u00c9tats Protestants": 2, "Religion": 1, "Loi &": 1, "\u00c9tranger": 1, "Protestants \u00c9trangers": 1, "Sa Majest\u00e9": 1}, "year": "1724", "month": "09", "page": "47"}