{"ents_info": {"La Clef du Cabinet 224": {"label": "MISC", "kb_qid": null, "url_wikidata": null}, "Cour de France": {"label": "LOC", "kb_qid": "Q3001001", "url_wikidata": "https://www.wikidata.org/wiki/Q3001001"}, "Lettres de cr\u00e9ance": {"label": "MISC", "kb_qid": "Q1758647", "url_wikidata": "https://www.wikidata.org/wiki/Q1758647"}, "Leeds": {"label": "LOC", "kb_qid": "Q39121", "url_wikidata": "https://www.wikidata.org/wiki/Q39121"}, "Messager d'Ekat": {"label": "MISC", "kb_qid": null, "url_wikidata": null}, "Pais \u00c9trangers": {"label": "ORG", "kb_qid": null, "url_wikidata": null}, "S. M.": {"label": "PER", "kb_qid": "Q1896771", "url_wikidata": "https://www.wikidata.org/wiki/Q1896771"}, "Lord Gnocchi": {"label": "PER", "kb_qid": null, "url_wikidata": null}, "Cour de Danemark": {"label": "LOC", "kb_qid": null, "url_wikidata": null}, "Duc de Rend": {"label": "PER", "kb_qid": null, "url_wikidata": null}, "Perd, & a t\u00e9": {"label": "MISC", "kb_qid": null, "url_wikidata": null}, "Gentilhomme de la Chambre du Roi": {"label": "PER", "kb_qid": "Q2086469", "url_wikidata": "https://www.wikidata.org/wiki/Q2086469"}, "IV": {"label": "PER", "kb_qid": "Q2844899", "url_wikidata": "https://www.wikidata.org/wiki/Q2844899"}, "Placard du 4": {"label": "MISC", "kb_qid": null, "url_wikidata": null}, "Droits d'entr\u00e9es sur le B\u00e9tail": {"label": "MISC", "kb_qid": null, "url_wikidata": null}, "Provinces des Pais": {"label": "LOC", "kb_qid": null, "url_wikidata": null}, "Ch\u00e2tellenie": {"label": "LOC", "kb_qid": "Q2749147", "url_wikidata": "https://www.wikidata.org/wiki/Q2749147"}, "Cour d'Hollande": {"label": "LOC", "kb_qid": null, "url_wikidata": null}, "Seigneuries": {"label": "LOC", "kb_qid": "Q3455090", "url_wikidata": "https://www.wikidata.org/wiki/Q3455090"}, "L. H. P.": {"label": "PER", "kb_qid": null, "url_wikidata": null}, "I713": {"label": "LOC", "kb_qid": null, "url_wikidata": null}, "Mr. Vermeer": {"label": "PER", "kb_qid": null, "url_wikidata": null}, "Ambassade d'Espagne": {"label": "ORG", "kb_qid": "Q17346971", "url_wikidata": "https://www.wikidata.org/wiki/Q17346971"}, "Envoy\u00e9 Extraordinaire de l'\u00c9lecteur Palatin": {"label": "MISC", "kb_qid": null, "url_wikidata": null}, "Cour": {"label": "LOC", "kb_qid": "Q3001001", "url_wikidata": "https://www.wikidata.org/wiki/Q3001001"}, "Daniel-Alexandre de Clochepied": {"label": "PER", "kb_qid": null, "url_wikidata": null}, "Consul": {"label": "PER", "kb_qid": "Q7843791", "url_wikidata": "https://www.wikidata.org/wiki/Q7843791"}, "Smyrne": {"label": "LOC", "kb_qid": "Q35997", "url_wikidata": "https://www.wikidata.org/wiki/Q35997"}, "Perd, mort en cette Ville": {"label": "MISC", "kb_qid": null, "url_wikidata": null}, "Secr\u00e9taire d'Ambassade d'E": {"label": "ORG", "kb_qid": null, "url_wikidata": null}, "M\u00e9moire": {"label": "MISC", "kb_qid": "Q114375", "url_wikidata": "https://www.wikidata.org/wiki/Q114375"}, "Gand": {"label": "LOC", "kb_qid": "Q1296", "url_wikidata": "https://www.wikidata.org/wiki/Q1296"}, "Pince Rognant": {"label": "MISC", "kb_qid": null, "url_wikidata": null}, "Prince son Fils": {"label": "PER", "kb_qid": null, "url_wikidata": null}}, "ents_freq": {"La Clef du Cabinet 224": 1, "Cour de France": 1, "Lettres de cr\u00e9ance": 1, "Leeds": 1, "Messager d'Ekat": 1, "Pais \u00c9trangers": 1, "S. M.": 1, "Lord Gnocchi": 1, "Cour de Danemark": 1, "Duc de Rend": 1, "Perd, & a t\u00e9": 1, "Gentilhomme de la Chambre du Roi": 1, "IV": 1, "Placard du 4": 1, "Droits d'entr\u00e9es sur le B\u00e9tail": 1, "Provinces des Pais": 1, "Ch\u00e2tellenie": 1, "Cour d'Hollande": 1, "Seigneuries": 1, "L. H. P.": 2, "I713": 1, "Mr. Vermeer": 1, "Ambassade d'Espagne": 1, "Envoy\u00e9 Extraordinaire de l'\u00c9lecteur Palatin": 1, "Cour": 1, "Daniel-Alexandre de Clochepied": 1, "Consul": 1, "Smyrne": 1, "Perd, mort en cette Ville": 1, "Secr\u00e9taire d'Ambassade d'E": 1, "M\u00e9moire": 1, "Gand": 1, "Pince Rognant": 1, "Prince son Fils": 1}, "year": "1724", "month": "03", "page": "77"}