{"ents_info": {"Princes": {"label": "LOC", "kb_qid": "Q2747456", "url_wikidata": "https://www.wikidata.org/wiki/Q2747456"}, "Cardinal de Bisse": {"label": "PER", "kb_qid": null, "url_wikidata": null}, "Cardinal de Mesures": {"label": "PER", "kb_qid": null, "url_wikidata": null}, "Archev\u00eaque de Lion": {"label": "LOC", "kb_qid": null, "url_wikidata": null}, "Archev\u00eaque d'Aix": {"label": "LOC", "kb_qid": null, "url_wikidata": null}, "Archev\u00eaque de Narbonne.": {"label": "LOC", "kb_qid": null, "url_wikidata": null}, "Prince Charles de Lorraine": {"label": "PER", "kb_qid": null, "url_wikidata": null}, "Prince de Pont": {"label": "LOC", "kb_qid": null, "url_wikidata": null}, "Duc": {"label": "PER", "kb_qid": "Q71747", "url_wikidata": "https://www.wikidata.org/wiki/Q71747"}, "Duc de Sally": {"label": "PER", "kb_qid": null, "url_wikidata": null}, "Due de Ailleurs-Branchas": {"label": "ORG", "kb_qid": null, "url_wikidata": null}, "Duc de la Roche-Foucault": {"label": "LOC", "kb_qid": null, "url_wikidata": null}, "Prince de Monaco": {"label": "LOC", "kb_qid": "Q3910", "url_wikidata": "https://www.wikidata.org/wiki/Q3910"}, "Duc de Luxembourg": {"label": "LOC", "kb_qid": "Q2244014", "url_wikidata": "https://www.wikidata.org/wiki/Q2244014"}, "Duc de Volerai": {"label": "PER", "kb_qid": null, "url_wikidata": null}, "Duc de Format": {"label": "LOC", "kb_qid": null, "url_wikidata": null}, "Duc de St. Aignan": {"label": "LOC", "kb_qid": null, "url_wikidata": null}, "Duc de Tresses": {"label": "LOC", "kb_qid": null, "url_wikidata": null}, "Duc de Nouilles": {"label": "LOC", "kb_qid": null, "url_wikidata": null}, "2I. Le Duc de Christ": {"label": "PER", "kb_qid": null, "url_wikidata": null}, "DC": {"label": "ORG", "kb_qid": "Q815348", "url_wikidata": "https://www.wikidata.org/wiki/Q815348"}, "Ber": {"label": "PER", "kb_qid": "Q768493", "url_wikidata": "https://www.wikidata.org/wiki/Q768493"}, "Duc d'Anton": {"label": "PER", "kb_qid": null, "url_wikidata": null}, "Duc de Chaul\u00e9es": {"label": "LOC", "kb_qid": null, "url_wikidata": null}, "Duc de Ta": {"label": "PER", "kb_qid": null, "url_wikidata": null}, "Mar\u00e9chal de Matignon": {"label": "PER", "kb_qid": "Q110128608", "url_wikidata": "https://www.wikidata.org/wiki/Q110128608"}, "Mar\u00e9chal de Bezons": {"label": "PER", "kb_qid": null, "url_wikidata": null}, "Mar\u00e9chal de Montesquieu": {"label": "PER", "kb_qid": null, "url_wikidata": null}, "Marquis de Soufr\u00e9": {"label": "PER", "kb_qid": null, "url_wikidata": null}, "L'ivre 31": {"label": "MISC", "kb_qid": null, "url_wikidata": null}, "Comte de Glac\u00e9": {"label": "PER", "kb_qid": null, "url_wikidata": null}, "Marquis de Fer vaques": {"label": "PER", "kb_qid": null, "url_wikidata": null}, "Luc": {"label": "MISC", "kb_qid": "Q277893", "url_wikidata": "https://www.wikidata.org/wiki/Q277893"}, "Marquis de Paye": {"label": "PER", "kb_qid": null, "url_wikidata": null}, "Marquis de Nulle": {"label": "PER", "kb_qid": null, "url_wikidata": null}, "Maquis' Haute fort": {"label": "MISC", "kb_qid": null, "url_wikidata": null}, "Armagnac": {"label": "LOC", "kb_qid": "Q676745", "url_wikidata": "https://www.wikidata.org/wiki/Q676745"}, "Comte d'Estaing": {"label": "PER", "kb_qid": "Q694048", "url_wikidata": "https://www.wikidata.org/wiki/Q694048"}, "I2": {"label": "ORG", "kb_qid": "Q2064483", "url_wikidata": "https://www.wikidata.org/wiki/Q2064483"}}, "ents_freq": {"Princes": 1, "Cardinal de Bisse": 1, "Cardinal de Mesures": 1, "Archev\u00eaque de Lion": 1, "Archev\u00eaque d'Aix": 1, "Archev\u00eaque de Narbonne.": 1, "Prince Charles de Lorraine": 1, "Prince de Pont": 1, "Duc": 1, "Duc de Sally": 1, "Due de Ailleurs-Branchas": 1, "Duc de la Roche-Foucault": 1, "Prince de Monaco": 1, "Duc de Luxembourg": 1, "Duc de Volerai": 1, "Duc de Format": 1, "Duc de St. Aignan": 1, "Duc de Tresses": 1, "Duc de Nouilles": 1, "2I. Le Duc de Christ": 1, "DC": 1, "Ber": 1, "Duc d'Anton": 1, "Duc de Chaul\u00e9es": 1, "Duc de Ta": 1, "Mar\u00e9chal de Matignon": 1, "Mar\u00e9chal de Bezons": 1, "Mar\u00e9chal de Montesquieu": 1, "Marquis de Soufr\u00e9": 1, "L'ivre 31": 1, "Comte de Glac\u00e9": 1, "Marquis de Fer vaques": 1, "Luc": 1, "Marquis de Paye": 1, "Marquis de Nulle": 1, "Maquis' Haute fort": 1, "Armagnac": 1, "Comte d'Estaing": 1, "I2": 1}, "year": "1724", "month": "08", "page": "50"}