{"ents_info": {"Princes": {"label": "LOC", "kb_qid": "Q2747456", "url_wikidata": "https://www.wikidata.org/wiki/Q2747456"}, "Annecy": {"label": "LOC", "kb_qid": "Q2043382", "url_wikidata": "https://www.wikidata.org/wiki/Q2043382"}, "Garnisons": {"label": "ORG", "kb_qid": "Q88556", "url_wikidata": "https://www.wikidata.org/wiki/Q88556"}, "Troupes": {"label": "LOC", "kb_qid": null, "url_wikidata": null}, "Espagnols": {"label": "LOC", "kb_qid": "Q80702", "url_wikidata": "https://www.wikidata.org/wiki/Q80702"}, "Artillerie": {"label": "LOC", "kb_qid": "Q64418", "url_wikidata": "https://www.wikidata.org/wiki/Q64418"}, "Sardaigne": {"label": "LOC", "kb_qid": "Q2577303", "url_wikidata": "https://www.wikidata.org/wiki/Q2577303"}, "Commissaires de part & d'autre": {"label": "ORG", "kb_qid": null, "url_wikidata": null}, "d'Espagne": {"label": "LOC", "kb_qid": "Q152499", "url_wikidata": "https://www.wikidata.org/wiki/Q152499"}, "Marquis de St. Philippe": {"label": "PER", "kb_qid": null, "url_wikidata": null}, "Envoy\u00e9 de cette Cour \u00e0 Gens, & le Marquis de Ste. Croix": {"label": "MISC", "kb_qid": null, "url_wikidata": null}, "Trait\u00e9": {"label": "MISC", "kb_qid": "Q131569", "url_wikidata": "https://www.wikidata.org/wiki/Q131569"}, "Roi": {"label": "PER", "kb_qid": "Q18384454", "url_wikidata": "https://www.wikidata.org/wiki/Q18384454"}, "Comte Grossi": {"label": "PER", "kb_qid": null, "url_wikidata": null}, "R\u00e9sident": {"label": "PER", "kb_qid": "Q2359691", "url_wikidata": "https://www.wikidata.org/wiki/Q2359691"}, "Gens, & le Comte de St. Lazare Major": {"label": "MISC", "kb_qid": null, "url_wikidata": null}, "Suisse": {"label": "LOC", "kb_qid": "Q39", "url_wikidata": "https://www.wikidata.org/wiki/Q39"}, "Marquis d'Avale-y": {"label": "PER", "kb_qid": null, "url_wikidata": null}, "Ambassadeur de France": {"label": "PER", "kb_qid": "Q554046", "url_wikidata": "https://www.wikidata.org/wiki/Q554046"}, "Soleure": {"label": "LOC", "kb_qid": "Q11929", "url_wikidata": "https://www.wikidata.org/wiki/Q11929"}, "Alliance": {"label": "ORG", "kb_qid": "Q2837984", "url_wikidata": "https://www.wikidata.org/wiki/Q2837984"}, "Couronne & les Cantons, &": {"label": "ORG", "kb_qid": null, "url_wikidata": null}, "Ministre": {"label": "ORG", "kb_qid": "Q83307", "url_wikidata": "https://www.wikidata.org/wiki/Q83307"}, "Dette g\u00e9n\u00e9rale": {"label": "MISC", "kb_qid": null, "url_wikidata": null}, "St. Jean": {"label": "LOC", "kb_qid": "Q203403", "url_wikidata": "https://www.wikidata.org/wiki/Q203403"}, "Ligues": {"label": "LOC", "kb_qid": "Q696189", "url_wikidata": "https://www.wikidata.org/wiki/Q696189"}, "Concordat": {"label": "MISC", "kb_qid": "Q126528", "url_wikidata": "https://www.wikidata.org/wiki/Q126528"}, "I19": {"label": "LOC", "kb_qid": "Q3232589", "url_wikidata": "https://www.wikidata.org/wiki/Q3232589"}, "Les Marchands de Lion & de": {"label": "MISC", "kb_qid": null, "url_wikidata": null}, "Paris": {"label": "LOC", "kb_qid": "Q90", "url_wikidata": "https://www.wikidata.org/wiki/Q90"}, "Pais": {"label": "PER", "kb_qid": "Q498598", "url_wikidata": "https://www.wikidata.org/wiki/Q498598"}, "Chevaux & de Bestiaux, ce qui les": {"label": "MISC", "kb_qid": null, "url_wikidata": null}, "Roi de France": {"label": "LOC", "kb_qid": "Q18384454", "url_wikidata": "https://www.wikidata.org/wiki/Q18384454"}, "Base": {"label": "LOC", "kb_qid": "Q809824", "url_wikidata": "https://www.wikidata.org/wiki/Q809824"}, "Actes du Concile": {"label": "MISC", "kb_qid": null, "url_wikidata": null}}, "ents_freq": {"Princes": 1, "Annecy": 1, "Garnisons": 1, "Troupes": 1, "Espagnols": 1, "Artillerie": 1, "Sardaigne": 1, "Commissaires de part & d'autre": 1, "d'Espagne": 1, "Marquis de St. Philippe": 1, "Envoy\u00e9 de cette Cour \u00e0 Gens, & le Marquis de Ste. Croix": 1, "Trait\u00e9": 1, "Roi": 1, "Comte Grossi": 1, "R\u00e9sident": 1, "Gens, & le Comte de St. Lazare Major": 1, "Suisse": 1, "Marquis d'Avale-y": 1, "Ambassadeur de France": 1, "Soleure": 1, "Alliance": 1, "Couronne & les Cantons, &": 1, "Ministre": 1, "Dette g\u00e9n\u00e9rale": 1, "St. Jean": 1, "Ligues": 1, "Concordat": 1, "I19": 1, "Les Marchands de Lion & de": 1, "Paris": 1, "Pais": 1, "Chevaux & de Bestiaux, ce qui les": 1, "Roi de France": 1, "Base": 1, "Actes du Concile": 1}, "year": "1724", "month": "07", "page": "34"}