{"ents_info": {"Prises &": {"label": "MISC", "kb_qid": null, "url_wikidata": null}, "Juillet": {"label": "PER", "kb_qid": "Q3188227", "url_wikidata": "https://www.wikidata.org/wiki/Q3188227"}, "\u00c9v\u00each\u00e9 de Pampelune": {"label": "LOC", "kb_qid": null, "url_wikidata": null}, "Dom Andr\u00e9 de Mutil\u00e9 Chanoine de Tolet": {"label": "PER", "kb_qid": null, "url_wikidata": null}, "Maison de l'Infant Don Carlos": {"label": "MISC", "kb_qid": null, "url_wikidata": null}, "Officiers Italiens": {"label": "ORG", "kb_qid": null, "url_wikidata": null}, "Prince son Perd": {"label": "PER", "kb_qid": null, "url_wikidata": null}, "Prince": {"label": "PER", "kb_qid": "Q7542", "url_wikidata": "https://www.wikidata.org/wiki/Q7542"}, "la Princesse": {"label": "MISC", "kb_qid": "Q734188", "url_wikidata": "https://www.wikidata.org/wiki/Q734188"}, "\u00c9pouse": {"label": "PER", "kb_qid": "Q11447160", "url_wikidata": "https://www.wikidata.org/wiki/Q11447160"}, "Princesse R\u00e9gnante": {"label": "PER", "kb_qid": null, "url_wikidata": null}, "S\u0153ur": {"label": "PER", "kb_qid": "Q191808", "url_wikidata": "https://www.wikidata.org/wiki/Q191808"}, "Compagnies des Gardes Espagnoles": {"label": "ORG", "kb_qid": null, "url_wikidata": null}, "Catalogne": {"label": "LOC", "kb_qid": "Q5705", "url_wikidata": "https://www.wikidata.org/wiki/Q5705"}, "Commandement de Don Pedro de Castra de Figera": {"label": "MISC", "kb_qid": null, "url_wikidata": null}, "Aranjuez, & la Cour": {"label": "MISC", "kb_qid": null, "url_wikidata": null}, "Troupes": {"label": "LOC", "kb_qid": null, "url_wikidata": null}, "Ports de la Monarchie": {"label": "MISC", "kb_qid": null, "url_wikidata": null}, "Vaisseaux": {"label": "MISC", "kb_qid": "Q3553318", "url_wikidata": "https://www.wikidata.org/wiki/Q3553318"}, "Guerre & Frelates": {"label": "MISC", "kb_qid": null, "url_wikidata": null}, "I2": {"label": "ORG", "kb_qid": "Q429334", "url_wikidata": "https://www.wikidata.org/wiki/Q429334"}, "Infant Don": {"label": "PER", "kb_qid": null, "url_wikidata": null}, "Ferdinand": {"label": "PER", "kb_qid": "Q150611", "url_wikidata": "https://www.wikidata.org/wiki/Q150611"}, "Madrid": {"label": "LOC", "kb_qid": "Q1161519", "url_wikidata": "https://www.wikidata.org/wiki/Q1161519"}, "Infant Don Philippe": {"label": "PER", "kb_qid": null, "url_wikidata": null}, "Princes": {"label": "LOC", "kb_qid": "Q1405556", "url_wikidata": "https://www.wikidata.org/wiki/Q1405556"}, "St. Indexons": {"label": "LOC", "kb_qid": null, "url_wikidata": null}, "Prince Rognant": {"label": "PER", "kb_qid": null, "url_wikidata": null}, "Perd": {"label": "MISC", "kb_qid": null, "url_wikidata": null}, "V. Cadix": {"label": "PER", "kb_qid": null, "url_wikidata": null}, "Guerre Hollandais": {"label": "MISC", "kb_qid": null, "url_wikidata": null}, "Contre-": {"label": "LOC", "kb_qid": null, "url_wikidata": null}, "Amiral Rodin": {"label": "PER", "kb_qid": null, "url_wikidata": null}, "Corsaires de Barbara, &": {"label": "MISC", "kb_qid": null, "url_wikidata": null}, "voie de Gibraltar": {"label": "LOC", "kb_qid": null, "url_wikidata": null}, "Escadre": {"label": "LOC", "kb_qid": "Q955920", "url_wikidata": "https://www.wikidata.org/wiki/Q955920"}, "Alger": {"label": "LOC", "kb_qid": "Q3561", "url_wikidata": "https://www.wikidata.org/wiki/Q3561"}, "Galions": {"label": "LOC", "kb_qid": "Q181469", "url_wikidata": "https://www.wikidata.org/wiki/Q181469"}, "Cadix": {"label": "LOC", "kb_qid": "Q15682", "url_wikidata": "https://www.wikidata.org/wiki/Q15682"}, "Carthag\u00e8ne": {"label": "LOC", "kb_qid": "Q657461", "url_wikidata": "https://www.wikidata.org/wiki/Q657461"}, "Flotte de Va-Ceux": {"label": "ORG", "kb_qid": null, "url_wikidata": null}, "C'eut, les Mores": {"label": "MISC", "kb_qid": null, "url_wikidata": null}, "Pais": {"label": "PER", "kb_qid": "Q498598", "url_wikidata": "https://www.wikidata.org/wiki/Q498598"}, "B2": {"label": "LOC", "kb_qid": "Q130365", "url_wikidata": "https://www.wikidata.org/wiki/Q130365"}}, "ents_freq": {"Prises &": 1, "Juillet": 1, "\u00c9v\u00each\u00e9 de Pampelune": 1, "Dom Andr\u00e9 de Mutil\u00e9 Chanoine de Tolet": 1, "Maison de l'Infant Don Carlos": 1, "Officiers Italiens": 1, "Prince son Perd": 1, "Prince": 1, "la Princesse": 1, "\u00c9pouse": 1, "Princesse R\u00e9gnante": 1, "S\u0153ur": 1, "Compagnies des Gardes Espagnoles": 1, "Catalogne": 1, "Commandement de Don Pedro de Castra de Figera": 1, "Aranjuez, & la Cour": 1, "Troupes": 1, "Ports de la Monarchie": 1, "Vaisseaux": 1, "Guerre & Frelates": 1, "I2": 1, "Infant Don": 1, "Ferdinand": 1, "Madrid": 1, "Infant Don Philippe": 1, "Princes": 1, "St. Indexons": 1, "Prince Rognant": 1, "Perd": 1, "V. Cadix": 1, "Guerre Hollandais": 1, "Contre-": 1, "Amiral Rodin": 1, "Corsaires de Barbara, &": 1, "voie de Gibraltar": 1, "Escadre": 1, "Alger": 1, "Galions": 1, "Cadix": 1, "Carthag\u00e8ne": 1, "Flotte de Va-Ceux": 1, "C'eut, les Mores": 1, "Pais": 1, "B2": 1}, "year": "1724", "month": "07", "page": "18"}