{"ents_info": {"Princes": {"label": "LOC", "kb_qid": "Q2747456", "url_wikidata": "https://www.wikidata.org/wiki/Q2747456"}, "Sacr\u00e9 Collage": {"label": "LOC", "kb_qid": null, "url_wikidata": null}, "Conclave.": {"label": "MISC", "kb_qid": null, "url_wikidata": null}, "L": {"label": "MISC", "kb_qid": "Q93379", "url_wikidata": "https://www.wikidata.org/wiki/Q93379"}, "\u00c9minences la sensible du.leur": {"label": "MISC", "kb_qid": null, "url_wikidata": null}, "Roi mon Ma\u00eetre": {"label": "PER", "kb_qid": null, "url_wikidata": null}, "la France": {"label": "LOC", "kb_qid": "Q70972", "url_wikidata": "https://www.wikidata.org/wiki/Q70972"}, "Grands & des plus": {"label": "MISC", "kb_qid": null, "url_wikidata": null}, "Saints Pertes": {"label": "MISC", "kb_qid": null, "url_wikidata": null}, "Enlise": {"label": "MISC", "kb_qid": null, "url_wikidata": null}, "Innocent XIII": {"label": "PER", "kb_qid": "Q133100", "url_wikidata": "https://www.wikidata.org/wiki/Q133100"}, "Majest\u00e9": {"label": "PER", "kb_qid": "Q669458", "url_wikidata": "https://www.wikidata.org/wiki/Q669458"}, "Messieurs": {"label": "PER", "kb_qid": "Q1104153", "url_wikidata": "https://www.wikidata.org/wiki/Q1104153"}, "Naissance, &": {"label": "MISC", "kb_qid": null, "url_wikidata": null}, "Roi": {"label": "PER", "kb_qid": "Q12097", "url_wikidata": "https://www.wikidata.org/wiki/Q12097"}, "S. M.": {"label": "PER", "kb_qid": "Q1896771", "url_wikidata": "https://www.wikidata.org/wiki/Q1896771"}, "Lettre que j'ai l'honneur": {"label": "MISC", "kb_qid": null, "url_wikidata": null}, "\u00c9mises.": {"label": "MISC", "kb_qid": null, "url_wikidata": null}, "Ciel & la Terre": {"label": "ORG", "kb_qid": null, "url_wikidata": null}, "Pontife": {"label": "MISC", "kb_qid": "Q13365614", "url_wikidata": "https://www.wikidata.org/wiki/Q13365614"}, "st": {"label": "PER", "kb_qid": null, "url_wikidata": null}, "& le Roi": {"label": "MISC", "kb_qid": null, "url_wikidata": null}, "Catholicit\u00e9": {"label": "MISC", "kb_qid": "Q311547", "url_wikidata": "https://www.wikidata.org/wiki/Q311547"}, "Bion": {"label": "PER", "kb_qid": "Q25283", "url_wikidata": "https://www.wikidata.org/wiki/Q25283"}, "Enlise Ur Pape": {"label": "MISC", "kb_qid": null, "url_wikidata": null}, "Perd commun des Fid\u00e8les, &": {"label": "LOC", "kb_qid": null, "url_wikidata": null}}, "ents_freq": {"Princes": 1, "Sacr\u00e9 Collage": 1, "Conclave.": 1, "L": 1, "\u00c9minences la sensible du.leur": 1, "Roi mon Ma\u00eetre": 1, "la France": 1, "Grands & des plus": 1, "Saints Pertes": 1, "Enlise": 2, "Innocent XIII": 1, "Majest\u00e9": 1, "Messieurs": 1, "Naissance, &": 1, "Roi": 1, "S. M.": 1, "Lettre que j'ai l'honneur": 1, "\u00c9mises.": 1, "Ciel & la Terre": 1, "Pontife": 1, "st": 1, "& le Roi": 1, "Catholicit\u00e9": 1, "Bion": 1, "Enlise Ur Pape": 1, "Perd commun des Fid\u00e8les, &": 1}, "year": "1724", "month": "07", "page": "22"}