{"ents_info": {"Cabine Gard des Esclaves": {"label": "LOC", "kb_qid": null, "url_wikidata": null}, "Mr. Godina": {"label": "PER", "kb_qid": null, "url_wikidata": null}, "Dey": {"label": "PER", "kb_qid": "Q3025636", "url_wikidata": "https://www.wikidata.org/wiki/Q3025636"}, "Habitent": {"label": "PER", "kb_qid": null, "url_wikidata": null}, "Articles du Trait\u00e9 de Paix": {"label": "MISC", "kb_qid": null, "url_wikidata": null}, "R\u00e9gence d'Alger": {"label": "PER", "kb_qid": "Q3045696", "url_wikidata": "https://www.wikidata.org/wiki/Q3045696"}, "R\u00e9gence": {"label": "MISC", "kb_qid": "Q1362712", "url_wikidata": "https://www.wikidata.org/wiki/Q1362712"}, "Trait\u00e9": {"label": "MISC", "kb_qid": "Q131569", "url_wikidata": "https://www.wikidata.org/wiki/Q131569"}, "Canonnade bronze": {"label": "MISC", "kb_qid": null, "url_wikidata": null}, "Canon": {"label": "ORG", "kb_qid": "Q466060", "url_wikidata": "https://www.wikidata.org/wiki/Q466060"}, "Ils,14O. Sabres": {"label": "MISC", "kb_qid": null, "url_wikidata": null}, "Ion": {"label": "ORG", "kb_qid": "Q614607", "url_wikidata": "https://www.wikidata.org/wiki/Q614607"}, "Navire": {"label": "LOC", "kb_qid": "Q11446", "url_wikidata": "https://www.wikidata.org/wiki/Q11446"}, "le Contramiral lin": {"label": "MISC", "kb_qid": null, "url_wikidata": null}, "Mr. Coin": {"label": "PER", "kb_qid": null, "url_wikidata": null}, "Escadre": {"label": "MISC", "kb_qid": "Q955920", "url_wikidata": "https://www.wikidata.org/wiki/Q955920"}, "port d'Espagne": {"label": "LOC", "kb_qid": null, "url_wikidata": null}, "L. II": {"label": "PER", "kb_qid": null, "url_wikidata": null}, "\u00c9tats G\u00e9n\u00e9raux ses Mitres, &.": {"label": "MISC", "kb_qid": null, "url_wikidata": null}, "Bruxelles": {"label": "LOC", "kb_qid": "Q9005", "url_wikidata": "https://www.wikidata.org/wiki/Q9005"}, "\u00c9v\u00eaque de Rochester": {"label": "LOC", "kb_qid": "Q1307504", "url_wikidata": "https://www.wikidata.org/wiki/Q1307504"}, "Angleterre": {"label": "LOC", "kb_qid": "Q179876", "url_wikidata": "https://www.wikidata.org/wiki/Q179876"}, "Montpellier": {"label": "LOC", "kb_qid": "Q6441", "url_wikidata": "https://www.wikidata.org/wiki/Q6441"}, "& Mr. Vanter Agen": {"label": "LOC", "kb_qid": null, "url_wikidata": null}, "Cour de Vienne": {"label": "LOC", "kb_qid": "Q130834", "url_wikidata": "https://www.wikidata.org/wiki/Q130834"}}, "ents_freq": {"Cabine Gard des Esclaves": 1, "Mr. Godina": 1, "Dey": 3, "Habitent": 1, "Articles du Trait\u00e9 de Paix": 1, "R\u00e9gence d'Alger": 1, "R\u00e9gence": 2, "Trait\u00e9": 1, "Canonnade bronze": 1, "Canon": 1, "Ils,14O. Sabres": 1, "Ion": 1, "Navire": 1, "le Contramiral lin": 1, "Mr. Coin": 1, "Escadre": 1, "port d'Espagne": 1, "L. II": 1, "\u00c9tats G\u00e9n\u00e9raux ses Mitres, &.": 1, "Bruxelles": 1, "\u00c9v\u00eaque de Rochester": 1, "Angleterre": 1, "Montpellier": 1, "& Mr. Vanter Agen": 1, "Cour de Vienne": 1}, "year": "1724", "month": "07", "page": "75"}