{"ents_info": {"La Clef du Cabine": {"label": "MISC", "kb_qid": null, "url_wikidata": null}, "Comte de Horn": {"label": "PER", "kb_qid": "Q572222", "url_wikidata": "https://www.wikidata.org/wiki/Q572222"}, "Charge de Pr\u00e9sident de la Chancellerie": {"label": "MISC", "kb_qid": null, "url_wikidata": null}, "Fronti\u00e8res de Russie": {"label": "LOC", "kb_qid": null, "url_wikidata": null}, "Carrellerions": {"label": "LOC", "kb_qid": null, "url_wikidata": null}, "Czar": {"label": "PER", "kb_qid": "Q44356", "url_wikidata": "https://www.wikidata.org/wiki/Q44356"}, "Mer": {"label": "LOC", "kb_qid": "Q732823", "url_wikidata": "https://www.wikidata.org/wiki/Q732823"}, "Troupes": {"label": "LOC", "kb_qid": null, "url_wikidata": null}, "& le Commerce": {"label": "MISC", "kb_qid": null, "url_wikidata": null}, "Pais": {"label": "PER", "kb_qid": "Q498598", "url_wikidata": "https://www.wikidata.org/wiki/Q498598"}, "Nation": {"label": "MISC", "kb_qid": "Q1573359", "url_wikidata": "https://www.wikidata.org/wiki/Q1573359"}, "Roi": {"label": "PER", "kb_qid": "Q18384454", "url_wikidata": "https://www.wikidata.org/wiki/Q18384454"}, "\u00c9tats": {"label": "LOC", "kb_qid": "Q35657", "url_wikidata": "https://www.wikidata.org/wiki/Q35657"}, "Des Manufactures,": {"label": "MISC", "kb_qid": null, "url_wikidata": null}, "Arts, &": {"label": "ORG", "kb_qid": null, "url_wikidata": null}, "Sue": {"label": "PER", "kb_qid": "Q315220", "url_wikidata": "https://www.wikidata.org/wiki/Q315220"}, "Albert & \u00e0 \u00d8resund, & la Reine": {"label": "MISC", "kb_qid": null, "url_wikidata": null}, "Dromenscholm": {"label": "PER", "kb_qid": null, "url_wikidata": null}, "Cour": {"label": "LOC", "kb_qid": "Q3001001", "url_wikidata": "https://www.wikidata.org/wiki/Q3001001"}, "Stockholm": {"label": "LOC", "kb_qid": "Q1754", "url_wikidata": "https://www.wikidata.org/wiki/Q1754"}, "Danemark": {"label": "LOC", "kb_qid": "Q756617", "url_wikidata": "https://www.wikidata.org/wiki/Q756617"}, "Copenhague": {"label": "LOC", "kb_qid": "Q1748", "url_wikidata": "https://www.wikidata.org/wiki/Q1748"}, "Ao\u00fbt": {"label": "PER", "kb_qid": "Q122", "url_wikidata": "https://www.wikidata.org/wiki/Q122"}, "Frederixbourg": {"label": "LOC", "kb_qid": null, "url_wikidata": null}, "Conseil": {"label": "ORG", "kb_qid": "Q37470", "url_wikidata": "https://www.wikidata.org/wiki/Q37470"}, "Audience": {"label": "ORG", "kb_qid": "Q1695783", "url_wikidata": "https://www.wikidata.org/wiki/Q1695783"}, "Mr. Buts": {"label": "PER", "kb_qid": null, "url_wikidata": null}, "Envoy\u00e9 Extraordinaire des \u00c9tats G\u00e9n\u00e9raux des Provinces-Unies": {"label": "MISC", "kb_qid": null, "url_wikidata": null}, "Ministres": {"label": "MISC", "kb_qid": "Q6063", "url_wikidata": "https://www.wikidata.org/wiki/Q6063"}, "Ville": {"label": "LOC", "kb_qid": "Q515", "url_wikidata": "https://www.wikidata.org/wiki/Q515"}, "Reine": {"label": "PER", "kb_qid": "Q9682", "url_wikidata": "https://www.wikidata.org/wiki/Q9682"}, "G\u00eanera Spores, Gouverneur de cette Capitale": {"label": "MISC", "kb_qid": null, "url_wikidata": null}, "ECS": {"label": "MISC", "kb_qid": "Q2976211", "url_wikidata": "https://www.wikidata.org/wiki/Q2976211"}}, "ents_freq": {"La Clef du Cabine": 1, "Comte de Horn": 1, "Charge de Pr\u00e9sident de la Chancellerie": 1, "Fronti\u00e8res de Russie": 1, "Carrellerions": 1, "Czar": 1, "Mer": 1, "Troupes": 1, "& le Commerce": 1, "Pais": 1, "Nation": 1, "Roi": 4, "\u00c9tats": 1, "Des Manufactures,": 1, "Arts, &": 1, "Sue": 1, "Albert & \u00e0 \u00d8resund, & la Reine": 1, "Dromenscholm": 1, "Cour": 1, "Stockholm": 1, "Danemark": 1, "Copenhague": 1, "Ao\u00fbt": 1, "Frederixbourg": 1, "Conseil": 1, "Audience": 1, "Mr. Buts": 1, "Envoy\u00e9 Extraordinaire des \u00c9tats G\u00e9n\u00e9raux des Provinces-Unies": 1, "Ministres": 1, "Ville": 1, "Reine": 1, "G\u00eanera Spores, Gouverneur de cette Capitale": 1, "ECS": 1}, "year": "1724", "month": "10", "page": "67"}