{"ents_info": {"Princes &": {"label": "LOC", "kb_qid": null, "url_wikidata": null}, "Pais": {"label": "PER", "kb_qid": "Q498598", "url_wikidata": "https://www.wikidata.org/wiki/Q498598"}, "Prince Royal & H\u00e9r\u00e9ditaire de Lorraine": {"label": "PER", "kb_qid": null, "url_wikidata": null}, "Places": {"label": "LOC", "kb_qid": "Q16670320", "url_wikidata": "https://www.wikidata.org/wiki/Q16670320"}, "Prusse": {"label": "LOC", "kb_qid": "Q27306", "url_wikidata": "https://www.wikidata.org/wiki/Q27306"}, "Berlin": {"label": "LOC", "kb_qid": "Q64", "url_wikidata": "https://www.wikidata.org/wiki/Q64"}, "Lettre du Duc de Mecklembourg": {"label": "MISC", "kb_qid": null, "url_wikidata": null}, "Roi de Prusse": {"label": "LOC", "kb_qid": "Q33550", "url_wikidata": "https://www.wikidata.org/wiki/Q33550"}, "Em": {"label": "LOC", "kb_qid": "Q27869640", "url_wikidata": "https://www.wikidata.org/wiki/Q27869640"}, "Duch\u00e9": {"label": "LOC", "kb_qid": "Q4712", "url_wikidata": "https://www.wikidata.org/wiki/Q4712"}, "S": {"label": "MISC", "kb_qid": "Q9956", "url_wikidata": "https://www.wikidata.org/wiki/Q9956"}, "S. A. S.": {"label": "PER", "kb_qid": "Q1267102", "url_wikidata": "https://www.wikidata.org/wiki/Q1267102"}, "\u00c9lecteurs & autres Princes, non pas m\u00eame": {"label": "ORG", "kb_qid": null, "url_wikidata": null}, "Ban de l'Empire": {"label": "LOC", "kb_qid": "Q583733", "url_wikidata": "https://www.wikidata.org/wiki/Q583733"}, "Noblesse de ses Rats,": {"label": "MISC", "kb_qid": null, "url_wikidata": null}, "S. M.": {"label": "PER", "kb_qid": "Q1896771", "url_wikidata": "https://www.wikidata.org/wiki/Q1896771"}, "Ministre": {"label": "ORG", "kb_qid": "Q83307", "url_wikidata": "https://www.wikidata.org/wiki/Q83307"}, "Vienne": {"label": "LOC", "kb_qid": "Q1741", "url_wikidata": "https://www.wikidata.org/wiki/Q1741"}, "Commission Imp\u00e9riale": {"label": "ORG", "kb_qid": null, "url_wikidata": null}, "&.": {"label": "MISC", "kb_qid": null, "url_wikidata": null}, "Allemagne": {"label": "LOC", "kb_qid": "Q43287", "url_wikidata": "https://www.wikidata.org/wiki/Q43287"}, "D'inerte de Ratisbonne": {"label": "MISC", "kb_qid": null, "url_wikidata": null}, "Cologne": {"label": "LOC", "kb_qid": "Q365", "url_wikidata": "https://www.wikidata.org/wiki/Q365"}, "Chapitre": {"label": "PER", "kb_qid": "Q3184737", "url_wikidata": "https://www.wikidata.org/wiki/Q3184737"}, "\u00c9lection d'un": {"label": "MISC", "kb_qid": null, "url_wikidata": null}, "\u00c9v\u00eaque Suffragant": {"label": "LOC", "kb_qid": "Q13426709", "url_wikidata": "https://www.wikidata.org/wiki/Q13426709"}, "Archev\u00each\u00e9": {"label": "LOC", "kb_qid": "Q1365744", "url_wikidata": "https://www.wikidata.org/wiki/Q1365744"}, "Comte Maximilien de Manderscheid-Valentin": {"label": "PER", "kb_qid": null, "url_wikidata": null}}, "ents_freq": {"Princes &": 1, "Pais": 1, "Prince Royal & H\u00e9r\u00e9ditaire de Lorraine": 1, "Places": 1, "Prusse": 1, "Berlin": 1, "Lettre du Duc de Mecklembourg": 1, "Roi de Prusse": 1, "Em": 2, "Duch\u00e9": 1, "S": 1, "S. A. S.": 1, "\u00c9lecteurs & autres Princes, non pas m\u00eame": 1, "Ban de l'Empire": 1, "Noblesse de ses Rats,": 1, "S. M.": 1, "Ministre": 1, "Vienne": 1, "Commission Imp\u00e9riale": 1, "&.": 1, "Allemagne": 1, "D'inerte de Ratisbonne": 1, "Cologne": 1, "Chapitre": 1, "\u00c9lection d'un": 1, "\u00c9v\u00eaque Suffragant": 1, "Archev\u00each\u00e9": 1, "Comte Maximilien de Manderscheid-Valentin": 1}, "year": "1724", "month": "11", "page": "66"}