{"ents_info": {"Princes": {"label": "LOC", "kb_qid": "Q2747456", "url_wikidata": "https://www.wikidata.org/wiki/Q2747456"}, "Pr\u00e9lat": {"label": "PER", "kb_qid": "Q29182", "url_wikidata": "https://www.wikidata.org/wiki/Q29182"}, "\u00c9v\u00eaques Appelant de la Bulle": {"label": "MISC", "kb_qid": null, "url_wikidata": null}, "Biens \u00e0 son S\u00e9minaire, & aux pauvres de son": {"label": "MISC", "kb_qid": null, "url_wikidata": null}, "Dioc\u00e8se": {"label": "MISC", "kb_qid": "Q871606", "url_wikidata": "https://www.wikidata.org/wiki/Q871606"}, "Marquise de Celui": {"label": "PER", "kb_qid": null, "url_wikidata": null}, "Paris": {"label": "LOC", "kb_qid": "Q90", "url_wikidata": "https://www.wikidata.org/wiki/Q90"}, "Due d'Amont": {"label": "MISC", "kb_qid": null, "url_wikidata": null}, "Duchesse Douairi\u00e8re d'Hambourg": {"label": "PER", "kb_qid": null, "url_wikidata": null}, "Oser-Bras": {"label": "PER", "kb_qid": null, "url_wikidata": null}, "Alsace": {"label": "LOC", "kb_qid": "Q1142", "url_wikidata": "https://www.wikidata.org/wiki/Q1142"}, "Comtesse de Lorenzo": {"label": "PER", "kb_qid": null, "url_wikidata": null}, "Princesse de": {"label": "PER", "kb_qid": "Q2192649", "url_wikidata": "https://www.wikidata.org/wiki/Q2192649"}, "Hesse Winfield": {"label": "PER", "kb_qid": null, "url_wikidata": null}, "V\u00e9tiller": {"label": "LOC", "kb_qid": null, "url_wikidata": null}, "Jean de Vit Bourg maitre": {"label": "PER", "kb_qid": null, "url_wikidata": null}, "Correct": {"label": "PER", "kb_qid": null, "url_wikidata": null}, "la Haye": {"label": "LOC", "kb_qid": "Q36600", "url_wikidata": "https://www.wikidata.org/wiki/Q36600"}, "Louis de Bourbon": {"label": "PER", "kb_qid": "Q1871533", "url_wikidata": "https://www.wikidata.org/wiki/Q1871533"}, "Ur": {"label": "LOC", "kb_qid": "Q632044", "url_wikidata": "https://www.wikidata.org/wiki/Q632044"}, "Terres": {"label": "LOC", "kb_qid": "Q327076", "url_wikidata": "https://www.wikidata.org/wiki/Q327076"}, "Auvergne": {"label": "LOC", "kb_qid": "Q1152", "url_wikidata": "https://www.wikidata.org/wiki/Q1152"}, "Jean Fran\u00e7ois Gabriel de Hennin Li\u00e9nard": {"label": "PER", "kb_qid": null, "url_wikidata": null}, "Archev\u00eaque d'Embrun": {"label": "PER", "kb_qid": null, "url_wikidata": null}, "Prince Henri Philippe de Croc": {"label": "PER", "kb_qid": null, "url_wikidata": null}, "Ill\u00e9galise Cath\u00e9drale de Cologne": {"label": "LOC", "kb_qid": null, "url_wikidata": null}, "Mai": {"label": "PER", "kb_qid": "Q119", "url_wikidata": "https://www.wikidata.org/wiki/Q119"}, "Ville": {"label": "LOC", "kb_qid": "Q515", "url_wikidata": "https://www.wikidata.org/wiki/Q515"}}, "ents_freq": {"Princes": 1, "Pr\u00e9lat": 1, "\u00c9v\u00eaques Appelant de la Bulle": 1, "Biens \u00e0 son S\u00e9minaire, & aux pauvres de son": 1, "Dioc\u00e8se": 1, "Marquise de Celui": 1, "Paris": 2, "Due d'Amont": 1, "Duchesse Douairi\u00e8re d'Hambourg": 1, "Oser-Bras": 1, "Alsace": 1, "Comtesse de Lorenzo": 1, "Princesse de": 1, "Hesse Winfield": 1, "V\u00e9tiller": 1, "Jean de Vit Bourg maitre": 1, "Correct": 1, "la Haye": 1, "Louis de Bourbon": 1, "Ur": 1, "Terres": 1, "Auvergne": 1, "Jean Fran\u00e7ois Gabriel de Hennin Li\u00e9nard": 1, "Archev\u00eaque d'Embrun": 1, "Prince Henri Philippe de Croc": 1, "Ill\u00e9galise Cath\u00e9drale de Cologne": 1, "Mai": 1, "Ville": 1}, "year": "1724", "month": "06", "page": "74"}