{"ents_info": {"I50": {"label": "LOC", "kb_qid": null, "url_wikidata": null}, "Cabine Voici ce qu'il en dit": {"label": "MISC", "kb_qid": null, "url_wikidata": null}, "Histoire": {"label": "MISC", "kb_qid": "Q310011", "url_wikidata": "https://www.wikidata.org/wiki/Q310011"}, "Acad\u00e9mie": {"label": "ORG", "kb_qid": "Q162633", "url_wikidata": "https://www.wikidata.org/wiki/Q162633"}, "Mr. de R\u00e9aumur": {"label": "PER", "kb_qid": null, "url_wikidata": null}, "Abeilles": {"label": "LOC", "kb_qid": "Q106090196", "url_wikidata": "https://www.wikidata.org/wiki/Q106090196"}, "Gu\u00eapes": {"label": "LOC", "kb_qid": "Q7037230", "url_wikidata": "https://www.wikidata.org/wiki/Q7037230"}, "Des Gu\u00eapes & les Abeilles": {"label": "MISC", "kb_qid": null, "url_wikidata": null}, "Mr. Mardi": {"label": "MISC", "kb_qid": null, "url_wikidata": null}, "Abeilles, Mr. de R\u00e9aumur": {"label": "MISC", "kb_qid": null, "url_wikidata": null}, "Des Spartiates": {"label": "MISC", "kb_qid": null, "url_wikidata": null}, "Ath\u00e9niens": {"label": "LOC", "kb_qid": "Q1064853", "url_wikidata": "https://www.wikidata.org/wiki/Q1064853"}, "\u00c9difice": {"label": "LOC", "kb_qid": "Q3579101", "url_wikidata": "https://www.wikidata.org/wiki/Q3579101"}, "Guipes": {"label": "LOC", "kb_qid": null, "url_wikidata": null}, "Celles": {"label": "LOC", "kb_qid": "Q1072324", "url_wikidata": "https://www.wikidata.org/wiki/Q1072324"}}, "ents_freq": {"I50": 1, "Cabine Voici ce qu'il en dit": 1, "Histoire": 2, "Acad\u00e9mie": 1, "Mr. de R\u00e9aumur": 2, "Abeilles": 3, "Gu\u00eapes": 1, "Des Gu\u00eapes & les Abeilles": 1, "Mr. Mardi": 2, "Abeilles, Mr. de R\u00e9aumur": 1, "Des Spartiates": 1, "Ath\u00e9niens": 1, "\u00c9difice": 1, "Guipes": 1, "Celles": 1}, "year": "1724", "month": "03", "page": "3"}