{"ents_info": {"La Clef du Cabinet Sera": {"label": "MISC", "kb_qid": null, "url_wikidata": null}, "Saufconduit": {"label": "MISC", "kb_qid": null, "url_wikidata": null}, "l'Interr\u00e8gne": {"label": "MISC", "kb_qid": "Q3153586", "url_wikidata": "https://www.wikidata.org/wiki/Q3153586"}, "Cardinaux Albanie": {"label": "ORG", "kb_qid": null, "url_wikidata": null}, "Neveux de Clament XI": {"label": "PER", "kb_qid": null, "url_wikidata": null}, "Famille": {"label": "MISC", "kb_qid": "Q35409", "url_wikidata": "https://www.wikidata.org/wiki/Q35409"}, "\u00c9minences": {"label": "MISC", "kb_qid": null, "url_wikidata": null}, "Pape": {"label": "PER", "kb_qid": "Q19546", "url_wikidata": "https://www.wikidata.org/wiki/Q19546"}, "Cardinal Conjungos": {"label": "PER", "kb_qid": null, "url_wikidata": null}, "Cardinal Allierons": {"label": "PER", "kb_qid": null, "url_wikidata": null}, "Cardinal de Gaudie": {"label": "PER", "kb_qid": null, "url_wikidata": null}, "\u00c9minence": {"label": "PER", "kb_qid": "Q3052407", "url_wikidata": "https://www.wikidata.org/wiki/Q3052407"}, "Confr\u00e9ries & Curez de cette Capitale": {"label": "ORG", "kb_qid": null, "url_wikidata": null}, "Palais du Vatican": {"label": "LOC", "kb_qid": "Q145093", "url_wikidata": "https://www.wikidata.org/wiki/Q145093"}, "Conclave": {"label": "MISC", "kb_qid": "Q186431", "url_wikidata": "https://www.wikidata.org/wiki/Q186431"}, "Hymne Venir Cr\u00e9ateur Spirites, &": {"label": "MISC", "kb_qid": null, "url_wikidata": null}, "Basilique de St. Pierre": {"label": "LOC", "kb_qid": null, "url_wikidata": null}, "V\u00e9n\u00e9rable": {"label": "PER", "kb_qid": "Q51619", "url_wikidata": "https://www.wikidata.org/wiki/Q51619"}, "Cardinal Camerlingue": {"label": "PER", "kb_qid": "Q5265455", "url_wikidata": "https://www.wikidata.org/wiki/Q5265455"}, "Affiches": {"label": "MISC", "kb_qid": "Q3230394", "url_wikidata": "https://www.wikidata.org/wiki/Q3230394"}, "Palais": {"label": "LOC", "kb_qid": "Q16560", "url_wikidata": "https://www.wikidata.org/wiki/Q16560"}, "Place de St. Pierre": {"label": "LOC", "kb_qid": null, "url_wikidata": null}, "porte du Gouverneur du Conclave, &": {"label": "LOC", "kb_qid": null, "url_wikidata": null}, "Ch\u00e2teau St. Ange": {"label": "LOC", "kb_qid": null, "url_wikidata": null}, "Bulle d'Allemande VIII": {"label": "MISC", "kb_qid": null, "url_wikidata": null}, "Con": {"label": "MISC", "kb_qid": "Q109018931", "url_wikidata": "https://www.wikidata.org/wiki/Q109018931"}, "Galeries & de l'excommunication": {"label": "ORG", "kb_qid": null, "url_wikidata": null}}, "ents_freq": {"La Clef du Cabinet Sera": 1, "Saufconduit": 1, "l'Interr\u00e8gne": 1, "Cardinaux Albanie": 1, "Neveux de Clament XI": 1, "Famille": 1, "\u00c9minences": 1, "Pape": 1, "Cardinal Conjungos": 1, "Cardinal Allierons": 1, "Cardinal de Gaudie": 1, "\u00c9minence": 1, "Confr\u00e9ries & Curez de cette Capitale": 1, "Palais du Vatican": 1, "Conclave": 1, "Hymne Venir Cr\u00e9ateur Spirites, &": 1, "Basilique de St. Pierre": 1, "V\u00e9n\u00e9rable": 1, "Cardinal Camerlingue": 1, "Affiches": 1, "Palais": 1, "Place de St. Pierre": 1, "porte du Gouverneur du Conclave, &": 1, "Ch\u00e2teau St. Ange": 1, "Bulle d'Allemande VIII": 1, "Con": 1, "Galeries & de l'excommunication": 1}, "year": "1724", "month": "06", "page": "35"}