{"ents_info": {"La Clef du Cabinet 1 Compagnies": {"label": "MISC", "kb_qid": null, "url_wikidata": null}, "Provinces-nies": {"label": "LOC", "kb_qid": null, "url_wikidata": null}, "Des autres Nations de l'Europe": {"label": "ORG", "kb_qid": null, "url_wikidata": null}, "Habitants des Pais-Bas Autrichiens": {"label": "ORG", "kb_qid": null, "url_wikidata": null}, "Directeurs de la": {"label": "ORG", "kb_qid": null, "url_wikidata": null}, "Compagnie d'Orient": {"label": "ORG", "kb_qid": null, "url_wikidata": null}, "M\u00e9moire du mois de F\u00e9vrier 17 20": {"label": "MISC", "kb_qid": null, "url_wikidata": null}, "Indes &": {"label": "ORG", "kb_qid": null, "url_wikidata": null}, "Afrique": {"label": "LOC", "kb_qid": "Q181238", "url_wikidata": "https://www.wikidata.org/wiki/Q181238"}, "Limites des Octrois desdites Compagnies": {"label": "MISC", "kb_qid": null, "url_wikidata": null}, "Anglais": {"label": "LOC", "kb_qid": "Q1860", "url_wikidata": "https://www.wikidata.org/wiki/Q1860"}, "Fran\u00e7ois": {"label": "LOC", "kb_qid": "Q129857", "url_wikidata": "https://www.wikidata.org/wiki/Q129857"}, "Danois": {"label": "LOC", "kb_qid": "Q756617", "url_wikidata": "https://www.wikidata.org/wiki/Q756617"}, "Hollandais": {"label": "LOC", "kb_qid": "Q170072", "url_wikidata": "https://www.wikidata.org/wiki/Q170072"}, "Brandebourgeois": {"label": "LOC", "kb_qid": "Q371087", "url_wikidata": "https://www.wikidata.org/wiki/Q371087"}, "Soci\u00e9t\u00e9": {"label": "ORG", "kb_qid": "Q8425", "url_wikidata": "https://www.wikidata.org/wiki/Q8425"}, "Navigation & les Habitations que lesdites Nations": {"label": "MISC", "kb_qid": null, "url_wikidata": null}, "Afrique &": {"label": "ORG", "kb_qid": null, "url_wikidata": null}, "Lieux": {"label": "LOC", "kb_qid": "Q1456036", "url_wikidata": "https://www.wikidata.org/wiki/Q1456036"}, "Europ\u00e9ens": {"label": "LOC", "kb_qid": "Q3398024", "url_wikidata": "https://www.wikidata.org/wiki/Q3398024"}, "Compagnies": {"label": "ORG", "kb_qid": "Q1543015", "url_wikidata": "https://www.wikidata.org/wiki/Q1543015"}, "Droit des gens": {"label": "MISC", "kb_qid": "Q160085", "url_wikidata": "https://www.wikidata.org/wiki/Q160085"}, "Auteurs": {"label": "MISC", "kb_qid": "Q28389", "url_wikidata": "https://www.wikidata.org/wiki/Q28389"}, "Droit public": {"label": "MISC", "kb_qid": "Q207892", "url_wikidata": "https://www.wikidata.org/wiki/Q207892"}}, "ents_freq": {"La Clef du Cabinet 1 Compagnies": 1, "Provinces-nies": 1, "Des autres Nations de l'Europe": 1, "Habitants des Pais-Bas Autrichiens": 1, "Directeurs de la": 1, "Compagnie d'Orient": 1, "M\u00e9moire du mois de F\u00e9vrier 17 20": 1, "Indes &": 1, "Afrique": 1, "Limites des Octrois desdites Compagnies": 1, "Anglais": 2, "Fran\u00e7ois": 1, "Danois": 2, "Hollandais": 1, "Brandebourgeois": 1, "Soci\u00e9t\u00e9": 2, "Navigation & les Habitations que lesdites Nations": 1, "Afrique &": 1, "Lieux": 1, "Europ\u00e9ens": 1, "Compagnies": 1, "Droit des gens": 1, "Auteurs": 1, "Droit public": 1}, "year": "1724", "month": "11", "page": "3"}