{"ents_info": {"Prises": {"label": "MISC", "kb_qid": null, "url_wikidata": null}, "De ce": {"label": "MISC", "kb_qid": null, "url_wikidata": null}, "Leur Palatine st": {"label": "LOC", "kb_qid": null, "url_wikidata": null}, "Setzinghen": {"label": "LOC", "kb_qid": null, "url_wikidata": null}, "Mannheim": {"label": "LOC", "kb_qid": "Q2119", "url_wikidata": "https://www.wikidata.org/wiki/Q2119"}, "H.": {"label": "PER", "kb_qid": "Q385271", "url_wikidata": "https://www.wikidata.org/wiki/Q385271"}, "\u00c9lecteur de Tries": {"label": "LOC", "kb_qid": null, "url_wikidata": null}, "R\u00e9sidence de Coulent, & l'\u00c9lecteur de Colonne": {"label": "LOC", "kb_qid": null, "url_wikidata": null}, "Munich": {"label": "LOC", "kb_qid": "Q55044", "url_wikidata": "https://www.wikidata.org/wiki/Q55044"}, "Prince H\u00e9r\u00e9ditaire de Sultanat": {"label": "PER", "kb_qid": null, "url_wikidata": null}, "Duch\u00e9 de Deux-Ponts": {"label": "LOC", "kb_qid": "Q701983", "url_wikidata": "https://www.wikidata.org/wiki/Q701983"}, "Prince BEixinfel VIII": {"label": "MISC", "kb_qid": null, "url_wikidata": null}, "Berlin": {"label": "LOC", "kb_qid": "Q64", "url_wikidata": "https://www.wikidata.org/wiki/Q64"}, "Cour": {"label": "LOC", "kb_qid": "Q3001001", "url_wikidata": "https://www.wikidata.org/wiki/Q3001001"}, "Roi": {"label": "PER", "kb_qid": "Q12097", "url_wikidata": "https://www.wikidata.org/wiki/Q12097"}, "Potsdam": {"label": "LOC", "kb_qid": "Q1022943", "url_wikidata": "https://www.wikidata.org/wiki/Q1022943"}, "Reine": {"label": "PER", "kb_qid": "Q9682", "url_wikidata": "https://www.wikidata.org/wiki/Q9682"}, "Gouvernement de Lista": {"label": "MISC", "kb_qid": null, "url_wikidata": null}, "Bon de Helen": {"label": "MISC", "kb_qid": null, "url_wikidata": null}, "Baron de Spa": {"label": "MISC", "kb_qid": null, "url_wikidata": null}, "Francfort": {"label": "LOC", "kb_qid": "Q1794", "url_wikidata": "https://www.wikidata.org/wiki/Q1794"}, "Ile I9": {"label": "LOC", "kb_qid": null, "url_wikidata": null}, "Chapitre de St. Barth\u00e9l\u00e9my": {"label": "MISC", "kb_qid": null, "url_wikidata": null}, "Pr\u00e9voit le Baron": {"label": "PER", "kb_qid": null, "url_wikidata": null}, "Wurtzbourg": {"label": "LOC", "kb_qid": "Q250224", "url_wikidata": "https://www.wikidata.org/wiki/Q250224"}, "\u00c9v\u00eaque": {"label": "LOC", "kb_qid": "Q29182", "url_wikidata": "https://www.wikidata.org/wiki/Q29182"}, "Magistrat": {"label": "LOC", "kb_qid": "Q16009129", "url_wikidata": "https://www.wikidata.org/wiki/Q16009129"}, "Marchands": {"label": "LOC", "kb_qid": "Q215536", "url_wikidata": "https://www.wikidata.org/wiki/Q215536"}, "Ode Doublasse": {"label": "PER", "kb_qid": null, "url_wikidata": null}, "D\u00e9claration, pur": {"label": "MISC", "kb_qid": null, "url_wikidata": null}, "Reformez": {"label": "LOC", "kb_qid": null, "url_wikidata": null}, "de France": {"label": "LOC", "kb_qid": "Q70972", "url_wikidata": "https://www.wikidata.org/wiki/Q70972"}, "Pays": {"label": "LOC", "kb_qid": "Q55", "url_wikidata": "https://www.wikidata.org/wiki/Q55"}, "Cameroun": {"label": "LOC", "kb_qid": "Q1009", "url_wikidata": "https://www.wikidata.org/wiki/Q1009"}, "Prince & \u00c9v\u00eaque": {"label": "ORG", "kb_qid": null, "url_wikidata": null}, "Villeaec\u0327u": {"label": "LOC", "kb_qid": null, "url_wikidata": null}, "Rome": {"label": "LOC", "kb_qid": "Q319496", "url_wikidata": "https://www.wikidata.org/wiki/Q319496"}, "Sacre": {"label": "MISC", "kb_qid": "Q209715", "url_wikidata": "https://www.wikidata.org/wiki/Q209715"}, "SAS": {"label": "ORG", "kb_qid": "Q222883", "url_wikidata": "https://www.wikidata.org/wiki/Q222883"}, "Charge de Grand Official": {"label": "MISC", "kb_qid": null, "url_wikidata": null}, "Baron d'Horion": {"label": "LOC", "kb_qid": null, "url_wikidata": null}}, "ents_freq": {"Prises": 1, "De ce": 1, "Leur Palatine st": 1, "Setzinghen": 1, "Mannheim": 1, "H.": 1, "\u00c9lecteur de Tries": 1, "R\u00e9sidence de Coulent, & l'\u00c9lecteur de Colonne": 1, "Munich": 1, "Prince H\u00e9r\u00e9ditaire de Sultanat": 1, "Duch\u00e9 de Deux-Ponts": 1, "Prince BEixinfel VIII": 1, "Berlin": 2, "Cour": 1, "Roi": 1, "Potsdam": 1, "Reine": 1, "Gouvernement de Lista": 1, "Bon de Helen": 1, "Baron de Spa": 1, "Francfort": 1, "Ile I9": 1, "Chapitre de St. Barth\u00e9l\u00e9my": 1, "Pr\u00e9voit le Baron": 1, "Wurtzbourg": 1, "\u00c9v\u00eaque": 1, "Magistrat": 1, "Marchands": 1, "Ode Doublasse": 1, "D\u00e9claration, pur": 1, "Reformez": 1, "de France": 1, "Pays": 1, "Cameroun": 1, "Prince & \u00c9v\u00eaque": 1, "Villeaec\u0327u": 1, "Rome": 1, "Sacre": 1, "SAS": 1, "Charge de Grand Official": 1, "Baron d'Horion": 1}, "year": "1724", "month": "12", "page": "60"}