{"ents_info": {"Princes": {"label": "LOC", "kb_qid": "Q2747456", "url_wikidata": "https://www.wikidata.org/wiki/Q2747456"}, "ilindetaler": {"label": "PER", "kb_qid": null, "url_wikidata": null}, "C dinar Protom\u00e9": {"label": "MISC", "kb_qid": null, "url_wikidata": null}, "V\u00e9rolai": {"label": "PER", "kb_qid": null, "url_wikidata": null}, "St. Perd": {"label": "LOC", "kb_qid": null, "url_wikidata": null}, "P\u00e9dcesleusont": {"label": "PER", "kb_qid": null, "url_wikidata": null}, "Pio": {"label": "MISC", "kb_qid": "Q3388901", "url_wikidata": "https://www.wikidata.org/wiki/Q3388901"}, "Confection \u00e9olien": {"label": "MISC", "kb_qid": null, "url_wikidata": null}, "Dean": {"label": "PER", "kb_qid": "Q545973", "url_wikidata": "https://www.wikidata.org/wiki/Q545973"}, "AINSI IIIe": {"label": "ORG", "kb_qid": null, "url_wikidata": null}, "De": {"label": "LOC", "kb_qid": "Q845981", "url_wikidata": "https://www.wikidata.org/wiki/Q845981"}, "Contre action pleine &": {"label": "MISC", "kb_qid": null, "url_wikidata": null}, "l Chine": {"label": "LOC", "kb_qid": null, "url_wikidata": null}, "Fleuret!IiS Astuces": {"label": "PER", "kb_qid": null, "url_wikidata": null}, "IV Oncle": {"label": "MISC", "kb_qid": null, "url_wikidata": null}, "Imine & de Avril des Lits": {"label": "MISC", "kb_qid": null, "url_wikidata": null}, "Litre": {"label": "MISC", "kb_qid": "Q3802875", "url_wikidata": "https://www.wikidata.org/wiki/Q3802875"}, "M\u00e9diation \u00e0 l'Empereur": {"label": "MISC", "kb_qid": null, "url_wikidata": null}, "S. M. IL l'Espagne": {"label": "PER", "kb_qid": null, "url_wikidata": null}, "Cours de Vienne & de France": {"label": "MISC", "kb_qid": null, "url_wikidata": null}, "Cong\u00e9s": {"label": "PER", "kb_qid": "Q5338673", "url_wikidata": "https://www.wikidata.org/wiki/Q5338673"}, "Cambrai": {"label": "LOC", "kb_qid": "Q1364285", "url_wikidata": "https://www.wikidata.org/wiki/Q1364285"}, "concile cette M\u00e9diation": {"label": "MISC", "kb_qid": null, "url_wikidata": null}, "Sr": {"label": "PER", "kb_qid": "Q938", "url_wikidata": "https://www.wikidata.org/wiki/Q938"}, "Naumachie": {"label": "LOC", "kb_qid": "Q1431232", "url_wikidata": "https://www.wikidata.org/wiki/Q1431232"}, "l'Empire": {"label": "LOC", "kb_qid": "Q71092", "url_wikidata": "https://www.wikidata.org/wiki/Q71092"}, "Nonciature": {"label": "LOC", "kb_qid": "Q2455958", "url_wikidata": "https://www.wikidata.org/wiki/Q2455958"}, "Royaume de Naples": {"label": "LOC", "kb_qid": "Q173065", "url_wikidata": "https://www.wikidata.org/wiki/Q173065"}, "B\u00e9n\u00e9fices vacant": {"label": "MISC", "kb_qid": null, "url_wikidata": null}}, "ents_freq": {"Princes": 1, "ilindetaler": 1, "C dinar Protom\u00e9": 1, "V\u00e9rolai": 1, "St. Perd": 1, "P\u00e9dcesleusont": 1, "Pio": 1, "Confection \u00e9olien": 1, "Dean": 1, "AINSI IIIe": 1, "De": 1, "Contre action pleine &": 1, "l Chine": 1, "Fleuret!IiS Astuces": 1, "IV Oncle": 1, "Imine & de Avril des Lits": 1, "Litre": 1, "M\u00e9diation \u00e0 l'Empereur": 1, "S. M. IL l'Espagne": 1, "Cours de Vienne & de France": 1, "Cong\u00e9s": 1, "Cambrai": 1, "concile cette M\u00e9diation": 1, "Sr": 1, "Naumachie": 1, "l'Empire": 1, "Nonciature": 1, "Royaume de Naples": 1, "B\u00e9n\u00e9fices vacant": 1}, "year": "1724", "month": "10", "page": "26"}