{"ents_info": {"Cabinet": {"label": "MISC", "kb_qid": "Q529012", "url_wikidata": "https://www.wikidata.org/wiki/Q529012"}, "Rivi\u00e8res": {"label": "LOC", "kb_qid": "Q955660", "url_wikidata": "https://www.wikidata.org/wiki/Q955660"}, "Danemark": {"label": "LOC", "kb_qid": "Q756617", "url_wikidata": "https://www.wikidata.org/wiki/Q756617"}, "Roi": {"label": "PER", "kb_qid": "Q18384454", "url_wikidata": "https://www.wikidata.org/wiki/Q18384454"}, "Holost\u00e9en;": {"label": "ORG", "kb_qid": null, "url_wikidata": null}, "SS": {"label": "ORG", "kb_qid": "Q153626", "url_wikidata": "https://www.wikidata.org/wiki/Q153626"}, "Ent\u00e9": {"label": "LOC", "kb_qid": "Q222958", "url_wikidata": "https://www.wikidata.org/wiki/Q222958"}, "Printemps prochain une nombreuse Escadre": {"label": "MISC", "kb_qid": null, "url_wikidata": null}, "Mer": {"label": "LOC", "kb_qid": "Q732823", "url_wikidata": "https://www.wikidata.org/wiki/Q732823"}, "H\u00f4tel d'Exiger pour le Prince & la Princesse Royale": {"label": "LOC", "kb_qid": null, "url_wikidata": null}, "\u00c9v\u00each\u00e9 de Serge": {"label": "LOC", "kb_qid": null, "url_wikidata": null}, "Norv\u00e8ge": {"label": "LOC", "kb_qid": "Q216704", "url_wikidata": "https://www.wikidata.org/wiki/Q216704"}, "Mr. Muller Pr\u00e9dicateur": {"label": "PER", "kb_qid": null, "url_wikidata": null}, "Major G\u00eanera": {"label": "ORG", "kb_qid": null, "url_wikidata": null}, "Commandant de la Citadelle de Copenhague": {"label": "MISC", "kb_qid": null, "url_wikidata": null}, "Bettembourg": {"label": "LOC", "kb_qid": "Q832342", "url_wikidata": "https://www.wikidata.org/wiki/Q832342"}, "Paix": {"label": "MISC", "kb_qid": "Q454", "url_wikidata": "https://www.wikidata.org/wiki/Q454"}, "Marquis": {"label": "PER", "kb_qid": "Q209726", "url_wikidata": "https://www.wikidata.org/wiki/Q209726"}, "Bonasse Ambassadeur de France": {"label": "PER", "kb_qid": null, "url_wikidata": null}, "Prince de Galicien": {"label": "PER", "kb_qid": null, "url_wikidata": null}, "I'Vutraine": {"label": "MISC", "kb_qid": null, "url_wikidata": null}, "D\u00e9tachement": {"label": "ORG", "kb_qid": "Q1201097", "url_wikidata": "https://www.wikidata.org/wiki/Q1201097"}, "Fronti\u00e8re de Perse": {"label": "LOC", "kb_qid": null, "url_wikidata": null}, "S. M.": {"label": "PER", "kb_qid": "Q669458", "url_wikidata": "https://www.wikidata.org/wiki/Q669458"}, "Canal de communication": {"label": "ORG", "kb_qid": "Q23014216", "url_wikidata": "https://www.wikidata.org/wiki/Q23014216"}, "Lac de L'adora": {"label": "LOC", "kb_qid": null, "url_wikidata": null}, "Pais, & on dit": {"label": "MISC", "kb_qid": null, "url_wikidata": null}, "Cour": {"label": "LOC", "kb_qid": "Q3001001", "url_wikidata": "https://www.wikidata.org/wiki/Q3001001"}, "Moscou": {"label": "LOC", "kb_qid": "Q649", "url_wikidata": "https://www.wikidata.org/wiki/Q649"}, "Mars": {"label": "PER", "kb_qid": "Q111", "url_wikidata": "https://www.wikidata.org/wiki/Q111"}, "Lisbonne": {"label": "LOC", "kb_qid": "Q597", "url_wikidata": "https://www.wikidata.org/wiki/Q597"}, "Cadix": {"label": "LOC", "kb_qid": "Q15682", "url_wikidata": "https://www.wikidata.org/wiki/Q15682"}, "& Livourne": {"label": "LOC", "kb_qid": null, "url_wikidata": null}, "Consuls de la Nation Russienne": {"label": "ORG", "kb_qid": null, "url_wikidata": null}, "G\u00eanera Czeremerof": {"label": "MISC", "kb_qid": null, "url_wikidata": null}}, "ents_freq": {"Cabinet": 1, "Rivi\u00e8res": 1, "Danemark": 1, "Roi": 2, "Holost\u00e9en;": 1, "SS": 1, "Ent\u00e9": 1, "Printemps prochain une nombreuse Escadre": 1, "Mer": 1, "H\u00f4tel d'Exiger pour le Prince & la Princesse Royale": 1, "\u00c9v\u00each\u00e9 de Serge": 1, "Norv\u00e8ge": 1, "Mr. Muller Pr\u00e9dicateur": 1, "Major G\u00eanera": 1, "Commandant de la Citadelle de Copenhague": 1, "Bettembourg": 1, "Paix": 1, "Marquis": 1, "Bonasse Ambassadeur de France": 1, "Prince de Galicien": 1, "I'Vutraine": 1, "D\u00e9tachement": 1, "Fronti\u00e8re de Perse": 1, "S. M.": 1, "Canal de communication": 1, "Lac de L'adora": 1, "Pais, & on dit": 1, "Cour": 1, "Moscou": 1, "Mars": 1, "Lisbonne": 1, "Cadix": 1, "& Livourne": 1, "Consuls de la Nation Russienne": 1, "G\u00eanera Czeremerof": 1}, "year": "1724", "month": "04", "page": "65"}