{"ents_info": {"La Chef du Cabinet son Perd, &": {"label": "MISC", "kb_qid": null, "url_wikidata": null}, "Tr\u00f4ne, &": {"label": "MISC", "kb_qid": null, "url_wikidata": null}, "V Iles & Provinces": {"label": "ORG", "kb_qid": null, "url_wikidata": null}, "Jeun Gaston, &": {"label": "MISC", "kb_qid": null, "url_wikidata": null}, "as &": {"label": "MISC", "kb_qid": null, "url_wikidata": null}, "Io": {"label": "LOC", "kb_qid": "Q179014", "url_wikidata": "https://www.wikidata.org/wiki/Q179014"}, "Princesse de la Maison de Saxe": {"label": "MISC", "kb_qid": null, "url_wikidata": null}, "Veuve": {"label": "MISC", "kb_qid": "Q3556427", "url_wikidata": "https://www.wikidata.org/wiki/Q3556427"}, "Philippe Comte Palatin": {"label": "PER", "kb_qid": null, "url_wikidata": null}, "Prague": {"label": "LOC", "kb_qid": "Q1085", "url_wikidata": "https://www.wikidata.org/wiki/Q1085"}, "R\u00e9sidence": {"label": "MISC", "kb_qid": "Q156316", "url_wikidata": "https://www.wikidata.org/wiki/Q156316"}, "A. S.": {"label": "PER", "kb_qid": "Q11184", "url_wikidata": "https://www.wikidata.org/wiki/Q11184"}, "Enlise": {"label": "MISC", "kb_qid": null, "url_wikidata": null}, "Conseil": {"label": "ORG", "kb_qid": "Q2993894", "url_wikidata": "https://www.wikidata.org/wiki/Q2993894"}, "Discours \u00e0 l louange du": {"label": "MISC", "kb_qid": null, "url_wikidata": null}, "Grand Duc son Perd": {"label": "PER", "kb_qid": null, "url_wikidata": null}, "Prince": {"label": "PER", "kb_qid": "Q2747456", "url_wikidata": "https://www.wikidata.org/wiki/Q2747456"}, "Italie": {"label": "LOC", "kb_qid": "Q172579", "url_wikidata": "https://www.wikidata.org/wiki/Q172579"}, "Sujets des d\u00e9pouilles des Prix, ces gui": {"label": "MISC", "kb_qid": null, "url_wikidata": null}, "Terre": {"label": "LOC", "kb_qid": "Q2542783", "url_wikidata": "https://www.wikidata.org/wiki/Q2542783"}, "Go\u00fbter": {"label": "MISC", "kb_qid": "Q1113192", "url_wikidata": "https://www.wikidata.org/wiki/Q1113192"}, "Pionces, & c'est": {"label": "MISC", "kb_qid": null, "url_wikidata": null}, "S.A. S.": {"label": "PER", "kb_qid": null, "url_wikidata": null}, "Salle du Conseil": {"label": "ORG", "kb_qid": null, "url_wikidata": null}, "C\u00e9r\u00e9monie de l'Hommage": {"label": "MISC", "kb_qid": null, "url_wikidata": null}, "Seat, la Noblesse les Feudataires": {"label": "MISC", "kb_qid": null, "url_wikidata": null}, "Grand Du R\u00e9gent": {"label": "LOC", "kb_qid": null, "url_wikidata": null}, "Gouvernement": {"label": "MISC", "kb_qid": "Q3112648", "url_wikidata": "https://www.wikidata.org/wiki/Q3112648"}}, "ents_freq": {"La Chef du Cabinet son Perd, &": 1, "Tr\u00f4ne, &": 1, "V Iles & Provinces": 1, "Jeun Gaston, &": 1, "as &": 1, "Io": 1, "Princesse de la Maison de Saxe": 1, "Veuve": 1, "Philippe Comte Palatin": 1, "Prague": 1, "R\u00e9sidence": 1, "A. S.": 1, "Enlise": 1, "Conseil": 1, "Discours \u00e0 l louange du": 1, "Grand Duc son Perd": 1, "Prince": 1, "Italie": 1, "Sujets des d\u00e9pouilles des Prix, ces gui": 1, "Terre": 1, "Go\u00fbter": 1, "Pionces, & c'est": 1, "S.A. S.": 1, "Salle du Conseil": 1, "C\u00e9r\u00e9monie de l'Hommage": 1, "Seat, la Noblesse les Feudataires": 1, "Grand Du R\u00e9gent": 1, "Gouvernement": 1}, "year": "1724", "month": "01", "page": "31"}