{"ents_info": {"Princes": {"label": "LOC", "kb_qid": null, "url_wikidata": null}, "Duc de": {"label": "PER", "kb_qid": null, "url_wikidata": null}, "Graina Orin": {"label": "PER", "kb_qid": null, "url_wikidata": null}, "Tr\u00f4ne": {"label": "LOC", "kb_qid": null, "url_wikidata": null}, "Conn\u00e9table Cotonna": {"label": "PER", "kb_qid": null, "url_wikidata": null}, "Duc": {"label": "PER", "kb_qid": null, "url_wikidata": null}, "Droit": {"label": "MISC", "kb_qid": null, "url_wikidata": null}, "Pape": {"label": "PER", "kb_qid": null, "url_wikidata": null}, "V\u00e9lars": {"label": "PER", "kb_qid": null, "url_wikidata": null}, "Cardinaux": {"label": "PER", "kb_qid": null, "url_wikidata": null}, "Congr\u00e9gation pour la reforme,": {"label": "ORG", "kb_qid": null, "url_wikidata": null}, "& S. S.": {"label": "PER", "kb_qid": null, "url_wikidata": null}, "Couvent de St. Christine": {"label": "LOC", "kb_qid": null, "url_wikidata": null}, "Duc l'on Perd": {"label": "MISC", "kb_qid": null, "url_wikidata": null}, "Dom Mario Chi": {"label": "PER", "kb_qid": null, "url_wikidata": null}, "Congr\u00e9gation pour regeler": {"label": "ORG", "kb_qid": null, "url_wikidata": null}, "Grand": {"label": "LOC", "kb_qid": null, "url_wikidata": null}, "Comte de Tabasco": {"label": "PER", "kb_qid": null, "url_wikidata": null}, "Ministre du Roi de Pologne": {"label": "PER", "kb_qid": null, "url_wikidata": null}, "Duc & la Duchesse de Guadagnola, &": {"label": "MISC", "kb_qid": null, "url_wikidata": null}, "I8": {"label": "ORG", "kb_qid": null, "url_wikidata": null}, "Cardinaux Albanie": {"label": "ORG", "kb_qid": null, "url_wikidata": null}, "Conn\u00e9table Douairi\u00e8re Cotonna": {"label": "PER", "kb_qid": null, "url_wikidata": null}, "Naples": {"label": "LOC", "kb_qid": null, "url_wikidata": null}, "Cardinal Vice-roi": {"label": "PER", "kb_qid": null, "url_wikidata": null}, "Arsenal": {"label": "LOC", "kb_qid": null, "url_wikidata": null}, "Gondole": {"label": "LOC", "kb_qid": null, "url_wikidata": null}, "Seigneurs & des Officiers": {"label": "MISC", "kb_qid": null, "url_wikidata": null}, "Marine": {"label": "ORG", "kb_qid": null, "url_wikidata": null}, "Galerie": {"label": "LOC", "kb_qid": null, "url_wikidata": null}, "Palais": {"label": "LOC", "kb_qid": null, "url_wikidata": null}, "Naissance;": {"label": "MISC", "kb_qid": null, "url_wikidata": null}}, "ents_freq": {"Princes": 1, "Duc de": 1, "Graina Orin": 1, "Tr\u00f4ne": 1, "Conn\u00e9table Cotonna": 1, "Duc": 1, "Droit": 1, "Pape": 1, "V\u00e9lars": 1, "Cardinaux": 1, "Congr\u00e9gation pour la reforme,": 1, "& S. S.": 2, "Couvent de St. Christine": 1, "Duc l'on Perd": 1, "Dom Mario Chi": 1, "Congr\u00e9gation pour regeler": 1, "Grand": 1, "Comte de Tabasco": 1, "Ministre du Roi de Pologne": 1, "Duc & la Duchesse de Guadagnola, &": 1, "I8": 1, "Cardinaux Albanie": 1, "Conn\u00e9table Douairi\u00e8re Cotonna": 1, "Naples": 1, "Cardinal Vice-roi": 1, "Arsenal": 1, "Gondole": 1, "Seigneurs & des Officiers": 1, "Marine": 1, "Galerie": 1, "Palais": 1, "Naissance;": 1}, "year": "1724", "month": "10", "page": "30"}