{"ents_info": {"AIT": {"label": "ORG", "kb_qid": null, "url_wikidata": null}, "CLEF DU CABINET DES PRINCES DE L'EUROPE": {"label": "MISC", "kb_qid": null, "url_wikidata": null}, "Ou Recueil": {"label": "MISC", "kb_qid": null, "url_wikidata": null}, "Janvier": {"label": "PER", "kb_qid": null, "url_wikidata": null}, "Remarques": {"label": "MISC", "kb_qid": null, "url_wikidata": null}, "Guerre": {"label": "MISC", "kb_qid": null, "url_wikidata": null}, "& les Journalistes": {"label": "ORG", "kb_qid": null, "url_wikidata": null}, "Alliances": {"label": "LOC", "kb_qid": null, "url_wikidata": null}, "Naissances": {"label": "LOC", "kb_qid": null, "url_wikidata": null}, "Article": {"label": "MISC", "kb_qid": null, "url_wikidata": null}, "fi": {"label": "LOC", "kb_qid": null, "url_wikidata": null}, "& souvent fatigue & endorment le Lecteur": {"label": "MISC", "kb_qid": null, "url_wikidata": null}, "Ln Guerre": {"label": "MISC", "kb_qid": null, "url_wikidata": null}, "st": {"label": "LOC", "kb_qid": null, "url_wikidata": null}, "A 2 Combat,": {"label": "MISC", "kb_qid": null, "url_wikidata": null}}, "ents_freq": {"AIT": 1, "CLEF DU CABINET DES PRINCES DE L'EUROPE": 1, "Ou Recueil": 1, "Janvier": 1, "Remarques": 1, "Guerre": 1, "& les Journalistes": 1, "Alliances": 1, "Naissances": 1, "Article": 1, "fi": 1, "& souvent fatigue & endorment le Lecteur": 1, "Ln Guerre": 1, "st": 1, "A 2 Combat,": 1}, "year": "1724", "month": "01", "page": "2"}