{"ents_info": {"La Clef du Cabinet": {"label": "MISC", "kb_qid": null, "url_wikidata": null}, "Enlises de Rome": {"label": "ORG", "kb_qid": null, "url_wikidata": null}, "C\u00e9r\u00e9monie de l'Entr\u00e9e publique": {"label": "MISC", "kb_qid": null, "url_wikidata": null}, "S. S.": {"label": "PER", "kb_qid": "Q44687", "url_wikidata": "https://www.wikidata.org/wiki/Q44687"}, "Chambre du Capitole": {"label": "LOC", "kb_qid": null, "url_wikidata": null}, "Arc de Triomphe": {"label": "MISC", "kb_qid": "Q64436", "url_wikidata": "https://www.wikidata.org/wiki/Q64436"}, "Due de Parme": {"label": "MISC", "kb_qid": null, "url_wikidata": null}, "Palais Farn\u00e8se": {"label": "LOC", "kb_qid": "Q848386", "url_wikidata": "https://www.wikidata.org/wiki/Q848386"}, "Chevalier de St. George & la Princesse son \u00c9pouse": {"label": "LOC", "kb_qid": null, "url_wikidata": null}, "l'Automne": {"label": "MISC", "kb_qid": "Q18625546", "url_wikidata": "https://www.wikidata.org/wiki/Q18625546"}, "Alban": {"label": "PER", "kb_qid": "Q312982", "url_wikidata": "https://www.wikidata.org/wiki/Q312982"}, "L\u00e9o": {"label": "MISC", "kb_qid": "Q650951", "url_wikidata": "https://www.wikidata.org/wiki/Q650951"}, "QuiriPromotion": {"label": "MISC", "kb_qid": null, "url_wikidata": null}, "Pape": {"label": "PER", "kb_qid": "Q19546", "url_wikidata": "https://www.wikidata.org/wiki/Q19546"}, "\u00c9v\u00each\u00e9, &": {"label": "MISC", "kb_qid": null, "url_wikidata": null}, "C\u00e9r\u00e9monie": {"label": "MISC", "kb_qid": "Q2627975", "url_wikidata": "https://www.wikidata.org/wiki/Q2627975"}, "Cardinal de Souligna": {"label": "PER", "kb_qid": null, "url_wikidata": null}, "Promotion": {"label": "MISC", "kb_qid": "Q2441983", "url_wikidata": "https://www.wikidata.org/wiki/Q2441983"}, "Mr. Jean Altier Romain": {"label": "PER", "kb_qid": null, "url_wikidata": null}, "Doyen de la": {"label": "PER", "kb_qid": "Q5246676", "url_wikidata": "https://www.wikidata.org/wiki/Q5246676"}, "Chambre Apostolique": {"label": "LOC", "kb_qid": "Q620030", "url_wikidata": "https://www.wikidata.org/wiki/Q620030"}, "Petit-Neveu": {"label": "PER", "kb_qid": "Q3771725", "url_wikidata": "https://www.wikidata.org/wiki/Q3771725"}, "Pape Clament": {"label": "PER", "kb_qid": null, "url_wikidata": null}, "Pontife Rognant": {"label": "MISC", "kb_qid": null, "url_wikidata": null}, "Cr\u00e9ature, & Mr. Antoine": {"label": "MISC", "kb_qid": null, "url_wikidata": null}, "Auditeur de la Motte & Gouverneur": {"label": "ORG", "kb_qid": null, "url_wikidata": null}, "Rome": {"label": "LOC", "kb_qid": "Q1747689", "url_wikidata": "https://www.wikidata.org/wiki/Q1747689"}, "la Ville": {"label": "LOC", "kb_qid": "Q3278475", "url_wikidata": "https://www.wikidata.org/wiki/Q3278475"}, "& le II": {"label": "MISC", "kb_qid": null, "url_wikidata": null}, "Cardinaux": {"label": "PER", "kb_qid": "Q45722", "url_wikidata": "https://www.wikidata.org/wiki/Q45722"}, "Quirinal,": {"label": "MISC", "kb_qid": null, "url_wikidata": null}, "Calotte": {"label": "LOC", "kb_qid": "Q3181248", "url_wikidata": "https://www.wikidata.org/wiki/Q3181248"}, "I5": {"label": "ORG", "kb_qid": "Q3562416", "url_wikidata": "https://www.wikidata.org/wiki/Q3562416"}, "le Chapeau": {"label": "LOC", "kb_qid": "Q25631221", "url_wikidata": "https://www.wikidata.org/wiki/Q25631221"}, "Consistoire": {"label": "MISC", "kb_qid": "Q841535", "url_wikidata": "https://www.wikidata.org/wiki/Q841535"}, "L. Em": {"label": "PER", "kb_qid": null, "url_wikidata": null}, "Basilique de Si": {"label": "LOC", "kb_qid": null, "url_wikidata": null}, "Sacr\u00e9 Collage": {"label": "LOC", "kb_qid": null, "url_wikidata": null}, "Cardinal de Gaudie": {"label": "PER", "kb_qid": null, "url_wikidata": null}, "Carrosse dor\u00e9": {"label": "MISC", "kb_qid": null, "url_wikidata": null}, "Em": {"label": "MISC", "kb_qid": "Q27869640", "url_wikidata": "https://www.wikidata.org/wiki/Q27869640"}, "Cardinal Fauconnier": {"label": "PER", "kb_qid": null, "url_wikidata": null}, "\u00c9v\u00each\u00e9 de": {"label": "LOC", "kb_qid": "Q871565", "url_wikidata": "https://www.wikidata.org/wiki/Q871565"}, "Chiara": {"label": "LOC", "kb_qid": "Q283317", "url_wikidata": "https://www.wikidata.org/wiki/Q283317"}, "Sens": {"label": "LOC", "kb_qid": "Q2165364", "url_wikidata": "https://www.wikidata.org/wiki/Q2165364"}, "Auditeur de la Motte: Mr. Bancher,": {"label": "MISC", "kb_qid": null, "url_wikidata": null}}, "ents_freq": {"La Clef du Cabinet": 1, "Enlises de Rome": 1, "C\u00e9r\u00e9monie de l'Entr\u00e9e publique": 1, "S. S.": 1, "Chambre du Capitole": 1, "Arc de Triomphe": 1, "Due de Parme": 1, "Palais Farn\u00e8se": 1, "Chevalier de St. George & la Princesse son \u00c9pouse": 1, "l'Automne": 1, "Alban": 1, "L\u00e9o": 1, "QuiriPromotion": 1, "Pape": 3, "\u00c9v\u00each\u00e9, &": 1, "C\u00e9r\u00e9monie": 2, "Cardinal de Souligna": 1, "Promotion": 2, "Mr. Jean Altier Romain": 1, "Doyen de la": 1, "Chambre Apostolique": 1, "Petit-Neveu": 1, "Pape Clament": 1, "Pontife Rognant": 1, "Cr\u00e9ature, & Mr. Antoine": 1, "Auditeur de la Motte & Gouverneur": 1, "Rome": 1, "la Ville": 1, "& le II": 1, "Cardinaux": 1, "Quirinal,": 1, "Calotte": 1, "I5": 1, "le Chapeau": 1, "Consistoire": 1, "L. Em": 1, "Basilique de Si": 1, "Sacr\u00e9 Collage": 1, "Cardinal de Gaudie": 1, "Carrosse dor\u00e9": 1, "Em": 1, "Cardinal Fauconnier": 1, "\u00c9v\u00each\u00e9 de": 1, "Chiara": 1, "Sens": 1, "Auditeur de la Motte: Mr. Bancher,": 1}, "year": "1724", "month": "11", "page": "31"}