{"ents_info": {"La Clef du Cabinet": {"label": "MISC", "kb_qid": null, "url_wikidata": null}, "A1": {"label": "LOC", "kb_qid": "Q692788", "url_wikidata": "https://www.wikidata.org/wiki/Q692788"}, "Lebrun": {"label": "PER", "kb_qid": "Q707712", "url_wikidata": "https://www.wikidata.org/wiki/Q707712"}, "Cour": {"label": "LOC", "kb_qid": "Q3001001", "url_wikidata": "https://www.wikidata.org/wiki/Q3001001"}, "Ministre de France": {"label": "ORG", "kb_qid": null, "url_wikidata": null}, "De IL": {"label": "ORG", "kb_qid": null, "url_wikidata": null}, "Audience": {"label": "ORG", "kb_qid": "Q978740", "url_wikidata": "https://www.wikidata.org/wiki/Q978740"}, "& le Cardinal de Souligna": {"label": "MISC", "kb_qid": null, "url_wikidata": null}, "S. M. T. C.": {"label": "PER", "kb_qid": null, "url_wikidata": null}, "Palais d'Al temps": {"label": "LOC", "kb_qid": null, "url_wikidata": null}, "Abb\u00e9 Albin": {"label": "PER", "kb_qid": null, "url_wikidata": null}, "Aum\u00f4nier du Pape": {"label": "PER", "kb_qid": null, "url_wikidata": null}, "Garde": {"label": "LOC", "kb_qid": "Q1090710", "url_wikidata": "https://www.wikidata.org/wiki/Q1090710"}, "Chapeau": {"label": "LOC", "kb_qid": "Q80151", "url_wikidata": "https://www.wikidata.org/wiki/Q80151"}, "Cardinaux Altier &": {"label": "ORG", "kb_qid": null, "url_wikidata": null}, "Pape": {"label": "PER", "kb_qid": "Q19546", "url_wikidata": "https://www.wikidata.org/wiki/Q19546"}, "Duchesse de Gravira": {"label": "PER", "kb_qid": null, "url_wikidata": null}, "Tabati\u00e8re": {"label": "LOC", "kb_qid": "Q937106", "url_wikidata": "https://www.wikidata.org/wiki/Q937106"}, "Miroirs": {"label": "MISC", "kb_qid": "Q35197", "url_wikidata": "https://www.wikidata.org/wiki/Q35197"}, "Duc de Gravira, &": {"label": "PER", "kb_qid": null, "url_wikidata": null}, "Chapelle": {"label": "LOC", "kb_qid": "Q108325", "url_wikidata": "https://www.wikidata.org/wiki/Q108325"}, "Montre d'or": {"label": "MISC", "kb_qid": null, "url_wikidata": null}, "Maitre de Chambre du Cardinal Polic\u00e9, & deux autres pressens": {"label": "MISC", "kb_qid": null, "url_wikidata": null}, "Naples": {"label": "LOC", "kb_qid": "Q2634", "url_wikidata": "https://www.wikidata.org/wiki/Q2634"}, "S\u0153ur du Pape": {"label": "MISC", "kb_qid": null, "url_wikidata": null}, "Religieuse Dominicaine": {"label": "PER", "kb_qid": "Q3712857", "url_wikidata": "https://www.wikidata.org/wiki/Q3712857"}, "Fils du Duc de Gravira.": {"label": "PER", "kb_qid": null, "url_wikidata": null}, "De St. Peu alla en cavalcade du Quirinal": {"label": "MISC", "kb_qid": null, "url_wikidata": null}, "Enlise": {"label": "MISC", "kb_qid": null, "url_wikidata": null}, "St. Jean de Latran": {"label": "LOC", "kb_qid": null, "url_wikidata": null}, "C\u00e9r\u00e9monie": {"label": "MISC", "kb_qid": "Q2627975", "url_wikidata": "https://www.wikidata.org/wiki/Q2627975"}, "ars l Couronnement des nouveaux Papes": {"label": "MISC", "kb_qid": null, "url_wikidata": null}, "Fils n Prince": {"label": "MISC", "kb_qid": null, "url_wikidata": null}, "Cheval": {"label": "MISC", "kb_qid": "Q869595", "url_wikidata": "https://www.wikidata.org/wiki/Q869595"}, "Domestiques": {"label": "MISC", "kb_qid": "Q2454547", "url_wikidata": "https://www.wikidata.org/wiki/Q2454547"}, "Oscicrslu": {"label": "LOC", "kb_qid": null, "url_wikidata": null}, "Cavaliers, & des Domestiques": {"label": "ORG", "kb_qid": null, "url_wikidata": null}, "Cardinaux": {"label": "PER", "kb_qid": "Q45722", "url_wikidata": "https://www.wikidata.org/wiki/Q45722"}, "Ville": {"label": "LOC", "kb_qid": "Q515", "url_wikidata": "https://www.wikidata.org/wiki/Q515"}}, "ents_freq": {"La Clef du Cabinet": 1, "A1": 1, "Lebrun": 1, "Cour": 1, "Ministre de France": 1, "De IL": 1, "Audience": 1, "& le Cardinal de Souligna": 1, "S. M. T. C.": 1, "Palais d'Al temps": 1, "Abb\u00e9 Albin": 1, "Aum\u00f4nier du Pape": 1, "Garde": 1, "Chapeau": 1, "Cardinaux Altier &": 1, "Pape": 2, "Duchesse de Gravira": 1, "Tabati\u00e8re": 1, "Miroirs": 1, "Duc de Gravira, &": 1, "Chapelle": 1, "Montre d'or": 1, "Maitre de Chambre du Cardinal Polic\u00e9, & deux autres pressens": 1, "Naples": 1, "S\u0153ur du Pape": 1, "Religieuse Dominicaine": 1, "Fils du Duc de Gravira.": 1, "De St. Peu alla en cavalcade du Quirinal": 1, "Enlise": 1, "St. Jean de Latran": 1, "C\u00e9r\u00e9monie": 1, "ars l Couronnement des nouveaux Papes": 1, "Fils n Prince": 1, "Cheval": 1, "Domestiques": 1, "Oscicrslu": 1, "Cavaliers, & des Domestiques": 1, "Cardinaux": 1, "Ville": 1}, "year": "1724", "month": "12", "page": "21"}