{"ents_info": {"Princes e. F\u00e9vrier": {"label": "LOC", "kb_qid": null, "url_wikidata": null}, "S Ma t\u00e9": {"label": "MISC", "kb_qid": null, "url_wikidata": null}, "Rome": {"label": "LOC", "kb_qid": "Q220", "url_wikidata": "https://www.wikidata.org/wiki/Q220"}, "Places Fronti\u00e8res, &": {"label": "LOC", "kb_qid": null, "url_wikidata": null}, "Des Magasins;": {"label": "MISC", "kb_qid": null, "url_wikidata": null}, "Sa Rest\u00e9, les Propositions": {"label": "MISC", "kb_qid": null, "url_wikidata": null}, "Rome & ses Fronti\u00e8res": {"label": "ORG", "kb_qid": null, "url_wikidata": null}, "Dieu": {"label": "MISC", "kb_qid": "Q190", "url_wikidata": "https://www.wikidata.org/wiki/Q190"}, "Danemark": {"label": "LOC", "kb_qid": "Q756617", "url_wikidata": "https://www.wikidata.org/wiki/Q756617"}, "Reine": {"label": "PER", "kb_qid": "Q252044", "url_wikidata": "https://www.wikidata.org/wiki/Q252044"}, "Chapelle du Ch\u00e2teau": {"label": "LOC", "kb_qid": "Q2095189", "url_wikidata": "https://www.wikidata.org/wiki/Q2095189"}, "Diode": {"label": "LOC", "kb_qid": "Q11656", "url_wikidata": "https://www.wikidata.org/wiki/Q11656"}, "Courtisans": {"label": "LOC", "kb_qid": "Q376924", "url_wikidata": "https://www.wikidata.org/wiki/Q376924"}, "Cour": {"label": "LOC", "kb_qid": "Q3001001", "url_wikidata": "https://www.wikidata.org/wiki/Q3001001"}, "& L. M. dineront &": {"label": "PER", "kb_qid": null, "url_wikidata": null}, "Trompettes & Emball\u00e9s": {"label": "ORG", "kb_qid": null, "url_wikidata": null}, "Anniversaire de la N'\u00e9lance de la": {"label": "MISC", "kb_qid": null, "url_wikidata": null}, "Princesse \u00c9pouse du Prince Royal": {"label": "MISC", "kb_qid": null, "url_wikidata": null}, "F\u00eate": {"label": "MISC", "kb_qid": "Q4618", "url_wikidata": "https://www.wikidata.org/wiki/Q4618"}, "Com\u00e9die": {"label": "MISC", "kb_qid": "Q40831", "url_wikidata": "https://www.wikidata.org/wiki/Q40831"}, "Com\u00e9diens Danois": {"label": "MISC", "kb_qid": null, "url_wikidata": null}, "Roi": {"label": "PER", "kb_qid": "Q18384454", "url_wikidata": "https://www.wikidata.org/wiki/Q18384454"}, "Commandant de Christine": {"label": "MISC", "kb_qid": null, "url_wikidata": null}, "Colonel": {"label": "PER", "kb_qid": "Q104680", "url_wikidata": "https://www.wikidata.org/wiki/Q104680"}, "Mr Halbrans": {"label": "PER", "kb_qid": null, "url_wikidata": null}, "Commandement de Bonhomme": {"label": "MISC", "kb_qid": null, "url_wikidata": null}, "Colonel Thompson": {"label": "PER", "kb_qid": null, "url_wikidata": null}, "Mr. Vengeron": {"label": "PER", "kb_qid": null, "url_wikidata": null}, "Gentilshommes": {"label": "MISC", "kb_qid": "Q749212", "url_wikidata": "https://www.wikidata.org/wiki/Q749212"}, "Comte de Holost\u00e9en": {"label": "PER", "kb_qid": null, "url_wikidata": null}, "Gardes du Corps": {"label": "ORG", "kb_qid": "Q3095413", "url_wikidata": "https://www.wikidata.org/wiki/Q3095413"}}, "ents_freq": {"Princes e. F\u00e9vrier": 1, "S Ma t\u00e9": 1, "Rome": 1, "Places Fronti\u00e8res, &": 1, "Des Magasins;": 1, "Sa Rest\u00e9, les Propositions": 1, "Rome & ses Fronti\u00e8res": 1, "Dieu": 1, "Danemark": 1, "Reine": 1, "Chapelle du Ch\u00e2teau": 1, "Diode": 1, "Courtisans": 1, "Cour": 1, "& L. M. dineront &": 1, "Trompettes & Emball\u00e9s": 1, "Anniversaire de la N'\u00e9lance de la": 1, "Princesse \u00c9pouse du Prince Royal": 1, "F\u00eate": 1, "Com\u00e9die": 1, "Com\u00e9diens Danois": 1, "Roi": 1, "Commandant de Christine": 1, "Colonel": 1, "Mr Halbrans": 1, "Commandement de Bonhomme": 1, "Colonel Thompson": 1, "Mr. Vengeron": 1, "Gentilshommes": 1, "Comte de Holost\u00e9en": 1, "Gardes du Corps": 1}, "year": "1724", "month": "02", "page": "60"}