{"ents_info": {"Princes &": {"label": "LOC", "kb_qid": null, "url_wikidata": null}, "Bettembourg": {"label": "LOC", "kb_qid": "Q832342", "url_wikidata": "https://www.wikidata.org/wiki/Q832342"}, "Seigneur Russien": {"label": "PER", "kb_qid": null, "url_wikidata": null}, "Czar": {"label": "PER", "kb_qid": "Q44356", "url_wikidata": "https://www.wikidata.org/wiki/Q44356"}, "Villes du royaume": {"label": "MISC", "kb_qid": null, "url_wikidata": null}, "Pais de l'": {"label": "MISC", "kb_qid": null, "url_wikidata": null}, "Europe;S. M. Ce": {"label": "MISC", "kb_qid": null, "url_wikidata": null}, "Sujets": {"label": "MISC", "kb_qid": null, "url_wikidata": null}, "Universit\u00e9 d'Abu": {"label": "LOC", "kb_qid": null, "url_wikidata": null}, "D\u00e9putez": {"label": "LOC", "kb_qid": null, "url_wikidata": null}, "Roi": {"label": "PER", "kb_qid": "Q18384454", "url_wikidata": "https://www.wikidata.org/wiki/Q18384454"}, "Finlande": {"label": "LOC", "kb_qid": "Q33", "url_wikidata": "https://www.wikidata.org/wiki/Q33"}, "Eudes": {"label": "PER", "kb_qid": "Q208086", "url_wikidata": "https://www.wikidata.org/wiki/Q208086"}, "Abu": {"label": "PER", "kb_qid": "Q3603834", "url_wikidata": "https://www.wikidata.org/wiki/Q3603834"}, "Universit\u00e9 d'p": {"label": "ORG", "kb_qid": null, "url_wikidata": null}, "Province": {"label": "LOC", "kb_qid": "Q34876", "url_wikidata": "https://www.wikidata.org/wiki/Q34876"}, "Reine Christine": {"label": "MISC", "kb_qid": "Q52937", "url_wikidata": "https://www.wikidata.org/wiki/Q52937"}, "Chambre du Commerce": {"label": "LOC", "kb_qid": "Q2948341", "url_wikidata": "https://www.wikidata.org/wiki/Q2948341"}, "Baleine": {"label": "LOC", "kb_qid": "Q1865281", "url_wikidata": "https://www.wikidata.org/wiki/Q1865281"}, "Groenland": {"label": "LOC", "kb_qid": "Q223", "url_wikidata": "https://www.wikidata.org/wiki/Q223"}, "Commerce danses Ils Cri 4": {"label": "MISC", "kb_qid": null, "url_wikidata": null}, "Roi &": {"label": "MISC", "kb_qid": null, "url_wikidata": null}, "Sent, lin d'obtenir l'Octroi": {"label": "MISC", "kb_qid": null, "url_wikidata": null}, "Danemark": {"label": "LOC", "kb_qid": "Q756617", "url_wikidata": "https://www.wikidata.org/wiki/Q756617"}, "Copenhague": {"label": "LOC", "kb_qid": "Q1748", "url_wikidata": "https://www.wikidata.org/wiki/Q1748"}, "Commissaires pour regeler": {"label": "ORG", "kb_qid": null, "url_wikidata": null}, "Matricule": {"label": "ORG", "kb_qid": "Q163700", "url_wikidata": "https://www.wikidata.org/wiki/Q163700"}, "Mort ego": {"label": "MISC", "kb_qid": null, "url_wikidata": null}, "Mr.": {"label": "PER", "kb_qid": null, "url_wikidata": null}, "Ministre de L. H. P.": {"label": "PER", "kb_qid": null, "url_wikidata": null}, "\u00c9tats G\u00e9n\u00e9raux": {"label": "LOC", "kb_qid": "Q1463941", "url_wikidata": "https://www.wikidata.org/wiki/Q1463941"}, "N\u00e9gociation": {"label": "MISC", "kb_qid": "Q202875", "url_wikidata": "https://www.wikidata.org/wiki/Q202875"}, "O": {"label": "LOC", "kb_qid": "Q629", "url_wikidata": "https://www.wikidata.org/wiki/Q629"}, "Taxe": {"label": "LOC", "kb_qid": "Q11765", "url_wikidata": "https://www.wikidata.org/wiki/Q11765"}, "Vins": {"label": "LOC", "kb_qid": "Q1713793", "url_wikidata": "https://www.wikidata.org/wiki/Q1713793"}, "Eaux de vie": {"label": "MISC", "kb_qid": "Q2166541", "url_wikidata": "https://www.wikidata.org/wiki/Q2166541"}, "Sel & Tabac": {"label": "MISC", "kb_qid": null, "url_wikidata": null}, "Coffres du Roi": {"label": "MISC", "kb_qid": null, "url_wikidata": null}, "Conf\u00e9rences": {"label": "MISC", "kb_qid": "Q625994", "url_wikidata": "https://www.wikidata.org/wiki/Q625994"}}, "ents_freq": {"Princes &": 1, "Bettembourg": 1, "Seigneur Russien": 1, "Czar": 1, "Villes du royaume": 1, "Pais de l'": 1, "Europe;S. M. Ce": 1, "Sujets": 1, "Universit\u00e9 d'Abu": 1, "D\u00e9putez": 3, "Roi": 2, "Finlande": 2, "Eudes": 1, "Abu": 1, "Universit\u00e9 d'p": 1, "Province": 1, "Reine Christine": 1, "Chambre du Commerce": 1, "Baleine": 1, "Groenland": 1, "Commerce danses Ils Cri 4": 1, "Roi &": 1, "Sent, lin d'obtenir l'Octroi": 1, "Danemark": 1, "Copenhague": 1, "Commissaires pour regeler": 1, "Matricule": 1, "Mort ego": 1, "Mr.": 1, "Ministre de L. H. P.": 1, "\u00c9tats G\u00e9n\u00e9raux": 1, "N\u00e9gociation": 1, "O": 1, "Taxe": 1, "Vins": 1, "Eaux de vie": 1, "Sel & Tabac": 1, "Coffres du Roi": 1, "Conf\u00e9rences": 1}, "year": "1724", "month": "11", "page": "70"}