{"ents_info": {"A8 La Clef du Cabines": {"label": "MISC", "kb_qid": null, "url_wikidata": null}, "Train": {"label": "LOC", "kb_qid": "Q870", "url_wikidata": "https://www.wikidata.org/wiki/Q870"}, "Chine": {"label": "LOC", "kb_qid": "Q148", "url_wikidata": "https://www.wikidata.org/wiki/Q148"}, "Alli\u00e9es": {"label": "LOC", "kb_qid": "Q329888", "url_wikidata": "https://www.wikidata.org/wiki/Q329888"}, "Commun dan de": {"label": "ORG", "kb_qid": null, "url_wikidata": null}, "Genet": {"label": "PER", "kb_qid": "Q184622", "url_wikidata": "https://www.wikidata.org/wiki/Q184622"}, "Royaume": {"label": "LOC", "kb_qid": "Q145", "url_wikidata": "https://www.wikidata.org/wiki/Q145"}, "& M. Bowling": {"label": "LOC", "kb_qid": null, "url_wikidata": null}, "C\u00e9t\u00e8ne du Vaisseau": {"label": "PER", "kb_qid": null, "url_wikidata": null}, "St. Charles": {"label": "LOC", "kb_qid": "Q507153", "url_wikidata": "https://www.wikidata.org/wiki/Q507153"}, "Charges r\u00e9side! de la": {"label": "MISC", "kb_qid": null, "url_wikidata": null}, "Chambre Rong\u00e9e": {"label": "LOC", "kb_qid": null, "url_wikidata": null}, "Surintendant": {"label": "PER", "kb_qid": "Q2296367", "url_wikidata": "https://www.wikidata.org/wiki/Q2296367"}, "A Lena &": {"label": "ORG", "kb_qid": null, "url_wikidata": null}, "Soign\u00e9s de ce l'ils compris du": {"label": "LOC", "kb_qid": null, "url_wikidata": null}, "ns J": {"label": "MISC", "kb_qid": null, "url_wikidata": null}, "Officiers G\u00e9n\u00e9raux": {"label": "MISC", "kb_qid": "Q83460", "url_wikidata": "https://www.wikidata.org/wiki/Q83460"}, "M.I.": {"label": "PER", "kb_qid": "Q752119", "url_wikidata": "https://www.wikidata.org/wiki/Q752119"}, "Prague": {"label": "LOC", "kb_qid": "Q1085", "url_wikidata": "https://www.wikidata.org/wiki/Q1085"}, "Comte de \u00c9caffa": {"label": "PER", "kb_qid": null, "url_wikidata": null}, "Die de Veld": {"label": "LOC", "kb_qid": null, "url_wikidata": null}, "Colonel Puccini": {"label": "PER", "kb_qid": null, "url_wikidata": null}, "Lieutenant g\u00e9n\u00e9ral Mar\u00e9chal": {"label": "PER", "kb_qid": null, "url_wikidata": null}, "Marquis de St. Vincent Pignatelle": {"label": "PER", "kb_qid": null, "url_wikidata": null}, "G\u00e9n\u00e9ral de Cuverie": {"label": "PER", "kb_qid": null, "url_wikidata": null}, "Soldats & le Gard": {"label": "MISC", "kb_qid": null, "url_wikidata": null}, "Magasins du Ch\u00e2teau St. Elme": {"label": "MISC", "kb_qid": null, "url_wikidata": null}, "M. Aplani": {"label": "PER", "kb_qid": null, "url_wikidata": null}, "Pape": {"label": "PER", "kb_qid": "Q19546", "url_wikidata": "https://www.wikidata.org/wiki/Q19546"}, "Onciale": {"label": "MISC", "kb_qid": "Q784235", "url_wikidata": "https://www.wikidata.org/wiki/Q784235"}, "Mr. Vincent": {"label": "PER", "kb_qid": null, "url_wikidata": null}, "P \u00e9tat": {"label": "LOC", "kb_qid": null, "url_wikidata": null}, "Cotentin": {"label": "LOC", "kb_qid": "Q463529", "url_wikidata": "https://www.wikidata.org/wiki/Q463529"}, "& \u00e9t\u00e9 Secr\u00e9taire des Chiffes": {"label": "ORG", "kb_qid": null, "url_wikidata": null}, "Pontificat": {"label": "PER", "kb_qid": "Q19546", "url_wikidata": "https://www.wikidata.org/wiki/Q19546"}, "Ciment X. V11": {"label": "MISC", "kb_qid": null, "url_wikidata": null}, "Commandas des Galets": {"label": "LOC", "kb_qid": null, "url_wikidata": null}, "R\u00e9publique": {"label": "MISC", "kb_qid": "Q7270", "url_wikidata": "https://www.wikidata.org/wiki/Q7270"}, "Lee Cartes": {"label": "PER", "kb_qid": null, "url_wikidata": null}, "O": {"label": "LOC", "kb_qid": "Q629", "url_wikidata": "https://www.wikidata.org/wiki/Q629"}, "Pal\u00e9mons": {"label": "LOC", "kb_qid": null, "url_wikidata": null}, "Patras & de Trappai": {"label": "ORG", "kb_qid": null, "url_wikidata": null}, "ex Amadeus": {"label": "ORG", "kb_qid": null, "url_wikidata": null}, "Malte": {"label": "LOC", "kb_qid": "Q233", "url_wikidata": "https://www.wikidata.org/wiki/Q233"}, "Corsaire de Barbarie": {"label": "MISC", "kb_qid": null, "url_wikidata": null}, "Cs, &notrsUnte MT": {"label": "MISC", "kb_qid": null, "url_wikidata": null}, "IL": {"label": "LOC", "kb_qid": "Q1204", "url_wikidata": "https://www.wikidata.org/wiki/Q1204"}, "Canon, & de?": {"label": "MISC", "kb_qid": null, "url_wikidata": null}, "Elle S. La foude e st": {"label": "LOC", "kb_qid": null, "url_wikidata": null}, "Dame de la Chapelle": {"label": "LOC", "kb_qid": null, "url_wikidata": null}, "Grand Due": {"label": "ORG", "kb_qid": null, "url_wikidata": null}, "B\u00e2timent G\u00e9nois": {"label": "LOC", "kb_qid": null, "url_wikidata": null}}, "ents_freq": {"A8 La Clef du Cabines": 1, "Train": 1, "Chine": 1, "Alli\u00e9es": 1, "Commun dan de": 1, "Genet": 1, "Royaume": 1, "& M. Bowling": 1, "C\u00e9t\u00e8ne du Vaisseau": 1, "St. Charles": 1, "Charges r\u00e9side! de la": 1, "Chambre Rong\u00e9e": 1, "Surintendant": 1, "A Lena &": 1, "Soign\u00e9s de ce l'ils compris du": 1, "ns J": 1, "Officiers G\u00e9n\u00e9raux": 1, "M.I.": 1, "Prague": 1, "Comte de \u00c9caffa": 1, "Die de Veld": 1, "Colonel Puccini": 1, "Lieutenant g\u00e9n\u00e9ral Mar\u00e9chal": 1, "Marquis de St. Vincent Pignatelle": 1, "G\u00e9n\u00e9ral de Cuverie": 1, "Soldats & le Gard": 1, "Magasins du Ch\u00e2teau St. Elme": 1, "M. Aplani": 1, "Pape": 1, "Onciale": 1, "Mr. Vincent": 1, "P \u00e9tat": 1, "Cotentin": 1, "& \u00e9t\u00e9 Secr\u00e9taire des Chiffes": 1, "Pontificat": 1, "Ciment X. V11": 1, "Commandas des Galets": 1, "R\u00e9publique": 1, "Lee Cartes": 1, "O": 1, "Pal\u00e9mons": 1, "Patras & de Trappai": 1, "ex Amadeus": 1, "Malte": 1, "Corsaire de Barbarie": 1, "Cs, &notrsUnte MT": 1, "IL": 1, "Canon, & de?": 1, "Elle S. La foude e st": 1, "Dame de la Chapelle": 1, "Grand Due": 1, "B\u00e2timent G\u00e9nois": 1}, "year": "1724", "month": "01", "page": "27"}