{"ents_info": {"La Cl du Cabinet annuel de CCI": {"label": "MISC", "kb_qid": null, "url_wikidata": null}, "Elen": {"label": "PER", "kb_qid": "Q3050605", "url_wikidata": "https://www.wikidata.org/wiki/Q3050605"}, "D\u00e9putations": {"label": "LOC", "kb_qid": "Q3044930", "url_wikidata": "https://www.wikidata.org/wiki/Q3044930"}, "Cou Imp\u00e9riale": {"label": "LOC", "kb_qid": null, "url_wikidata": null}, "l'Empereur": {"label": "PER", "kb_qid": "Q7721", "url_wikidata": "https://www.wikidata.org/wiki/Q7721"}, "Trait\u00e9": {"label": "MISC", "kb_qid": "Q131569", "url_wikidata": "https://www.wikidata.org/wiki/Q131569"}, "Indes": {"label": "LOC", "kb_qid": "Q213137", "url_wikidata": "https://www.wikidata.org/wiki/Q213137"}, "Klee": {"label": "PER", "kb_qid": "Q44007", "url_wikidata": "https://www.wikidata.org/wiki/Q44007"}, "Lee 1": {"label": "MISC", "kb_qid": null, "url_wikidata": null}, "Attila": {"label": "PER", "kb_qid": "Q36724", "url_wikidata": "https://www.wikidata.org/wiki/Q36724"}, "Dre": {"label": "PER", "kb_qid": "Q1129658", "url_wikidata": "https://www.wikidata.org/wiki/Q1129658"}, "De Minist\u00e8re": {"label": "ORG", "kb_qid": null, "url_wikidata": null}, "V.EX.il E.": {"label": "PER", "kb_qid": null, "url_wikidata": null}, "I'rovincesLntes, qi pi Unit\u00e9": {"label": "MISC", "kb_qid": null, "url_wikidata": null}, "la Haye": {"label": "LOC", "kb_qid": "Q36600", "url_wikidata": "https://www.wikidata.org/wiki/Q36600"}, "N\u00e9gociation": {"label": "MISC", "kb_qid": "Q202875", "url_wikidata": "https://www.wikidata.org/wiki/Q202875"}, "u Irait": {"label": "PER", "kb_qid": null, "url_wikidata": null}, "Anvers": {"label": "LOC", "kb_qid": "Q1116", "url_wikidata": "https://www.wikidata.org/wiki/Q1116"}, "Bruxelles": {"label": "LOC", "kb_qid": "Q239", "url_wikidata": "https://www.wikidata.org/wiki/Q239"}, "MS": {"label": "MISC", "kb_qid": "Q384018", "url_wikidata": "https://www.wikidata.org/wiki/Q384018"}, "Ministres": {"label": "MISC", "kb_qid": "Q83307", "url_wikidata": "https://www.wikidata.org/wiki/Q83307"}, "V.": {"label": "PER", "kb_qid": "Q1191071", "url_wikidata": "https://www.wikidata.org/wiki/Q1191071"}, "Habitants des Pa-Bas Autrichiens": {"label": "ORG", "kb_qid": null, "url_wikidata": null}, "Commerce des Ides": {"label": "MISC", "kb_qid": null, "url_wikidata": null}, "l'Afrique": {"label": "LOC", "kb_qid": "Q4412", "url_wikidata": "https://www.wikidata.org/wiki/Q4412"}, "At": {"label": "LOC", "kb_qid": "Q999", "url_wikidata": "https://www.wikidata.org/wiki/Q999"}, "Trait\u00e9 de la Barri\u00e8re des Pais-las": {"label": "MISC", "kb_qid": null, "url_wikidata": null}}, "ents_freq": {"La Cl du Cabinet annuel de CCI": 1, "Elen": 1, "D\u00e9putations": 1, "Cou Imp\u00e9riale": 1, "l'Empereur": 1, "Trait\u00e9": 2, "Indes": 1, "Klee": 1, "Lee 1": 1, "Attila": 1, "Dre": 1, "De Minist\u00e8re": 1, "V.EX.il E.": 1, "I'rovincesLntes, qi pi Unit\u00e9": 1, "la Haye": 1, "N\u00e9gociation": 1, "u Irait": 1, "Anvers": 1, "Bruxelles": 1, "MS": 1, "Ministres": 1, "V.": 1, "Habitants des Pa-Bas Autrichiens": 1, "Commerce des Ides": 1, "l'Afrique": 1, "At": 1, "Trait\u00e9 de la Barri\u00e8re des Pais-las": 1}, "year": "1724", "month": "09", "page": "5"}