{"ents_info": {"Princes": {"label": "LOC", "kb_qid": "Q2747456", "url_wikidata": "https://www.wikidata.org/wiki/Q2747456"}, "Place": {"label": "LOC", "kb_qid": "Q3390714", "url_wikidata": "https://www.wikidata.org/wiki/Q3390714"}, "Prince": {"label": "PER", "kb_qid": "Q131719", "url_wikidata": "https://www.wikidata.org/wiki/Q131719"}, "Conti le table Forteresse de l'Europe": {"label": "MISC", "kb_qid": null, "url_wikidata": null}, "Tour": {"label": "MISC", "kb_qid": "Q12518", "url_wikidata": "https://www.wikidata.org/wiki/Q12518"}, "Vaisseau de guette": {"label": "MISC", "kb_qid": null, "url_wikidata": null}, "J'Univers, &": {"label": "MISC", "kb_qid": null, "url_wikidata": null}, "Moscou": {"label": "LOC", "kb_qid": "Q649", "url_wikidata": "https://www.wikidata.org/wiki/Q649"}, "Couronnement": {"label": "MISC", "kb_qid": "Q1093370", "url_wikidata": "https://www.wikidata.org/wiki/Q1093370"}, "L. M..": {"label": "PER", "kb_qid": null, "url_wikidata": null}, "C\u00e9r\u00e9monie": {"label": "PER", "kb_qid": "Q2627975", "url_wikidata": "https://www.wikidata.org/wiki/Q2627975"}, "Bettembourg": {"label": "LOC", "kb_qid": "Q832342", "url_wikidata": "https://www.wikidata.org/wiki/Q832342"}, "B\u00e2timent": {"label": "LOC", "kb_qid": "Q41176", "url_wikidata": "https://www.wikidata.org/wiki/Q41176"}, "Cout": {"label": "PER", "kb_qid": "Q240673", "url_wikidata": "https://www.wikidata.org/wiki/Q240673"}, "T\u00e9nor": {"label": "PER", "kb_qid": "Q27914", "url_wikidata": "https://www.wikidata.org/wiki/Q27914"}, "R\u00e9gence": {"label": "PER", "kb_qid": "Q1362712", "url_wikidata": "https://www.wikidata.org/wiki/Q1362712"}, "Jess": {"label": "MISC", "kb_qid": "Q2055714", "url_wikidata": "https://www.wikidata.org/wiki/Q2055714"}, "F\u00eate": {"label": "MISC", "kb_qid": "Q200538", "url_wikidata": "https://www.wikidata.org/wiki/Q200538"}, "Archev\u00eaques &": {"label": "ORG", "kb_qid": null, "url_wikidata": null}, "R\u00e9giment d'Infanterie & de Dragons": {"label": "MISC", "kb_qid": null, "url_wikidata": null}, "L\u00e9s": {"label": "PER", "kb_qid": "Q12633", "url_wikidata": "https://www.wikidata.org/wiki/Q12633"}, "N\u00e9ron": {"label": "PER", "kb_qid": "Q3347188", "url_wikidata": "https://www.wikidata.org/wiki/Q3347188"}, "Cosaques": {"label": "MISC", "kb_qid": "Q47805", "url_wikidata": "https://www.wikidata.org/wiki/Q47805"}, "Sa": {"label": "PER", "kb_qid": "Q181620", "url_wikidata": "https://www.wikidata.org/wiki/Q181620"}, "& Jess Troupes": {"label": "MISC", "kb_qid": null, "url_wikidata": null}, "Commandement e": {"label": "MISC", "kb_qid": null, "url_wikidata": null}, "Rivi\u00e8re de Peut h": {"label": "LOC", "kb_qid": null, "url_wikidata": null}, "Forteresse": {"label": "MISC", "kb_qid": "Q3390714", "url_wikidata": "https://www.wikidata.org/wiki/Q3390714"}, "Turquie": {"label": "LOC", "kb_qid": "Q43", "url_wikidata": "https://www.wikidata.org/wiki/Q43"}, "Colonie": {"label": "LOC", "kb_qid": "Q1790360", "url_wikidata": "https://www.wikidata.org/wiki/Q1790360"}, "Canon": {"label": "ORG", "kb_qid": "Q81103", "url_wikidata": "https://www.wikidata.org/wiki/Q81103"}, "E2": {"label": "ORG", "kb_qid": "Q3045761", "url_wikidata": "https://www.wikidata.org/wiki/Q3045761"}}, "ents_freq": {"Princes": 1, "Place": 1, "Prince": 1, "Conti le table Forteresse de l'Europe": 1, "Tour": 2, "Vaisseau de guette": 1, "J'Univers, &": 1, "Moscou": 1, "Couronnement": 1, "L. M..": 1, "C\u00e9r\u00e9monie": 1, "Bettembourg": 1, "B\u00e2timent": 1, "Cout": 1, "T\u00e9nor": 1, "R\u00e9gence": 1, "Jess": 1, "F\u00eate": 1, "Archev\u00eaques &": 1, "R\u00e9giment d'Infanterie & de Dragons": 1, "L\u00e9s": 1, "N\u00e9ron": 1, "Cosaques": 1, "Sa": 1, "& Jess Troupes": 1, "Commandement e": 1, "Rivi\u00e8re de Peut h": 1, "Forteresse": 1, "Turquie": 1, "Colonie": 1, "Canon": 1, "E2": 1}, "year": "1724", "month": "01", "page": "66"}