{"ents_info": {"Nous d\u00e9fendons \u00e0 tous nobilit\u00e9 Sujets": {"label": "MISC", "kb_qid": null, "url_wikidata": null}, "Royaume": {"label": "LOC", "kb_qid": null, "url_wikidata": null}, "Nos une permission": {"label": "MISC", "kb_qid": null, "url_wikidata": null}, "Uret\u00e8res d'Eut": {"label": "MISC", "kb_qid": null, "url_wikidata": null}, "Nous aurons \u00e9t\u00e9 suffisamment inn\u00e9 forez le la": {"label": "MISC", "kb_qid": null, "url_wikidata": null}, "Cathode st\u00e8les": {"label": "MISC", "kb_qid": null, "url_wikidata": null}, "Pertes & AMer": {"label": "MISC", "kb_qid": null, "url_wikidata": null}, "Pr": {"label": "PER", "kb_qid": null, "url_wikidata": null}, "Biens des Pertes & Mers": {"label": "MISC", "kb_qid": null, "url_wikidata": null}, "Pais": {"label": "PER", "kb_qid": null, "url_wikidata": null}, "Voulons": {"label": "LOC", "kb_qid": null, "url_wikidata": null}, "Maitres & des Ma\u00eetresses d'\u00c9cole": {"label": "MISC", "kb_qid": null, "url_wikidata": null}, "Paroisses": {"label": "LOC", "kb_qid": null, "url_wikidata": null}, "Myst\u00e8res & devoirs de la Religion Catholique": {"label": "MISC", "kb_qid": null, "url_wikidata": null}, "Apostolique & Romaine": {"label": "MISC", "kb_qid": null, "url_wikidata": null}, "la Messe": {"label": "MISC", "kb_qid": null, "url_wikidata": null}, "Service Divin les D'\u00e9m\u00e9ch\u00e9s & les": {"label": "ORG", "kb_qid": null, "url_wikidata": null}, "Archev\u00eaques & \u00c9v\u00eaques": {"label": "ORG", "kb_qid": null, "url_wikidata": null}, "Article z. de l'Ebit": {"label": "MISC", "kb_qid": null, "url_wikidata": null}, "juridiction ieclestal'ique": {"label": "LOC", "kb_qid": null, "url_wikidata": null}, "LibX": {"label": "LOC", "kb_qid": null, "url_wikidata": null}, "Habitons, la somme": {"label": "MISC", "kb_qid": null, "url_wikidata": null}, "11e & Mit": {"label": "MISC", "kb_qid": null, "url_wikidata": null}, "El": {"label": "MISC", "kb_qid": null, "url_wikidata": null}, "les Lettres sur ce C\u00e9saire": {"label": "MISC", "kb_qid": null, "url_wikidata": null}}, "ents_freq": {"Nous d\u00e9fendons \u00e0 tous nobilit\u00e9 Sujets": 1, "Royaume": 1, "Nos une permission": 1, "Uret\u00e8res d'Eut": 1, "Nous aurons \u00e9t\u00e9 suffisamment inn\u00e9 forez le la": 1, "Cathode st\u00e8les": 1, "Pertes & AMer": 1, "Pr": 1, "Biens des Pertes & Mers": 1, "Pais": 1, "Voulons": 1, "Maitres & des Ma\u00eetresses d'\u00c9cole": 1, "Paroisses": 1, "Myst\u00e8res & devoirs de la Religion Catholique": 1, "Apostolique & Romaine": 1, "la Messe": 1, "Service Divin les D'\u00e9m\u00e9ch\u00e9s & les": 1, "Archev\u00eaques & \u00c9v\u00eaques": 1, "Article z. de l'Ebit": 1, "juridiction ieclestal'ique": 1, "LibX": 1, "Habitons, la somme": 1, "11e & Mit": 1, "El": 1, "les Lettres sur ce C\u00e9saire": 1}, "year": "1724", "month": "08", "page": "46"}