{"ents_info": {"La Clef du Cabinet Marquis de Clermont": {"label": "MISC", "kb_qid": null, "url_wikidata": null}, "Mr. le Dit d'Orl\u00e9ans": {"label": "PER", "kb_qid": null, "url_wikidata": null}, "Commission": {"label": "ORG", "kb_qid": "Q8880", "url_wikidata": "https://www.wikidata.org/wiki/Q8880"}, "Cour": {"label": "ORG", "kb_qid": "Q3001001", "url_wikidata": "https://www.wikidata.org/wiki/Q3001001"}, "Mars Don Dominique de Port-Carreau": {"label": "PER", "kb_qid": null, "url_wikidata": null}, "Grand d'Espagne": {"label": "LOC", "kb_qid": "Q3907844", "url_wikidata": "https://www.wikidata.org/wiki/Q3907844"}, "De Duc d'Aube": {"label": "PER", "kb_qid": null, "url_wikidata": null}, "Gouvernement de St. Fran\u00e7ois de Chaville": {"label": "MISC", "kb_qid": null, "url_wikidata": null}, "Nouvelle Espagne": {"label": "LOC", "kb_qid": "Q170603", "url_wikidata": "https://www.wikidata.org/wiki/Q170603"}, "Don Antoine de Figurera": {"label": "PER", "kb_qid": null, "url_wikidata": null}, "Don Gens": {"label": "LOC", "kb_qid": null, "url_wikidata": null}, "Colonel": {"label": "PER", "kb_qid": "Q104680", "url_wikidata": "https://www.wikidata.org/wiki/Q104680"}, "Cavalerie de St. Jacques": {"label": "LOC", "kb_qid": null, "url_wikidata": null}, "Brigadier Don": {"label": "PER", "kb_qid": null, "url_wikidata": null}, "Joachim de Barnache": {"label": "PER", "kb_qid": null, "url_wikidata": null}, "Maitre d'H\u00f4tel de IA Princesse R\u00e9gnante": {"label": "PER", "kb_qid": null, "url_wikidata": null}, "Conseil des Finances, & le Marquis de Fera": {"label": "ORG", "kb_qid": null, "url_wikidata": null}, "Alcade des Mon\u00f4mes, Grand Ma\u00eetre d'H\u00f4tel du Prince": {"label": "MISC", "kb_qid": null, "url_wikidata": null}, "Promotion": {"label": "MISC", "kb_qid": "Q2441983", "url_wikidata": "https://www.wikidata.org/wiki/Q2441983"}, "Offici\u00e8re de Marine": {"label": "LOC", "kb_qid": null, "url_wikidata": null}, "les F\u00eates de Plaques": {"label": "MISC", "kb_qid": null, "url_wikidata": null}, "Puissances de la Quadruple Alliance": {"label": "MISC", "kb_qid": null, "url_wikidata": null}, "Cortex": {"label": "MISC", "kb_qid": "Q2346577", "url_wikidata": "https://www.wikidata.org/wiki/Q2346577"}, "\u00c9tats G\u00e9n\u00e9raux de cette": {"label": "MISC", "kb_qid": null, "url_wikidata": null}, "Traitez": {"label": "MISC", "kb_qid": null, "url_wikidata": null}, "Congr\u00e8s de Cambrai": {"label": "MISC", "kb_qid": null, "url_wikidata": null}, "Pape": {"label": "PER", "kb_qid": "Q19546", "url_wikidata": "https://www.wikidata.org/wiki/Q19546"}, "Innocent XIII": {"label": "PER", "kb_qid": "Q133100", "url_wikidata": "https://www.wikidata.org/wiki/Q133100"}, "Cardinaux": {"label": "PER", "kb_qid": "Q45722", "url_wikidata": "https://www.wikidata.org/wiki/Q45722"}, "Boris &": {"label": "PER", "kb_qid": null, "url_wikidata": null}, "B\u00e9luga": {"label": "PER", "kb_qid": "Q132072", "url_wikidata": "https://www.wikidata.org/wiki/Q132072"}, "Rome": {"label": "LOC", "kb_qid": "Q319496", "url_wikidata": "https://www.wikidata.org/wiki/Q319496"}, "Alicante": {"label": "LOC", "kb_qid": "Q11959", "url_wikidata": "https://www.wikidata.org/wiki/Q11959"}, "Clerg\u00e9 du Royaume": {"label": "MISC", "kb_qid": null, "url_wikidata": null}, "Bulle": {"label": "LOC", "kb_qid": "Q189867", "url_wikidata": "https://www.wikidata.org/wiki/Q189867"}, "Cardinal B\u00e9luga": {"label": "PER", "kb_qid": null, "url_wikidata": null}, "Clerg\u00e9": {"label": "LOC", "kb_qid": "Q177826", "url_wikidata": "https://www.wikidata.org/wiki/Q177826"}, "Prince Rognant": {"label": "PER", "kb_qid": null, "url_wikidata": null}}, "ents_freq": {"La Clef du Cabinet Marquis de Clermont": 1, "Mr. le Dit d'Orl\u00e9ans": 1, "Commission": 1, "Cour": 1, "Mars Don Dominique de Port-Carreau": 1, "Grand d'Espagne": 1, "De Duc d'Aube": 1, "Gouvernement de St. Fran\u00e7ois de Chaville": 1, "Nouvelle Espagne": 1, "Don Antoine de Figurera": 1, "Don Gens": 1, "Colonel": 1, "Cavalerie de St. Jacques": 1, "Brigadier Don": 1, "Joachim de Barnache": 1, "Maitre d'H\u00f4tel de IA Princesse R\u00e9gnante": 1, "Conseil des Finances, & le Marquis de Fera": 1, "Alcade des Mon\u00f4mes, Grand Ma\u00eetre d'H\u00f4tel du Prince": 1, "Promotion": 1, "Offici\u00e8re de Marine": 1, "les F\u00eates de Plaques": 1, "Puissances de la Quadruple Alliance": 1, "Cortex": 1, "\u00c9tats G\u00e9n\u00e9raux de cette": 1, "Traitez": 1, "Congr\u00e8s de Cambrai": 1, "Pape": 2, "Innocent XIII": 1, "Cardinaux": 1, "Boris &": 1, "B\u00e9luga": 1, "Rome": 2, "Alicante": 1, "Clerg\u00e9 du Royaume": 1, "Bulle": 1, "Cardinal B\u00e9luga": 1, "Clerg\u00e9": 1, "Prince Rognant": 1}, "year": "1724", "month": "06", "page": "23"}