{"ents_info": {"Princes": {"label": "LOC", "kb_qid": "Q2747456", "url_wikidata": "https://www.wikidata.org/wiki/Q2747456"}, "Mars": {"label": "PER", "kb_qid": "Q110", "url_wikidata": "https://www.wikidata.org/wiki/Q110"}, "183 Sang": {"label": "MISC", "kb_qid": null, "url_wikidata": null}, "Princesse": {"label": "PER", "kb_qid": "Q2747456", "url_wikidata": "https://www.wikidata.org/wiki/Q2747456"}, "Roi": {"label": "PER", "kb_qid": "Q18384454", "url_wikidata": "https://www.wikidata.org/wiki/Q18384454"}, "Versailles": {"label": "LOC", "kb_qid": "Q621", "url_wikidata": "https://www.wikidata.org/wiki/Q621"}, "le Mange, &": {"label": "MISC", "kb_qid": null, "url_wikidata": null}, "Trianon": {"label": "MISC", "kb_qid": "Q181902", "url_wikidata": "https://www.wikidata.org/wiki/Q181902"}, "Ses de cette Maison Royale": {"label": "MISC", "kb_qid": null, "url_wikidata": null}, "Th\u00e9\u00e2tre": {"label": "LOC", "kb_qid": "Q11635", "url_wikidata": "https://www.wikidata.org/wiki/Q11635"}, "Com\u00e9die Fran\u00e7oise & Italienne": {"label": "MISC", "kb_qid": null, "url_wikidata": null}, "S. M.": {"label": "PER", "kb_qid": "Q669458", "url_wikidata": "https://www.wikidata.org/wiki/Q669458"}, "Duc de l'ourson": {"label": "MISC", "kb_qid": null, "url_wikidata": null}, "Ch\u00e2teau de Versailles": {"label": "LOC", "kb_qid": "Q2946", "url_wikidata": "https://www.wikidata.org/wiki/Q2946"}, "occupoitfeuS.A.": {"label": "MISC", "kb_qid": null, "url_wikidata": null}, "R. le": {"label": "PER", "kb_qid": null, "url_wikidata": null}, "Ducd'Orleans": {"label": "LOC", "kb_qid": null, "url_wikidata": null}, "Prince": {"label": "PER", "kb_qid": "Q2747456", "url_wikidata": "https://www.wikidata.org/wiki/Q2747456"}, "Prince de Dombes": {"label": "PER", "kb_qid": "Q1304124", "url_wikidata": "https://www.wikidata.org/wiki/Q1304124"}, "Comte d'Eu": {"label": "PER", "kb_qid": null, "url_wikidata": null}, "Cardinal du Bois": {"label": "PER", "kb_qid": null, "url_wikidata": null}, "Mr. d'Argentin": {"label": "LOC", "kb_qid": null, "url_wikidata": null}, "Archev\u00eaque de Rouen": {"label": "LOC", "kb_qid": "Q569265", "url_wikidata": "https://www.wikidata.org/wiki/Q569265"}, "Marquis de la Faire": {"label": "PER", "kb_qid": null, "url_wikidata": null}, "Comte de Noc\u00e9": {"label": "PER", "kb_qid": null, "url_wikidata": null}, "Marquise de Serran": {"label": "PER", "kb_qid": null, "url_wikidata": null}, "Marquise la Val\u00e8re": {"label": "PER", "kb_qid": null, "url_wikidata": null}, "M'": {"label": "MISC", "kb_qid": "Q18215256", "url_wikidata": "https://www.wikidata.org/wiki/Q18215256"}, "Sega": {"label": "ORG", "kb_qid": "Q122741", "url_wikidata": "https://www.wikidata.org/wiki/Q122741"}, "Mar\u00e9chal d'Ixelles": {"label": "PER", "kb_qid": null, "url_wikidata": null}, "Mademoiselle de Ville-Franche": {"label": "MISC", "kb_qid": null, "url_wikidata": null}, "Mess av.": {"label": "MISC", "kb_qid": null, "url_wikidata": null}, "Comtesse de Th\u00e9ologie un Appartement": {"label": "MISC", "kb_qid": null, "url_wikidata": null}, "Prince son": {"label": "PER", "kb_qid": null, "url_wikidata": null}, "Mar\u00e9chal de Tes l\u00e9": {"label": "PER", "kb_qid": null, "url_wikidata": null}, "Charge de Grand Encuver": {"label": "MISC", "kb_qid": null, "url_wikidata": null}, "P\u00e8re M": {"label": "PER", "kb_qid": null, "url_wikidata": null}, "Sr": {"label": "PER", "kb_qid": "Q1358789", "url_wikidata": "https://www.wikidata.org/wiki/Q1358789"}, "OCDE": {"label": "ORG", "kb_qid": "Q41550", "url_wikidata": "https://www.wikidata.org/wiki/Q41550"}, "Laon": {"label": "LOC", "kb_qid": "Q426026", "url_wikidata": "https://www.wikidata.org/wiki/Q426026"}, "Rome": {"label": "LOC", "kb_qid": "Q220", "url_wikidata": "https://www.wikidata.org/wiki/Q220"}, "Bulles pour l'Archev\u00each\u00e9 de Cambrai": {"label": "MISC", "kb_qid": null, "url_wikidata": null}, "Pape": {"label": "PER", "kb_qid": "Q19546", "url_wikidata": "https://www.wikidata.org/wiki/Q19546"}, "Cour": {"label": "LOC", "kb_qid": "Q122880", "url_wikidata": "https://www.wikidata.org/wiki/Q122880"}, "Pr\u00e9lat": {"label": "PER", "kb_qid": "Q29182", "url_wikidata": "https://www.wikidata.org/wiki/Q29182"}, "Prince d'Auvergne": {"label": "PER", "kb_qid": null, "url_wikidata": null}, "Prieur\u00e9 Royal de St. Martin des Champs, &": {"label": "LOC", "kb_qid": null, "url_wikidata": null}}, "ents_freq": {"Princes": 1, "Mars": 1, "183 Sang": 1, "Princesse": 1, "Roi": 2, "Versailles": 1, "le Mange, &": 1, "Trianon": 1, "Ses de cette Maison Royale": 1, "Th\u00e9\u00e2tre": 1, "Com\u00e9die Fran\u00e7oise & Italienne": 1, "S. M.": 1, "Duc de l'ourson": 1, "Ch\u00e2teau de Versailles": 1, "occupoitfeuS.A.": 1, "R. le": 1, "Ducd'Orleans": 1, "Prince": 1, "Prince de Dombes": 1, "Comte d'Eu": 1, "Cardinal du Bois": 1, "Mr. d'Argentin": 1, "Archev\u00eaque de Rouen": 1, "Marquis de la Faire": 1, "Comte de Noc\u00e9": 1, "Marquise de Serran": 1, "Marquise la Val\u00e8re": 1, "M'": 1, "Sega": 1, "Mar\u00e9chal d'Ixelles": 1, "Mademoiselle de Ville-Franche": 1, "Mess av.": 1, "Comtesse de Th\u00e9ologie un Appartement": 1, "Prince son": 1, "Mar\u00e9chal de Tes l\u00e9": 1, "Charge de Grand Encuver": 1, "P\u00e8re M": 1, "Sr": 1, "OCDE": 1, "Laon": 1, "Rome": 1, "Bulles pour l'Archev\u00each\u00e9 de Cambrai": 1, "Pape": 1, "Cour": 1, "Pr\u00e9lat": 1, "Prince d'Auvergne": 1, "Prieur\u00e9 Royal de St. Martin des Champs, &": 1}, "year": "1724", "month": "03", "page": "36"}