{"ents_info": {"Puces": {"label": "LOC", "kb_qid": "Q388162", "url_wikidata": "https://www.wikidata.org/wiki/Q388162"}, "Pr\u00e9lat": {"label": "PER", "kb_qid": "Q17305527", "url_wikidata": "https://www.wikidata.org/wiki/Q17305527"}, "Cour": {"label": "LOC", "kb_qid": "Q41487", "url_wikidata": "https://www.wikidata.org/wiki/Q41487"}, "Ambailadeur de Venise": {"label": "PER", "kb_qid": null, "url_wikidata": null}, "Cardinal Sol": {"label": "PER", "kb_qid": null, "url_wikidata": null}, "Sent de quatre Sujets, an": {"label": "MISC", "kb_qid": null, "url_wikidata": null}, "lac d Auditeur": {"label": "LOC", "kb_qid": null, "url_wikidata": null}, "S. S.": {"label": "PER", "kb_qid": "Q44687", "url_wikidata": "https://www.wikidata.org/wiki/Q44687"}, "Mr. Cornard, &": {"label": "MISC", "kb_qid": null, "url_wikidata": null}, "LC L3": {"label": "MISC", "kb_qid": null, "url_wikidata": null}, "Janvier cet Ambassadeur": {"label": "PER", "kb_qid": null, "url_wikidata": null}, "Audience publique du St. Terre": {"label": "ORG", "kb_qid": null, "url_wikidata": null}, "Quirinal": {"label": "LOC", "kb_qid": "Q223079", "url_wikidata": "https://www.wikidata.org/wiki/Q223079"}, "quarre Cr\u00e9oles": {"label": "PER", "kb_qid": null, "url_wikidata": null}, "Carrosses": {"label": "LOC", "kb_qid": "Q750164", "url_wikidata": "https://www.wikidata.org/wiki/Q750164"}, "Pages & de Valeurs de 'pied v\u00eatus d'une livr\u00e9e d'\u00e9carlate": {"label": "MISC", "kb_qid": null, "url_wikidata": null}, "Cortex": {"label": "MISC", "kb_qid": "Q109019194", "url_wikidata": "https://www.wikidata.org/wiki/Q109019194"}, "Cardinaux, Pines,": {"label": "MISC", "kb_qid": null, "url_wikidata": null}, "& Ministres": {"label": "LOC", "kb_qid": null, "url_wikidata": null}, "Audience Son excellence": {"label": "MISC", "kb_qid": null, "url_wikidata": null}, "Apparemment du Cal nl Cuite": {"label": "MISC", "kb_qid": null, "url_wikidata": null}, "CidinalSinola": {"label": "MISC", "kb_qid": null, "url_wikidata": null}, "Basilique St. l'pierre": {"label": "LOC", "kb_qid": null, "url_wikidata": null}, "Collige t": {"label": "MISC", "kb_qid": null, "url_wikidata": null}, "Cardinal aA": {"label": "PER", "kb_qid": null, "url_wikidata": null}}, "ents_freq": {"Puces": 1, "Pr\u00e9lat": 1, "Cour": 1, "Ambailadeur de Venise": 1, "Cardinal Sol": 1, "Sent de quatre Sujets, an": 1, "lac d Auditeur": 1, "S. S.": 1, "Mr. Cornard, &": 1, "LC L3": 1, "Janvier cet Ambassadeur": 1, "Audience publique du St. Terre": 1, "Quirinal": 1, "quarre Cr\u00e9oles": 1, "Carrosses": 1, "Pages & de Valeurs de 'pied v\u00eatus d'une livr\u00e9e d'\u00e9carlate": 1, "Cortex": 1, "Cardinaux, Pines,": 1, "& Ministres": 1, "Audience Son excellence": 1, "Apparemment du Cal nl Cuite": 1, "CidinalSinola": 1, "Basilique St. l'pierre": 1, "Collige t": 1, "Cardinal aA": 1}, "year": "1724", "month": "04", "page": "32"}