{"ents_info": {"c. Mars": {"label": "PER", "kb_qid": null, "url_wikidata": null}, "Gardes & Hallebardiers": {"label": "ORG", "kb_qid": null, "url_wikidata": null}, "Officiers": {"label": "MISC", "kb_qid": "Q163700", "url_wikidata": "https://www.wikidata.org/wiki/Q163700"}, "Prince & de la Princesse R\u00e9gnante": {"label": "ORG", "kb_qid": null, "url_wikidata": null}, "Charges par une Patente": {"label": "MISC", "kb_qid": null, "url_wikidata": null}, "Prince Rognant": {"label": "PER", "kb_qid": null, "url_wikidata": null}, "Princesse R\u00e9gnante": {"label": "MISC", "kb_qid": null, "url_wikidata": null}, "Promotion": {"label": "MISC", "kb_qid": "Q2441983", "url_wikidata": "https://www.wikidata.org/wiki/Q2441983"}, "Chevaliers de l'Ordre de la Toison d'or": {"label": "MISC", "kb_qid": null, "url_wikidata": null}, "Duc de Me dina": {"label": "PER", "kb_qid": null, "url_wikidata": null}, "Duc de Me dina-": {"label": "PER", "kb_qid": null, "url_wikidata": null}, "Duc d'Arccos, le": {"label": "PER", "kb_qid": null, "url_wikidata": null}, "Marquis de Ste. Croix": {"label": "PER", "kb_qid": null, "url_wikidata": null}, "Comte de Rinaldo": {"label": "PER", "kb_qid": null, "url_wikidata": null}, "Marquis de Accosta": {"label": "PER", "kb_qid": null, "url_wikidata": null}, "Marquis de Scott": {"label": "PER", "kb_qid": null, "url_wikidata": null}, "Comte de St. Esteban de Formas,": {"label": "PER", "kb_qid": null, "url_wikidata": null}, "Prince": {"label": "PER", "kb_qid": "Q2747456", "url_wikidata": "https://www.wikidata.org/wiki/Q2747456"}, "Marquis de Valence": {"label": "PER", "kb_qid": null, "url_wikidata": null}, "Fran\u00e7ois de Nation": {"label": "PER", "kb_qid": null, "url_wikidata": null}, "Comte de Rinaldo, & un Valet": {"label": "PER", "kb_qid": null, "url_wikidata": null}, "Dante": {"label": "PER", "kb_qid": "Q901893", "url_wikidata": "https://www.wikidata.org/wiki/Q901893"}, "Princesse de Robe": {"label": "MISC", "kb_qid": null, "url_wikidata": null}, "Dame d'Honneur": {"label": "LOC", "kb_qid": "Q715222", "url_wikidata": "https://www.wikidata.org/wiki/Q715222"}, "Femmes de Chambre": {"label": "ORG", "kb_qid": null, "url_wikidata": null}, "Motel": {"label": "LOC", "kb_qid": "Q216212", "url_wikidata": "https://www.wikidata.org/wiki/Q216212"}, "Hallebardiers": {"label": "ORG", "kb_qid": "Q185623", "url_wikidata": "https://www.wikidata.org/wiki/Q185623"}, "\u00c9curie": {"label": "LOC", "kb_qid": "Q3577827", "url_wikidata": "https://www.wikidata.org/wiki/Q3577827"}, "prince Rognant": {"label": "PER", "kb_qid": null, "url_wikidata": null}, "In.faits, & un million": {"label": "MISC", "kb_qid": null, "url_wikidata": null}, "B\u00e2timent": {"label": "LOC", "kb_qid": "Q3333739", "url_wikidata": "https://www.wikidata.org/wiki/Q3333739"}, "Ch\u00e2teau de St. Indexons": {"label": "LOC", "kb_qid": null, "url_wikidata": null}, "Es curial": {"label": "MISC", "kb_qid": null, "url_wikidata": null}, "Prince son Perd": {"label": "PER", "kb_qid": null, "url_wikidata": null}, "Couronne": {"label": "MISC", "kb_qid": "Q508840", "url_wikidata": "https://www.wikidata.org/wiki/Q508840"}, "M3": {"label": "MISC", "kb_qid": "Q796579", "url_wikidata": "https://www.wikidata.org/wiki/Q796579"}}, "ents_freq": {"c. Mars": 1, "Gardes & Hallebardiers": 1, "Officiers": 1, "Prince & de la Princesse R\u00e9gnante": 1, "Charges par une Patente": 1, "Prince Rognant": 4, "Princesse R\u00e9gnante": 1, "Promotion": 1, "Chevaliers de l'Ordre de la Toison d'or": 1, "Duc de Me dina": 1, "Duc de Me dina-": 1, "Duc d'Arccos, le": 1, "Marquis de Ste. Croix": 1, "Comte de Rinaldo": 1, "Marquis de Accosta": 1, "Marquis de Scott": 1, "Comte de St. Esteban de Formas,": 1, "Prince": 1, "Marquis de Valence": 1, "Fran\u00e7ois de Nation": 1, "Comte de Rinaldo, & un Valet": 1, "Dante": 1, "Princesse de Robe": 1, "Dame d'Honneur": 1, "Femmes de Chambre": 1, "Motel": 1, "Hallebardiers": 1, "\u00c9curie": 1, "prince Rognant": 1, "In.faits, & un million": 1, "B\u00e2timent": 1, "Ch\u00e2teau de St. Indexons": 2, "Es curial": 1, "Prince son Perd": 1, "Couronne": 1, "M3": 1}, "year": "1724", "month": "03", "page": "20"}