{"ents_info": {"326 La Clef du Cabine Gennaro": {"label": "MISC", "kb_qid": null, "url_wikidata": null}, "Marchands & deux Vaisseaux": {"label": "MISC", "kb_qid": null, "url_wikidata": null}, "Mer": {"label": "LOC", "kb_qid": "Q732823", "url_wikidata": "https://www.wikidata.org/wiki/Q732823"}, "Navires": {"label": "MISC", "kb_qid": "Q3114762", "url_wikidata": "https://www.wikidata.org/wiki/Q3114762"}, "Indes Orientales": {"label": "LOC", "kb_qid": "Q188161", "url_wikidata": "https://www.wikidata.org/wiki/Q188161"}, "De voyage de compagne": {"label": "MISC", "kb_qid": null, "url_wikidata": null}, "ARTICLE III": {"label": "PER", "kb_qid": null, "url_wikidata": null}, "F\u00e9vrier, & le bruit": {"label": "MISC", "kb_qid": null, "url_wikidata": null}, "Domestiques": {"label": "MISC", "kb_qid": "Q2454547", "url_wikidata": "https://www.wikidata.org/wiki/Q2454547"}, "S.S.": {"label": "PER", "kb_qid": "Q153626", "url_wikidata": "https://www.wikidata.org/wiki/Q153626"}, "M\u00e9decins": {"label": "ORG", "kb_qid": "Q39631", "url_wikidata": "https://www.wikidata.org/wiki/Q39631"}, "Caut\u00e8res": {"label": "MISC", "kb_qid": "Q1136347", "url_wikidata": "https://www.wikidata.org/wiki/Q1136347"}, "Mars": {"label": "LOC", "kb_qid": "Q110", "url_wikidata": "https://www.wikidata.org/wiki/Q110"}, "Exp\u00e9ditions ordinaires pour la Daterie": {"label": "MISC", "kb_qid": null, "url_wikidata": null}, "Pr\u00e9dication": {"label": "MISC", "kb_qid": "Q432386", "url_wikidata": "https://www.wikidata.org/wiki/Q432386"}, "Palais": {"label": "LOC", "kb_qid": "Q16560", "url_wikidata": "https://www.wikidata.org/wiki/Q16560"}, "Congr\u00e9gation Extraordinaire": {"label": "ORG", "kb_qid": null, "url_wikidata": null}, "Cardinal Imp\u00e9riale": {"label": "PER", "kb_qid": null, "url_wikidata": null}, "Protecteur des Archi-Confr\u00e9ries": {"label": "MISC", "kb_qid": null, "url_wikidata": null}, "Confr\u00e9ries": {"label": "MISC", "kb_qid": "Q992253", "url_wikidata": "https://www.wikidata.org/wiki/Q992253"}, "District de 4": {"label": "LOC", "kb_qid": null, "url_wikidata": null}, "Rome": {"label": "LOC", "kb_qid": "Q220", "url_wikidata": "https://www.wikidata.org/wiki/Q220"}, "Le Fief de Cong\u00e9lo": {"label": "LOC", "kb_qid": null, "url_wikidata": null}, "Cardinal Gauthier": {"label": "PER", "kb_qid": null, "url_wikidata": null}, "Marquisat": {"label": "LOC", "kb_qid": "Q27492289", "url_wikidata": "https://www.wikidata.org/wiki/Q27492289"}, "Qui & pour ceux de sa Maison": {"label": "MISC", "kb_qid": null, "url_wikidata": null}, "Cardinal Albanie": {"label": "PER", "kb_qid": null, "url_wikidata": null}, "Royaume de Pologne": {"label": "LOC", "kb_qid": "Q221457", "url_wikidata": "https://www.wikidata.org/wiki/Q221457"}}, "ents_freq": {"326 La Clef du Cabine Gennaro": 1, "Marchands & deux Vaisseaux": 1, "Mer": 1, "Navires": 1, "Indes Orientales": 1, "De voyage de compagne": 1, "ARTICLE III": 1, "F\u00e9vrier, & le bruit": 1, "Domestiques": 1, "S.S.": 1, "M\u00e9decins": 1, "Caut\u00e8res": 1, "Mars": 1, "Exp\u00e9ditions ordinaires pour la Daterie": 1, "Pr\u00e9dication": 1, "Palais": 1, "Congr\u00e9gation Extraordinaire": 1, "Cardinal Imp\u00e9riale": 1, "Protecteur des Archi-Confr\u00e9ries": 1, "Confr\u00e9ries": 1, "District de 4": 1, "Rome": 1, "Le Fief de Cong\u00e9lo": 1, "Cardinal Gauthier": 1, "Marquisat": 1, "Qui & pour ceux de sa Maison": 1, "Cardinal Albanie": 1, "Royaume de Pologne": 1}, "year": "1724", "month": "05", "page": "25"}