{"ents_info": {"Cabinet De finale de l'Art": {"label": "MISC", "kb_qid": null, "url_wikidata": null}, "Trait\u00e9 de Munster": {"label": "MISC", "kb_qid": "Q681800", "url_wikidata": "https://www.wikidata.org/wiki/Q681800"}, "Directeurs": {"label": "ORG", "kb_qid": "Q3029398", "url_wikidata": "https://www.wikidata.org/wiki/Q3029398"}, "lettre dudit Trait\u00e9": {"label": "MISC", "kb_qid": null, "url_wikidata": null}, "S\u00fbrs du Roi Catholique": {"label": "MISC", "kb_qid": null, "url_wikidata": null}, "Commerce de tous es Pais, & Districts": {"label": "MISC", "kb_qid": null, "url_wikidata": null}, "Limites des Octrois": {"label": "LOC", "kb_qid": null, "url_wikidata": null}, "Compagnie": {"label": "ORG", "kb_qid": "Q83164", "url_wikidata": "https://www.wikidata.org/wiki/Q83164"}, "Soci\u00e9t\u00e9": {"label": "ORG", "kb_qid": "Q8425", "url_wikidata": "https://www.wikidata.org/wiki/Q8425"}, "Roi": {"label": "PER", "kb_qid": "Q12097", "url_wikidata": "https://www.wikidata.org/wiki/Q12097"}, "\u00c9tats G\u00e9n\u00e9raux": {"label": "LOC", "kb_qid": "Q207304", "url_wikidata": "https://www.wikidata.org/wiki/Q207304"}, "Villes": {"label": "LOC", "kb_qid": "Q515", "url_wikidata": "https://www.wikidata.org/wiki/Q515"}, "Ch\u00e2teaux Forteresses, Commerce, & Pas aux Indes Orientales & Occidentales": {"label": "LOC", "kb_qid": null, "url_wikidata": null}, "Cotes": {"label": "LOC", "kb_qid": "Q2046242", "url_wikidata": "https://www.wikidata.org/wiki/Q2046242"}, "Asie": {"label": "LOC", "kb_qid": "Q48", "url_wikidata": "https://www.wikidata.org/wiki/Q48"}, "Afrique": {"label": "LOC", "kb_qid": "Q181238", "url_wikidata": "https://www.wikidata.org/wiki/Q181238"}, "Am\u00e9rique": {"label": "LOC", "kb_qid": "Q828", "url_wikidata": "https://www.wikidata.org/wiki/Q828"}, "comt\u00e9 de Messieurs": {"label": "LOC", "kb_qid": null, "url_wikidata": null}, "\u00c9tats": {"label": "LOC", "kb_qid": "Q35657", "url_wikidata": "https://www.wikidata.org/wiki/Q35657"}, "Places & Lieux": {"label": "ORG", "kb_qid": null, "url_wikidata": null}, "Portugais": {"label": "LOC", "kb_qid": "Q5146", "url_wikidata": "https://www.wikidata.org/wiki/Q5146"}, "VI": {"label": "PER", "kb_qid": "Q245546", "url_wikidata": "https://www.wikidata.org/wiki/Q245546"}, "Indes": {"label": "LOC", "kb_qid": "Q646374", "url_wikidata": "https://www.wikidata.org/wiki/Q646374"}, "& Habitants des Royaumes, & Provinces desdits Seigneurs Roi": {"label": "ORG", "kb_qid": null, "url_wikidata": null}, "Lieux, & Places garnies de Forts": {"label": "MISC", "kb_qid": null, "url_wikidata": null}, "Loges": {"label": "LOC", "kb_qid": "Q145093", "url_wikidata": "https://www.wikidata.org/wiki/Q145093"}, "Chanteur, & toutes autres": {"label": "MISC", "kb_qid": null, "url_wikidata": null}, "Partie": {"label": "MISC", "kb_qid": "Q7278", "url_wikidata": "https://www.wikidata.org/wiki/Q7278"}, "Places conquises": {"label": "LOC", "kb_qid": null, "url_wikidata": null}, "Places": {"label": "LOC", "kb_qid": "Q16670320", "url_wikidata": "https://www.wikidata.org/wiki/Q16670320"}, "Lieu": {"label": "PER", "kb_qid": "Q202406", "url_wikidata": "https://www.wikidata.org/wiki/Q202406"}, "Messieurs": {"label": "PER", "kb_qid": "Q1104153", "url_wikidata": "https://www.wikidata.org/wiki/Q1104153"}}, "ents_freq": {"Cabinet De finale de l'Art": 1, "Trait\u00e9 de Munster": 1, "Directeurs": 1, "lettre dudit Trait\u00e9": 1, "S\u00fbrs du Roi Catholique": 1, "Commerce de tous es Pais, & Districts": 1, "Limites des Octrois": 1, "Compagnie": 1, "Soci\u00e9t\u00e9": 1, "Roi": 1, "\u00c9tats G\u00e9n\u00e9raux": 2, "Villes": 1, "Ch\u00e2teaux Forteresses, Commerce, & Pas aux Indes Orientales & Occidentales": 1, "Cotes": 1, "Asie": 1, "Afrique": 1, "Am\u00e9rique": 1, "comt\u00e9 de Messieurs": 1, "\u00c9tats": 2, "Places & Lieux": 1, "Portugais": 4, "VI": 1, "Indes": 1, "& Habitants des Royaumes, & Provinces desdits Seigneurs Roi": 1, "Lieux, & Places garnies de Forts": 1, "Loges": 1, "Chanteur, & toutes autres": 1, "Partie": 1, "Places conquises": 1, "Places": 1, "Lieu": 1, "Messieurs": 1}, "year": "1724", "month": "08", "page": "11"}