{"ents_info": {"La Clef du Cabinet 434 tu\u00e9e": {"label": "MISC", "kb_qid": null, "url_wikidata": null}, "Arlequin Sauvage": {"label": "MISC", "kb_qid": null, "url_wikidata": null}, "Com\u00e9die Fran\u00e7ois": {"label": "MISC", "kb_qid": null, "url_wikidata": null}, "Mr. le Duc": {"label": "PER", "kb_qid": null, "url_wikidata": null}, "Jardin de la Reine": {"label": "LOC", "kb_qid": null, "url_wikidata": null}, "Prince Rognant": {"label": "PER", "kb_qid": null, "url_wikidata": null}, "Espagne": {"label": "LOC", "kb_qid": "Q42267", "url_wikidata": "https://www.wikidata.org/wiki/Q42267"}, "Roi": {"label": "PER", "kb_qid": "Q12097", "url_wikidata": "https://www.wikidata.org/wiki/Q12097"}, "Liszt": {"label": "PER", "kb_qid": "Q41309", "url_wikidata": "https://www.wikidata.org/wiki/Q41309"}, "\u00c9cures": {"label": "PER", "kb_qid": null, "url_wikidata": null}, "S. M. IL'Infanre-Rin\u00e7ai": {"label": "PER", "kb_qid": null, "url_wikidata": null}, "IA Cour": {"label": "LOC", "kb_qid": null, "url_wikidata": null}, "Madrid": {"label": "LOC", "kb_qid": "Q2807", "url_wikidata": "https://www.wikidata.org/wiki/Q2807"}, "IV": {"label": "MISC", "kb_qid": "Q12186", "url_wikidata": "https://www.wikidata.org/wiki/Q12186"}, "& S. M.": {"label": "PER", "kb_qid": null, "url_wikidata": null}, "Infanterie": {"label": "MISC", "kb_qid": "Q29171", "url_wikidata": "https://www.wikidata.org/wiki/Q29171"}, "L2": {"label": "MISC", "kb_qid": "Q217374", "url_wikidata": "https://www.wikidata.org/wiki/Q217374"}, "Chapeau Assembl\u00e9e des Chevaliers de la Toison d'or": {"label": "ORG", "kb_qid": null, "url_wikidata": null}, "Ducs de Bourbon": {"label": "LOC", "kb_qid": null, "url_wikidata": null}, "Comte de Toulouse": {"label": "PER", "kb_qid": "Q1334322", "url_wikidata": "https://www.wikidata.org/wiki/Q1334322"}, "DC de Nouilles": {"label": "ORG", "kb_qid": null, "url_wikidata": null}, "Marque de Bourreront, du": {"label": "ORG", "kb_qid": null, "url_wikidata": null}, "Marquis d'Aragon": {"label": "PER", "kb_qid": null, "url_wikidata": null}, "Marquis de Branchas": {"label": "PER", "kb_qid": null, "url_wikidata": null}, "Mar\u00e9chal de Villas": {"label": "PER", "kb_qid": null, "url_wikidata": null}, "Orl\u00e9ans": {"label": "LOC", "kb_qid": "Q6548", "url_wikidata": "https://www.wikidata.org/wiki/Q6548"}, "le Collier de cet Ordre": {"label": "MISC", "kb_qid": null, "url_wikidata": null}, "Duc de Nouilles": {"label": "PER", "kb_qid": null, "url_wikidata": null}, "Versailles, fi\u00e9": {"label": "MISC", "kb_qid": null, "url_wikidata": null}, "F\u00eate de St. Hubert Patron des Chasseurs": {"label": "MISC", "kb_qid": null, "url_wikidata": null}, "Chiens & les \u00c9quines de Mr. le Duc de Bouchon, du Prince de Conti, dN Contre de Toulouse, & de quelques autres": {"label": "MISC", "kb_qid": null, "url_wikidata": null}, "Seigneurs de la Cour": {"label": "MISC", "kb_qid": null, "url_wikidata": null}}, "ents_freq": {"La Clef du Cabinet 434 tu\u00e9e": 1, "Arlequin Sauvage": 1, "Com\u00e9die Fran\u00e7ois": 1, "Mr. le Duc": 1, "Jardin de la Reine": 1, "Prince Rognant": 1, "Espagne": 1, "Roi": 3, "Liszt": 1, "\u00c9cures": 1, "S. M. IL'Infanre-Rin\u00e7ai": 1, "IA Cour": 1, "Madrid": 1, "IV": 1, "& S. M.": 1, "Infanterie": 1, "L2": 1, "Chapeau Assembl\u00e9e des Chevaliers de la Toison d'or": 1, "Ducs de Bourbon": 1, "Comte de Toulouse": 1, "DC de Nouilles": 1, "Marque de Bourreront, du": 1, "Marquis d'Aragon": 1, "Marquis de Branchas": 1, "Mar\u00e9chal de Villas": 1, "Orl\u00e9ans": 1, "le Collier de cet Ordre": 1, "Duc de Nouilles": 1, "Versailles, fi\u00e9": 1, "F\u00eate de St. Hubert Patron des Chasseurs": 1, "Chiens & les \u00c9quines de Mr. le Duc de Bouchon, du Prince de Conti, dN Contre de Toulouse, & de quelques autres": 1, "Seigneurs de la Cour": 1}, "year": "1724", "month": "12", "page": "37"}