{"ents_info": {"La Clef du Cabinet & le 2I.": {"label": "MISC", "kb_qid": null, "url_wikidata": null}, "Congr\u00e9gation g\u00e9n\u00e9rale de Propagande": {"label": "ORG", "kb_qid": null, "url_wikidata": null}, "Obs\u00e8ques": {"label": "PER", "kb_qid": "Q201676", "url_wikidata": "https://www.wikidata.org/wiki/Q201676"}, "Cardinal Espada": {"label": "PER", "kb_qid": null, "url_wikidata": null}, "Membre": {"label": "ORG", "kb_qid": "Q163700", "url_wikidata": "https://www.wikidata.org/wiki/Q163700"}, "Cardinal Dingos": {"label": "PER", "kb_qid": null, "url_wikidata": null}, "Ambassadeur de l'Empereur": {"label": "PER", "kb_qid": null, "url_wikidata": null}, "Corrige au Quirinal,": {"label": "MISC", "kb_qid": null, "url_wikidata": null}, "Audience du Pape, & SS": {"label": "MISC", "kb_qid": null, "url_wikidata": null}, "Abb\u00e9 Gentil": {"label": "PER", "kb_qid": null, "url_wikidata": null}, "\u00c9lecteur de Mayence": {"label": "PER", "kb_qid": "Q284667", "url_wikidata": "https://www.wikidata.org/wiki/Q284667"}, "Ministre": {"label": "ORG", "kb_qid": "Q83307", "url_wikidata": "https://www.wikidata.org/wiki/Q83307"}, "F\u00eate de St. Louis": {"label": "MISC", "kb_qid": null, "url_wikidata": null}, "De Cardinal Otto": {"label": "PER", "kb_qid": null, "url_wikidata": null}, "Protecteur de la Consonne de France": {"label": "MISC", "kb_qid": null, "url_wikidata": null}, "Enlise": {"label": "LOC", "kb_qid": null, "url_wikidata": null}, "Abb\u00e9 Tenir": {"label": "PER", "kb_qid": null, "url_wikidata": null}, "Archev\u00eaque d'Embrun": {"label": "PER", "kb_qid": null, "url_wikidata": null}, "Cardinaux": {"label": "PER", "kb_qid": "Q45722", "url_wikidata": "https://www.wikidata.org/wiki/Q45722"}, "Elise, & cette F\u00eate fut celebret": {"label": "MISC", "kb_qid": null, "url_wikidata": null}, "St. Barth\u00e9l\u00e9my": {"label": "LOC", "kb_qid": null, "url_wikidata": null}, "Cardinal Insurg\u00e9s": {"label": "PER", "kb_qid": null, "url_wikidata": null}, "Service": {"label": "ORG", "kb_qid": "Q2657904", "url_wikidata": "https://www.wikidata.org/wiki/Q2657904"}, "cN": {"label": "MISC", "kb_qid": "Q22021840", "url_wikidata": "https://www.wikidata.org/wiki/Q22021840"}, "S. Em": {"label": "PER", "kb_qid": null, "url_wikidata": null}, "Pape": {"label": "PER", "kb_qid": "Q19546", "url_wikidata": "https://www.wikidata.org/wiki/Q19546"}, "Itou": {"label": "PER", "kb_qid": null, "url_wikidata": null}, "Fabrique de St. Pierre": {"label": "LOC", "kb_qid": null, "url_wikidata": null}, "Abb\u00e9 l\u00e9onard de Porta": {"label": "PER", "kb_qid": null, "url_wikidata": null}, "St. Paul": {"label": "LOC", "kb_qid": "Q28848", "url_wikidata": "https://www.wikidata.org/wiki/Q28848"}, "Cardinal Pamphylie": {"label": "PER", "kb_qid": null, "url_wikidata": null}, "Protection de l'Archi Confr\u00e9rie de St. Marcel": {"label": "ORG", "kb_qid": null, "url_wikidata": null}, "Isobel": {"label": "PER", "kb_qid": "Q4710116", "url_wikidata": "https://www.wikidata.org/wiki/Q4710116"}, "Confr\u00e9ries \u00e9trang\u00e8res": {"label": "ORG", "kb_qid": null, "url_wikidata": null}, "Rome": {"label": "LOC", "kb_qid": "Q220", "url_wikidata": "https://www.wikidata.org/wiki/Q220"}, "R\u00e9publique de Gens": {"label": "LOC", "kb_qid": null, "url_wikidata": null}, "Maison des": {"label": "MISC", "kb_qid": "Q574503", "url_wikidata": "https://www.wikidata.org/wiki/Q574503"}, "Pape Rognant": {"label": "PER", "kb_qid": null, "url_wikidata": null}}, "ents_freq": {"La Clef du Cabinet & le 2I.": 1, "Congr\u00e9gation g\u00e9n\u00e9rale de Propagande": 1, "Obs\u00e8ques": 1, "Cardinal Espada": 1, "Membre": 1, "Cardinal Dingos": 1, "Ambassadeur de l'Empereur": 1, "Corrige au Quirinal,": 1, "Audience du Pape, & SS": 1, "Abb\u00e9 Gentil": 1, "\u00c9lecteur de Mayence": 1, "Ministre": 1, "F\u00eate de St. Louis": 1, "De Cardinal Otto": 1, "Protecteur de la Consonne de France": 1, "Enlise": 3, "Abb\u00e9 Tenir": 1, "Archev\u00eaque d'Embrun": 1, "Cardinaux": 1, "Elise, & cette F\u00eate fut celebret": 1, "St. Barth\u00e9l\u00e9my": 1, "Cardinal Insurg\u00e9s": 1, "Service": 1, "cN": 1, "S. Em": 1, "Pape": 1, "Itou": 1, "Fabrique de St. Pierre": 1, "Abb\u00e9 l\u00e9onard de Porta": 1, "St. Paul": 1, "Cardinal Pamphylie": 1, "Protection de l'Archi Confr\u00e9rie de St. Marcel": 1, "Isobel": 1, "Confr\u00e9ries \u00e9trang\u00e8res": 1, "Rome": 1, "R\u00e9publique de Gens": 1, "Maison des": 1, "Pape Rognant": 1}, "year": "1724", "month": "11", "page": "27"}