{"ents_info": {"La Clef du Cabine 208 Ron d'\u00c9liderez Archidiacre;": {"label": "MISC", "kb_qid": null, "url_wikidata": null}, "Mr. de la": {"label": "MISC", "kb_qid": null, "url_wikidata": null}, "Nage Grand Chancelier;": {"label": "MISC", "kb_qid": null, "url_wikidata": null}, "Baron de Tin": {"label": "MISC", "kb_qid": null, "url_wikidata": null}, "Baron de Cortembach": {"label": "MISC", "kb_qid": null, "url_wikidata": null}, "Mr. Stoupa Pr\u00e9sident du Collage de Louvain;": {"label": "PER", "kb_qid": null, "url_wikidata": null}, "Baron de Le rode;": {"label": "MISC", "kb_qid": null, "url_wikidata": null}, "Comte de Berceau Neveu": {"label": "PER", "kb_qid": null, "url_wikidata": null}, "Comte de Marnie": {"label": "PER", "kb_qid": null, "url_wikidata": null}, "Baron d'Angeles": {"label": "MISC", "kb_qid": null, "url_wikidata": null}, "Prince d'Auvergne": {"label": "PER", "kb_qid": null, "url_wikidata": null}, "Prince Cardinal de Saxe-Z\u00eata;": {"label": "PER", "kb_qid": null, "url_wikidata": null}, "II": {"label": "PER", "kb_qid": "Q959186", "url_wikidata": "https://www.wikidata.org/wiki/Q959186"}, "Comte": {"label": "PER", "kb_qid": "Q2192649", "url_wikidata": "https://www.wikidata.org/wiki/Q2192649"}, "Bernstein Prince de Tableau": {"label": "PER", "kb_qid": null, "url_wikidata": null}, "Baron de Christelle;": {"label": "MISC", "kb_qid": null, "url_wikidata": null}, "Louvain;": {"label": "MISC", "kb_qid": null, "url_wikidata": null}, "Baron de Lombes;": {"label": "MISC", "kb_qid": null, "url_wikidata": null}, "Baron de Nasseront;": {"label": "MISC", "kb_qid": null, "url_wikidata": null}, "Baron de Jean": {"label": "MISC", "kb_qid": null, "url_wikidata": null}, "Baron de Bi\u00e8re": {"label": "MISC", "kb_qid": null, "url_wikidata": null}, "Baron de Seule;": {"label": "MISC", "kb_qid": null, "url_wikidata": null}, "Mr. Liverpool Frire": {"label": "MISC", "kb_qid": null, "url_wikidata": null}, "Nage Neveu du Chancelier;": {"label": "MISC", "kb_qid": null, "url_wikidata": null}, "ARTICLE VI": {"label": "MISC", "kb_qid": null, "url_wikidata": null}, "POLOGNE": {"label": "LOC", "kb_qid": "Q36", "url_wikidata": "https://www.wikidata.org/wiki/Q36"}, "Pais 6": {"label": "MISC", "kb_qid": null, "url_wikidata": null}, "Pologne": {"label": "LOC", "kb_qid": "Q36", "url_wikidata": "https://www.wikidata.org/wiki/Q36"}, "Varsovie": {"label": "LOC", "kb_qid": "Q270", "url_wikidata": "https://www.wikidata.org/wiki/Q270"}, "Primat du Royaume": {"label": "LOC", "kb_qid": null, "url_wikidata": null}, "Ville": {"label": "LOC", "kb_qid": "Q515", "url_wikidata": "https://www.wikidata.org/wiki/Q515"}, "Janvier, & le Nonce": {"label": "MISC", "kb_qid": null, "url_wikidata": null}, "Pape": {"label": "PER", "kb_qid": "Q19546", "url_wikidata": "https://www.wikidata.org/wiki/Q19546"}, "Pallium": {"label": "MISC", "kb_qid": "Q200691", "url_wikidata": "https://www.wikidata.org/wiki/Q200691"}, "Arche": {"label": "MISC", "kb_qid": "Q131316", "url_wikidata": "https://www.wikidata.org/wiki/Q131316"}, "Geste.": {"label": "MISC", "kb_qid": null, "url_wikidata": null}, "Ile I7": {"label": "LOC", "kb_qid": null, "url_wikidata": null}, "Roi": {"label": "PER", "kb_qid": "Q12097", "url_wikidata": "https://www.wikidata.org/wiki/Q12097"}, "Dresde": {"label": "LOC", "kb_qid": "Q1731", "url_wikidata": "https://www.wikidata.org/wiki/Q1731"}, "Seat": {"label": "MISC", "kb_qid": "Q188217", "url_wikidata": "https://www.wikidata.org/wiki/Q188217"}}, "ents_freq": {"La Clef du Cabine 208 Ron d'\u00c9liderez Archidiacre;": 1, "Mr. de la": 2, "Nage Grand Chancelier;": 1, "Baron de Tin": 1, "Baron de Cortembach": 1, "Mr. Stoupa Pr\u00e9sident du Collage de Louvain;": 1, "Baron de Le rode;": 1, "Comte de Berceau Neveu": 1, "Comte de Marnie": 1, "Baron d'Angeles": 1, "Prince d'Auvergne": 1, "Prince Cardinal de Saxe-Z\u00eata;": 1, "II": 1, "Comte": 1, "Bernstein Prince de Tableau": 1, "Baron de Christelle;": 1, "Louvain;": 1, "Baron de Lombes;": 1, "Baron de Nasseront;": 1, "Baron de Jean": 1, "Baron de Bi\u00e8re": 1, "Baron de Seule;": 1, "Mr. Liverpool Frire": 1, "Nage Neveu du Chancelier;": 1, "ARTICLE VI": 1, "POLOGNE": 1, "Pais 6": 1, "Pologne": 1, "Varsovie": 1, "Primat du Royaume": 1, "Ville": 1, "Janvier, & le Nonce": 1, "Pape": 1, "Pallium": 1, "Arche": 1, "Geste.": 1, "Ile I7": 1, "Roi": 1, "Dresde": 1, "Seat": 1}, "year": "1724", "month": "03", "page": "61"}