{"ents_info": {"La Chef d\u00fb": {"label": "MISC", "kb_qid": null, "url_wikidata": null}, "Cabinet &": {"label": "ORG", "kb_qid": null, "url_wikidata": null}, "Duchesse Douairi\u00e8re d'Orl\u00e9ans": {"label": "PER", "kb_qid": null, "url_wikidata": null}, "Faubourg St. Antoine": {"label": "LOC", "kb_qid": null, "url_wikidata": null}, "Palais Royal": {"label": "LOC", "kb_qid": "Q329948", "url_wikidata": "https://www.wikidata.org/wiki/Q329948"}, "Versailles": {"label": "LOC", "kb_qid": "Q19945294", "url_wikidata": "https://www.wikidata.org/wiki/Q19945294"}, "Abbesse": {"label": "LOC", "kb_qid": "Q103163", "url_wikidata": "https://www.wikidata.org/wiki/Q103163"}, "Chelles": {"label": "LOC", "kb_qid": "Q272916", "url_wikidata": "https://www.wikidata.org/wiki/Q272916"}, "Abbaye un Service solennel pour le repos de l'a me de feu": {"label": "MISC", "kb_qid": null, "url_wikidata": null}, "Perd.": {"label": "MISC", "kb_qid": null, "url_wikidata": null}, "Ch\u00e2teau de Marly": {"label": "LOC", "kb_qid": "Q736185", "url_wikidata": "https://www.wikidata.org/wiki/Q736185"}, "Roi": {"label": "PER", "kb_qid": "Q12097", "url_wikidata": "https://www.wikidata.org/wiki/Q12097"}, "Prince": {"label": "PER", "kb_qid": "Q7542", "url_wikidata": "https://www.wikidata.org/wiki/Q7542"}, "Prince Rognant": {"label": "PER", "kb_qid": null, "url_wikidata": null}, "Espagne": {"label": "LOC", "kb_qid": "Q29", "url_wikidata": "https://www.wikidata.org/wiki/Q29"}, "Cordons Biens": {"label": "ORG", "kb_qid": null, "url_wikidata": null}, "Seigneurs Espagnols; & le Duc d'Orl\u00e9ans": {"label": "MISC", "kb_qid": null, "url_wikidata": null}, "Cour": {"label": "LOC", "kb_qid": "Q3001001", "url_wikidata": "https://www.wikidata.org/wiki/Q3001001"}, "Marquis de Clermont": {"label": "PER", "kb_qid": null, "url_wikidata": null}, "Prince son Beau-fr\u00e8re": {"label": "PER", "kb_qid": null, "url_wikidata": null}, "& la Princesse": {"label": "MISC", "kb_qid": null, "url_wikidata": null}, "Couronne": {"label": "ORG", "kb_qid": "Q170984", "url_wikidata": "https://www.wikidata.org/wiki/Q170984"}, "Collier de la Toison d'or": {"label": "LOC", "kb_qid": null, "url_wikidata": null}, "Duc d'Orl\u00e9ans son Perd": {"label": "PER", "kb_qid": null, "url_wikidata": null}, "Officiers de sa Maison;": {"label": "ORG", "kb_qid": null, "url_wikidata": null}, "Chevalier de Beringen": {"label": "PER", "kb_qid": null, "url_wikidata": null}, "Brevet de retenue de cent mile \u00e9cus": {"label": "MISC", "kb_qid": null, "url_wikidata": null}, "Chat de Premier \u00c9cuyer": {"label": "MISC", "kb_qid": null, "url_wikidata": null}, "Prince Charles de Lorraine": {"label": "PER", "kb_qid": null, "url_wikidata": null}, "Arthur du": {"label": "PER", "kb_qid": null, "url_wikidata": null}}, "ents_freq": {"La Chef d\u00fb": 1, "Cabinet &": 1, "Duchesse Douairi\u00e8re d'Orl\u00e9ans": 1, "Faubourg St. Antoine": 1, "Palais Royal": 1, "Versailles": 1, "Abbesse": 1, "Chelles": 1, "Abbaye un Service solennel pour le repos de l'a me de feu": 1, "Perd.": 1, "Ch\u00e2teau de Marly": 1, "Roi": 2, "Prince": 2, "Prince Rognant": 1, "Espagne": 1, "Cordons Biens": 1, "Seigneurs Espagnols; & le Duc d'Orl\u00e9ans": 1, "Cour": 1, "Marquis de Clermont": 1, "Prince son Beau-fr\u00e8re": 1, "& la Princesse": 1, "Couronne": 1, "Collier de la Toison d'or": 1, "Duc d'Orl\u00e9ans son Perd": 1, "Officiers de sa Maison;": 1, "Chevalier de Beringen": 1, "Brevet de retenue de cent mile \u00e9cus": 1, "Chat de Premier \u00c9cuyer": 1, "Prince Charles de Lorraine": 1, "Arthur du": 1}, "year": "1724", "month": "04", "page": "49"}