{"ents_info": {"Avril": {"label": "PER", "kb_qid": null, "url_wikidata": null}, "ARTICLE II": {"label": "MISC", "kb_qid": null, "url_wikidata": null}, "Espagne &": {"label": "ORG", "kb_qid": null, "url_wikidata": null}, "Portugal": {"label": "LOC", "kb_qid": null, "url_wikidata": null}, "ARTICLE III": {"label": "PER", "kb_qid": null, "url_wikidata": null}, "Italie": {"label": "LOC", "kb_qid": null, "url_wikidata": null}, "ARTICLE IV": {"label": "MISC", "kb_qid": null, "url_wikidata": null}, "France": {"label": "LOC", "kb_qid": null, "url_wikidata": null}, "Allemagne": {"label": "LOC", "kb_qid": null, "url_wikidata": null}, "Nord": {"label": "LOC", "kb_qid": null, "url_wikidata": null}, "ARTICLE VII": {"label": "MISC", "kb_qid": null, "url_wikidata": null}, "Angleterre": {"label": "LOC", "kb_qid": null, "url_wikidata": null}, "Hollande": {"label": "LOC", "kb_qid": null, "url_wikidata": null}, "& Pays-Bas": {"label": "LOC", "kb_qid": null, "url_wikidata": null}, "ARTICLE VIII": {"label": "MISC", "kb_qid": null, "url_wikidata": null}, "Mariages & Morts": {"label": "MISC", "kb_qid": null, "url_wikidata": null}}, "ents_freq": {"Avril": 1, "ARTICLE II": 1, "Espagne &": 1, "Portugal": 1, "ARTICLE III": 1, "Italie": 1, "ARTICLE IV": 1, "France": 1, "Allemagne": 1, "Nord": 1, "ARTICLE VII": 1, "Angleterre": 1, "Hollande": 1, "& Pays-Bas": 1, "ARTICLE VIII": 1, "Mariages & Morts": 1}, "year": "1724", "month": "04", "page": "73"}