{"ents_info": {"Princes": {"label": "LOC", "kb_qid": "Q2747456", "url_wikidata": "https://www.wikidata.org/wiki/Q2747456"}, "Juillet": {"label": "PER", "kb_qid": "Q121", "url_wikidata": "https://www.wikidata.org/wiki/Q121"}, "Articles": {"label": "MISC", "kb_qid": "Q5707594", "url_wikidata": "https://www.wikidata.org/wiki/Q5707594"}, "Des Directeurs": {"label": "ORG", "kb_qid": null, "url_wikidata": null}, "R\u00e8glement de Limites": {"label": "MISC", "kb_qid": null, "url_wikidata": null}, "Roi d'Espagne": {"label": "PER", "kb_qid": "Q183226", "url_wikidata": "https://www.wikidata.org/wiki/Q183226"}, "M. C.": {"label": "PER", "kb_qid": null, "url_wikidata": null}, "Sujets Espagnols": {"label": "MISC", "kb_qid": null, "url_wikidata": null}, "Trait\u00e9 &": {"label": "MISC", "kb_qid": null, "url_wikidata": null}, "Articles du Trait\u00e9 de Munster": {"label": "MISC", "kb_qid": null, "url_wikidata": null}, "Des Braban\u00e7ons & les Flamand, aussi-bien": {"label": "MISC", "kb_qid": null, "url_wikidata": null}, "Castillans": {"label": "LOC", "kb_qid": "Q173063", "url_wikidata": "https://www.wikidata.org/wiki/Q173063"}, "Habitants des Pais-Bas Autrichiens": {"label": "ORG", "kb_qid": null, "url_wikidata": null}, "Commerce": {"label": "MISC", "kb_qid": "Q601401", "url_wikidata": "https://www.wikidata.org/wiki/Q601401"}, "R\u00e9gions": {"label": "LOC", "kb_qid": "Q3455641", "url_wikidata": "https://www.wikidata.org/wiki/Q3455641"}, "Trait\u00e9": {"label": "MISC", "kb_qid": "Q384515", "url_wikidata": "https://www.wikidata.org/wiki/Q384515"}, "Possesseurs": {"label": "LOC", "kb_qid": null, "url_wikidata": null}, "Puissances": {"label": "LOC", "kb_qid": "Q26051996", "url_wikidata": "https://www.wikidata.org/wiki/Q26051996"}, "Sujets de l'Empereur": {"label": "MISC", "kb_qid": null, "url_wikidata": null}, "Heure": {"label": "LOC", "kb_qid": "Q2457453", "url_wikidata": "https://www.wikidata.org/wiki/Q2457453"}, "Places": {"label": "LOC", "kb_qid": "Q16670322", "url_wikidata": "https://www.wikidata.org/wiki/Q16670322"}, "Ch\u00e2teaux": {"label": "LOC", "kb_qid": "Q751876", "url_wikidata": "https://www.wikidata.org/wiki/Q751876"}, "Loges": {"label": "LOC", "kb_qid": "Q1167501", "url_wikidata": "https://www.wikidata.org/wiki/Q1167501"}, "Lieux": {"label": "LOC", "kb_qid": "Q1456036", "url_wikidata": "https://www.wikidata.org/wiki/Q1456036"}, "Districts": {"label": "LOC", "kb_qid": "Q1289426", "url_wikidata": "https://www.wikidata.org/wiki/Q1289426"}, "A3": {"label": "MISC", "kb_qid": "Q788719", "url_wikidata": "https://www.wikidata.org/wiki/Q788719"}}, "ents_freq": {"Princes": 1, "Juillet": 1, "Articles": 1, "Des Directeurs": 1, "R\u00e8glement de Limites": 1, "Roi d'Espagne": 2, "M. C.": 1, "Sujets Espagnols": 1, "Trait\u00e9 &": 1, "Articles du Trait\u00e9 de Munster": 1, "Des Braban\u00e7ons & les Flamand, aussi-bien": 1, "Castillans": 1, "Habitants des Pais-Bas Autrichiens": 1, "Commerce": 2, "R\u00e9gions": 1, "Trait\u00e9": 1, "Possesseurs": 1, "Puissances": 1, "Sujets de l'Empereur": 1, "Heure": 1, "Places": 1, "Ch\u00e2teaux": 1, "Loges": 1, "Lieux": 1, "Districts": 1, "A3": 1}, "year": "1724", "month": "07", "page": "4"}