{"ents_info": {"Princes c. Septi\u00e8me": {"label": "PER", "kb_qid": null, "url_wikidata": null}, "Compte, &": {"label": "ORG", "kb_qid": null, "url_wikidata": null}, "Image": {"label": "MISC", "kb_qid": null, "url_wikidata": null}, "Corps, Messieurs, de trouer": {"label": "MISC", "kb_qid": null, "url_wikidata": null}, "Chef toutes les vertus & tous les talent, que de priez": {"label": "MISC", "kb_qid": null, "url_wikidata": null}, "Campagne": {"label": "MISC", "kb_qid": null, "url_wikidata": null}, "\u00c9nigme du mois dernier": {"label": "MISC", "kb_qid": null, "url_wikidata": null}, "V D'abord": {"label": "MISC", "kb_qid": null, "url_wikidata": null}, "Je tombe dans des mains barbares me": {"label": "MISC", "kb_qid": null, "url_wikidata": null}, "On me traine en un lieu des mortels respect\u00e9": {"label": "MISC", "kb_qid": null, "url_wikidata": null}, "Pour faire la c\u00e9r\u00e9monie": {"label": "MISC", "kb_qid": null, "url_wikidata": null}, "garrott\u00e9e && pendue, me": {"label": "MISC", "kb_qid": null, "url_wikidata": null}, "Et j'ai peu de repos que je ne sois fendue I.": {"label": "MISC", "kb_qid": null, "url_wikidata": null}, "Chabot premier Pr\u00e9sident": {"label": "PER", "kb_qid": null, "url_wikidata": null}, "Parlement": {"label": "ORG", "kb_qid": null, "url_wikidata": null}, "Neveu de feu": {"label": "MISC", "kb_qid": null, "url_wikidata": null}, "Bossuet": {"label": "PER", "kb_qid": null, "url_wikidata": null}}, "ents_freq": {"Princes c. Septi\u00e8me": 1, "Compte, &": 1, "Image": 1, "Corps, Messieurs, de trouer": 1, "Chef toutes les vertus & tous les talent, que de priez": 1, "Campagne": 1, "\u00c9nigme du mois dernier": 1, "V D'abord": 1, "Je tombe dans des mains barbares me": 1, "On me traine en un lieu des mortels respect\u00e9": 1, "Pour faire la c\u00e9r\u00e9monie": 1, "garrott\u00e9e && pendue, me": 1, "Et j'ai peu de repos que je ne sois fendue I.": 1, "Chabot premier Pr\u00e9sident": 1, "Parlement": 1, "Neveu de feu": 1, "Bossuet": 1}, "year": "1724", "month": "09", "page": "10"}