{"ents_info": {"La Clef du Cabines": {"label": "MISC", "kb_qid": null, "url_wikidata": null}, "R\u00e9giment Imp\u00e9riaux": {"label": "MISC", "kb_qid": null, "url_wikidata": null}, "G\u00eanera Comte de Kehlen": {"label": "MISC", "kb_qid": null, "url_wikidata": null}, "Pays-Bas-Autrichiens": {"label": "LOC", "kb_qid": null, "url_wikidata": null}, "Ville": {"label": "LOC", "kb_qid": "Q515", "url_wikidata": "https://www.wikidata.org/wiki/Q515"}, "Cour de Vienne": {"label": "LOC", "kb_qid": "Q46242", "url_wikidata": "https://www.wikidata.org/wiki/Q46242"}, "Bruxelles": {"label": "LOC", "kb_qid": "Q9005", "url_wikidata": "https://www.wikidata.org/wiki/Q9005"}, "Vienne": {"label": "LOC", "kb_qid": "Q1741", "url_wikidata": "https://www.wikidata.org/wiki/Q1741"}, "Comte de Stein": {"label": "PER", "kb_qid": null, "url_wikidata": null}, "Francfort": {"label": "LOC", "kb_qid": "Q1794", "url_wikidata": "https://www.wikidata.org/wiki/Q1794"}, "Dette des fin Cercles": {"label": "MISC", "kb_qid": null, "url_wikidata": null}, "Juin l'\u00c9lecteur de Cologne": {"label": "MISC", "kb_qid": null, "url_wikidata": null}, "Borel": {"label": "PER", "kb_qid": "Q3231097", "url_wikidata": "https://www.wikidata.org/wiki/Q3231097"}, "Bonn": {"label": "LOC", "kb_qid": "Q586", "url_wikidata": "https://www.wikidata.org/wiki/Q586"}, "Prince Th\u00e9odore": {"label": "PER", "kb_qid": null, "url_wikidata": null}, "Ratisbonne": {"label": "LOC", "kb_qid": "Q2978", "url_wikidata": "https://www.wikidata.org/wiki/Q2978"}, "Frysinghen": {"label": "LOC", "kb_qid": null, "url_wikidata": null}, "Procession du St. Sacrement": {"label": "MISC", "kb_qid": null, "url_wikidata": null}, "L. A.": {"label": "PER", "kb_qid": null, "url_wikidata": null}, "Prince Th\u00e9odore de Bavi\u00e8re": {"label": "PER", "kb_qid": null, "url_wikidata": null}, "Aix la-Chapelle": {"label": "LOC", "kb_qid": null, "url_wikidata": null}, "\u00c9lecteur de Cologne": {"label": "PER", "kb_qid": "Q7904317", "url_wikidata": "https://www.wikidata.org/wiki/Q7904317"}, "Princes": {"label": "LOC", "kb_qid": "Q2747456", "url_wikidata": "https://www.wikidata.org/wiki/Q2747456"}, "& Mr. Ferdinand de M\u0153urs": {"label": "MISC", "kb_qid": null, "url_wikidata": null}, "Conseiller Actuel": {"label": "PER", "kb_qid": null, "url_wikidata": null}, "S. A. S. E. de Cologne": {"label": "PER", "kb_qid": null, "url_wikidata": null}, "Cour de Bavi\u00e8re": {"label": "LOC", "kb_qid": "Q154195", "url_wikidata": "https://www.wikidata.org/wiki/Q154195"}, "Lustr\u00e9, & sur-tout celui de la chasse": {"label": "MISC", "kb_qid": null, "url_wikidata": null}, "Palais \u00c9lectoral": {"label": "LOC", "kb_qid": "Q454121", "url_wikidata": "https://www.wikidata.org/wiki/Q454121"}}, "ents_freq": {"La Clef du Cabines": 1, "R\u00e9giment Imp\u00e9riaux": 1, "G\u00eanera Comte de Kehlen": 1, "Pays-Bas-Autrichiens": 1, "Ville": 1, "Cour de Vienne": 1, "Bruxelles": 1, "Vienne": 1, "Comte de Stein": 1, "Francfort": 1, "Dette des fin Cercles": 1, "Juin l'\u00c9lecteur de Cologne": 1, "Borel": 2, "Bonn": 2, "Prince Th\u00e9odore": 1, "Ratisbonne": 1, "Frysinghen": 1, "Procession du St. Sacrement": 1, "L. A.": 1, "Prince Th\u00e9odore de Bavi\u00e8re": 1, "Aix la-Chapelle": 1, "\u00c9lecteur de Cologne": 1, "Princes": 1, "& Mr. Ferdinand de M\u0153urs": 1, "Conseiller Actuel": 1, "S. A. S. E. de Cologne": 1, "Cour de Bavi\u00e8re": 1, "Lustr\u00e9, & sur-tout celui de la chasse": 1, "Palais \u00c9lectoral": 1}, "year": "1730", "month": "08", "page": "67"}