{"ents_info": {"La Clef du Cabinet lit-o": {"label": "MISC", "kb_qid": null, "url_wikidata": null}, "Bettembourg": {"label": "LOC", "kb_qid": "Q832342", "url_wikidata": "https://www.wikidata.org/wiki/Q832342"}, "Souveraine": {"label": "PER", "kb_qid": "Q2304859", "url_wikidata": "https://www.wikidata.org/wiki/Q2304859"}, "l'Empire": {"label": "LOC", "kb_qid": "Q71084", "url_wikidata": "https://www.wikidata.org/wiki/Q71084"}, "Ministres": {"label": "MISC", "kb_qid": "Q6063", "url_wikidata": "https://www.wikidata.org/wiki/Q6063"}, "Reine": {"label": "PER", "kb_qid": "Q9682", "url_wikidata": "https://www.wikidata.org/wiki/Q9682"}, "Religion de l'Enlise": {"label": "ORG", "kb_qid": null, "url_wikidata": null}, "SS": {"label": "ORG", "kb_qid": "Q44687", "url_wikidata": "https://www.wikidata.org/wiki/Q44687"}, "Princesses 'Moscovie & Elizabeth": {"label": "MISC", "kb_qid": null, "url_wikidata": null}, "Carine": {"label": "MISC", "kb_qid": "Q2938804", "url_wikidata": "https://www.wikidata.org/wiki/Q2938804"}, "Couvent": {"label": "LOC", "kb_qid": "Q1128397", "url_wikidata": "https://www.wikidata.org/wiki/Q1128397"}, "Avril l'Ambassadeur de Perse": {"label": "MISC", "kb_qid": null, "url_wikidata": null}, "Moscou": {"label": "LOC", "kb_qid": "Q649", "url_wikidata": "https://www.wikidata.org/wiki/Q649"}, "Audience publique de l'Imp\u00e9ratrice": {"label": "ORG", "kb_qid": null, "url_wikidata": null}, "S. M.": {"label": "PER", "kb_qid": "Q669458", "url_wikidata": "https://www.wikidata.org/wiki/Q669458"}, "Chapelle": {"label": "LOC", "kb_qid": "Q108325", "url_wikidata": "https://www.wikidata.org/wiki/Q108325"}, "Ordre de St. Andr\u00e9": {"label": "ORG", "kb_qid": null, "url_wikidata": null}, "Prince Alexis Michae\u0308levitz Ci": {"label": "PER", "kb_qid": null, "url_wikidata": null}, "Membre du S\u00e9nat de R\u00e9gence;": {"label": "ORG", "kb_qid": null, "url_wikidata": null}, "& Corniche": {"label": "LOC", "kb_qid": null, "url_wikidata": null}, "Chambellans de S. M.": {"label": "PER", "kb_qid": null, "url_wikidata": null}, "P\u00e2ques": {"label": "MISC", "kb_qid": "Q21196", "url_wikidata": "https://www.wikidata.org/wiki/Q21196"}, "Cour": {"label": "LOC", "kb_qid": "Q1134237", "url_wikidata": "https://www.wikidata.org/wiki/Q1134237"}, "Palais le Tremplin, & S. M. Ce": {"label": "LOC", "kb_qid": null, "url_wikidata": null}, "IA Noblesse": {"label": "MISC", "kb_qid": null, "url_wikidata": null}, "Enlise": {"label": "MISC", "kb_qid": null, "url_wikidata": null}, "Service": {"label": "ORG", "kb_qid": "Q7406919", "url_wikidata": "https://www.wikidata.org/wiki/Q7406919"}, "Canon": {"label": "LOC", "kb_qid": "Q53831", "url_wikidata": "https://www.wikidata.org/wiki/Q53831"}, "Palais": {"label": "LOC", "kb_qid": "Q16560", "url_wikidata": "https://www.wikidata.org/wiki/Q16560"}, "& S. M. tinte": {"label": "LOC", "kb_qid": null, "url_wikidata": null}, "Princesse": {"label": "PER", "kb_qid": "Q863048", "url_wikidata": "https://www.wikidata.org/wiki/Q863048"}, "Service divin,": {"label": "ORG", "kb_qid": null, "url_wikidata": null}, "Chevalier de l'": {"label": "MISC", "kb_qid": "Q247777", "url_wikidata": "https://www.wikidata.org/wiki/Q247777"}, "G\u00eanera de Solution": {"label": "MISC", "kb_qid": null, "url_wikidata": null}, "Grand Maitre d'H\u00f4tel": {"label": "MISC", "kb_qid": null, "url_wikidata": null}, "G\u00eanera de M'": {"label": "MISC", "kb_qid": null, "url_wikidata": null}, "Gouverneur de cette": {"label": "MISC", "kb_qid": null, "url_wikidata": null}, "ordre de la": {"label": "ORG", "kb_qid": null, "url_wikidata": null}, "R\u00e9giment d'Infanterie": {"label": "ORG", "kb_qid": "Q2815303", "url_wikidata": "https://www.wikidata.org/wiki/Q2815303"}, "Cavalerie": {"label": "LOC", "kb_qid": "Q47315", "url_wikidata": "https://www.wikidata.org/wiki/Q47315"}, "Troupes": {"label": "LOC", "kb_qid": null, "url_wikidata": null}, "C1": {"label": "MISC", "kb_qid": "Q18756", "url_wikidata": "https://www.wikidata.org/wiki/Q18756"}}, "ents_freq": {"La Clef du Cabinet lit-o": 1, "Bettembourg": 2, "Souveraine": 1, "l'Empire": 1, "Ministres": 2, "Reine": 1, "Religion de l'Enlise": 1, "SS": 1, "Princesses 'Moscovie & Elizabeth": 1, "Carine": 1, "Couvent": 1, "Avril l'Ambassadeur de Perse": 1, "Moscou": 1, "Audience publique de l'Imp\u00e9ratrice": 1, "S. M.": 1, "Chapelle": 1, "Ordre de St. Andr\u00e9": 2, "Prince Alexis Michae\u0308levitz Ci": 1, "Membre du S\u00e9nat de R\u00e9gence;": 1, "& Corniche": 1, "Chambellans de S. M.": 1, "P\u00e2ques": 1, "Cour": 1, "Palais le Tremplin, & S. M. Ce": 1, "IA Noblesse": 1, "Enlise": 1, "Service": 1, "Canon": 1, "Palais": 1, "& S. M. tinte": 1, "Princesse": 1, "Service divin,": 1, "Chevalier de l'": 1, "G\u00eanera de Solution": 1, "Grand Maitre d'H\u00f4tel": 1, "G\u00eanera de M'": 1, "Gouverneur de cette": 1, "ordre de la": 1, "R\u00e9giment d'Infanterie": 1, "Cavalerie": 1, "Troupes": 1, "C1": 1}, "year": "1730", "month": "06", "page": "55"}