{"ents_info": {"Canon des Remparts, & de la Mousqueterie": {"label": "LOC", "kb_qid": null, "url_wikidata": null}, "Gar\u00e7on": {"label": "MISC", "kb_qid": "Q3010", "url_wikidata": "https://www.wikidata.org/wiki/Q3010"}, "S. M.": {"label": "PER", "kb_qid": "Q1896771", "url_wikidata": "https://www.wikidata.org/wiki/Q1896771"}, "Palais de Luxembourg": {"label": "LOC", "kb_qid": null, "url_wikidata": null}, "G\u00eanera de Vachtendonc": {"label": "MISC", "kb_qid": null, "url_wikidata": null}, "Milan": {"label": "LOC", "kb_qid": "Q490", "url_wikidata": "https://www.wikidata.org/wiki/Q490"}, "Troupes- Imp\u00e9riales": {"label": "PER", "kb_qid": null, "url_wikidata": null}, "Duch\u00e9": {"label": "LOC", "kb_qid": "Q154547", "url_wikidata": "https://www.wikidata.org/wiki/Q154547"}, "F\u00eate du nouveau St. Jean N\u00e9omycine": {"label": "MISC", "kb_qid": null, "url_wikidata": null}, "\u00e9glise M\u00e9tropolitaine": {"label": "LOC", "kb_qid": "Q1086358", "url_wikidata": "https://www.wikidata.org/wiki/Q1086358"}, "St. Etienne": {"label": "LOC", "kb_qid": null, "url_wikidata": null}, "grand Autel": {"label": "MISC", "kb_qid": "Q158058", "url_wikidata": "https://www.wikidata.org/wiki/Q158058"}, "Orangers": {"label": "LOC", "kb_qid": "Q3234370", "url_wikidata": "https://www.wikidata.org/wiki/Q3234370"}, "Portail de cette \u00c9glise un Are": {"label": "MISC", "kb_qid": null, "url_wikidata": null}, "Saint": {"label": "PER", "kb_qid": "Q43115", "url_wikidata": "https://www.wikidata.org/wiki/Q43115"}, "L'Aga Dure": {"label": "PER", "kb_qid": null, "url_wikidata": null}, "Ministre": {"label": "ORG", "kb_qid": "Q83307", "url_wikidata": "https://www.wikidata.org/wiki/Q83307"}, "Mat chandelles": {"label": "MISC", "kb_qid": null, "url_wikidata": null}, "Turquie": {"label": "LOC", "kb_qid": "Q43", "url_wikidata": "https://www.wikidata.org/wiki/Q43"}, "Hongrie": {"label": "LOC", "kb_qid": "Q28", "url_wikidata": "https://www.wikidata.org/wiki/Q28"}, "Bl\u00e9s T'": {"label": "MISC", "kb_qid": null, "url_wikidata": null}, "Danube": {"label": "LOC", "kb_qid": "Q1653", "url_wikidata": "https://www.wikidata.org/wiki/Q1653"}, "Caf\u00e9": {"label": "LOC", "kb_qid": "Q8486", "url_wikidata": "https://www.wikidata.org/wiki/Q8486"}, "Ris": {"label": "LOC", "kb_qid": "Q274237", "url_wikidata": "https://www.wikidata.org/wiki/Q274237"}, "Figues": {"label": "LOC", "kb_qid": "Q2746643", "url_wikidata": "https://www.wikidata.org/wiki/Q2746643"}, "Pentec\u00f4te;": {"label": "MISC", "kb_qid": null, "url_wikidata": null}, "Sicile": {"label": "LOC", "kb_qid": "Q1460", "url_wikidata": "https://www.wikidata.org/wiki/Q1460"}, "Portugal": {"label": "LOC", "kb_qid": "Q45", "url_wikidata": "https://www.wikidata.org/wiki/Q45"}, "Mezzo": {"label": "MISC", "kb_qid": "Q854003", "url_wikidata": "https://www.wikidata.org/wiki/Q854003"}, "Score &": {"label": "MISC", "kb_qid": null, "url_wikidata": null}, "Compagnie O mentale, &": {"label": "ORG", "kb_qid": null, "url_wikidata": null}, "Firme": {"label": "ORG", "kb_qid": "Q6881511", "url_wikidata": "https://www.wikidata.org/wiki/Q6881511"}, "Istrie": {"label": "LOC", "kb_qid": "Q3234139", "url_wikidata": "https://www.wikidata.org/wiki/Q3234139"}, "Vaisseau de guerre": {"label": "MISC", "kb_qid": "Q207452", "url_wikidata": "https://www.wikidata.org/wiki/Q207452"}, "Naples": {"label": "LOC", "kb_qid": "Q2634", "url_wikidata": "https://www.wikidata.org/wiki/Q2634"}}, "ents_freq": {"Canon des Remparts, & de la Mousqueterie": 1, "Gar\u00e7on": 1, "S. M.": 2, "Palais de Luxembourg": 1, "G\u00eanera de Vachtendonc": 1, "Milan": 1, "Troupes- Imp\u00e9riales": 1, "Duch\u00e9": 1, "F\u00eate du nouveau St. Jean N\u00e9omycine": 1, "\u00e9glise M\u00e9tropolitaine": 1, "St. Etienne": 1, "grand Autel": 1, "Orangers": 1, "Portail de cette \u00c9glise un Are": 1, "Saint": 1, "L'Aga Dure": 1, "Ministre": 1, "Mat chandelles": 1, "Turquie": 1, "Hongrie": 1, "Bl\u00e9s T'": 1, "Danube": 1, "Caf\u00e9": 1, "Ris": 1, "Figues": 1, "Pentec\u00f4te;": 1, "Sicile": 1, "Portugal": 1, "Mezzo": 1, "Score &": 1, "Compagnie O mentale, &": 1, "Firme": 1, "Istrie": 1, "Vaisseau de guerre": 1, "Naples": 1}, "year": "1730", "month": "07", "page": "54"}