{"ents_info": {"Vient die vig\u00e9simal": {"label": "MISC", "kb_qid": null, "url_wikidata": null}, "Massimo vig\u00e9simaux": {"label": "PER", "kb_qid": null, "url_wikidata": null}, "Renom nostrorum": {"label": "PER", "kb_qid": null, "url_wikidata": null}, "Hispanicorum vig\u00e9simaux": {"label": "MISC", "kb_qid": null, "url_wikidata": null}, "Hungarici & Boh\u00e9mien": {"label": "ORG", "kb_qid": null, "url_wikidata": null}, "Ad Mandat Sac C\u00e9sar\u00e9e Majest\u00e9s": {"label": "MISC", "kb_qid": null, "url_wikidata": null}, "P. V.": {"label": "PER", "kb_qid": null, "url_wikidata": null}}, "ents_freq": {"Vient die vig\u00e9simal": 1, "Massimo vig\u00e9simaux": 1, "Renom nostrorum": 1, "Hispanicorum vig\u00e9simaux": 1, "Hungarici & Boh\u00e9mien": 1, "Ad Mandat Sac C\u00e9sar\u00e9e Majest\u00e9s": 1, "P. V.": 1}, "year": "1730", "month": "06", "page": "79"}