{"ents_info": {"La Clef cabinet 394 dudit Dictionnaire": {"label": "LOC", "kb_qid": null, "url_wikidata": null}, "Livre": {"label": "MISC", "kb_qid": "Q339180", "url_wikidata": "https://www.wikidata.org/wiki/Q339180"}, "Lieu": {"label": "PER", "kb_qid": "Q69546", "url_wikidata": "https://www.wikidata.org/wiki/Q69546"}, "Tomes du Dictionnaire de la Bible": {"label": "MISC", "kb_qid": null, "url_wikidata": null}, "R. P. Dom Augustin": {"label": "PER", "kb_qid": null, "url_wikidata": null}, "Souscriptions": {"label": "LOC", "kb_qid": "Q56315709", "url_wikidata": "https://www.wikidata.org/wiki/Q56315709"}, "Eccl\u00e9siastiques": {"label": "MISC", "kb_qid": "Q34651", "url_wikidata": "https://www.wikidata.org/wiki/Q34651"}, "Ns": {"label": "LOC", "kb_qid": "Q3345953", "url_wikidata": "https://www.wikidata.org/wiki/Q3345953"}, "Zele de NOS": {"label": "MISC", "kb_qid": null, "url_wikidata": null}, "Gen\u00e8ve": {"label": "LOC", "kb_qid": "Q71", "url_wikidata": "https://www.wikidata.org/wiki/Q71"}, "Pays": {"label": "LOC", "kb_qid": "Q43702", "url_wikidata": "https://www.wikidata.org/wiki/Q43702"}, "Sciences, & des beaux Arts": {"label": "ORG", "kb_qid": null, "url_wikidata": null}, "Privil\u00e8ges d'une parfaite libert\u00e9": {"label": "MISC", "kb_qid": null, "url_wikidata": null}, "R\u00e8glement de Nos MAGISTRATS": {"label": "MISC", "kb_qid": null, "url_wikidata": null}, "Religion": {"label": "ORG", "kb_qid": "Q9174", "url_wikidata": "https://www.wikidata.org/wiki/Q9174"}}, "ents_freq": {"La Clef cabinet 394 dudit Dictionnaire": 1, "Livre": 1, "Lieu": 1, "Tomes du Dictionnaire de la Bible": 1, "R. P. Dom Augustin": 1, "Souscriptions": 1, "Eccl\u00e9siastiques": 1, "Ns": 1, "Zele de NOS": 1, "Gen\u00e8ve": 1, "Pays": 1, "Sciences, & des beaux Arts": 1, "Privil\u00e8ges d'une parfaite libert\u00e9": 1, "R\u00e8glement de Nos MAGISTRATS": 1, "Religion": 1}, "year": "1730", "month": "12", "page": "6"}