{"ents_info": {"La Clef du Cabinet 332": {"label": "MISC", "kb_qid": null, "url_wikidata": null}, "Mars": {"label": "PER", "kb_qid": "Q112", "url_wikidata": "https://www.wikidata.org/wiki/Q112"}, "Cologne": {"label": "LOC", "kb_qid": "Q365", "url_wikidata": "https://www.wikidata.org/wiki/Q365"}, "Villes": {"label": "MISC", "kb_qid": "Q271444", "url_wikidata": "https://www.wikidata.org/wiki/Q271444"}, "R\u00e9sidence de Bonn": {"label": "LOC", "kb_qid": null, "url_wikidata": null}, "Munich": {"label": "LOC", "kb_qid": "Q1726", "url_wikidata": "https://www.wikidata.org/wiki/Q1726"}, "Ordre de Pr\u00eatrise": {"label": "ORG", "kb_qid": null, "url_wikidata": null}, "Duc Th\u00e9odore de Bavi\u00e8re": {"label": "PER", "kb_qid": null, "url_wikidata": null}, "\u00c9v\u00eaque de": {"label": "LOC", "kb_qid": "Q708778", "url_wikidata": "https://www.wikidata.org/wiki/Q708778"}, "Frise Glenn &": {"label": "LOC", "kb_qid": null, "url_wikidata": null}, "Routier & de quelques-ns": {"label": "MISC", "kb_qid": null, "url_wikidata": null}, "Domestiques": {"label": "MISC", "kb_qid": "Q2454547", "url_wikidata": "https://www.wikidata.org/wiki/Q2454547"}, "Comte de Kortenberg": {"label": "PER", "kb_qid": null, "url_wikidata": null}, "Grand Chambellan": {"label": "PER", "kb_qid": "Q1549372", "url_wikidata": "https://www.wikidata.org/wiki/Q1549372"}, "\u00c9tats de cet \u00c9lectorat assembl\u00e9s": {"label": "LOC", "kb_qid": null, "url_wikidata": null}, "Dette \u00e0 Bonn": {"label": "MISC", "kb_qid": null, "url_wikidata": null}, "A.S. E. de Cologne": {"label": "PER", "kb_qid": null, "url_wikidata": null}, "Assembl\u00e9e": {"label": "ORG", "kb_qid": "Q1135960", "url_wikidata": "https://www.wikidata.org/wiki/Q1135960"}, "Francfort": {"label": "LOC", "kb_qid": "Q1794", "url_wikidata": "https://www.wikidata.org/wiki/Q1794"}, "Ville": {"label": "LOC", "kb_qid": "Q515", "url_wikidata": "https://www.wikidata.org/wiki/Q515"}, "Troupes Imp\u00e9riales": {"label": "ORG", "kb_qid": "Q520220", "url_wikidata": "https://www.wikidata.org/wiki/Q520220"}, "R\u00e9giment": {"label": "LOC", "kb_qid": "Q52371", "url_wikidata": "https://www.wikidata.org/wiki/Q52371"}, "Mars l'\u00c9lecteur de Cologne": {"label": "PER", "kb_qid": null, "url_wikidata": null}, "Cour de l'\u00c9lecteur de Bavi\u00e8re": {"label": "LOC", "kb_qid": null, "url_wikidata": null}, "A. S. E.": {"label": "PER", "kb_qid": null, "url_wikidata": null}, "D\u00e9put\u00e9s": {"label": "MISC", "kb_qid": "Q1055894", "url_wikidata": "https://www.wikidata.org/wiki/Q1055894"}, "D\u00e9tachement": {"label": "ORG", "kb_qid": "Q2151441", "url_wikidata": "https://www.wikidata.org/wiki/Q2151441"}, "Cavalerie": {"label": "LOC", "kb_qid": "Q47315", "url_wikidata": "https://www.wikidata.org/wiki/Q47315"}, "Prince": {"label": "PER", "kb_qid": "Q2747456", "url_wikidata": "https://www.wikidata.org/wiki/Q2747456"}, "Pore": {"label": "LOC", "kb_qid": "Q1555513", "url_wikidata": "https://www.wikidata.org/wiki/Q1555513"}, "H\u00f4tellerie S.A.": {"label": "ORG", "kb_qid": null, "url_wikidata": null}, "Magistrat": {"label": "LOC", "kb_qid": "Q4594605", "url_wikidata": "https://www.wikidata.org/wiki/Q4594605"}, "Ves": {"label": "LOC", "kb_qid": "Q56349362", "url_wikidata": "https://www.wikidata.org/wiki/Q56349362"}, "Pays-Bas Autrichiens": {"label": "LOC", "kb_qid": "Q700283", "url_wikidata": "https://www.wikidata.org/wiki/Q700283"}}, "ents_freq": {"La Clef du Cabinet 332": 1, "Mars": 1, "Cologne": 2, "Villes": 1, "R\u00e9sidence de Bonn": 1, "Munich": 2, "Ordre de Pr\u00eatrise": 1, "Duc Th\u00e9odore de Bavi\u00e8re": 1, "\u00c9v\u00eaque de": 1, "Frise Glenn &": 1, "Routier & de quelques-ns": 1, "Domestiques": 1, "Comte de Kortenberg": 1, "Grand Chambellan": 1, "\u00c9tats de cet \u00c9lectorat assembl\u00e9s": 1, "Dette \u00e0 Bonn": 1, "A.S. E. de Cologne": 1, "Assembl\u00e9e": 1, "Francfort": 1, "Ville": 1, "Troupes Imp\u00e9riales": 2, "R\u00e9giment": 1, "Mars l'\u00c9lecteur de Cologne": 1, "Cour de l'\u00c9lecteur de Bavi\u00e8re": 1, "A. S. E.": 1, "D\u00e9put\u00e9s": 2, "D\u00e9tachement": 1, "Cavalerie": 1, "Prince": 1, "Pore": 1, "H\u00f4tellerie S.A.": 1, "Magistrat": 1, "Ves": 1, "Pays-Bas Autrichiens": 1}, "year": "1730", "month": "05", "page": "53"}