{"ents_info": {"ALLER DU CABINET DES PRINCES DE L'EUROPE": {"label": "MISC", "kb_qid": null, "url_wikidata": null}, "Ou, Recueil Historique & Politique sur les Mati\u00e8res du temps": {"label": "MISC", "kb_qid": null, "url_wikidata": null}, "JUIN": {"label": "MISC", "kb_qid": null, "url_wikidata": null}, "Chez ANDREW' CHEVALIER": {"label": "ORG", "kb_qid": null, "url_wikidata": null}, "Imprimeur de Sa Majest\u00e9 Imp\u00e9riale & Catholique, & Marchand": {"label": "MISC", "kb_qid": null, "url_wikidata": null}, "Sa Sacr\u00e9e Majest\u00e9 Imp\u00e9riale & Catholique, & Approbation du": {"label": "MISC", "kb_qid": null, "url_wikidata": null}}, "ents_freq": {"ALLER DU CABINET DES PRINCES DE L'EUROPE": 1, "Ou, Recueil Historique & Politique sur les Mati\u00e8res du temps": 1, "JUIN": 1, "Chez ANDREW' CHEVALIER": 1, "Imprimeur de Sa Majest\u00e9 Imp\u00e9riale & Catholique, & Marchand": 1, "Sa Sacr\u00e9e Majest\u00e9 Imp\u00e9riale & Catholique, & Approbation du": 1}, "year": "1730", "month": "06", "page": "0"}