{"ents_info": {"Princes": {"label": "LOC", "kb_qid": "Q2747456", "url_wikidata": "https://www.wikidata.org/wiki/Q2747456"}, "Portsmouth": {"label": "LOC", "kb_qid": "Q72259", "url_wikidata": "https://www.wikidata.org/wiki/Q72259"}, "Plymouth": {"label": "LOC", "kb_qid": "Q43382", "url_wikidata": "https://www.wikidata.org/wiki/Q43382"}, "R\u00e9giment": {"label": "LOC", "kb_qid": "Q52371", "url_wikidata": "https://www.wikidata.org/wiki/Q52371"}, "Places": {"label": "LOC", "kb_qid": "Q16670320", "url_wikidata": "https://www.wikidata.org/wiki/Q16670320"}, "Pays": {"label": "LOC", "kb_qid": "Q43702", "url_wikidata": "https://www.wikidata.org/wiki/Q43702"}, "exp\u00e9dition des Espagnols": {"label": "MISC", "kb_qid": null, "url_wikidata": null}, "Italie": {"label": "LOC", "kb_qid": "Q38", "url_wikidata": "https://www.wikidata.org/wiki/Q38"}, "Tentes & des munitions de guerre": {"label": "MISC", "kb_qid": null, "url_wikidata": null}, "Halifax & le Grand Sicilien": {"label": "ORG", "kb_qid": null, "url_wikidata": null}, "Compagnie de Turquie": {"label": "ORG", "kb_qid": null, "url_wikidata": null}, "Rade de Douvres": {"label": "LOC", "kb_qid": null, "url_wikidata": null}, "Scan daron": {"label": "MISC", "kb_qid": null, "url_wikidata": null}, "Rude": {"label": "MISC", "kb_qid": "Q346491", "url_wikidata": "https://www.wikidata.org/wiki/Q346491"}, "Vaisseaux": {"label": "MISC", "kb_qid": "Q3553318", "url_wikidata": "https://www.wikidata.org/wiki/Q3553318"}, "Compagnie des Indes": {"label": "ORG", "kb_qid": "Q1148661", "url_wikidata": "https://www.wikidata.org/wiki/Q1148661"}, "Houston &": {"label": "ORG", "kb_qid": null, "url_wikidata": null}, "Lynn": {"label": "MISC", "kb_qid": "Q49188", "url_wikidata": "https://www.wikidata.org/wiki/Q49188"}, "La Patente": {"label": "MISC", "kb_qid": "Q2385180", "url_wikidata": "https://www.wikidata.org/wiki/Q2385180"}, "Duc de Dorset Vice-roi d'Irlande": {"label": "LOC", "kb_qid": null, "url_wikidata": null}, "Sceau": {"label": "PER", "kb_qid": "Q162919", "url_wikidata": "https://www.wikidata.org/wiki/Q162919"}, "Henri Pela": {"label": "PER", "kb_qid": null, "url_wikidata": null}, "Secr\u00e9taire": {"label": "PER", "kb_qid": "Q3477319", "url_wikidata": "https://www.wikidata.org/wiki/Q3477319"}, "les Juges des Sessions": {"label": "MISC", "kb_qid": null, "url_wikidata": null}, "Westminster": {"label": "LOC", "kb_qid": "Q62408", "url_wikidata": "https://www.wikidata.org/wiki/Q62408"}, "Charge de Payeur G\u00eanera des Troupes du Roi": {"label": "MISC", "kb_qid": null, "url_wikidata": null}, "Mr. Guillaume": {"label": "PER", "kb_qid": null, "url_wikidata": null}, "Chancellerie": {"label": "LOC", "kb_qid": "Q1402428", "url_wikidata": "https://www.wikidata.org/wiki/Q1402428"}, "Clerc": {"label": "PER", "kb_qid": "Q177826", "url_wikidata": "https://www.wikidata.org/wiki/Q177826"}, "Londres": {"label": "LOC", "kb_qid": "Q84", "url_wikidata": "https://www.wikidata.org/wiki/Q84"}, "Mt": {"label": "LOC", "kb_qid": "Q392302", "url_wikidata": "https://www.wikidata.org/wiki/Q392302"}, "Comte de Stanleyville": {"label": "PER", "kb_qid": null, "url_wikidata": null}, "Gentilhomme de la Chambre du Roi": {"label": "PER", "kb_qid": "Q1723189", "url_wikidata": "https://www.wikidata.org/wiki/Q1723189"}, "Comte de Chbesterfield": {"label": "PER", "kb_qid": null, "url_wikidata": null}, "Grand Ma\u00eetre de la Maison de S. M. & le Lord Lynn": {"label": "MISC", "kb_qid": null, "url_wikidata": null}, "Vicomte de Tovnshend": {"label": "PER", "kb_qid": null, "url_wikidata": null}, "Sessions": {"label": "MISC", "kb_qid": "Q358443", "url_wikidata": "https://www.wikidata.org/wiki/Q358443"}, "Hiss\u00e9s Hall": {"label": "PER", "kb_qid": null, "url_wikidata": null}, "Charg\u00e9 de Code des Joyau de l C'ordonne": {"label": "MISC", "kb_qid": null, "url_wikidata": null}, "Mons": {"label": "LOC", "kb_qid": "Q3097068", "url_wikidata": "https://www.wikidata.org/wiki/Q3097068"}, "Jean Riel": {"label": "PER", "kb_qid": null, "url_wikidata": null}, "Cour u Roi de Maroc": {"label": "LOC", "kb_qid": null, "url_wikidata": null}, "Cit\u00e9": {"label": "LOC", "kb_qid": "Q2774769", "url_wikidata": "https://www.wikidata.org/wiki/Q2774769"}, "Ministre Pl\u00e9nipotentiaire de P": {"label": "ORG", "kb_qid": null, "url_wikidata": null}}, "ents_freq": {"Princes": 1, "Portsmouth": 1, "Plymouth": 1, "R\u00e9giment": 1, "Places": 1, "Pays": 1, "exp\u00e9dition des Espagnols": 1, "Italie": 1, "Tentes & des munitions de guerre": 1, "Halifax & le Grand Sicilien": 1, "Compagnie de Turquie": 1, "Rade de Douvres": 1, "Scan daron": 1, "Rude": 1, "Vaisseaux": 1, "Compagnie des Indes": 1, "Houston &": 1, "Lynn": 1, "La Patente": 1, "Duc de Dorset Vice-roi d'Irlande": 1, "Sceau": 1, "Henri Pela": 1, "Secr\u00e9taire": 1, "les Juges des Sessions": 1, "Westminster": 1, "Charge de Payeur G\u00eanera des Troupes du Roi": 1, "Mr. Guillaume": 1, "Chancellerie": 2, "Clerc": 1, "Londres": 2, "Mt": 1, "Comte de Stanleyville": 1, "Gentilhomme de la Chambre du Roi": 1, "Comte de Chbesterfield": 1, "Grand Ma\u00eetre de la Maison de S. M. & le Lord Lynn": 1, "Vicomte de Tovnshend": 1, "Sessions": 1, "Hiss\u00e9s Hall": 1, "Charg\u00e9 de Code des Joyau de l C'ordonne": 1, "Mons": 1, "Jean Riel": 1, "Cour u Roi de Maroc": 1, "Cit\u00e9": 1, "Ministre Pl\u00e9nipotentiaire de P": 1}, "year": "1730", "month": "09", "page": "66"}