{"ents_info": {"Princes": {"label": "LOC", "kb_qid": "Q2747456", "url_wikidata": "https://www.wikidata.org/wiki/Q2747456"}, "Gouvernement de ce Dioc\u00e8se": {"label": "MISC", "kb_qid": null, "url_wikidata": null}, "Messieurs": {"label": "PER", "kb_qid": "Q3489506", "url_wikidata": "https://www.wikidata.org/wiki/Q3489506"}, "Corps": {"label": "MISC", "kb_qid": "Q1060535", "url_wikidata": "https://www.wikidata.org/wiki/Q1060535"}, "Conseil d'Ekat": {"label": "ORG", "kb_qid": null, "url_wikidata": null}, "Roy": {"label": "PER", "kb_qid": "Q643084", "url_wikidata": "https://www.wikidata.org/wiki/Q643084"}, "H\u00f4tel des Mon\u00f4mes": {"label": "LOC", "kb_qid": null, "url_wikidata": null}, "Juillet": {"label": "PER", "kb_qid": "Q121", "url_wikidata": "https://www.wikidata.org/wiki/Q121"}, "Marquis de Se": {"label": "PER", "kb_qid": null, "url_wikidata": null}, "Croix & Mr.": {"label": "ORG", "kb_qid": null, "url_wikidata": null}, "Ambassadeurs Extraordinaires & Pl\u00e9nipotentiaires d'Espagne": {"label": "MISC", "kb_qid": null, "url_wikidata": null}, "Janvier": {"label": "PER", "kb_qid": "Q108", "url_wikidata": "https://www.wikidata.org/wiki/Q108"}, "Dauphin": {"label": "LOC", "kb_qid": "Q1173008", "url_wikidata": "https://www.wikidata.org/wiki/Q1173008"}, "H\u00f4tel de Bouillon": {"label": "LOC", "kb_qid": "Q3145802", "url_wikidata": "https://www.wikidata.org/wiki/Q3145802"}, "F\u00eate": {"label": "MISC", "kb_qid": "Q1479593", "url_wikidata": "https://www.wikidata.org/wiki/Q1479593"}, "A": {"label": "LOC", "kb_qid": "Q9659", "url_wikidata": "https://www.wikidata.org/wiki/Q9659"}, "Illumination": {"label": "ORG", "kb_qid": "Q592592", "url_wikidata": "https://www.wikidata.org/wiki/Q592592"}, "Cour de cet H\u00f4tel": {"label": "LOC", "kb_qid": null, "url_wikidata": null}, "Portiques": {"label": "LOC", "kb_qid": "Q3234840", "url_wikidata": "https://www.wikidata.org/wiki/Q3234840"}, "D'alpins": {"label": "LOC", "kb_qid": null, "url_wikidata": null}, "F\u00eate, renfermez": {"label": "MISC", "kb_qid": null, "url_wikidata": null}}, "ents_freq": {"Princes": 1, "Gouvernement de ce Dioc\u00e8se": 1, "Messieurs": 1, "Corps": 1, "Conseil d'Ekat": 1, "Roy": 3, "H\u00f4tel des Mon\u00f4mes": 1, "Juillet": 1, "Marquis de Se": 1, "Croix & Mr.": 1, "Ambassadeurs Extraordinaires & Pl\u00e9nipotentiaires d'Espagne": 1, "Janvier": 1, "Dauphin": 1, "H\u00f4tel de Bouillon": 1, "F\u00eate": 1, "A": 1, "Illumination": 1, "Cour de cet H\u00f4tel": 1, "Portiques": 2, "D'alpins": 1, "F\u00eate, renfermez": 1}, "year": "1730", "month": "03", "page": "40"}