{"ents_info": {"La Clef du Cabinet 242 V. Paris": {"label": "MISC", "kb_qid": null, "url_wikidata": null}, "Ordonnance": {"label": "MISC", "kb_qid": "Q683414", "url_wikidata": "https://www.wikidata.org/wiki/Q683414"}, "De.": {"label": "MISC", "kb_qid": "Q188", "url_wikidata": "https://www.wikidata.org/wiki/Q188"}, "Conseil de Guerre": {"label": "ORG", "kb_qid": "Q877258", "url_wikidata": "https://www.wikidata.org/wiki/Q877258"}, "R\u00e9giment de Cavalerie": {"label": "ORG", "kb_qid": "Q2815921", "url_wikidata": "https://www.wikidata.org/wiki/Q2815921"}, "I2": {"label": "ORG", "kb_qid": "Q429334", "url_wikidata": "https://www.wikidata.org/wiki/Q429334"}, "Compagnie": {"label": "ORG", "kb_qid": "Q83164", "url_wikidata": "https://www.wikidata.org/wiki/Q83164"}, "Compagnies": {"label": "ORG", "kb_qid": "Q15304229", "url_wikidata": "https://www.wikidata.org/wiki/Q15304229"}, "D\u00e9mens": {"label": "LOC", "kb_qid": null, "url_wikidata": null}, "cs T coupes": {"label": "MISC", "kb_qid": null, "url_wikidata": null}, "Capitaines Reform\u00e9": {"label": "ORG", "kb_qid": null, "url_wikidata": null}, "Janvier le Duc": {"label": "PER", "kb_qid": null, "url_wikidata": null}, "Paris": {"label": "LOC", "kb_qid": "Q90", "url_wikidata": "https://www.wikidata.org/wiki/Q90"}, "Versailles": {"label": "LOC", "kb_qid": "Q19945294", "url_wikidata": "https://www.wikidata.org/wiki/Q19945294"}, "L. M.": {"label": "PER", "kb_qid": null, "url_wikidata": null}, "Duc d'Orl\u00e9ans": {"label": "PER", "kb_qid": "Q458688", "url_wikidata": "https://www.wikidata.org/wiki/Q458688"}, "Prince": {"label": "PER", "kb_qid": "Q2747456", "url_wikidata": "https://www.wikidata.org/wiki/Q2747456"}, "S. A. R. 2": {"label": "PER", "kb_qid": null, "url_wikidata": null}, "\u00c9tats": {"label": "LOC", "kb_qid": "Q35657", "url_wikidata": "https://www.wikidata.org/wiki/Q35657"}, "Capitale": {"label": "LOC", "kb_qid": "Q5119", "url_wikidata": "https://www.wikidata.org/wiki/Q5119"}, "Maisons Royales": {"label": "LOC", "kb_qid": "Q164950", "url_wikidata": "https://www.wikidata.org/wiki/Q164950"}, "& S.A. R.": {"label": "ORG", "kb_qid": null, "url_wikidata": null}, "Due d'Orl\u00e9ans": {"label": "LOC", "kb_qid": null, "url_wikidata": null}, "Docteurs de la Facult\u00e9 de Sorbonne": {"label": "MISC", "kb_qid": null, "url_wikidata": null}, "Assembl\u00e9e": {"label": "ORG", "kb_qid": "Q780457", "url_wikidata": "https://www.wikidata.org/wiki/Q780457"}, "Docteur Girard": {"label": "PER", "kb_qid": null, "url_wikidata": null}, "Assembl\u00e9es de la Sorbonne": {"label": "MISC", "kb_qid": null, "url_wikidata": null}, "Facult\u00e9": {"label": "LOC", "kb_qid": "Q180958", "url_wikidata": "https://www.wikidata.org/wiki/Q180958"}, "Docteurs Appelant de la": {"label": "MISC", "kb_qid": null, "url_wikidata": null}, "Parlement": {"label": "ORG", "kb_qid": "Q35749", "url_wikidata": "https://www.wikidata.org/wiki/Q35749"}}, "ents_freq": {"La Clef du Cabinet 242 V. Paris": 1, "Ordonnance": 1, "De.": 1, "Conseil de Guerre": 1, "R\u00e9giment de Cavalerie": 1, "I2": 1, "Compagnie": 1, "Compagnies": 1, "D\u00e9mens": 1, "cs T coupes": 1, "Capitaines Reform\u00e9": 1, "Janvier le Duc": 1, "Paris": 1, "Versailles": 1, "L. M.": 1, "Duc d'Orl\u00e9ans": 1, "Prince": 3, "S. A. R. 2": 1, "\u00c9tats": 1, "Capitale": 1, "Maisons Royales": 1, "& S.A. R.": 1, "Due d'Orl\u00e9ans": 1, "Docteurs de la Facult\u00e9 de Sorbonne": 1, "Assembl\u00e9e": 2, "Docteur Girard": 1, "Assembl\u00e9es de la Sorbonne": 1, "Facult\u00e9": 1, "Docteurs Appelant de la": 1, "Parlement": 1}, "year": "1730", "month": "04", "page": "29"}