{"ents_info": {"La Clef du Cabinet 312": {"label": "MISC", "kb_qid": null, "url_wikidata": null}, "Pi\u00e8ce": {"label": "LOC", "kb_qid": null, "url_wikidata": null}, "Lecteur": {"label": "MISC", "kb_qid": null, "url_wikidata": null}, "Lettre.": {"label": "MISC", "kb_qid": null, "url_wikidata": null}, "Ou me demandez mon sentiment sur les caract\u00e8res d'un bon Livre": {"label": "MISC", "kb_qid": null, "url_wikidata": null}, "Auteurs": {"label": "MISC", "kb_qid": null, "url_wikidata": null}, "Th\u00e9ophile Raymond": {"label": "PER", "kb_qid": null, "url_wikidata": null}, "Protesta de bonis & malis": {"label": "MISC", "kb_qid": null, "url_wikidata": null}, "Auteur du dix-septi\u00e8me": {"label": "MISC", "kb_qid": null, "url_wikidata": null}, "Morose": {"label": "PER", "kb_qid": null, "url_wikidata": null}, "NiS\u2082": {"label": "LOC", "kb_qid": null, "url_wikidata": null}, "Ballet & d'autres": {"label": "ORG", "kb_qid": null, "url_wikidata": null}, "Gabriel Puhthaerbeus": {"label": "PER", "kb_qid": null, "url_wikidata": null}, "Messieurs": {"label": "PER", "kb_qid": null, "url_wikidata": null}, "Pope-": {"label": "LOC", "kb_qid": null, "url_wikidata": null}, "Lire": {"label": "PER", "kb_qid": null, "url_wikidata": null}, "Mr. Bulles": {"label": "PER", "kb_qid": null, "url_wikidata": null}, "Dissertation": {"label": "MISC", "kb_qid": null, "url_wikidata": null}, "De Criteria boni L'": {"label": "ORG", "kb_qid": null, "url_wikidata": null}}, "ents_freq": {"La Clef du Cabinet 312": 1, "Pi\u00e8ce": 1, "Lecteur": 1, "Lettre.": 1, "Ou me demandez mon sentiment sur les caract\u00e8res d'un bon Livre": 1, "Auteurs": 1, "Th\u00e9ophile Raymond": 1, "Protesta de bonis & malis": 1, "Auteur du dix-septi\u00e8me": 1, "Morose": 1, "NiS\u2082": 1, "Ballet & d'autres": 1, "Gabriel Puhthaerbeus": 1, "Messieurs": 1, "Pope-": 1, "Lire": 1, "Mr. Bulles": 1, "Dissertation": 1, "De Criteria boni L'": 1}, "year": "1730", "month": "11", "page": "3"}