{"ents_info": {"La Clef du Cabiner": {"label": "MISC", "kb_qid": null, "url_wikidata": null}, "Mr. l'Abb\u00e9 de Mandateras": {"label": "PER", "kb_qid": null, "url_wikidata": null}, "Bar le Duc": {"label": "MISC", "kb_qid": "Q185721", "url_wikidata": "https://www.wikidata.org/wiki/Q185721"}, "Mars": {"label": "PER", "kb_qid": "Q110", "url_wikidata": "https://www.wikidata.org/wiki/Q110"}, "Anniversaires": {"label": "MISC", "kb_qid": "Q47223", "url_wikidata": "https://www.wikidata.org/wiki/Q47223"}, "Abbaye": {"label": "LOC", "kb_qid": "Q160742", "url_wikidata": "https://www.wikidata.org/wiki/Q160742"}, "Enlise": {"label": "MISC", "kb_qid": null, "url_wikidata": null}, "Catafalque": {"label": "LOC", "kb_qid": "Q930343", "url_wikidata": "https://www.wikidata.org/wiki/Q930343"}, "Couronne, le Sceptre, la Toison d'or": {"label": "ORG", "kb_qid": null, "url_wikidata": null}, "Dais": {"label": "LOC", "kb_qid": "Q3093009", "url_wikidata": "https://www.wikidata.org/wiki/Q3093009"}, "& dont les rideaux": {"label": "MISC", "kb_qid": null, "url_wikidata": null}, "Prince": {"label": "PER", "kb_qid": "Q2747456", "url_wikidata": "https://www.wikidata.org/wiki/Q2747456"}, "Anges voltigeant": {"label": "MISC", "kb_qid": null, "url_wikidata": null}, "Service solennel": {"label": "ORG", "kb_qid": null, "url_wikidata": null}}, "ents_freq": {"La Clef du Cabiner": 1, "Mr. l'Abb\u00e9 de Mandateras": 1, "Bar le Duc": 1, "Mars": 1, "Anniversaires": 1, "Abbaye": 1, "Enlise": 2, "Catafalque": 1, "Couronne, le Sceptre, la Toison d'or": 1, "Dais": 2, "& dont les rideaux": 1, "Prince": 1, "Anges voltigeant": 1, "Service solennel": 1}, "year": "1730", "month": "07", "page": "39"}