{"ents_info": {"Prises &": {"label": "MISC", "kb_qid": null, "url_wikidata": null}, "F\u00e9vrier": {"label": "PER", "kb_qid": "Q109", "url_wikidata": "https://www.wikidata.org/wiki/Q109"}, "TE T 1": {"label": "ORG", "kb_qid": null, "url_wikidata": null}, "Dry 1": {"label": "MISC", "kb_qid": null, "url_wikidata": null}, "Reine": {"label": "PER", "kb_qid": "Q9682", "url_wikidata": "https://www.wikidata.org/wiki/Q9682"}, "Leurs Maj.": {"label": "MISC", "kb_qid": null, "url_wikidata": null}, "famille Royale": {"label": "ORG", "kb_qid": "Q7375063", "url_wikidata": "https://www.wikidata.org/wiki/Q7375063"}, "Grands, des": {"label": "MISC", "kb_qid": null, "url_wikidata": null}, "Ministres \u00e9trangers": {"label": "ORG", "kb_qid": null, "url_wikidata": null}, "Palais Royal": {"label": "LOC", "kb_qid": "Q329948", "url_wikidata": "https://www.wikidata.org/wiki/Q329948"}, "Mr. St\u00e9nop\u00e9": {"label": "PER", "kb_qid": null, "url_wikidata": null}, "Ambassadeur": {"label": "PER", "kb_qid": "Q121998", "url_wikidata": "https://www.wikidata.org/wiki/Q121998"}, "L. M. &": {"label": "PER", "kb_qid": null, "url_wikidata": null}, "Londres": {"label": "LOC", "kb_qid": "Q84", "url_wikidata": "https://www.wikidata.org/wiki/Q84"}, "Ministres de France": {"label": "ORG", "kb_qid": null, "url_wikidata": null}, "Angleterre": {"label": "LOC", "kb_qid": "Q21", "url_wikidata": "https://www.wikidata.org/wiki/Q21"}, "H. P.": {"label": "PER", "kb_qid": "Q210999", "url_wikidata": "https://www.wikidata.org/wiki/Q210999"}, "\u00c9tats G\u00e9n\u00e9raux des Provinces-Unies": {"label": "MISC", "kb_qid": null, "url_wikidata": null}, "Conf\u00e9rences avec ceux du Roi": {"label": "MISC", "kb_qid": null, "url_wikidata": null}, "Trait\u00e9 de Paix & d'Amiti\u00e9": {"label": "MISC", "kb_qid": null, "url_wikidata": null}, "Puissancesinteress\u00e9es": {"label": "LOC", "kb_qid": null, "url_wikidata": null}, "Roi": {"label": "PER", "kb_qid": "Q12097", "url_wikidata": "https://www.wikidata.org/wiki/Q12097"}, "Marquis de Branes, Ambassadeur de France": {"label": "PER", "kb_qid": null, "url_wikidata": null}, "Dauphin": {"label": "LOC", "kb_qid": "Q192883", "url_wikidata": "https://www.wikidata.org/wiki/Q192883"}, "S. Etc": {"label": "PER", "kb_qid": null, "url_wikidata": null}, "Ministres": {"label": "MISC", "kb_qid": "Q83307", "url_wikidata": "https://www.wikidata.org/wiki/Q83307"}, "Seigneurs de la Cour": {"label": "MISC", "kb_qid": null, "url_wikidata": null}, "H\u00f4tel de S. Etc.": {"label": "LOC", "kb_qid": null, "url_wikidata": null}, "& orn\u00e9": {"label": "MISC", "kb_qid": null, "url_wikidata": null}}, "ents_freq": {"Prises &": 1, "F\u00e9vrier": 1, "TE T 1": 1, "Dry 1": 1, "Reine": 1, "Leurs Maj.": 1, "famille Royale": 1, "Grands, des": 1, "Ministres \u00e9trangers": 1, "Palais Royal": 1, "Mr. St\u00e9nop\u00e9": 1, "Ambassadeur": 1, "L. M. &": 1, "Londres": 1, "Ministres de France": 1, "Angleterre": 1, "H. P.": 1, "\u00c9tats G\u00e9n\u00e9raux des Provinces-Unies": 1, "Conf\u00e9rences avec ceux du Roi": 1, "Trait\u00e9 de Paix & d'Amiti\u00e9": 1, "Puissancesinteress\u00e9es": 1, "Roi": 1, "Marquis de Branes, Ambassadeur de France": 1, "Dauphin": 1, "S. Etc": 1, "Ministres": 1, "Seigneurs de la Cour": 1, "H\u00f4tel de S. Etc.": 1, "& orn\u00e9": 1}, "year": "1730", "month": "02", "page": "16"}