{"ents_info": {"Princes": {"label": "LOC", "kb_qid": "Q2747456", "url_wikidata": "https://www.wikidata.org/wiki/Q2747456"}, "In Auteur": {"label": "PER", "kb_qid": null, "url_wikidata": null}, "Bayle": {"label": "PER", "kb_qid": "Q10970991", "url_wikidata": "https://www.wikidata.org/wiki/Q10970991"}, "Dictionnaire": {"label": "MISC", "kb_qid": "Q2428961", "url_wikidata": "https://www.wikidata.org/wiki/Q2428961"}, "Cardan": {"label": "PER", "kb_qid": "Q184530", "url_wikidata": "https://www.wikidata.org/wiki/Q184530"}, "Livres": {"label": "MISC", "kb_qid": "Q25224", "url_wikidata": "https://www.wikidata.org/wiki/Q25224"}, "Presses Hollandaises": {"label": "ORG", "kb_qid": null, "url_wikidata": null}, "Lires": {"label": "MISC", "kb_qid": "Q204992", "url_wikidata": "https://www.wikidata.org/wiki/Q204992"}, "la France": {"label": "LOC", "kb_qid": "Q151340", "url_wikidata": "https://www.wikidata.org/wiki/Q151340"}, "Nantes": {"label": "LOC", "kb_qid": "Q12191", "url_wikidata": "https://www.wikidata.org/wiki/Q12191"}, "R\u00e9fugi\u00e9s": {"label": "MISC", "kb_qid": "Q131572", "url_wikidata": "https://www.wikidata.org/wiki/Q131572"}, "Disons des Auteurs": {"label": "MISC", "kb_qid": null, "url_wikidata": null}, "Philosophe Italien": {"label": "PER", "kb_qid": null, "url_wikidata": null}, "Philosophes": {"label": "PER", "kb_qid": "Q2512021", "url_wikidata": "https://www.wikidata.org/wiki/Q2512021"}, "Atari": {"label": "ORG", "kb_qid": "Q207922", "url_wikidata": "https://www.wikidata.org/wiki/Q207922"}, "Boileau": {"label": "PER", "kb_qid": "Q188857", "url_wikidata": "https://www.wikidata.org/wiki/Q188857"}, "Travaillez": {"label": "ORG", "kb_qid": null, "url_wikidata": null}, "\u00c9crivain.": {"label": "MISC", "kb_qid": null, "url_wikidata": null}, "Auteurs": {"label": "MISC", "kb_qid": "Q822146", "url_wikidata": "https://www.wikidata.org/wiki/Q822146"}, "Qi d\u00e9put\u00e9s de gloire": {"label": "MISC", "kb_qid": null, "url_wikidata": null}, "Apollon": {"label": "PER", "kb_qid": "Q37340", "url_wikidata": "https://www.wikidata.org/wiki/Q37340"}, "Et font d'un art divin un m\u00e9tier mercenaire": {"label": "MISC", "kb_qid": null, "url_wikidata": null}, "Lire": {"label": "MISC", "kb_qid": "Q1632579", "url_wikidata": "https://www.wikidata.org/wiki/Q1632579"}, "Mr. l'aille t": {"label": "MISC", "kb_qid": null, "url_wikidata": null}, "Mr. Descartes": {"label": "PER", "kb_qid": null, "url_wikidata": null}}, "ents_freq": {"Princes": 1, "In Auteur": 1, "Bayle": 1, "Dictionnaire": 1, "Cardan": 1, "Livres": 1, "Presses Hollandaises": 1, "Lires": 1, "la France": 1, "Nantes": 1, "R\u00e9fugi\u00e9s": 1, "Disons des Auteurs": 1, "Philosophe Italien": 1, "Philosophes": 1, "Atari": 1, "Boileau": 1, "Travaillez": 1, "\u00c9crivain.": 1, "Auteurs": 2, "Qi d\u00e9put\u00e9s de gloire": 1, "Apollon": 1, "Et font d'un art divin un m\u00e9tier mercenaire": 1, "Lire": 1, "Mr. l'aille t": 1, "Mr. Descartes": 1}, "year": "1730", "month": "11", "page": "10"}