{"ents_info": {"La Chef d\u00fb Cabine": {"label": "MISC", "kb_qid": null, "url_wikidata": null}, "Venise": {"label": "LOC", "kb_qid": "Q4948", "url_wikidata": "https://www.wikidata.org/wiki/Q4948"}, "f\u00eate des Ap\u00f4tres Ste. Pierre & St. Paul": {"label": "MISC", "kb_qid": null, "url_wikidata": null}, "Doge": {"label": "PER", "kb_qid": "Q858316", "url_wikidata": "https://www.wikidata.org/wiki/Q858316"}, "Sent en Corps,": {"label": "MISC", "kb_qid": null, "url_wikidata": null}, "Enlise": {"label": "MISC", "kb_qid": null, "url_wikidata": null}, "Dominicains": {"label": "LOC", "kb_qid": "Q131479", "url_wikidata": "https://www.wikidata.org/wiki/Q131479"}, "Saints,": {"label": "MISC", "kb_qid": null, "url_wikidata": null}, "Sa S\u00e9r\u00e9nit\u00e9 tint Chat.": {"label": "MISC", "kb_qid": null, "url_wikidata": null}, "Flotte de la R\u00e9publique": {"label": "MISC", "kb_qid": null, "url_wikidata": null}, "Tubes": {"label": "MISC", "kb_qid": "Q2179435", "url_wikidata": "https://www.wikidata.org/wiki/Q2179435"}, "Dardanelles": {"label": "LOC", "kb_qid": "Q6514", "url_wikidata": "https://www.wikidata.org/wiki/Q6514"}, "I656": {"label": "LOC", "kb_qid": null, "url_wikidata": null}, "Procession": {"label": "MISC", "kb_qid": "Q898830", "url_wikidata": "https://www.wikidata.org/wiki/Q898830"}, "Clerg\u00e9": {"label": "LOC", "kb_qid": "Q177826", "url_wikidata": "https://www.wikidata.org/wiki/Q177826"}, "Confr\u00e9ries": {"label": "MISC", "kb_qid": "Q992253", "url_wikidata": "https://www.wikidata.org/wiki/Q992253"}, "Juillet": {"label": "PER", "kb_qid": "Q3188227", "url_wikidata": "https://www.wikidata.org/wiki/Q3188227"}, "Frelate": {"label": "LOC", "kb_qid": null, "url_wikidata": null}, "St. Vincent;": {"label": "LOC", "kb_qid": null, "url_wikidata": null}, "Foire de Sinisai": {"label": "MISC", "kb_qid": null, "url_wikidata": null}, "Vaisseaux Marchands": {"label": "MISC", "kb_qid": "Q848944", "url_wikidata": "https://www.wikidata.org/wiki/Q848944"}, "Dalmatie": {"label": "LOC", "kb_qid": "Q698248", "url_wikidata": "https://www.wikidata.org/wiki/Q698248"}, "Corfou": {"label": "LOC", "kb_qid": "Q205832", "url_wikidata": "https://www.wikidata.org/wiki/Q205832"}, "Levant": {"label": "LOC", "kb_qid": "Q81483", "url_wikidata": "https://www.wikidata.org/wiki/Q81483"}, "Domination de cette R\u00e9publique": {"label": "MISC", "kb_qid": null, "url_wikidata": null}, "Constantinople": {"label": "LOC", "kb_qid": "Q16869", "url_wikidata": "https://www.wikidata.org/wiki/Q16869"}, "Sbire": {"label": "MISC", "kb_qid": null, "url_wikidata": null}, "Cardinal Cousin": {"label": "PER", "kb_qid": null, "url_wikidata": null}, "De Te D'EUR": {"label": "MISC", "kb_qid": null, "url_wikidata": null}, "Clochers de la Ville": {"label": "MISC", "kb_qid": null, "url_wikidata": null}, "Chevaliers & Procurateurs": {"label": "MISC", "kb_qid": null, "url_wikidata": null}, "Charles Ruine": {"label": "PER", "kb_qid": null, "url_wikidata": null}, "Avise Pissant": {"label": "PER", "kb_qid": null, "url_wikidata": null}, "Andr\u00e9 de Seize": {"label": "PER", "kb_qid": null, "url_wikidata": null}, "& Jean-Fran\u00e7ois Morosit\u00e9": {"label": "LOC", "kb_qid": null, "url_wikidata": null}, "Rom": {"label": "MISC", "kb_qid": "Q3088458", "url_wikidata": "https://www.wikidata.org/wiki/Q3088458"}, "Ambassadeurs extraordinaires de cette R\u00e9publique": {"label": "ORG", "kb_qid": null, "url_wikidata": null}, "Pape": {"label": "PER", "kb_qid": "Q19546", "url_wikidata": "https://www.wikidata.org/wiki/Q19546"}, "Nonce": {"label": "ORG", "kb_qid": "Q157037", "url_wikidata": "https://www.wikidata.org/wiki/Q157037"}, "S.S.": {"label": "ORG", "kb_qid": "Q178193", "url_wikidata": "https://www.wikidata.org/wiki/Q178193"}, "Collage": {"label": "MISC", "kb_qid": "Q170593", "url_wikidata": "https://www.wikidata.org/wiki/Q170593"}, "Coup": {"label": "MISC", "kb_qid": "Q206864", "url_wikidata": "https://www.wikidata.org/wiki/Q206864"}}, "ents_freq": {"La Chef d\u00fb Cabine": 1, "Venise": 1, "f\u00eate des Ap\u00f4tres Ste. Pierre & St. Paul": 1, "Doge": 2, "Sent en Corps,": 1, "Enlise": 1, "Dominicains": 1, "Saints,": 1, "Sa S\u00e9r\u00e9nit\u00e9 tint Chat.": 1, "Flotte de la R\u00e9publique": 1, "Tubes": 1, "Dardanelles": 1, "I656": 1, "Procession": 1, "Clerg\u00e9": 1, "Confr\u00e9ries": 1, "Juillet": 1, "Frelate": 1, "St. Vincent;": 1, "Foire de Sinisai": 1, "Vaisseaux Marchands": 1, "Dalmatie": 1, "Corfou": 1, "Levant": 1, "Domination de cette R\u00e9publique": 1, "Constantinople": 1, "Sbire": 1, "Cardinal Cousin": 1, "De Te D'EUR": 1, "Clochers de la Ville": 1, "Chevaliers & Procurateurs": 1, "Charles Ruine": 1, "Avise Pissant": 1, "Andr\u00e9 de Seize": 1, "& Jean-Fran\u00e7ois Morosit\u00e9": 1, "Rom": 1, "Ambassadeurs extraordinaires de cette R\u00e9publique": 1, "Pape": 1, "Nonce": 1, "S.S.": 1, "Collage": 1, "Coup": 1}, "year": "1730", "month": "09", "page": "31"}