{"ents_info": {"YT": {"label": "LOC", "kb_qid": "Q2296378", "url_wikidata": "https://www.wikidata.org/wiki/Q2296378"}, "Savant": {"label": "PER", "kb_qid": "Q707726", "url_wikidata": "https://www.wikidata.org/wiki/Q707726"}, "Litt\u00e9rature": {"label": "PER", "kb_qid": "Q37922", "url_wikidata": "https://www.wikidata.org/wiki/Q37922"}, "Politique, autres pinces": {"label": "MISC", "kb_qid": null, "url_wikidata": null}, "Public": {"label": "MISC", "kb_qid": "Q3410409", "url_wikidata": "https://www.wikidata.org/wiki/Q3410409"}, "Sieur": {"label": "LOC", "kb_qid": "Q1550557", "url_wikidata": "https://www.wikidata.org/wiki/Q1550557"}, "Andr\u00e9 Chevalier": {"label": "PER", "kb_qid": null, "url_wikidata": null}, "Imprimeur de Sa Maj.": {"label": "MISC", "kb_qid": null, "url_wikidata": null}, "& Marchand Libraire": {"label": "MISC", "kb_qid": null, "url_wikidata": null}, "Luxembourg": {"label": "LOC", "kb_qid": "Q1842", "url_wikidata": "https://www.wikidata.org/wiki/Q1842"}, "Juillet": {"label": "PER", "kb_qid": "Q121", "url_wikidata": "https://www.wikidata.org/wiki/Q121"}, "Souplement": {"label": "ORG", "kb_qid": null, "url_wikidata": null}, "Paix de Russie": {"label": "MISC", "kb_qid": null, "url_wikidata": null}, "ledit Chevalier": {"label": "PER", "kb_qid": null, "url_wikidata": null}, "M\u00e9moires de Travaux, & discernes": {"label": "MISC", "kb_qid": null, "url_wikidata": null}, "Journaux Li": {"label": "MISC", "kb_qid": null, "url_wikidata": null}, "Repu.": {"label": "MISC", "kb_qid": null, "url_wikidata": null}, "Lettres, histoire des ouvrages des Savant, Histoire critique de la R\u00e9publique des Lettres, l'Europe": {"label": "MISC", "kb_qid": null, "url_wikidata": null}, "M'encires": {"label": "MISC", "kb_qid": null, "url_wikidata": null}, "Histoire des Biomes Illustres": {"label": "ORG", "kb_qid": null, "url_wikidata": null}, "Biblioth\u00e8que Italique": {"label": "LOC", "kb_qid": null, "url_wikidata": null}, "1l": {"label": "PER", "kb_qid": null, "url_wikidata": null}, "Tome chaque quart d'an": {"label": "MISC", "kb_qid": null, "url_wikidata": null}}, "ents_freq": {"YT": 1, "Savant": 1, "Litt\u00e9rature": 1, "Politique, autres pinces": 1, "Public": 1, "Sieur": 1, "Andr\u00e9 Chevalier": 1, "Imprimeur de Sa Maj.": 1, "& Marchand Libraire": 1, "Luxembourg": 1, "Juillet": 1, "Souplement": 1, "Paix de Russie": 1, "ledit Chevalier": 1, "M\u00e9moires de Travaux, & discernes": 1, "Journaux Li": 1, "Repu.": 1, "Lettres, histoire des ouvrages des Savant, Histoire critique de la R\u00e9publique des Lettres, l'Europe": 1, "M'encires": 1, "Histoire des Biomes Illustres": 1, "Biblioth\u00e8que Italique": 1, "1l": 1, "Tome chaque quart d'an": 1}, "year": "1730", "month": "04", "page": "1"}