{"ents_info": {"Ou, Recueil Historique & Politique sur les Mati\u00e8res du temps": {"label": "MISC", "kb_qid": null, "url_wikidata": null}, "Janvier": {"label": "PER", "kb_qid": null, "url_wikidata": null}, "dT": {"label": "ORG", "kb_qid": null, "url_wikidata": null}, "Litt\u00e9rature & autres remarques curieuses": {"label": "MISC", "kb_qid": null, "url_wikidata": null}, "Trait\u00e9 de paix & d'amiti\u00e9": {"label": "MISC", "kb_qid": null, "url_wikidata": null}, "Seille": {"label": "LOC", "kb_qid": null, "url_wikidata": null}, "Alli\u00e9s": {"label": "MISC", "kb_qid": null, "url_wikidata": null}, "l'Espagne": {"label": "LOC", "kb_qid": null, "url_wikidata": null}, "Trait\u00e9s de Vient & d'Hanovre": {"label": "MISC", "kb_qid": null, "url_wikidata": null}, "l'Europe": {"label": "LOC", "kb_qid": null, "url_wikidata": null}, "Soissons": {"label": "LOC", "kb_qid": null, "url_wikidata": null}, "Cours des Puissances": {"label": "MISC", "kb_qid": null, "url_wikidata": null}, "Ambassadeurs Pl\u00e9nipotentiaires, & les Courriers": {"label": "ORG", "kb_qid": null, "url_wikidata": null}, "Grace": {"label": "PER", "kb_qid": null, "url_wikidata": null}, "Dieu": {"label": "MISC", "kb_qid": null, "url_wikidata": null}, "A 2": {"label": "MISC", "kb_qid": null, "url_wikidata": null}}, "ents_freq": {"Ou, Recueil Historique & Politique sur les Mati\u00e8res du temps": 1, "Janvier": 1, "dT": 1, "Litt\u00e9rature & autres remarques curieuses": 1, "Trait\u00e9 de paix & d'amiti\u00e9": 1, "Seille": 1, "Alli\u00e9s": 1, "l'Espagne": 1, "Trait\u00e9s de Vient & d'Hanovre": 1, "l'Europe": 1, "Soissons": 1, "Cours des Puissances": 1, "Ambassadeurs Pl\u00e9nipotentiaires, & les Courriers": 1, "Grace": 1, "Dieu": 1, "A 2": 1}, "year": "1730", "month": "01", "page": "2"}