{"ents_info": {"Princes": {"label": "LOC", "kb_qid": "Q2747456", "url_wikidata": "https://www.wikidata.org/wiki/Q2747456"}, "Chr\u00e9tien &": {"label": "MISC", "kb_qid": null, "url_wikidata": null}, "L. H. P.": {"label": "PER", "kb_qid": null, "url_wikidata": null}, "\u00c9tats G\u00e9n\u00e9raux": {"label": "LOC", "kb_qid": "Q13417577", "url_wikidata": "https://www.wikidata.org/wiki/Q13417577"}, "Provinces-Unies": {"label": "LOC", "kb_qid": "Q170072", "url_wikidata": "https://www.wikidata.org/wiki/Q170072"}, "Roy de la Grande-Bretagne": {"label": "PER", "kb_qid": null, "url_wikidata": null}, "Comtes": {"label": "LOC", "kb_qid": "Q2192649", "url_wikidata": "https://www.wikidata.org/wiki/Q2192649"}, "Ambassadeurs de l'Empereur": {"label": "ORG", "kb_qid": null, "url_wikidata": null}, "Seille": {"label": "LOC", "kb_qid": "Q599492", "url_wikidata": "https://www.wikidata.org/wiki/Q599492"}, "Mars": {"label": "LOC", "kb_qid": "Q110", "url_wikidata": "https://www.wikidata.org/wiki/Q110"}, "Cour de Vienne": {"label": "LOC", "kb_qid": "Q130834", "url_wikidata": "https://www.wikidata.org/wiki/Q130834"}, "Paris": {"label": "LOC", "kb_qid": "Q90", "url_wikidata": "https://www.wikidata.org/wiki/Q90"}, "Infant Dom Louis": {"label": "PER", "kb_qid": null, "url_wikidata": null}, "Infantes": {"label": "MISC", "kb_qid": "Q571401", "url_wikidata": "https://www.wikidata.org/wiki/Q571401"}, "Marchent": {"label": "MISC", "kb_qid": null, "url_wikidata": null}, "Roi": {"label": "PER", "kb_qid": "Q13592862", "url_wikidata": "https://www.wikidata.org/wiki/Q13592862"}, "Reine": {"label": "PER", "kb_qid": "Q9682", "url_wikidata": "https://www.wikidata.org/wiki/Q9682"}, "Prince & de la Princesse des Asturies, & des Infants Dom Carlos & Dom Philippe": {"label": "ORG", "kb_qid": null, "url_wikidata": null}, "L. M. &": {"label": "PER", "kb_qid": null, "url_wikidata": null}, "Famille Royale": {"label": "MISC", "kb_qid": "Q4433567", "url_wikidata": "https://www.wikidata.org/wiki/Q4433567"}, "Marche": {"label": "MISC", "kb_qid": "Q269908", "url_wikidata": "https://www.wikidata.org/wiki/Q269908"}, "De divertissement de la chasse": {"label": "MISC", "kb_qid": null, "url_wikidata": null}, "Grenade": {"label": "LOC", "kb_qid": "Q8810", "url_wikidata": "https://www.wikidata.org/wiki/Q8810"}, "Nonce": {"label": "ORG", "kb_qid": "Q157037", "url_wikidata": "https://www.wikidata.org/wiki/Q157037"}, "Pape": {"label": "PER", "kb_qid": "Q19546", "url_wikidata": "https://www.wikidata.org/wiki/Q19546"}, "Ambassadeurs de France &": {"label": "ORG", "kb_qid": null, "url_wikidata": null}, "Portugal": {"label": "LOC", "kb_qid": "Q45670", "url_wikidata": "https://www.wikidata.org/wiki/Q45670"}, "Secr\u00e9taire d'Ambassade de l'Empereur": {"label": "ORG", "kb_qid": null, "url_wikidata": null}, "Ministres": {"label": "MISC", "kb_qid": "Q83307", "url_wikidata": "https://www.wikidata.org/wiki/Q83307"}, "Ambassadeur du Roi de la Grande-Bretagne": {"label": "PER", "kb_qid": null, "url_wikidata": null}, "Ratification": {"label": "ORG", "kb_qid": "Q82228666", "url_wikidata": "https://www.wikidata.org/wiki/Q82228666"}, "S. M. Britannique": {"label": "PER", "kb_qid": null, "url_wikidata": null}, "Ministre": {"label": "PER", "kb_qid": "Q83307", "url_wikidata": "https://www.wikidata.org/wiki/Q83307"}, "Mr. Vanter Mer": {"label": "PER", "kb_qid": null, "url_wikidata": null}, "Ambassadeur d'Hollande": {"label": "PER", "kb_qid": null, "url_wikidata": null}, "Cour": {"label": "LOC", "kb_qid": "Q122880", "url_wikidata": "https://www.wikidata.org/wiki/Q122880"}, "Puissances": {"label": "MISC", "kb_qid": "Q26051996", "url_wikidata": "https://www.wikidata.org/wiki/Q26051996"}, "Trait\u00e9": {"label": "MISC", "kb_qid": "Q131569", "url_wikidata": "https://www.wikidata.org/wiki/Q131569"}, "Expr\u00e8s": {"label": "PER", "kb_qid": null, "url_wikidata": null}, "Cours de France & de la Grande Bretagne": {"label": "MISC", "kb_qid": null, "url_wikidata": null}, "Contramiral Corne": {"label": "LOC", "kb_qid": null, "url_wikidata": null}, "Baye de Cadix": {"label": "LOC", "kb_qid": null, "url_wikidata": null}, "St. Aider": {"label": "LOC", "kb_qid": null, "url_wikidata": null}, "Vaisseaux de guerre": {"label": "MISC", "kb_qid": "Q1051067", "url_wikidata": "https://www.wikidata.org/wiki/Q1051067"}}, "ents_freq": {"Princes": 1, "Chr\u00e9tien &": 1, "L. H. P.": 1, "\u00c9tats G\u00e9n\u00e9raux": 1, "Provinces-Unies": 1, "Roy de la Grande-Bretagne": 1, "Comtes": 1, "Ambassadeurs de l'Empereur": 1, "Seille": 2, "Mars": 1, "Cour de Vienne": 1, "Paris": 1, "Infant Dom Louis": 1, "Infantes": 1, "Marchent": 2, "Roi": 2, "Reine": 1, "Prince & de la Princesse des Asturies, & des Infants Dom Carlos & Dom Philippe": 1, "L. M. &": 1, "Famille Royale": 1, "Marche": 1, "De divertissement de la chasse": 1, "Grenade": 1, "Nonce": 1, "Pape": 1, "Ambassadeurs de France &": 1, "Portugal": 1, "Secr\u00e9taire d'Ambassade de l'Empereur": 1, "Ministres": 1, "Ambassadeur du Roi de la Grande-Bretagne": 1, "Ratification": 1, "S. M. Britannique": 1, "Ministre": 1, "Mr. Vanter Mer": 1, "Ambassadeur d'Hollande": 1, "Cour": 1, "Puissances": 1, "Trait\u00e9": 1, "Expr\u00e8s": 1, "Cours de France & de la Grande Bretagne": 1, "Contramiral Corne": 1, "Baye de Cadix": 1, "St. Aider": 1, "Vaisseaux de guerre": 1}, "year": "1730", "month": "05", "page": "12"}