{"ents_info": {"Princes": {"label": "LOC", "kb_qid": "Q2747456", "url_wikidata": "https://www.wikidata.org/wiki/Q2747456"}, "Providence": {"label": "LOC", "kb_qid": "Q1752765", "url_wikidata": "https://www.wikidata.org/wiki/Q1752765"}, "Sectaires": {"label": "MISC", "kb_qid": "Q11038979", "url_wikidata": "https://www.wikidata.org/wiki/Q11038979"}, "\u00c9crits des propositions erron\u00e9es &": {"label": "MISC", "kb_qid": null, "url_wikidata": null}, "Censures": {"label": "PER", "kb_qid": "Q543", "url_wikidata": "https://www.wikidata.org/wiki/Q543"}, "Eg": {"label": "MISC", "kb_qid": "Q236910", "url_wikidata": "https://www.wikidata.org/wiki/Q236910"}, "J. C.": {"label": "PER", "kb_qid": "Q6105016", "url_wikidata": "https://www.wikidata.org/wiki/Q6105016"}, "Loi, & redire la es Percheurs": {"label": "MISC", "kb_qid": null, "url_wikidata": null}, "Ouvrages expos\u00e9es": {"label": "MISC", "kb_qid": null, "url_wikidata": null}, "Fid\u00e8le": {"label": "PER", "kb_qid": "Q3071477", "url_wikidata": "https://www.wikidata.org/wiki/Q3071477"}, "& pl\u00fbt-\u00e0- Dieu": {"label": "MISC", "kb_qid": null, "url_wikidata": null}, "\u00c9v\u00eaques": {"label": "MISC", "kb_qid": "Q29182", "url_wikidata": "https://www.wikidata.org/wiki/Q29182"}, "Fid\u00e8les": {"label": "MISC", "kb_qid": null, "url_wikidata": null}, "Pape": {"label": "PER", "kb_qid": "Q19546", "url_wikidata": "https://www.wikidata.org/wiki/Q19546"}, "Pr\u00e9lats": {"label": "MISC", "kb_qid": "Q17305527", "url_wikidata": "https://www.wikidata.org/wiki/Q17305527"}, "Royaume": {"label": "LOC", "kb_qid": "Q145", "url_wikidata": "https://www.wikidata.org/wiki/Q145"}, "Parti": {"label": "ORG", "kb_qid": "Q7278", "url_wikidata": "https://www.wikidata.org/wiki/Q7278"}, "Instruction": {"label": "MISC", "kb_qid": "Q2572330", "url_wikidata": "https://www.wikidata.org/wiki/Q2572330"}, "Bull": {"label": "ORG", "kb_qid": "Q1004175", "url_wikidata": "https://www.wikidata.org/wiki/Q1004175"}, "Novateurs": {"label": "MISC", "kb_qid": "Q174165", "url_wikidata": "https://www.wikidata.org/wiki/Q174165"}, "Loi de Dia,": {"label": "MISC", "kb_qid": null, "url_wikidata": null}}, "ents_freq": {"Princes": 1, "Providence": 1, "Sectaires": 1, "\u00c9crits des propositions erron\u00e9es &": 1, "Censures": 2, "Eg": 2, "J. C.": 1, "Loi, & redire la es Percheurs": 1, "Ouvrages expos\u00e9es": 1, "Fid\u00e8le": 1, "& pl\u00fbt-\u00e0- Dieu": 1, "\u00c9v\u00eaques": 2, "Fid\u00e8les": 1, "Pape": 1, "Pr\u00e9lats": 1, "Royaume": 1, "Parti": 1, "Instruction": 1, "Bull": 1, "Novateurs": 1, "Loi de Dia,": 1}, "year": "1730", "month": "12", "page": "41"}