{"ents_info": {"Princes": {"label": "LOC", "kb_qid": "Q1753066", "url_wikidata": "https://www.wikidata.org/wiki/Q1753066"}, "Cour de France": {"label": "LOC", "kb_qid": "Q3001001", "url_wikidata": "https://www.wikidata.org/wiki/Q3001001"}, "Commission": {"label": "ORG", "kb_qid": "Q8880", "url_wikidata": "https://www.wikidata.org/wiki/Q8880"}, "Roy": {"label": "PER", "kb_qid": "Q643084", "url_wikidata": "https://www.wikidata.org/wiki/Q643084"}, "Sa Majest\u00e9": {"label": "PER", "kb_qid": "Q7732", "url_wikidata": "https://www.wikidata.org/wiki/Q7732"}, "Cour": {"label": "LOC", "kb_qid": "Q3001001", "url_wikidata": "https://www.wikidata.org/wiki/Q3001001"}, "Trait\u00e9 de Seille, &": {"label": "MISC", "kb_qid": null, "url_wikidata": null}, "Italie": {"label": "LOC", "kb_qid": "Q172579", "url_wikidata": "https://www.wikidata.org/wiki/Q172579"}, "Infant Dom Carlos": {"label": "PER", "kb_qid": null, "url_wikidata": null}, "Troupes Espagnoles": {"label": "MISC", "kb_qid": "Q766543", "url_wikidata": "https://www.wikidata.org/wiki/Q766543"}, "Vaisseaux": {"label": "MISC", "kb_qid": "Q3553318", "url_wikidata": "https://www.wikidata.org/wiki/Q3553318"}, "Anglais": {"label": "LOC", "kb_qid": "Q21", "url_wikidata": "https://www.wikidata.org/wiki/Q21"}, "Fran\u00e7ois": {"label": "PER", "kb_qid": "Q151075", "url_wikidata": "https://www.wikidata.org/wiki/Q151075"}, "Famille Royale": {"label": "MISC", "kb_qid": "Q4433567", "url_wikidata": "https://www.wikidata.org/wiki/Q4433567"}, "Grenade": {"label": "LOC", "kb_qid": "Q8810", "url_wikidata": "https://www.wikidata.org/wiki/Q8810"}, "Jeudi Saint": {"label": "MISC", "kb_qid": "Q106333", "url_wikidata": "https://www.wikidata.org/wiki/Q106333"}, "A2": {"label": "MISC", "kb_qid": "Q168759", "url_wikidata": "https://www.wikidata.org/wiki/Q168759"}, "Semaine Saine": {"label": "MISC", "kb_qid": null, "url_wikidata": null}, "Chapelle du": {"label": "LOC", "kb_qid": "Q2956786", "url_wikidata": "https://www.wikidata.org/wiki/Q2956786"}, "Palais Royal de cette": {"label": "LOC", "kb_qid": null, "url_wikidata": null}, "Ratifications de l'Accession": {"label": "LOC", "kb_qid": null, "url_wikidata": null}, "L. H. P.": {"label": "PER", "kb_qid": null, "url_wikidata": null}, "\u00c9tats G\u00e9n\u00e9raux": {"label": "MISC", "kb_qid": "Q207304", "url_wikidata": "https://www.wikidata.org/wiki/Q207304"}, "Trait\u00e9 de Seille": {"label": "MISC", "kb_qid": null, "url_wikidata": null}, "Sicile": {"label": "LOC", "kb_qid": "Q1460", "url_wikidata": "https://www.wikidata.org/wiki/Q1460"}, "Expr\u00e8s": {"label": "MISC", "kb_qid": null, "url_wikidata": null}, "Cours respectives de France": {"label": "MISC", "kb_qid": null, "url_wikidata": null}, "Grande-Bretagne": {"label": "LOC", "kb_qid": "Q145", "url_wikidata": "https://www.wikidata.org/wiki/Q145"}, "La Haye": {"label": "LOC", "kb_qid": "Q36600", "url_wikidata": "https://www.wikidata.org/wiki/Q36600"}, "F\u00eates de P\u00e2ques": {"label": "MISC", "kb_qid": null, "url_wikidata": null}, "Bois de Solo-de Roman": {"label": "LOC", "kb_qid": null, "url_wikidata": null}, "Appartement": {"label": "LOC", "kb_qid": "Q2858631", "url_wikidata": "https://www.wikidata.org/wiki/Q2858631"}, "L. M.": {"label": "PER", "kb_qid": null, "url_wikidata": null}}, "ents_freq": {"Princes": 1, "Cour de France": 1, "Commission": 1, "Roy": 1, "Sa Majest\u00e9": 1, "Cour": 2, "Trait\u00e9 de Seille, &": 1, "Italie": 1, "Infant Dom Carlos": 1, "Troupes Espagnoles": 1, "Vaisseaux": 1, "Anglais": 1, "Fran\u00e7ois": 1, "Famille Royale": 1, "Grenade": 2, "Jeudi Saint": 1, "A2": 1, "Semaine Saine": 1, "Chapelle du": 1, "Palais Royal de cette": 1, "Ratifications de l'Accession": 1, "L. H. P.": 1, "\u00c9tats G\u00e9n\u00e9raux": 1, "Trait\u00e9 de Seille": 1, "Sicile": 1, "Expr\u00e8s": 1, "Cours respectives de France": 1, "Grande-Bretagne": 1, "La Haye": 1, "F\u00eates de P\u00e2ques": 1, "Bois de Solo-de Roman": 1, "Appartement": 1, "L. M.": 1}, "year": "1730", "month": "06", "page": "14"}