{"ents_info": {"La Clef du Cabinet 122 t'oient": {"label": "MISC", "kb_qid": null, "url_wikidata": null}, "Conseil": {"label": "ORG", "kb_qid": null, "url_wikidata": null}, "Princesse Catherine Alexia d'Ol\u00e9oduc": {"label": "PER", "kb_qid": null, "url_wikidata": null}, "Prince": {"label": "PER", "kb_qid": null, "url_wikidata": null}, "F\u00eate de St. Andr\u00e9, Protecteur de l'Empire Russien": {"label": "MISC", "kb_qid": null, "url_wikidata": null}, "Monarque": {"label": "PER", "kb_qid": null, "url_wikidata": null}, "De Palais d'Ent\u00e9": {"label": "MISC", "kb_qid": null, "url_wikidata": null}, "Imp\u00e9ratrice Douairi\u00e8re": {"label": "PER", "kb_qid": null, "url_wikidata": null}, "Princesse Elizabeth, & d'un grand": {"label": "MISC", "kb_qid": null, "url_wikidata": null}, "Canon": {"label": "LOC", "kb_qid": null, "url_wikidata": null}, "Ch\u00e2teau de Camelin, & des Remparts, &": {"label": "LOC", "kb_qid": null, "url_wikidata": null}, "Princesse": {"label": "PER", "kb_qid": null, "url_wikidata": null}, "Prince Alexis oGregoreitz d'Ol\u00e9oduc": {"label": "PER", "kb_qid": null, "url_wikidata": null}, "Capitaine G\u00eanera": {"label": "MISC", "kb_qid": null, "url_wikidata": null}, "Forces de l'Empire Russien": {"label": "ORG", "kb_qid": null, "url_wikidata": null}, "Peter": {"label": "PER", "kb_qid": null, "url_wikidata": null}, "G\u00eanera M'": {"label": "LOC", "kb_qid": null, "url_wikidata": null}, "For\u00eats": {"label": "LOC", "kb_qid": null, "url_wikidata": null}, "Digues de la Leva": {"label": "LOC", "kb_qid": null, "url_wikidata": null}, "Vaisseaux": {"label": "MISC", "kb_qid": null, "url_wikidata": null}}, "ents_freq": {"La Clef du Cabinet 122 t'oient": 1, "Conseil": 1, "Princesse Catherine Alexia d'Ol\u00e9oduc": 1, "Prince": 1, "F\u00eate de St. Andr\u00e9, Protecteur de l'Empire Russien": 1, "Monarque": 1, "De Palais d'Ent\u00e9": 1, "Imp\u00e9ratrice Douairi\u00e8re": 1, "Princesse Elizabeth, & d'un grand": 1, "Canon": 1, "Ch\u00e2teau de Camelin, & des Remparts, &": 1, "Princesse": 1, "Prince Alexis oGregoreitz d'Ol\u00e9oduc": 1, "Capitaine G\u00eanera": 1, "Forces de l'Empire Russien": 1, "Peter": 1, "G\u00eanera M'": 1, "For\u00eats": 1, "Digues de la Leva": 1, "Vaisseaux": 1}, "year": "1730", "month": "02", "page": "57"}