{"ents_info": {"La Clef du Cabine 34": {"label": "MISC", "kb_qid": null, "url_wikidata": null}, "Reine": {"label": "PER", "kb_qid": "Q9682", "url_wikidata": "https://www.wikidata.org/wiki/Q9682"}, "V. M.": {"label": "PER", "kb_qid": null, "url_wikidata": null}, "Gouvernement d'un si bon Prince": {"label": "MISC", "kb_qid": null, "url_wikidata": null}, "sommes las": {"label": "LOC", "kb_qid": null, "url_wikidata": null}, "La Haye": {"label": "LOC", "kb_qid": "Q36600", "url_wikidata": "https://www.wikidata.org/wiki/Q36600"}, "I8": {"label": "ORG", "kb_qid": "Q946676", "url_wikidata": "https://www.wikidata.org/wiki/Q946676"}, "Escadrons des Troupes": {"label": "MISC", "kb_qid": null, "url_wikidata": null}, "Seigneurs de la R\u00e9gence": {"label": "MISC", "kb_qid": null, "url_wikidata": null}, "Ministres": {"label": "MISC", "kb_qid": "Q1423891", "url_wikidata": "https://www.wikidata.org/wiki/Q1423891"}, "L. Maj": {"label": "PER", "kb_qid": null, "url_wikidata": null}, "Britannique": {"label": "LOC", "kb_qid": "Q145", "url_wikidata": "https://www.wikidata.org/wiki/Q145"}, "Prussienne": {"label": "LOC", "kb_qid": "Q38872", "url_wikidata": "https://www.wikidata.org/wiki/Q38872"}, "Dey de la R\u00e9publique d'Alger": {"label": "LOC", "kb_qid": null, "url_wikidata": null}, "B\u00e2timent Hollandais": {"label": "MISC", "kb_qid": null, "url_wikidata": null}, "Levant": {"label": "LOC", "kb_qid": "Q175302", "url_wikidata": "https://www.wikidata.org/wiki/Q175302"}, "Corsaires": {"label": "LOC", "kb_qid": "Q201559", "url_wikidata": "https://www.wikidata.org/wiki/Q201559"}, "Lettre d'explication adress\u00e9e": {"label": "MISC", "kb_qid": null, "url_wikidata": null}, "H. P.": {"label": "PER", "kb_qid": "Q210999", "url_wikidata": "https://www.wikidata.org/wiki/Q210999"}, "\u00c9tats G\u00e9n\u00e9raux des Provinces": {"label": "MISC", "kb_qid": null, "url_wikidata": null}, "Nos Amis les \u00c9tats G\u00e9n\u00e9raux des Provinces Unies": {"label": "MISC", "kb_qid": null, "url_wikidata": null}, "Tout-": {"label": "LOC", "kb_qid": null, "url_wikidata": null}, "Puissant": {"label": "PER", "kb_qid": "Q3174146", "url_wikidata": "https://www.wikidata.org/wiki/Q3174146"}, "Grands, &": {"label": "MISC", "kb_qid": null, "url_wikidata": null}, "Salut": {"label": "LOC", "kb_qid": "Q192054", "url_wikidata": "https://www.wikidata.org/wiki/Q192054"}}, "ents_freq": {"La Clef du Cabine 34": 1, "Reine": 1, "V. M.": 1, "Gouvernement d'un si bon Prince": 1, "sommes las": 1, "La Haye": 1, "I8": 1, "Escadrons des Troupes": 1, "Seigneurs de la R\u00e9gence": 1, "Ministres": 1, "L. Maj": 1, "Britannique": 1, "Prussienne": 1, "Dey de la R\u00e9publique d'Alger": 1, "B\u00e2timent Hollandais": 1, "Levant": 1, "Corsaires": 1, "Lettre d'explication adress\u00e9e": 1, "H. P.": 1, "\u00c9tats G\u00e9n\u00e9raux des Provinces": 1, "Nos Amis les \u00c9tats G\u00e9n\u00e9raux des Provinces Unies": 1, "Tout-": 1, "Puissant": 1, "Grands, &": 1, "Salut": 1}, "year": "1730", "month": "05", "page": "69"}