{"ents_info": {"La Clef du Cabinet 14S8 es affaires de ce": {"label": "MISC", "kb_qid": null, "url_wikidata": null}, "Duc": {"label": "PER", "kb_qid": "Q166886", "url_wikidata": "https://www.wikidata.org/wiki/Q166886"}, "Rats, sans espoir d'y \u00eatre effectivement maintenu": {"label": "MISC", "kb_qid": null, "url_wikidata": null}, "Puissance": {"label": "MISC", "kb_qid": "Q25342", "url_wikidata": "https://www.wikidata.org/wiki/Q25342"}, "Couronnement": {"label": "MISC", "kb_qid": "Q5033350", "url_wikidata": "https://www.wikidata.org/wiki/Q5033350"}, "S. M. Ovarienne": {"label": "PER", "kb_qid": null, "url_wikidata": null}, "Capitale": {"label": "LOC", "kb_qid": "Q2807", "url_wikidata": "https://www.wikidata.org/wiki/Q2807"}, "Ministres \u00e9trangers": {"label": "ORG", "kb_qid": null, "url_wikidata": null}, "Carine": {"label": "MISC", "kb_qid": "Q2938804", "url_wikidata": "https://www.wikidata.org/wiki/Q2938804"}, "Duc de Lira Ambassadeur d'Espagne": {"label": "PER", "kb_qid": null, "url_wikidata": null}, "Ministre": {"label": "ORG", "kb_qid": "Q83307", "url_wikidata": "https://www.wikidata.org/wiki/Q83307"}, "H\u00f4tel": {"label": "LOC", "kb_qid": "Q1365179", "url_wikidata": "https://www.wikidata.org/wiki/Q1365179"}, "Arc de triomphe": {"label": "MISC", "kb_qid": "Q2528652", "url_wikidata": "https://www.wikidata.org/wiki/Q2528652"}, "M. C2": {"label": "PER", "kb_qid": null, "url_wikidata": null}, "S. Etc": {"label": "PER", "kb_qid": null, "url_wikidata": null}, "Roi d'Espagne": {"label": "LOC", "kb_qid": "Q183226", "url_wikidata": "https://www.wikidata.org/wiki/Q183226"}, "Cour le douze Mai": {"label": "LOC", "kb_qid": null, "url_wikidata": null}, "f\u00eate de St. Philippe": {"label": "MISC", "kb_qid": null, "url_wikidata": null}, "Monarque": {"label": "PER", "kb_qid": "Q508840", "url_wikidata": "https://www.wikidata.org/wiki/Q508840"}, "H\u00f4tels des Ministres \u00e9trangers": {"label": "ORG", "kb_qid": null, "url_wikidata": null}, "Carrosse": {"label": "PER", "kb_qid": "Q14565995", "url_wikidata": "https://www.wikidata.org/wiki/Q14565995"}, "Duc de Lira": {"label": "PER", "kb_qid": null, "url_wikidata": null}, "S. M.": {"label": "PER", "kb_qid": "Q669458", "url_wikidata": "https://www.wikidata.org/wiki/Q669458"}, "Sieur": {"label": "PER", "kb_qid": "Q1550557", "url_wikidata": "https://www.wikidata.org/wiki/Q1550557"}, "la Chine": {"label": "LOC", "kb_qid": "Q148", "url_wikidata": "https://www.wikidata.org/wiki/Q148"}}, "ents_freq": {"La Clef du Cabinet 14S8 es affaires de ce": 1, "Duc": 1, "Rats, sans espoir d'y \u00eatre effectivement maintenu": 1, "Puissance": 1, "Couronnement": 1, "S. M. Ovarienne": 1, "Capitale": 1, "Ministres \u00e9trangers": 1, "Carine": 2, "Duc de Lira Ambassadeur d'Espagne": 1, "Ministre": 1, "H\u00f4tel": 1, "Arc de triomphe": 1, "M. C2": 1, "S. Etc": 1, "Roi d'Espagne": 1, "Cour le douze Mai": 1, "f\u00eate de St. Philippe": 1, "Monarque": 1, "H\u00f4tels des Ministres \u00e9trangers": 1, "Carrosse": 1, "Duc de Lira": 1, "S. M.": 1, "Sieur": 1, "la Chine": 1}, "year": "1730", "month": "08", "page": "71"}