{"ents_info": {"La Clef du Cabinet 356": {"label": "MISC", "kb_qid": null, "url_wikidata": null}, "Registres": {"label": "MISC", "kb_qid": "Q187466", "url_wikidata": "https://www.wikidata.org/wiki/Q187466"}, "Syndic de la Compagnie": {"label": "ORG", "kb_qid": null, "url_wikidata": null}, "Tutelles": {"label": "LOC", "kb_qid": "Q3542442", "url_wikidata": "https://www.wikidata.org/wiki/Q3542442"}, "Des Familles, les pourront aussi donner en garde": {"label": "MISC", "kb_qid": null, "url_wikidata": null}, "Caissier": {"label": "ORG", "kb_qid": "Q1735282", "url_wikidata": "https://www.wikidata.org/wiki/Q1735282"}, "Compagnie": {"label": "ORG", "kb_qid": "Q83164", "url_wikidata": "https://www.wikidata.org/wiki/Q83164"}, "Arr\u00eats": {"label": "LOC", "kb_qid": null, "url_wikidata": null}, "Conseil": {"label": "ORG", "kb_qid": "Q2993894", "url_wikidata": "https://www.wikidata.org/wiki/Q2993894"}, "Beurres & Fromages du cul de ce Royaume, & sur ceux": {"label": "ORG", "kb_qid": null, "url_wikidata": null}, "Pays": {"label": "LOC", "kb_qid": "Q43702", "url_wikidata": "https://www.wikidata.org/wiki/Q43702"}, "aF N\u00e9gociant Fran\u00e7ois": {"label": "PER", "kb_qid": null, "url_wikidata": null}, "Commerce des \u00celes & Colonies de cette Couronne": {"label": "LOC", "kb_qid": null, "url_wikidata": null}, "Am\u00e9rique": {"label": "LOC", "kb_qid": "Q828", "url_wikidata": "https://www.wikidata.org/wiki/Q828"}, "Beurre": {"label": "LOC", "kb_qid": "Q34172", "url_wikidata": "https://www.wikidata.org/wiki/Q34172"}, "Suif": {"label": "LOC", "kb_qid": "Q863266", "url_wikidata": "https://www.wikidata.org/wiki/Q863266"}, "Chandelle &": {"label": "ORG", "kb_qid": null, "url_wikidata": null}, "Saumon": {"label": "LOC", "kb_qid": "Q2796766", "url_wikidata": "https://www.wikidata.org/wiki/Q2796766"}, "Roy": {"label": "PER", "kb_qid": "Q643084", "url_wikidata": "https://www.wikidata.org/wiki/Q643084"}, "Espace de 1": {"label": "MISC", "kb_qid": null, "url_wikidata": null}, "\u00c9tats de Langue": {"label": "MISC", "kb_qid": null, "url_wikidata": null}, "Province": {"label": "LOC", "kb_qid": "Q34876", "url_wikidata": "https://www.wikidata.org/wiki/Q34876"}, "Lotte rie": {"label": "PER", "kb_qid": null, "url_wikidata": null}, "Paris": {"label": "LOC", "kb_qid": "Q90", "url_wikidata": "https://www.wikidata.org/wiki/Q90"}, "VI": {"label": "PER", "kb_qid": "Q24950490", "url_wikidata": "https://www.wikidata.org/wiki/Q24950490"}, "Septembre la Duchesse douairi\u00e8re d'Or": {"label": "MISC", "kb_qid": null, "url_wikidata": null}, "Palais Royal": {"label": "LOC", "kb_qid": "Q3332479", "url_wikidata": "https://www.wikidata.org/wiki/Q3332479"}, "les Princesses": {"label": "MISC", "kb_qid": null, "url_wikidata": null}, "Couvent de la Madelaine de Fresnel": {"label": "LOC", "kb_qid": null, "url_wikidata": null}, "Archev\u00eaque de Sens": {"label": "LOC", "kb_qid": null, "url_wikidata": null}, "Dioc\u00e8se": {"label": "LOC", "kb_qid": "Q665487", "url_wikidata": "https://www.wikidata.org/wiki/Q665487"}, "Nonce": {"label": "ORG", "kb_qid": "Q157037", "url_wikidata": "https://www.wikidata.org/wiki/Q157037"}, "Pape": {"label": "PER", "kb_qid": "Q19546", "url_wikidata": "https://www.wikidata.org/wiki/Q19546"}}, "ents_freq": {"La Clef du Cabinet 356": 1, "Registres": 1, "Syndic de la Compagnie": 1, "Tutelles": 1, "Des Familles, les pourront aussi donner en garde": 1, "Caissier": 1, "Compagnie": 1, "Arr\u00eats": 1, "Conseil": 2, "Beurres & Fromages du cul de ce Royaume, & sur ceux": 1, "Pays": 2, "aF N\u00e9gociant Fran\u00e7ois": 1, "Commerce des \u00celes & Colonies de cette Couronne": 1, "Am\u00e9rique": 1, "Beurre": 1, "Suif": 1, "Chandelle &": 1, "Saumon": 1, "Roy": 1, "Espace de 1": 1, "\u00c9tats de Langue": 1, "Province": 1, "Lotte rie": 1, "Paris": 1, "VI": 1, "Septembre la Duchesse douairi\u00e8re d'Or": 1, "Palais Royal": 1, "les Princesses": 1, "Couvent de la Madelaine de Fresnel": 1, "Archev\u00eaque de Sens": 1, "Dioc\u00e8se": 1, "Nonce": 1, "Pape": 1}, "year": "1730", "month": "11", "page": "47"}