{"ents_info": {"Princes": {"label": "LOC", "kb_qid": "Q2747456", "url_wikidata": "https://www.wikidata.org/wiki/Q2747456"}, "De simples fid\u00e8les": {"label": "MISC", "kb_qid": null, "url_wikidata": null}, "Foi": {"label": "MISC", "kb_qid": "Q1577278", "url_wikidata": "https://www.wikidata.org/wiki/Q1577278"}, "Pape": {"label": "PER", "kb_qid": "Q19546", "url_wikidata": "https://www.wikidata.org/wiki/Q19546"}, "\u00c9v\u00eaques;": {"label": "MISC", "kb_qid": null, "url_wikidata": null}, "Telle": {"label": "PER", "kb_qid": "Q3517377", "url_wikidata": "https://www.wikidata.org/wiki/Q3517377"}, "Archev\u00each\u00e9 de Paris": {"label": "LOC", "kb_qid": "Q1242250", "url_wikidata": "https://www.wikidata.org/wiki/Q1242250"}, "Religion, &": {"label": "ORG", "kb_qid": null, "url_wikidata": null}, "Dieu": {"label": "MISC", "kb_qid": "Q190", "url_wikidata": "https://www.wikidata.org/wiki/Q190"}, "Le Chapitre de mon Enlise M\u00e9tropolitaine": {"label": "MISC", "kb_qid": null, "url_wikidata": null}, "Mandement de mon Pr\u00e9d\u00e9cesseur": {"label": "MISC", "kb_qid": null, "url_wikidata": null}, "Constitution Unigenitus": {"label": "ORG", "kb_qid": "Q1670578", "url_wikidata": "https://www.wikidata.org/wiki/Q1670578"}, "Corps Eccl\u00e9siastique du Dioc\u00e8se & d'un Corps": {"label": "MISC", "kb_qid": null, "url_wikidata": null}, "Clerg\u00e9": {"label": "LOC", "kb_qid": "Q177826", "url_wikidata": "https://www.wikidata.org/wiki/Q177826"}, "ois": {"label": "PER", "kb_qid": "Q2166215", "url_wikidata": "https://www.wikidata.org/wiki/Q2166215"}, "Chapitre de mon Enlise": {"label": "MISC", "kb_qid": null, "url_wikidata": null}, "Lettre avec une Requ\u00eate": {"label": "MISC", "kb_qid": null, "url_wikidata": null}, "Confr\u00e8res": {"label": "MISC", "kb_qid": "Q992253", "url_wikidata": "https://www.wikidata.org/wiki/Q992253"}, "la Ville": {"label": "LOC", "kb_qid": "Q3278475", "url_wikidata": "https://www.wikidata.org/wiki/Q3278475"}, "Ban Lieue": {"label": "LOC", "kb_qid": null, "url_wikidata": null}, "Association d'Eccl\u00e9siastiques": {"label": "ORG", "kb_qid": null, "url_wikidata": null}, "Corps, &": {"label": "MISC", "kb_qid": null, "url_wikidata": null}, "Archev\u00eaque &": {"label": "ORG", "kb_qid": null, "url_wikidata": null}, "Association": {"label": "ORG", "kb_qid": "Q48204", "url_wikidata": "https://www.wikidata.org/wiki/Q48204"}, "Arr\u00eats": {"label": "PER", "kb_qid": null, "url_wikidata": null}, "V. M.": {"label": "PER", "kb_qid": null, "url_wikidata": null}}, "ents_freq": {"Princes": 1, "De simples fid\u00e8les": 1, "Foi": 1, "Pape": 1, "\u00c9v\u00eaques;": 1, "Telle": 1, "Archev\u00each\u00e9 de Paris": 1, "Religion, &": 1, "Dieu": 1, "Le Chapitre de mon Enlise M\u00e9tropolitaine": 1, "Mandement de mon Pr\u00e9d\u00e9cesseur": 1, "Constitution Unigenitus": 1, "Corps Eccl\u00e9siastique du Dioc\u00e8se & d'un Corps": 1, "Clerg\u00e9": 1, "ois": 1, "Chapitre de mon Enlise": 1, "Lettre avec une Requ\u00eate": 1, "Confr\u00e8res": 1, "la Ville": 1, "Ban Lieue": 1, "Association d'Eccl\u00e9siastiques": 1, "Corps, &": 1, "Archev\u00eaque &": 1, "Association": 1, "Arr\u00eats": 1, "V. M.": 1}, "year": "1730", "month": "07", "page": "4"}