{"ents_info": {"La Clef du Cabinet 60 Ma\u00eetre des Requ\u00eates": {"label": "MISC", "kb_qid": null, "url_wikidata": null}, "X.": {"label": "PER", "kb_qid": null, "url_wikidata": null}, "l'Abb\u00e9": {"label": "PER", "kb_qid": "Q2717772", "url_wikidata": "https://www.wikidata.org/wiki/Q2717772"}, "Ron": {"label": "PER", "kb_qid": "Q353559", "url_wikidata": "https://www.wikidata.org/wiki/Q353559"}, "Ville": {"label": "LOC", "kb_qid": "Q515", "url_wikidata": "https://www.wikidata.org/wiki/Q515"}, "Langes": {"label": "LOC", "kb_qid": "Q187359", "url_wikidata": "https://www.wikidata.org/wiki/Q187359"}, "Monseigneur le Dauphin": {"label": "PER", "kb_qid": "Q192883", "url_wikidata": "https://www.wikidata.org/wiki/Q192883"}, "Il'Ho\u0302tel": {"label": "ORG", "kb_qid": null, "url_wikidata": null}, "Nonce Masse i": {"label": "PER", "kb_qid": null, "url_wikidata": null}, "Nonce": {"label": "ORG", "kb_qid": "Q157037", "url_wikidata": "https://www.wikidata.org/wiki/Q157037"}, "Pape": {"label": "PER", "kb_qid": "Q19546", "url_wikidata": "https://www.wikidata.org/wiki/Q19546"}, "Milord": {"label": "PER", "kb_qid": "Q2608479", "url_wikidata": "https://www.wikidata.org/wiki/Q2608479"}, "Ambassadeur": {"label": "PER", "kb_qid": "Q193391", "url_wikidata": "https://www.wikidata.org/wiki/Q193391"}, "Roi de la Grande": {"label": "PER", "kb_qid": null, "url_wikidata": null}, "Bretagne": {"label": "LOC", "kb_qid": "Q327", "url_wikidata": "https://www.wikidata.org/wiki/Q327"}, "S. Ex": {"label": "MISC", "kb_qid": null, "url_wikidata": null}, "Baronne": {"label": "PER", "kb_qid": "Q165503", "url_wikidata": "https://www.wikidata.org/wiki/Q165503"}, "Brie": {"label": "LOC", "kb_qid": "Q914050", "url_wikidata": "https://www.wikidata.org/wiki/Q914050"}, "Bourg": {"label": "LOC", "kb_qid": "Q26714626", "url_wikidata": "https://www.wikidata.org/wiki/Q26714626"}, "Ao\u00fbt dernier": {"label": "MISC", "kb_qid": null, "url_wikidata": null}, "Habitants": {"label": "LOC", "kb_qid": "Q109038548", "url_wikidata": "https://www.wikidata.org/wiki/Q109038548"}, "Terre de Villes": {"label": "LOC", "kb_qid": null, "url_wikidata": null}, "Recourt": {"label": "LOC", "kb_qid": "Q495716", "url_wikidata": "https://www.wikidata.org/wiki/Q495716"}, "Freine": {"label": "LOC", "kb_qid": null, "url_wikidata": null}, "Sannois": {"label": "LOC", "kb_qid": "Q259216", "url_wikidata": "https://www.wikidata.org/wiki/Q259216"}, "Roy": {"label": "PER", "kb_qid": "Q643084", "url_wikidata": "https://www.wikidata.org/wiki/Q643084"}, "Monsieur": {"label": "PER", "kb_qid": "Q20750080", "url_wikidata": "https://www.wikidata.org/wiki/Q20750080"}, "Journal: Une fille de 26": {"label": "MISC", "kb_qid": null, "url_wikidata": null}, "Anne Eug\u00e9nie": {"label": "PER", "kb_qid": null, "url_wikidata": null}, "Village": {"label": "LOC", "kb_qid": "Q532", "url_wikidata": "https://www.wikidata.org/wiki/Q532"}, "Mantoue": {"label": "LOC", "kb_qid": "Q6247", "url_wikidata": "https://www.wikidata.org/wiki/Q6247"}, "Ville de Lorraine": {"label": "LOC", "kb_qid": "Q142162", "url_wikidata": "https://www.wikidata.org/wiki/Q142162"}, "Fran\u00e7ois Aubrey": {"label": "PER", "kb_qid": null, "url_wikidata": null}, "Bois": {"label": "LOC", "kb_qid": "Q287", "url_wikidata": "https://www.wikidata.org/wiki/Q287"}, "Ch\u00e2teau Salin": {"label": "LOC", "kb_qid": null, "url_wikidata": null}, "Plaine": {"label": "LOC", "kb_qid": "Q22916", "url_wikidata": "https://www.wikidata.org/wiki/Q22916"}, "Etan": {"label": "LOC", "kb_qid": null, "url_wikidata": null}}, "ents_freq": {"La Clef du Cabinet 60 Ma\u00eetre des Requ\u00eates": 1, "X.": 1, "l'Abb\u00e9": 1, "Ron": 1, "Ville": 1, "Langes": 1, "Monseigneur le Dauphin": 1, "Il'Ho\u0302tel": 1, "Nonce Masse i": 1, "Nonce": 1, "Pape": 1, "Milord": 1, "Ambassadeur": 1, "Roi de la Grande": 1, "Bretagne": 1, "S. Ex": 1, "Baronne": 1, "Brie": 1, "Bourg": 2, "Ao\u00fbt dernier": 1, "Habitants": 1, "Terre de Villes": 1, "Recourt": 1, "Freine": 1, "Sannois": 1, "Roy": 1, "Monsieur": 1, "Journal: Une fille de 26": 1, "Anne Eug\u00e9nie": 1, "Village": 1, "Mantoue": 1, "Ville de Lorraine": 1, "Fran\u00e7ois Aubrey": 1, "Bois": 2, "Ch\u00e2teau Salin": 1, "Plaine": 1, "Etan": 1}, "year": "1730", "month": "11", "page": "51"}