{"ents_info": {"Cabinet de l'Empereur": {"label": "MISC", "kb_qid": null, "url_wikidata": null}, "Royaume": {"label": "LOC", "kb_qid": "Q145", "url_wikidata": "https://www.wikidata.org/wiki/Q145"}, "Roy de Sardaigne": {"label": "PER", "kb_qid": null, "url_wikidata": null}, "Prince": {"label": "PER", "kb_qid": "Q131719", "url_wikidata": "https://www.wikidata.org/wiki/Q131719"}, "\u00c9tats": {"label": "LOC", "kb_qid": "Q35657", "url_wikidata": "https://www.wikidata.org/wiki/Q35657"}, "Troupes": {"label": "MISC", "kb_qid": null, "url_wikidata": null}, "Roy d'Espagne": {"label": "PER", "kb_qid": null, "url_wikidata": null}, "Cantons Suisses": {"label": "LOC", "kb_qid": "Q23058", "url_wikidata": "https://www.wikidata.org/wiki/Q23058"}, "S. M. Sardaigne": {"label": "PER", "kb_qid": null, "url_wikidata": null}, "oit": {"label": "PER", "kb_qid": "Q54129", "url_wikidata": "https://www.wikidata.org/wiki/Q54129"}, "Italie": {"label": "LOC", "kb_qid": "Q172579", "url_wikidata": "https://www.wikidata.org/wiki/Q172579"}, "L'Empereur": {"label": "PER", "kb_qid": "Q517", "url_wikidata": "https://www.wikidata.org/wiki/Q517"}, "Conseils d'Ekat": {"label": "MISC", "kb_qid": null, "url_wikidata": null}, "Monarque": {"label": "PER", "kb_qid": "Q212398", "url_wikidata": "https://www.wikidata.org/wiki/Q212398"}, "Audience": {"label": "ORG", "kb_qid": "Q1695783", "url_wikidata": "https://www.wikidata.org/wiki/Q1695783"}, "Ministres &": {"label": "ORG", "kb_qid": null, "url_wikidata": null}, "Puissances \u00e9trang\u00e8res": {"label": "MISC", "kb_qid": "Q320404", "url_wikidata": "https://www.wikidata.org/wiki/Q320404"}, "Domination": {"label": "MISC", "kb_qid": "Q1170080", "url_wikidata": "https://www.wikidata.org/wiki/Q1170080"}, "Maison d'Autriche & de l'Empire": {"label": "MISC", "kb_qid": null, "url_wikidata": null}, "Pays": {"label": "LOC", "kb_qid": "Q43702", "url_wikidata": "https://www.wikidata.org/wiki/Q43702"}, "Expr\u00e8s": {"label": "PER", "kb_qid": null, "url_wikidata": null}, "Moscou": {"label": "LOC", "kb_qid": "Q649", "url_wikidata": "https://www.wikidata.org/wiki/Q649"}, "Carine": {"label": "MISC", "kb_qid": "Q2938804", "url_wikidata": "https://www.wikidata.org/wiki/Q2938804"}, "Transylvanie": {"label": "LOC", "kb_qid": "Q655621", "url_wikidata": "https://www.wikidata.org/wiki/Q655621"}, "Hongrie": {"label": "LOC", "kb_qid": "Q171150", "url_wikidata": "https://www.wikidata.org/wiki/Q171150"}, "Troupes auxiliaires de l'Empereur": {"label": "MISC", "kb_qid": null, "url_wikidata": null}, "Commandement du Gen\u00eats": {"label": "MISC", "kb_qid": null, "url_wikidata": null}, "Courrier d\u00e9p\u00each\u00e9": {"label": "MISC", "kb_qid": null, "url_wikidata": null}, "Mr. Dalian": {"label": "PER", "kb_qid": null, "url_wikidata": null}, "R\u00e9sident de l'Empereur": {"label": "MISC", "kb_qid": null, "url_wikidata": null}, "Constantinople": {"label": "LOC", "kb_qid": "Q16869", "url_wikidata": "https://www.wikidata.org/wiki/Q16869"}}, "ents_freq": {"Cabinet de l'Empereur": 1, "Royaume": 1, "Roy de Sardaigne": 1, "Prince": 1, "\u00c9tats": 1, "Troupes": 2, "Roy d'Espagne": 1, "Cantons Suisses": 1, "S. M. Sardaigne": 1, "oit": 1, "Italie": 2, "L'Empereur": 1, "Conseils d'Ekat": 1, "Monarque": 1, "Audience": 1, "Ministres &": 1, "Puissances \u00e9trang\u00e8res": 1, "Domination": 1, "Maison d'Autriche & de l'Empire": 1, "Pays": 1, "Expr\u00e8s": 1, "Moscou": 1, "Carine": 1, "Transylvanie": 1, "Hongrie": 1, "Troupes auxiliaires de l'Empereur": 1, "Commandement du Gen\u00eats": 1, "Courrier d\u00e9p\u00each\u00e9": 1, "Mr. Dalian": 1, "R\u00e9sident de l'Empereur": 1, "Constantinople": 1}, "year": "1730", "month": "05", "page": "45"}