{"ents_info": {"La Ce du Cabinet": {"label": "MISC", "kb_qid": null, "url_wikidata": null}, "& d\u00e9pur\u00e9es av": {"label": "MISC", "kb_qid": null, "url_wikidata": null}, "Vitriols": {"label": "MISC", "kb_qid": "Q4118", "url_wikidata": "https://www.wikidata.org/wiki/Q4118"}, "Vitriol": {"label": "ORG", "kb_qid": "Q427282", "url_wikidata": "https://www.wikidata.org/wiki/Q427282"}, "Chaux-terre": {"label": "LOC", "kb_qid": null, "url_wikidata": null}, "Vitriol,": {"label": "MISC", "kb_qid": null, "url_wikidata": null}}, "ents_freq": {"La Ce du Cabinet": 1, "& d\u00e9pur\u00e9es av": 1, "Vitriols": 2, "Vitriol": 3, "Chaux-terre": 1, "Vitriol,": 1}, "year": "1730", "month": "10", "page": "11"}