{"ents_info": {"Princes oc": {"label": "LOC", "kb_qid": null, "url_wikidata": null}, "Capitaux des pilastres;": {"label": "MISC", "kb_qid": null, "url_wikidata": null}, "M\u00e9dailles": {"label": "LOC", "kb_qid": "Q549143", "url_wikidata": "https://www.wikidata.org/wiki/Q549143"}, "Ages de l'Homme": {"label": "MISC", "kb_qid": null, "url_wikidata": null}, "Merdailles": {"label": "LOC", "kb_qid": null, "url_wikidata": null}, "Magnificence;": {"label": "MISC", "kb_qid": null, "url_wikidata": null}, "Paix": {"label": "MISC", "kb_qid": "Q454", "url_wikidata": "https://www.wikidata.org/wiki/Q454"}, "Vases de bronze": {"label": "MISC", "kb_qid": "Q4167876", "url_wikidata": "https://www.wikidata.org/wiki/Q4167876"}, "Ardeur & le Zele de la Ville de Paris": {"label": "MISC", "kb_qid": null, "url_wikidata": null}, "St. Paul": {"label": "LOC", "kb_qid": "Q28848", "url_wikidata": "https://www.wikidata.org/wiki/Q28848"}, "Artois": {"label": "LOC", "kb_qid": "Q159987", "url_wikidata": "https://www.wikidata.org/wiki/Q159987"}, "Faubourgs de cette Ville": {"label": "LOC", "kb_qid": null, "url_wikidata": null}, "I23": {"label": "LOC", "kb_qid": "Q11379203", "url_wikidata": "https://www.wikidata.org/wiki/Q11379203"}, "Maisons": {"label": "LOC", "kb_qid": "Q463951", "url_wikidata": "https://www.wikidata.org/wiki/Q463951"}, "Granges": {"label": "LOC", "kb_qid": "Q281732", "url_wikidata": "https://www.wikidata.org/wiki/Q281732"}, "De malheur de p\u00e9rir": {"label": "MISC", "kb_qid": null, "url_wikidata": null}, "Habitants": {"label": "LOC", "kb_qid": "Q109038548", "url_wikidata": "https://www.wikidata.org/wiki/Q109038548"}}, "ents_freq": {"Princes oc": 1, "Capitaux des pilastres;": 1, "M\u00e9dailles": 2, "Ages de l'Homme": 1, "Merdailles": 1, "Magnificence;": 1, "Paix": 1, "Vases de bronze": 1, "Ardeur & le Zele de la Ville de Paris": 1, "St. Paul": 1, "Artois": 1, "Faubourgs de cette Ville": 1, "I23": 1, "Maisons": 1, "Granges": 1, "De malheur de p\u00e9rir": 1, "Habitants": 1}, "year": "1730", "month": "10", "page": "50"}