{"ents_info": {"Princes c. Juillet": {"label": "PER", "kb_qid": null, "url_wikidata": null}, "Messieurs": {"label": "PER", "kb_qid": "Q3489506", "url_wikidata": "https://www.wikidata.org/wiki/Q3489506"}, "Auguste": {"label": "PER", "kb_qid": "Q1405", "url_wikidata": "https://www.wikidata.org/wiki/Q1405"}, "Dieu": {"label": "MISC", "kb_qid": "Q190", "url_wikidata": "https://www.wikidata.org/wiki/Q190"}, "Premi\u00e8re Partie de son": {"label": "MISC", "kb_qid": null, "url_wikidata": null}, "\u00c9loge": {"label": "MISC", "kb_qid": "Q61722014", "url_wikidata": "https://www.wikidata.org/wiki/Q61722014"}, "Peuples, nous pouvons dire": {"label": "MISC", "kb_qid": null, "url_wikidata": null}, "Seconde Partie de son \u00c9loge.": {"label": "MISC", "kb_qid": null, "url_wikidata": null}, "Die, Prince": {"label": "MISC", "kb_qid": null, "url_wikidata": null}, "Tr\u00e8s-Haut": {"label": "LOC", "kb_qid": "Q190", "url_wikidata": "https://www.wikidata.org/wiki/Q190"}, "Tr\u00e8s Puissant, & Tr\u00e8s-Excellent Prince L\u00c9OPOLD I. Duc de Lorraine &": {"label": "MISC", "kb_qid": null, "url_wikidata": null}, "Bar": {"label": "PER", "kb_qid": "Q185721", "url_wikidata": "https://www.wikidata.org/wiki/Q185721"}, "Roy de J\u00e9rusalem": {"label": "PER", "kb_qid": null, "url_wikidata": null}, "Monarque, & l'appui de son Tonne": {"label": "MISC", "kb_qid": null, "url_wikidata": null}, "Isra\u00ebl &": {"label": "ORG", "kb_qid": null, "url_wikidata": null}, "Juda": {"label": "PER", "kb_qid": "Q104028", "url_wikidata": "https://www.wikidata.org/wiki/Q104028"}, "Royaut\u00e9, &": {"label": "ORG", "kb_qid": null, "url_wikidata": null}, "Nations": {"label": "ORG", "kb_qid": "Q3337009", "url_wikidata": "https://www.wikidata.org/wiki/Q3337009"}, "Empereurs l'Idol\u00e2tres": {"label": "MISC", "kb_qid": null, "url_wikidata": null}, "Pieux": {"label": "PER", "kb_qid": "Q1062610", "url_wikidata": "https://www.wikidata.org/wiki/Q1062610"}, "Prince": {"label": "PER", "kb_qid": "Q2747456", "url_wikidata": "https://www.wikidata.org/wiki/Q2747456"}, "H\u00e9ro\u00efsme": {"label": "PER", "kb_qid": "Q162244", "url_wikidata": "https://www.wikidata.org/wiki/Q162244"}}, "ents_freq": {"Princes c. Juillet": 1, "Messieurs": 1, "Auguste": 1, "Dieu": 1, "Premi\u00e8re Partie de son": 1, "\u00c9loge": 1, "Peuples, nous pouvons dire": 1, "Seconde Partie de son \u00c9loge.": 1, "Die, Prince": 1, "Tr\u00e8s-Haut": 1, "Tr\u00e8s Puissant, & Tr\u00e8s-Excellent Prince L\u00c9OPOLD I. Duc de Lorraine &": 1, "Bar": 1, "Roy de J\u00e9rusalem": 1, "Monarque, & l'appui de son Tonne": 1, "Isra\u00ebl &": 1, "Juda": 1, "Royaut\u00e9, &": 1, "Nations": 1, "Empereurs l'Idol\u00e2tres": 1, "Pieux": 1, "Prince": 1, "H\u00e9ro\u00efsme": 1}, "year": "1730", "month": "07", "page": "42"}