{"ents_info": {"Cabinet": {"label": "MISC", "kb_qid": null, "url_wikidata": null}, "ps": {"label": "ORG", "kb_qid": null, "url_wikidata": null}, "Chaudronniers": {"label": "LOC", "kb_qid": null, "url_wikidata": null}, "Romains": {"label": "LOC", "kb_qid": null, "url_wikidata": null}, "Minist\u00e8re d'": {"label": "ORG", "kb_qid": null, "url_wikidata": null}, "M\u00e9moire de la fa\u00e7on": {"label": "MISC", "kb_qid": null, "url_wikidata": null}, "Mr.": {"label": "PER", "kb_qid": null, "url_wikidata": null}, "Rivi\u00e8res": {"label": "LOC", "kb_qid": null, "url_wikidata": null}, "Bateaux, &": {"label": "MISC", "kb_qid": null, "url_wikidata": null}, "R\u00e9futation de ce syst\u00e8me: la voici.": {"label": "MISC", "kb_qid": null, "url_wikidata": null}, "Mr. Duquel": {"label": "PER", "kb_qid": null, "url_wikidata": null}, "Bateaux.": {"label": "MISC", "kb_qid": null, "url_wikidata": null}, "M Monsieur Duquel": {"label": "PER", "kb_qid": null, "url_wikidata": null}, "Moulins": {"label": "LOC", "kb_qid": null, "url_wikidata": null}}, "ents_freq": {"Cabinet": 1, "ps": 1, "Chaudronniers": 1, "Romains": 1, "Minist\u00e8re d'": 1, "M\u00e9moire de la fa\u00e7on": 1, "Mr.": 1, "Rivi\u00e8res": 2, "Bateaux, &": 1, "R\u00e9futation de ce syst\u00e8me: la voici.": 1, "Mr. Duquel": 1, "Bateaux.": 1, "M Monsieur Duquel": 1, "Moulins": 1}, "year": "1730", "month": "02", "page": "7"}