{"ents_info": {"Princes": {"label": "LOC", "kb_qid": "Q2747456", "url_wikidata": "https://www.wikidata.org/wiki/Q2747456"}, "Roi": {"label": "PER", "kb_qid": "Q13592862", "url_wikidata": "https://www.wikidata.org/wiki/Q13592862"}, "Ministres": {"label": "MISC", "kb_qid": "Q6063", "url_wikidata": "https://www.wikidata.org/wiki/Q6063"}, "Alli\u00e9s": {"label": "MISC", "kb_qid": "Q215669", "url_wikidata": "https://www.wikidata.org/wiki/Q215669"}, "Chambres du Parlement": {"label": "ORG", "kb_qid": "Q62408", "url_wikidata": "https://www.wikidata.org/wiki/Q62408"}, "Commissaires": {"label": "MISC", "kb_qid": "Q2986308", "url_wikidata": "https://www.wikidata.org/wiki/Q2986308"}, "Ebit": {"label": "ORG", "kb_qid": "Q720862", "url_wikidata": "https://www.wikidata.org/wiki/Q720862"}, "De r\u00e9tablissement des Charges": {"label": "MISC", "kb_qid": null, "url_wikidata": null}, "Quais & Halles de cette Ville": {"label": "MISC", "kb_qid": null, "url_wikidata": null}, "D\u00e9put\u00e9s": {"label": "MISC", "kb_qid": "Q193582", "url_wikidata": "https://www.wikidata.org/wiki/Q193582"}, "Versailles": {"label": "LOC", "kb_qid": "Q2946", "url_wikidata": "https://www.wikidata.org/wiki/Q2946"}, "Cloches": {"label": "MISC", "kb_qid": "Q101401", "url_wikidata": "https://www.wikidata.org/wiki/Q101401"}, "Roi de Portugal": {"label": "PER", "kb_qid": null, "url_wikidata": null}, "Port de St. Nicolas du Louvre": {"label": "LOC", "kb_qid": null, "url_wikidata": null}, "Balances": {"label": "ORG", "kb_qid": "Q1776236", "url_wikidata": "https://www.wikidata.org/wiki/Q1776236"}, "Comte": {"label": "PER", "kb_qid": "Q12718", "url_wikidata": "https://www.wikidata.org/wiki/Q12718"}, "Ministre de l'Empereur": {"label": "ORG", "kb_qid": null, "url_wikidata": null}, "H\u00f4tel": {"label": "LOC", "kb_qid": "Q27686", "url_wikidata": "https://www.wikidata.org/wiki/Q27686"}, "Ministres \u00e9trangers &": {"label": "ORG", "kb_qid": null, "url_wikidata": null}, "Ronge, autre": {"label": "MISC", "kb_qid": null, "url_wikidata": null}, "Ministre": {"label": "ORG", "kb_qid": "Q83307", "url_wikidata": "https://www.wikidata.org/wiki/Q83307"}, "Cour": {"label": "LOC", "kb_qid": "Q122880", "url_wikidata": "https://www.wikidata.org/wiki/Q122880"}, "Commissaire le Comte": {"label": "ORG", "kb_qid": null, "url_wikidata": null}, "Effets de la d\u00e9funte": {"label": "MISC", "kb_qid": null, "url_wikidata": null}, "Duchesse": {"label": "PER", "kb_qid": "Q201143", "url_wikidata": "https://www.wikidata.org/wiki/Q201143"}, "\u00c9quipages & les \u00c9curies de cette Princesse": {"label": "ORG", "kb_qid": null, "url_wikidata": null}, "Expr\u00e8s": {"label": "MISC", "kb_qid": null, "url_wikidata": null}, "Cours de Vienne & d\u00e9 Moderne": {"label": "MISC", "kb_qid": null, "url_wikidata": null}, "Commissaire": {"label": "MISC", "kb_qid": "Q524778", "url_wikidata": "https://www.wikidata.org/wiki/Q524778"}, "Cabinet,": {"label": "MISC", "kb_qid": null, "url_wikidata": null}, "Cabinet.": {"label": "MISC", "kb_qid": null, "url_wikidata": null}}, "ents_freq": {"Princes": 1, "Roi": 2, "Ministres": 1, "Alli\u00e9s": 1, "Chambres du Parlement": 1, "Commissaires": 1, "Ebit": 1, "De r\u00e9tablissement des Charges": 1, "Quais & Halles de cette Ville": 1, "D\u00e9put\u00e9s": 1, "Versailles": 1, "Cloches": 1, "Roi de Portugal": 1, "Port de St. Nicolas du Louvre": 1, "Balances": 2, "Comte": 1, "Ministre de l'Empereur": 1, "H\u00f4tel": 2, "Ministres \u00e9trangers &": 1, "Ronge, autre": 1, "Ministre": 1, "Cour": 1, "Commissaire le Comte": 1, "Effets de la d\u00e9funte": 1, "Duchesse": 1, "\u00c9quipages & les \u00c9curies de cette Princesse": 1, "Expr\u00e8s": 1, "Cours de Vienne & d\u00e9 Moderne": 1, "Commissaire": 1, "Cabinet,": 1, "Cabinet.": 1}, "year": "1730", "month": "10", "page": "46"}