{"ents_info": {"L\u00e0 Clef du Cabine": {"label": "MISC", "kb_qid": null, "url_wikidata": null}, "sa Capitale": {"label": "LOC", "kb_qid": "Q3838", "url_wikidata": "https://www.wikidata.org/wiki/Q3838"}, "Procession annuelle": {"label": "MISC", "kb_qid": null, "url_wikidata": null}, "FRANCISCO III": {"label": "PER", "kb_qid": null, "url_wikidata": null}, "ab Aura Austral": {"label": "MISC", "kb_qid": null, "url_wikidata": null}, "Pulls aquige": {"label": "PER", "kb_qid": null, "url_wikidata": null}, "Quantum": {"label": "MISC", "kb_qid": "Q2069518", "url_wikidata": "https://www.wikidata.org/wiki/Q2069518"}, "Sinc\u00e8re": {"label": "PER", "kb_qid": null, "url_wikidata": null}, "Lucide supr\u00eame mot": {"label": "MISC", "kb_qid": null, "url_wikidata": null}, "generis": {"label": "LOC", "kb_qid": null, "url_wikidata": null}, "SC": {"label": "LOC", "kb_qid": "Q41115", "url_wikidata": "https://www.wikidata.org/wiki/Q41115"}, "Et redit a ries imp\u00e9rieuse plages": {"label": "MISC", "kb_qid": null, "url_wikidata": null}, "Excipient redusse": {"label": "PER", "kb_qid": null, "url_wikidata": null}, "R\u00e9gence": {"label": "PER", "kb_qid": "Q1362712", "url_wikidata": "https://www.wikidata.org/wiki/Q1362712"}, "Brigitte": {"label": "PER", "kb_qid": "Q2925381", "url_wikidata": "https://www.wikidata.org/wiki/Q2925381"}, "Pittoresque doucet.": {"label": "LOC", "kb_qid": null, "url_wikidata": null}, "Dos": {"label": "LOC", "kb_qid": "Q133279", "url_wikidata": "https://www.wikidata.org/wiki/Q133279"}, "Ebit essai do e?": {"label": "MISC", "kb_qid": null, "url_wikidata": null}, "Ha": {"label": "MISC", "kb_qid": "Q1418467", "url_wikidata": "https://www.wikidata.org/wiki/Q1418467"}, "us": {"label": "LOC", "kb_qid": "Q3552526", "url_wikidata": "https://www.wikidata.org/wiki/Q3552526"}, "Francs": {"label": "MISC", "kb_qid": "Q184172", "url_wikidata": "https://www.wikidata.org/wiki/Q184172"}, "Public dinar": {"label": "MISC", "kb_qid": null, "url_wikidata": null}, "Vince tibia": {"label": "PER", "kb_qid": null, "url_wikidata": null}, "FRANCIS": {"label": "ORG", "kb_qid": "Q3081272", "url_wikidata": "https://www.wikidata.org/wiki/Q3081272"}, "Sol vultueuse-e": {"label": "PER", "kb_qid": null, "url_wikidata": null}, "L'\u00c9MIA.": {"label": "MISC", "kb_qid": null, "url_wikidata": null}, "tille": {"label": "PER", "kb_qid": "Q119610", "url_wikidata": "https://www.wikidata.org/wiki/Q119610"}, "tube alicante": {"label": "MISC", "kb_qid": null, "url_wikidata": null}, "Sic Phylum voulus cuisisse": {"label": "PER", "kb_qid": null, "url_wikidata": null}}, "ents_freq": {"L\u00e0 Clef du Cabine": 1, "sa Capitale": 1, "Procession annuelle": 1, "FRANCISCO III": 1, "ab Aura Austral": 1, "Pulls aquige": 1, "Quantum": 1, "Sinc\u00e8re": 1, "Lucide supr\u00eame mot": 1, "generis": 1, "SC": 1, "Et redit a ries imp\u00e9rieuse plages": 1, "Excipient redusse": 1, "R\u00e9gence": 1, "Brigitte": 1, "Pittoresque doucet.": 1, "Dos": 1, "Ebit essai do e?": 1, "Ha": 1, "us": 1, "Francs": 1, "Public dinar": 1, "Vince tibia": 1, "FRANCIS": 1, "Sol vultueuse-e": 1, "L'\u00c9MIA.": 1, "tille": 1, "tube alicante": 1, "Sic Phylum voulus cuisisse": 1}, "year": "1730", "month": "04", "page": "13"}