{"ents_info": {"La Cl e du": {"label": "MISC", "kb_qid": null, "url_wikidata": null}, "Cabinet glaise, de puissance": {"label": "MISC", "kb_qid": null, "url_wikidata": null}, "M\u00e9tal,": {"label": "MISC", "kb_qid": null, "url_wikidata": null}, "M:casse": {"label": "MISC", "kb_qid": null, "url_wikidata": null}, "Marcassite": {"label": "LOC", "kb_qid": "Q409087", "url_wikidata": "https://www.wikidata.org/wiki/Q409087"}, "& une terre": {"label": "MISC", "kb_qid": null, "url_wikidata": null}, "Lin": {"label": "PER", "kb_qid": "Q47144", "url_wikidata": "https://www.wikidata.org/wiki/Q47144"}, "Analyse un esprit acide & une terre bitumineuse": {"label": "MISC", "kb_qid": null, "url_wikidata": null}, "ln Marcassite": {"label": "LOC", "kb_qid": null, "url_wikidata": null}, "M\u00e9tal:": {"label": "MISC", "kb_qid": null, "url_wikidata": null}, "Toron": {"label": "LOC", "kb_qid": "Q681554", "url_wikidata": "https://www.wikidata.org/wiki/Q681554"}, "Messieurs,": {"label": "MISC", "kb_qid": null, "url_wikidata": null}}, "ents_freq": {"La Cl e du": 1, "Cabinet glaise, de puissance": 1, "M\u00e9tal,": 1, "M:casse": 1, "Marcassite": 2, "& une terre": 1, "Lin": 1, "Analyse un esprit acide & une terre bitumineuse": 1, "ln Marcassite": 1, "M\u00e9tal:": 1, "Toron": 1, "Messieurs,": 1}, "year": "1730", "month": "10", "page": "7"}