{"ents_info": {"Cabine V. Barcelone": {"label": "MISC", "kb_qid": null, "url_wikidata": null}, "Troupes": {"label": "LOC", "kb_qid": null, "url_wikidata": null}, "d'Italie": {"label": "LOC", "kb_qid": "Q223936", "url_wikidata": "https://www.wikidata.org/wiki/Q223936"}, "Artillerie &": {"label": "ORG", "kb_qid": null, "url_wikidata": null}, "& beau": {"label": "MISC", "kb_qid": null, "url_wikidata": null}, "Vaisseaux de guerre Espagnols": {"label": "MISC", "kb_qid": null, "url_wikidata": null}, "Cadix": {"label": "LOC", "kb_qid": "Q15682", "url_wikidata": "https://www.wikidata.org/wiki/Q15682"}, "Vaisseaux": {"label": "MISC", "kb_qid": "Q3553318", "url_wikidata": "https://www.wikidata.org/wiki/Q3553318"}, "Lequel": {"label": "PER", "kb_qid": null, "url_wikidata": null}, "Pontons": {"label": "LOC", "kb_qid": "Q1229275", "url_wikidata": "https://www.wikidata.org/wiki/Q1229275"}, "Troupes;": {"label": "MISC", "kb_qid": null, "url_wikidata": null}, "Juillet": {"label": "PER", "kb_qid": "Q121", "url_wikidata": "https://www.wikidata.org/wiki/Q121"}, "Cout de Vienne": {"label": "PER", "kb_qid": null, "url_wikidata": null}, "Alli\u00e9s": {"label": "MISC", "kb_qid": "Q23681360", "url_wikidata": "https://www.wikidata.org/wiki/Q23681360"}, "Trait\u00e9 de Seille": {"label": "MISC", "kb_qid": null, "url_wikidata": null}, "Quatre Vaisseaux": {"label": "MISC", "kb_qid": null, "url_wikidata": null}, "Rade de Barcelone": {"label": "LOC", "kb_qid": null, "url_wikidata": null}, "Lille de Majorque": {"label": "LOC", "kb_qid": null, "url_wikidata": null}, "& ces Troupes": {"label": "MISC", "kb_qid": null, "url_wikidata": null}, "Gales": {"label": "LOC", "kb_qid": "Q134346", "url_wikidata": "https://www.wikidata.org/wiki/Q134346"}, "Albaches": {"label": "LOC", "kb_qid": null, "url_wikidata": null}, "Galeries": {"label": "ORG", "kb_qid": "Q1007870", "url_wikidata": "https://www.wikidata.org/wiki/Q1007870"}, "R\u00e9giment de Sofia": {"label": "ORG", "kb_qid": null, "url_wikidata": null}, "Chercha": {"label": "LOC", "kb_qid": null, "url_wikidata": null}, "VI": {"label": "MISC", "kb_qid": "Q24950490", "url_wikidata": "https://www.wikidata.org/wiki/Q24950490"}, "Galions": {"label": "LOC", "kb_qid": "Q181469", "url_wikidata": "https://www.wikidata.org/wiki/Q181469"}, "\u00c9ric,is": {"label": "MISC", "kb_qid": null, "url_wikidata": null}, "Punas": {"label": "LOC", "kb_qid": null, "url_wikidata": null}, "baye": {"label": "LOC", "kb_qid": "Q1106721", "url_wikidata": "https://www.wikidata.org/wiki/Q1106721"}}, "ents_freq": {"Cabine V. Barcelone": 1, "Troupes": 2, "d'Italie": 1, "Artillerie &": 1, "& beau": 1, "Vaisseaux de guerre Espagnols": 1, "Cadix": 2, "Vaisseaux": 1, "Lequel": 1, "Pontons": 1, "Troupes;": 1, "Juillet": 1, "Cout de Vienne": 1, "Alli\u00e9s": 1, "Trait\u00e9 de Seille": 1, "Quatre Vaisseaux": 1, "Rade de Barcelone": 1, "Lille de Majorque": 1, "& ces Troupes": 1, "Gales": 1, "Albaches": 1, "Galeries": 1, "R\u00e9giment de Sofia": 1, "Chercha": 1, "VI": 1, "Galions": 1, "\u00c9ric,is": 1, "Punas": 1, "baye": 1}, "year": "1730", "month": "07", "page": "15"}