{"ents_info": {"Princes": {"label": "LOC", "kb_qid": "Q2747456", "url_wikidata": "https://www.wikidata.org/wiki/Q2747456"}, "La Procession du V\u00e9n\u00e9rable": {"label": "MISC", "kb_qid": null, "url_wikidata": null}, "\u00c9glise de St. Jean de Latran": {"label": "LOC", "kb_qid": null, "url_wikidata": null}, "Sacr\u00e9 Collage": {"label": "LOC", "kb_qid": null, "url_wikidata": null}, "Clerg\u00e9 R\u00e9gulier": {"label": "LOC", "kb_qid": "Q2978945", "url_wikidata": "https://www.wikidata.org/wiki/Q2978945"}, "Basilique de St. Pierre": {"label": "LOC", "kb_qid": null, "url_wikidata": null}, "Cardinal": {"label": "PER", "kb_qid": "Q45722", "url_wikidata": "https://www.wikidata.org/wiki/Q45722"}, "Camerlingue, & Archipr\u00eatre de cette Basilique": {"label": "MISC", "kb_qid": null, "url_wikidata": null}, "Cardinal de Sintrendoff": {"label": "PER", "kb_qid": null, "url_wikidata": null}, "Rome": {"label": "LOC", "kb_qid": "Q220", "url_wikidata": "https://www.wikidata.org/wiki/Q220"}, "Conclave": {"label": "MISC", "kb_qid": "Q4422669", "url_wikidata": "https://www.wikidata.org/wiki/Q4422669"}, "S. Em": {"label": "PER", "kb_qid": null, "url_wikidata": null}, "Chevaux": {"label": "MISC", "kb_qid": "Q726", "url_wikidata": "https://www.wikidata.org/wiki/Q726"}, "Cardinal Conjungos": {"label": "PER", "kb_qid": null, "url_wikidata": null}, "Expr\u00e8s d\u00e9p\u00each\u00e9 de Lisbonne des Lettres": {"label": "PER", "kb_qid": null, "url_wikidata": null}, "Portugaise": {"label": "LOC", "kb_qid": "Q45", "url_wikidata": "https://www.wikidata.org/wiki/Q45"}, "Monarque & le Sacr\u00e9 Collage": {"label": "ORG", "kb_qid": null, "url_wikidata": null}, "Courriers": {"label": "MISC", "kb_qid": "Q9158", "url_wikidata": "https://www.wikidata.org/wiki/Q9158"}, "Cours de Vienne & de France": {"label": "MISC", "kb_qid": null, "url_wikidata": null}, "Pape": {"label": "PER", "kb_qid": "Q19546", "url_wikidata": "https://www.wikidata.org/wiki/Q19546"}, "De secret": {"label": "MISC", "kb_qid": null, "url_wikidata": null}, "Cardinal Dataire Contadin": {"label": "PER", "kb_qid": null, "url_wikidata": null}, "Scrutin du jour pr\u00e9c\u00e9dent, &": {"label": "MISC", "kb_qid": null, "url_wikidata": null}, "\u00c9minence": {"label": "PER", "kb_qid": "Q45722", "url_wikidata": "https://www.wikidata.org/wiki/Q45722"}, "Singe Apostolique": {"label": "MISC", "kb_qid": null, "url_wikidata": null}, "a2": {"label": "LOC", "kb_qid": "Q168759", "url_wikidata": "https://www.wikidata.org/wiki/Q168759"}, "De Cardinal Costa": {"label": "PER", "kb_qid": null, "url_wikidata": null}, "Naples": {"label": "LOC", "kb_qid": "Q2634", "url_wikidata": "https://www.wikidata.org/wiki/Q2634"}, "Cardinaux Chefs": {"label": "PER", "kb_qid": null, "url_wikidata": null}}, "ents_freq": {"Princes": 1, "La Procession du V\u00e9n\u00e9rable": 1, "\u00c9glise de St. Jean de Latran": 1, "Sacr\u00e9 Collage": 1, "Clerg\u00e9 R\u00e9gulier": 1, "Basilique de St. Pierre": 1, "Cardinal": 1, "Camerlingue, & Archipr\u00eatre de cette Basilique": 1, "Cardinal de Sintrendoff": 1, "Rome": 2, "Conclave": 2, "S. Em": 1, "Chevaux": 1, "Cardinal Conjungos": 1, "Expr\u00e8s d\u00e9p\u00each\u00e9 de Lisbonne des Lettres": 1, "Portugaise": 1, "Monarque & le Sacr\u00e9 Collage": 1, "Courriers": 2, "Cours de Vienne & de France": 1, "Pape": 1, "De secret": 1, "Cardinal Dataire Contadin": 1, "Scrutin du jour pr\u00e9c\u00e9dent, &": 1, "\u00c9minence": 1, "Singe Apostolique": 1, "a2": 1, "De Cardinal Costa": 1, "Naples": 1, "Cardinaux Chefs": 1}, "year": "1730", "month": "08", "page": "26"}