{"ents_info": {"Cabinet 154 Je suis de toutes les Provinces": {"label": "MISC", "kb_qid": null, "url_wikidata": null}, "Mille": {"label": "MISC", "kb_qid": null, "url_wikidata": null}, "Par politique,": {"label": "MISC", "kb_qid": null, "url_wikidata": null}, "Dior": {"label": "ORG", "kb_qid": null, "url_wikidata": null}, "Le Roy": {"label": "PER", "kb_qid": null, "url_wikidata": null}, "Grands, des": {"label": "MISC", "kb_qid": null, "url_wikidata": null}, "Ministres d'Ekat &": {"label": "MISC", "kb_qid": null, "url_wikidata": null}, "Seigneurs de la Cour": {"label": "MISC", "kb_qid": null, "url_wikidata": null}, "Palais Royal": {"label": "LOC", "kb_qid": null, "url_wikidata": null}, "Gala: le soir": {"label": "MISC", "kb_qid": null, "url_wikidata": null}, "Musique dans l'appartement de la Princesse des Asturies": {"label": "MISC", "kb_qid": null, "url_wikidata": null}, "Bal": {"label": "LOC", "kb_qid": null, "url_wikidata": null}, "Reine": {"label": "PER", "kb_qid": null, "url_wikidata": null}, "S. M.": {"label": "PER", "kb_qid": null, "url_wikidata": null}, "Roy & de toute": {"label": "MISC", "kb_qid": null, "url_wikidata": null}, "Chapelle du Palais": {"label": "LOC", "kb_qid": null, "url_wikidata": null}, "Autel l'Infante": {"label": "MISC", "kb_qid": null, "url_wikidata": null}, "Cardinal de Borgia": {"label": "PER", "kb_qid": null, "url_wikidata": null}, "Ministres, & d'un grand": {"label": "MISC", "kb_qid": null, "url_wikidata": null}, "I": {"label": "LOC", "kb_qid": null, "url_wikidata": null}, "Enlise": {"label": "MISC", "kb_qid": null, "url_wikidata": null}, "Te T'": {"label": "PER", "kb_qid": null, "url_wikidata": null}, "Ministres des Rois d'Angleterre & de Sardaigne": {"label": "MISC", "kb_qid": null, "url_wikidata": null}}, "ents_freq": {"Cabinet 154 Je suis de toutes les Provinces": 1, "Mille": 1, "Par politique,": 1, "Dior": 1, "Le Roy": 1, "Grands, des": 2, "Ministres d'Ekat &": 1, "Seigneurs de la Cour": 1, "Palais Royal": 1, "Gala: le soir": 1, "Musique dans l'appartement de la Princesse des Asturies": 1, "Bal": 1, "Reine": 2, "S. M.": 1, "Roy & de toute": 1, "Chapelle du Palais": 1, "Autel l'Infante": 1, "Cardinal de Borgia": 1, "Ministres, & d'un grand": 1, "I": 1, "Enlise": 1, "Te T'": 1, "Ministres des Rois d'Angleterre & de Sardaigne": 1}, "year": "1730", "month": "03", "page": "17"}