{"ents_info": {"D\u00c9SARTICUL\u00c9S": {"label": "MISC", "kb_qid": null, "url_wikidata": null}, "Du mois de Juillet": {"label": "MISC", "kb_qid": null, "url_wikidata": null}, "ARTICLE II": {"label": "PER", "kb_qid": null, "url_wikidata": null}, "Espagne &": {"label": "ORG", "kb_qid": null, "url_wikidata": null}, "Portugal": {"label": "LOC", "kb_qid": null, "url_wikidata": null}, "ARTICLE III": {"label": "PER", "kb_qid": null, "url_wikidata": null}, "Italie": {"label": "LOC", "kb_qid": null, "url_wikidata": null}, "ARTICLE IV": {"label": "MISC", "kb_qid": null, "url_wikidata": null}, "France": {"label": "LOC", "kb_qid": null, "url_wikidata": null}, "ARTICLE VI": {"label": "PER", "kb_qid": null, "url_wikidata": null}, "Pologne": {"label": "LOC", "kb_qid": null, "url_wikidata": null}, "Nord": {"label": "LOC", "kb_qid": null, "url_wikidata": null}, "ARTICLE VII": {"label": "PER", "kb_qid": null, "url_wikidata": null}, "Angleterre": {"label": "LOC", "kb_qid": null, "url_wikidata": null}, "Hollande": {"label": "LOC", "kb_qid": null, "url_wikidata": null}, "Bas": {"label": "LOC", "kb_qid": null, "url_wikidata": null}, "Mariages & Morts": {"label": "MISC", "kb_qid": null, "url_wikidata": null}}, "ents_freq": {"D\u00c9SARTICUL\u00c9S": 1, "Du mois de Juillet": 1, "ARTICLE II": 1, "Espagne &": 1, "Portugal": 1, "ARTICLE III": 1, "Italie": 1, "ARTICLE IV": 1, "France": 1, "ARTICLE VI": 1, "Pologne": 1, "Nord": 1, "ARTICLE VII": 1, "Angleterre": 1, "Hollande": 1, "Bas": 1, "Mariages & Morts": 1}, "year": "1730", "month": "07", "page": "78"}