{"ents_info": {"La Clef du Cabinet 48 De Roi": {"label": "MISC", "kb_qid": null, "url_wikidata": null}, "Leypsichde": {"label": "PER", "kb_qid": null, "url_wikidata": null}, "Tentes n\u00e9cessaires": {"label": "MISC", "kb_qid": null, "url_wikidata": null}, "Comte de Tranches,": {"label": "LOC", "kb_qid": null, "url_wikidata": null}, "Ministre du Roi de Prusse": {"label": "ORG", "kb_qid": null, "url_wikidata": null}, "S. M.": {"label": "PER", "kb_qid": "Q669458", "url_wikidata": "https://www.wikidata.org/wiki/Q669458"}, "R\u00e9giment des Chevaliers Gardes, mont\u00e9 & habill\u00e9 tout de neuf": {"label": "MISC", "kb_qid": null, "url_wikidata": null}, "Roi": {"label": "PER", "kb_qid": "Q18384454", "url_wikidata": "https://www.wikidata.org/wiki/Q18384454"}, "Berlin": {"label": "LOC", "kb_qid": "Q64", "url_wikidata": "https://www.wikidata.org/wiki/Q64"}, "Roy de Prusse": {"label": "PER", "kb_qid": null, "url_wikidata": null}, "S. M. Polonaise": {"label": "PER", "kb_qid": null, "url_wikidata": null}, "R\u00e9giment de Dragons": {"label": "MISC", "kb_qid": "Q2818639", "url_wikidata": "https://www.wikidata.org/wiki/Q2818639"}, "Chevaliers Gardes": {"label": "MISC", "kb_qid": "Q680411", "url_wikidata": "https://www.wikidata.org/wiki/Q680411"}, "Expr\u00e8s d\u00e9p\u00each\u00e9": {"label": "MISC", "kb_qid": null, "url_wikidata": null}, "Paris": {"label": "LOC", "kb_qid": "Q90", "url_wikidata": "https://www.wikidata.org/wiki/Q90"}, "Conclusion d'un Trait\u00e9 de Paix": {"label": "MISC", "kb_qid": null, "url_wikidata": null}, "Seille": {"label": "LOC", "kb_qid": "Q599492", "url_wikidata": "https://www.wikidata.org/wiki/Q599492"}, "y. Novembre": {"label": "LOC", "kb_qid": null, "url_wikidata": null}, "Alli\u00e9s": {"label": "MISC", "kb_qid": "Q215669", "url_wikidata": "https://www.wikidata.org/wiki/Q215669"}, "Toutes Prussiennes": {"label": "MISC", "kb_qid": null, "url_wikidata": null}, "Arm\u00e9e": {"label": "ORG", "kb_qid": "Q209507", "url_wikidata": "https://www.wikidata.org/wiki/Q209507"}, "Conf\u00e9rences": {"label": "MISC", "kb_qid": "Q625994", "url_wikidata": "https://www.wikidata.org/wiki/Q625994"}, "Brunswick": {"label": "LOC", "kb_qid": "Q2773", "url_wikidata": "https://www.wikidata.org/wiki/Q2773"}, "m\u00e9diation des Ducs de Volfembutel &": {"label": "MISC", "kb_qid": null, "url_wikidata": null}, "Saligota": {"label": "MISC", "kb_qid": null, "url_wikidata": null}, "S. M. IP": {"label": "PER", "kb_qid": null, "url_wikidata": null}, "Cour &": {"label": "ORG", "kb_qid": null, "url_wikidata": null}, "R\u00e9gence d'Hanovre": {"label": "PER", "kb_qid": null, "url_wikidata": null}, "Princesse Charlotte Philippine": {"label": "PER", "kb_qid": null, "url_wikidata": null}, "S. M. Prussienne": {"label": "PER", "kb_qid": null, "url_wikidata": null}, "Cordon de l'Ordre de Abbaye de Thetford": {"label": "LOC", "kb_qid": null, "url_wikidata": null}, "Westphalie": {"label": "LOC", "kb_qid": "Q153943", "url_wikidata": "https://www.wikidata.org/wiki/Q153943"}, "Coadjutrice. VIII": {"label": "MISC", "kb_qid": null, "url_wikidata": null}, "Prince Charles L\u00e9opold de Mecklembourg": {"label": "PER", "kb_qid": null, "url_wikidata": null}, "l'Empereur": {"label": "PER", "kb_qid": "Q517", "url_wikidata": "https://www.wikidata.org/wiki/Q517"}, "Prince": {"label": "PER", "kb_qid": "Q2747456", "url_wikidata": "https://www.wikidata.org/wiki/Q2747456"}}, "ents_freq": {"La Clef du Cabinet 48 De Roi": 1, "Leypsichde": 1, "Tentes n\u00e9cessaires": 1, "Comte de Tranches,": 1, "Ministre du Roi de Prusse": 1, "S. M.": 1, "R\u00e9giment des Chevaliers Gardes, mont\u00e9 & habill\u00e9 tout de neuf": 1, "Roi": 1, "Berlin": 1, "Roy de Prusse": 1, "S. M. Polonaise": 1, "R\u00e9giment de Dragons": 1, "Chevaliers Gardes": 1, "Expr\u00e8s d\u00e9p\u00each\u00e9": 1, "Paris": 1, "Conclusion d'un Trait\u00e9 de Paix": 1, "Seille": 1, "y. Novembre": 1, "Alli\u00e9s": 1, "Toutes Prussiennes": 1, "Arm\u00e9e": 1, "Conf\u00e9rences": 1, "Brunswick": 1, "m\u00e9diation des Ducs de Volfembutel &": 1, "Saligota": 1, "S. M. IP": 1, "Cour &": 1, "R\u00e9gence d'Hanovre": 1, "Princesse Charlotte Philippine": 1, "S. M. Prussienne": 2, "Cordon de l'Ordre de Abbaye de Thetford": 1, "Westphalie": 1, "Coadjutrice. VIII": 1, "Prince Charles L\u00e9opold de Mecklembourg": 1, "l'Empereur": 1, "Prince": 1}, "year": "1730", "month": "01", "page": "47"}