{"ents_info": {"Princes": {"label": "LOC", "kb_qid": null, "url_wikidata": null}, "Ispahan": {"label": "LOC", "kb_qid": null, "url_wikidata": null}, "Aim\u00e9e": {"label": "PER", "kb_qid": null, "url_wikidata": null}, "Troupes & de celles": {"label": "ORG", "kb_qid": null, "url_wikidata": null}, "Grand Mogol": {"label": "LOC", "kb_qid": null, "url_wikidata": null}, "Grand Vizir": {"label": "MISC", "kb_qid": null, "url_wikidata": null}, "Ministre de Russie": {"label": "ORG", "kb_qid": null, "url_wikidata": null}, "Cour": {"label": "LOC", "kb_qid": null, "url_wikidata": null}, "Ministre": {"label": "ORG", "kb_qid": null, "url_wikidata": null}, "Empereur de Russie": {"label": "PER", "kb_qid": null, "url_wikidata": null}, "Ma\u00eetre": {"label": "PER", "kb_qid": null, "url_wikidata": null}, "Trait\u00e9": {"label": "MISC", "kb_qid": null, "url_wikidata": null}, "Sultan B\u00e9sef": {"label": "LOC", "kb_qid": null, "url_wikidata": null}, "Sa Hautesse": {"label": "PER", "kb_qid": null, "url_wikidata": null}, "Pachas": {"label": "PER", "kb_qid": null, "url_wikidata": null}, "Fronti\u00e8re de Perse": {"label": "LOC", "kb_qid": null, "url_wikidata": null}, "Susan": {"label": "MISC", "kb_qid": null, "url_wikidata": null}, "Prince Thomas": {"label": "PER", "kb_qid": null, "url_wikidata": null}, "ARTICLE VII": {"label": "MISC", "kb_qid": null, "url_wikidata": null}, "PAS-BAS": {"label": "LOC", "kb_qid": null, "url_wikidata": null}, "I. Londres": {"label": "PER", "kb_qid": null, "url_wikidata": null}, "Chambre des Communes": {"label": "LOC", "kb_qid": null, "url_wikidata": null}, "Lille": {"label": "LOC", "kb_qid": null, "url_wikidata": null}, "Janvier": {"label": "PER", "kb_qid": null, "url_wikidata": null}, "Subside": {"label": "PER", "kb_qid": null, "url_wikidata": null}, "Adresse": {"label": "PER", "kb_qid": null, "url_wikidata": null}, "Chambre": {"label": "ORG", "kb_qid": null, "url_wikidata": null}, "Officiers": {"label": "ORG", "kb_qid": null, "url_wikidata": null}, "Marine": {"label": "ORG", "kb_qid": null, "url_wikidata": null}, "Gardes, Garnisons, & autres forces de terre": {"label": "MISC", "kb_qid": null, "url_wikidata": null}, "Charges pour l'Ordonnance": {"label": "MISC", "kb_qid": null, "url_wikidata": null}, "Policiers": {"label": "MISC", "kb_qid": null, "url_wikidata": null}, "H\u00f4pital de Chelsea": {"label": "LOC", "kb_qid": null, "url_wikidata": null}, "I729": {"label": "LOC", "kb_qid": null, "url_wikidata": null}}, "ents_freq": {"Princes": 1, "Ispahan": 1, "Aim\u00e9e": 1, "Troupes & de celles": 1, "Grand Mogol": 1, "Grand Vizir": 1, "Ministre de Russie": 1, "Cour": 1, "Ministre": 1, "Empereur de Russie": 1, "Ma\u00eetre": 1, "Trait\u00e9": 1, "Sultan B\u00e9sef": 1, "Sa Hautesse": 1, "Pachas": 1, "Fronti\u00e8re de Perse": 1, "Susan": 1, "Prince Thomas": 1, "ARTICLE VII": 1, "PAS-BAS": 1, "I. Londres": 1, "Chambre des Communes": 1, "Lille": 1, "Janvier": 1, "Subside": 1, "Adresse": 1, "Chambre": 1, "Officiers": 1, "Marine": 1, "Gardes, Garnisons, & autres forces de terre": 1, "Charges pour l'Ordonnance": 1, "Policiers": 1, "H\u00f4pital de Chelsea": 1, "I729": 1}, "year": "1730", "month": "04", "page": "52"}