{"ents_info": {"Princes": {"label": "LOC", "kb_qid": "Q1405556", "url_wikidata": "https://www.wikidata.org/wiki/Q1405556"}, "Rome": {"label": "LOC", "kb_qid": "Q220", "url_wikidata": "https://www.wikidata.org/wiki/Q220"}, "Pape": {"label": "PER", "kb_qid": "Q19546", "url_wikidata": "https://www.wikidata.org/wiki/Q19546"}, "S\u00e9nat": {"label": "ORG", "kb_qid": "Q855343", "url_wikidata": "https://www.wikidata.org/wiki/Q855343"}, "St. Singe, &": {"label": "MISC", "kb_qid": null, "url_wikidata": null}, "Corps de Garde": {"label": "ORG", "kb_qid": "Q2997727", "url_wikidata": "https://www.wikidata.org/wiki/Q2997727"}, "Rome &": {"label": "ORG", "kb_qid": null, "url_wikidata": null}, "Florence": {"label": "LOC", "kb_qid": "Q2044", "url_wikidata": "https://www.wikidata.org/wiki/Q2044"}, "Bologne": {"label": "LOC", "kb_qid": "Q131262", "url_wikidata": "https://www.wikidata.org/wiki/Q131262"}, "Sicile": {"label": "LOC", "kb_qid": "Q1460", "url_wikidata": "https://www.wikidata.org/wiki/Q1460"}, "Comte de Santiago": {"label": "PER", "kb_qid": null, "url_wikidata": null}, "Royaume": {"label": "LOC", "kb_qid": "Q417175", "url_wikidata": "https://www.wikidata.org/wiki/Q417175"}, "Troupes": {"label": "MISC", "kb_qid": null, "url_wikidata": null}, "Isole": {"label": "LOC", "kb_qid": "Q1364549", "url_wikidata": "https://www.wikidata.org/wiki/Q1364549"}, "Firme": {"label": "ORG", "kb_qid": "Q6881511", "url_wikidata": "https://www.wikidata.org/wiki/Q6881511"}, "Istrie": {"label": "LOC", "kb_qid": "Q639912", "url_wikidata": "https://www.wikidata.org/wiki/Q639912"}, "Troupes Imp\u00e9riales": {"label": "MISC", "kb_qid": "Q276535", "url_wikidata": "https://www.wikidata.org/wiki/Q276535"}, "l'Empereur": {"label": "PER", "kb_qid": "Q7721", "url_wikidata": "https://www.wikidata.org/wiki/Q7721"}, "Alli\u00e9s": {"label": "MISC", "kb_qid": "Q215669", "url_wikidata": "https://www.wikidata.org/wiki/Q215669"}, "Trait\u00e9 de S\u00e9ville": {"label": "MISC", "kb_qid": "Q1195251", "url_wikidata": "https://www.wikidata.org/wiki/Q1195251"}, "Habitants Fran\u00e7ois & Anglais": {"label": "LOC", "kb_qid": null, "url_wikidata": null}, "Monaco": {"label": "LOC", "kb_qid": "Q255592", "url_wikidata": "https://www.wikidata.org/wiki/Q255592"}, "Marseille": {"label": "LOC", "kb_qid": "Q371217", "url_wikidata": "https://www.wikidata.org/wiki/Q371217"}, "Port Mahon": {"label": "LOC", "kb_qid": "Q49550", "url_wikidata": "https://www.wikidata.org/wiki/Q49550"}, "Gibraltar": {"label": "LOC", "kb_qid": "Q1410", "url_wikidata": "https://www.wikidata.org/wiki/Q1410"}, "Turin": {"label": "LOC", "kb_qid": "Q495", "url_wikidata": "https://www.wikidata.org/wiki/Q495"}, "Pays": {"label": "LOC", "kb_qid": "Q6256", "url_wikidata": "https://www.wikidata.org/wiki/Q6256"}, "Ordonnance": {"label": "MISC", "kb_qid": "Q18552825", "url_wikidata": "https://www.wikidata.org/wiki/Q18552825"}, "Roy": {"label": "PER", "kb_qid": "Q643084", "url_wikidata": "https://www.wikidata.org/wiki/Q643084"}, "Sardaigne": {"label": "LOC", "kb_qid": "Q1462", "url_wikidata": "https://www.wikidata.org/wiki/Q1462"}, "R\u00e9giment de Troupes": {"label": "ORG", "kb_qid": null, "url_wikidata": null}, "Cotes": {"label": "LOC", "kb_qid": "Q2046242", "url_wikidata": "https://www.wikidata.org/wiki/Q2046242"}, "Corsaires de Tripoli": {"label": "LOC", "kb_qid": null, "url_wikidata": null}, "les Pirateries": {"label": "MISC", "kb_qid": null, "url_wikidata": null}, "Commerce de cette": {"label": "MISC", "kb_qid": null, "url_wikidata": null}, "Le Roy": {"label": "PER", "kb_qid": "Q247811", "url_wikidata": "https://www.wikidata.org/wiki/Q247811"}, "Galeries": {"label": "ORG", "kb_qid": "Q1007870", "url_wikidata": "https://www.wikidata.org/wiki/Q1007870"}, "Villefranche": {"label": "LOC", "kb_qid": "Q207080", "url_wikidata": "https://www.wikidata.org/wiki/Q207080"}, "S. M.": {"label": "PER", "kb_qid": "Q1896771", "url_wikidata": "https://www.wikidata.org/wiki/Q1896771"}}, "ents_freq": {"Princes": 1, "Rome": 1, "Pape": 1, "S\u00e9nat": 1, "St. Singe, &": 1, "Corps de Garde": 1, "Rome &": 1, "Florence": 1, "Bologne": 1, "Sicile": 1, "Comte de Santiago": 1, "Royaume": 3, "Troupes": 2, "Isole": 1, "Firme": 1, "Istrie": 1, "Troupes Imp\u00e9riales": 1, "l'Empereur": 1, "Alli\u00e9s": 1, "Trait\u00e9 de S\u00e9ville": 1, "Habitants Fran\u00e7ois & Anglais": 1, "Monaco": 1, "Marseille": 1, "Port Mahon": 1, "Gibraltar": 1, "Turin": 1, "Pays": 1, "Ordonnance": 1, "Roy": 2, "Sardaigne": 1, "R\u00e9giment de Troupes": 1, "Cotes": 1, "Corsaires de Tripoli": 1, "les Pirateries": 1, "Commerce de cette": 1, "Le Roy": 1, "Galeries": 1, "Villefranche": 1, "S. M.": 1}, "year": "1730", "month": "05", "page": "28"}