{"ents_info": {"AVT": {"label": "ORG", "kb_qid": "Q1058502", "url_wikidata": "https://www.wikidata.org/wiki/Q1058502"}, "TED AVIS A": {"label": "MISC", "kb_qid": null, "url_wikidata": null}, "Savant": {"label": "PER", "kb_qid": "Q707726", "url_wikidata": "https://www.wikidata.org/wiki/Q707726"}, "Litt\u00e9rature": {"label": "PER", "kb_qid": "Q37922", "url_wikidata": "https://www.wikidata.org/wiki/Q37922"}, "Politique, & autres pinces": {"label": "MISC", "kb_qid": null, "url_wikidata": null}, "Public": {"label": "MISC", "kb_qid": "Q3410409", "url_wikidata": "https://www.wikidata.org/wiki/Q3410409"}, "Sieur": {"label": "LOC", "kb_qid": "Q1550557", "url_wikidata": "https://www.wikidata.org/wiki/Q1550557"}, "Andrew Chevalier": {"label": "PER", "kb_qid": null, "url_wikidata": null}, "Imprimeur de Sa Maj.": {"label": "MISC", "kb_qid": null, "url_wikidata": null}, "Luxembourg": {"label": "LOC", "kb_qid": "Q1842", "url_wikidata": "https://www.wikidata.org/wiki/Q1842"}, "Souplement": {"label": "ORG", "kb_qid": null, "url_wikidata": null}, "Paix de Ri": {"label": "MISC", "kb_qid": null, "url_wikidata": null}, "ledit Chevalier": {"label": "PER", "kb_qid": null, "url_wikidata": null}, "M\u00e9moires de Tenu, & diffuserons journaux": {"label": "MISC", "kb_qid": null, "url_wikidata": null}, "Christ & Polit": {"label": "ORG", "kb_qid": null, "url_wikidata": null}, "Repu. des Lettres, Histoire des ouvrages des Savatons, Histoire": {"label": "MISC", "kb_qid": null, "url_wikidata": null}, "M\u00e9moires pour servir \u00e0 'Histoire des Hommes illustres,1I.": {"label": "MISC", "kb_qid": null, "url_wikidata": null}, "Ohio": {"label": "LOC", "kb_qid": "Q4915", "url_wikidata": "https://www.wikidata.org/wiki/Q4915"}, "Italique": {"label": "LOC", "kb_qid": "Q344098", "url_wikidata": "https://www.wikidata.org/wiki/Q344098"}, "Tome chaque quart d'an": {"label": "MISC", "kb_qid": null, "url_wikidata": null}}, "ents_freq": {"AVT": 1, "TED AVIS A": 1, "Savant": 1, "Litt\u00e9rature": 1, "Politique, & autres pinces": 1, "Public": 1, "Sieur": 1, "Andrew Chevalier": 1, "Imprimeur de Sa Maj.": 1, "Luxembourg": 1, "Souplement": 1, "Paix de Ri": 1, "ledit Chevalier": 1, "M\u00e9moires de Tenu, & diffuserons journaux": 1, "Christ & Polit": 1, "Repu. des Lettres, Histoire des ouvrages des Savatons, Histoire": 1, "M\u00e9moires pour servir \u00e0 'Histoire des Hommes illustres,1I.": 1, "Ohio": 1, "Italique": 1, "Tome chaque quart d'an": 1}, "year": "1730", "month": "08", "page": "1"}