{"ents_info": {"La Clef du Cabinet 52 brique & du Sent": {"label": "MISC", "kb_qid": null, "url_wikidata": null}, "Roi": {"label": "PER", "kb_qid": "Q18384454", "url_wikidata": "https://www.wikidata.org/wiki/Q18384454"}, "Commandement des Arm\u00e9es": {"label": "ORG", "kb_qid": null, "url_wikidata": null}, "Tantales, lesquels, comme vous ne l'ignorez pas": {"label": "MISC", "kb_qid": null, "url_wikidata": null}, "Tr\u00e9sor de la R\u00e9publique": {"label": "LOC", "kb_qid": null, "url_wikidata": null}, "Prince": {"label": "PER", "kb_qid": "Q2747456", "url_wikidata": "https://www.wikidata.org/wiki/Q2747456"}, "Charge de Grand Tr\u00e9sorier": {"label": "MISC", "kb_qid": null, "url_wikidata": null}, "Couronne": {"label": "ORG", "kb_qid": "Q170984", "url_wikidata": "https://www.wikidata.org/wiki/Q170984"}, "Chef des Tantales": {"label": "ORG", "kb_qid": null, "url_wikidata": null}, "Dette de Grosso": {"label": "MISC", "kb_qid": null, "url_wikidata": null}, "les Radoteurs": {"label": "MISC", "kb_qid": null, "url_wikidata": null}, "Visionnaires": {"label": "MISC", "kb_qid": "Q1682108", "url_wikidata": "https://www.wikidata.org/wiki/Q1682108"}, "Dette, sous le titre de": {"label": "MISC", "kb_qid": null, "url_wikidata": null}, "Suppl\u00e9ment du M'anise, &": {"label": "MISC", "kb_qid": null, "url_wikidata": null}, "Chef": {"label": "PER", "kb_qid": "Q15046490", "url_wikidata": "https://www.wikidata.org/wiki/Q15046490"}, "Imprim\u00e9": {"label": "MISC", "kb_qid": "Q11034", "url_wikidata": "https://www.wikidata.org/wiki/Q11034"}, "Loi de leur Patrie && de la v\u00e9rit\u00e9 des faits qu'ils all\u00e8guent.": {"label": "MISC", "kb_qid": null, "url_wikidata": null}, "Latin": {"label": "MISC", "kb_qid": "Q397", "url_wikidata": "https://www.wikidata.org/wiki/Q397"}, "Fran\u00e7ois": {"label": "MISC", "kb_qid": "Q450675", "url_wikidata": "https://www.wikidata.org/wiki/Q450675"}, "Essex": {"label": "MISC", "kb_qid": "Q23240", "url_wikidata": "https://www.wikidata.org/wiki/Q23240"}}, "ents_freq": {"La Clef du Cabinet 52 brique & du Sent": 1, "Roi": 2, "Commandement des Arm\u00e9es": 1, "Tantales, lesquels, comme vous ne l'ignorez pas": 1, "Tr\u00e9sor de la R\u00e9publique": 1, "Prince": 1, "Charge de Grand Tr\u00e9sorier": 1, "Couronne": 1, "Chef des Tantales": 1, "Dette de Grosso": 1, "les Radoteurs": 1, "Visionnaires": 1, "Dette, sous le titre de": 1, "Suppl\u00e9ment du M'anise, &": 1, "Chef": 1, "Imprim\u00e9": 1, "Loi de leur Patrie && de la v\u00e9rit\u00e9 des faits qu'ils all\u00e8guent.": 1, "Latin": 1, "Fran\u00e7ois": 1, "Essex": 1}, "year": "1730", "month": "01", "page": "51"}