{"ents_info": {"La Clef du Cabinet": {"label": "MISC", "kb_qid": null, "url_wikidata": null}, "Ferdinand Roy d'Espagne": {"label": "PER", "kb_qid": null, "url_wikidata": null}, "les Juifs": {"label": "MISC", "kb_qid": "Q9268", "url_wikidata": "https://www.wikidata.org/wiki/Q9268"}, "Isma\u00ebl": {"label": "PER", "kb_qid": "Q3155418", "url_wikidata": "https://www.wikidata.org/wiki/Q3155418"}, "Messie": {"label": "MISC", "kb_qid": "Q51626", "url_wikidata": "https://www.wikidata.org/wiki/Q51626"}, "David L'\u00c9meline": {"label": "PER", "kb_qid": null, "url_wikidata": null}, "Les Juifs": {"label": "MISC", "kb_qid": null, "url_wikidata": null}, "la Terre": {"label": "LOC", "kb_qid": "Q2", "url_wikidata": "https://www.wikidata.org/wiki/Q2"}, "& point de Messie": {"label": "MISC", "kb_qid": null, "url_wikidata": null}, "I532": {"label": "LOC", "kb_qid": null, "url_wikidata": null}, "Rabbi Salomon Mouche": {"label": "PER", "kb_qid": null, "url_wikidata": null}, "Messie, &": {"label": "MISC", "kb_qid": null, "url_wikidata": null}, "Fran\u00e7ois I. & Charles-Quint": {"label": "PER", "kb_qid": null, "url_wikidata": null}, "Juifs": {"label": "MISC", "kb_qid": "Q9268", "url_wikidata": "https://www.wikidata.org/wiki/Q9268"}, "Mantoue": {"label": "LOC", "kb_qid": "Q6247", "url_wikidata": "https://www.wikidata.org/wiki/Q6247"}, "I615": {"label": "LOC", "kb_qid": null, "url_wikidata": null}, "Juif": {"label": "MISC", "kb_qid": "Q7325", "url_wikidata": "https://www.wikidata.org/wiki/Q7325"}, "Indes Orientales": {"label": "LOC", "kb_qid": "Q213137", "url_wikidata": "https://www.wikidata.org/wiki/Q213137"}, "Portugal": {"label": "LOC", "kb_qid": "Q45", "url_wikidata": "https://www.wikidata.org/wiki/Q45"}, "De d\u00e9sir\u00e9 des Nations": {"label": "MISC", "kb_qid": null, "url_wikidata": null}, "Sabbat ai Ess\u00e9nien": {"label": "MISC", "kb_qid": null, "url_wikidata": null}, "Smyrne": {"label": "LOC", "kb_qid": "Q35997", "url_wikidata": "https://www.wikidata.org/wiki/Q35997"}, "Grec": {"label": "MISC", "kb_qid": "Q36510", "url_wikidata": "https://www.wikidata.org/wiki/Q36510"}, "Constantinople": {"label": "LOC", "kb_qid": "Q406", "url_wikidata": "https://www.wikidata.org/wiki/Q406"}, "Proph\u00e8te": {"label": "PER", "kb_qid": "Q9458", "url_wikidata": "https://www.wikidata.org/wiki/Q9458"}, "Caire": {"label": "LOC", "kb_qid": "Q85", "url_wikidata": "https://www.wikidata.org/wiki/Q85"}, "J\u00e9rusalem": {"label": "LOC", "kb_qid": "Q1218", "url_wikidata": "https://www.wikidata.org/wiki/Q1218"}, "Juive Bette": {"label": "MISC", "kb_qid": null, "url_wikidata": null}, "Ange": {"label": "PER", "kb_qid": "Q235113", "url_wikidata": "https://www.wikidata.org/wiki/Q235113"}}, "ents_freq": {"La Clef du Cabinet": 1, "Ferdinand Roy d'Espagne": 1, "les Juifs": 2, "Isma\u00ebl": 1, "Messie": 5, "David L'\u00c9meline": 1, "Les Juifs": 2, "la Terre": 1, "& point de Messie": 1, "I532": 1, "Rabbi Salomon Mouche": 1, "Messie, &": 1, "Fran\u00e7ois I. & Charles-Quint": 1, "Juifs": 3, "Mantoue": 1, "I615": 1, "Juif": 1, "Indes Orientales": 1, "Portugal": 1, "De d\u00e9sir\u00e9 des Nations": 1, "Sabbat ai Ess\u00e9nien": 1, "Smyrne": 2, "Grec": 1, "Constantinople": 2, "Proph\u00e8te": 1, "Caire": 1, "J\u00e9rusalem": 1, "Juive Bette": 1, "Ange": 1}, "year": "1730", "month": "05", "page": "5"}