{"ents_info": {"La Clou Cabinet Fran\u00e7ois Avare": {"label": "LOC", "kb_qid": null, "url_wikidata": null}, "Milan": {"label": "LOC", "kb_qid": "Q3314003", "url_wikidata": "https://www.wikidata.org/wiki/Q3314003"}, "Comte de Merci": {"label": "PER", "kb_qid": null, "url_wikidata": null}, "Vienne": {"label": "LOC", "kb_qid": "Q659546", "url_wikidata": "https://www.wikidata.org/wiki/Q659546"}, "S. Etc": {"label": "PER", "kb_qid": null, "url_wikidata": null}, "Ch\u00e2teau un Conseil de guerre": {"label": "LOC", "kb_qid": null, "url_wikidata": null}, "Comte de Dan": {"label": "PER", "kb_qid": null, "url_wikidata": null}, "G\u00e9n\u00e9raux de Vachtendonc &": {"label": "MISC", "kb_qid": null, "url_wikidata": null}, "Harass\u00e9,": {"label": "MISC", "kb_qid": null, "url_wikidata": null}, "Expr\u00e8s": {"label": "MISC", "kb_qid": null, "url_wikidata": null}, "Cour de Vienne": {"label": "LOC", "kb_qid": "Q130834", "url_wikidata": "https://www.wikidata.org/wiki/Q130834"}, "Officier": {"label": "MISC", "kb_qid": "Q163700", "url_wikidata": "https://www.wikidata.org/wiki/Q163700"}, "Toscane": {"label": "LOC", "kb_qid": "Q1273", "url_wikidata": "https://www.wikidata.org/wiki/Q1273"}, "Troupes": {"label": "LOC", "kb_qid": null, "url_wikidata": null}, "Espagnols": {"label": "LOC", "kb_qid": "Q29", "url_wikidata": "https://www.wikidata.org/wiki/Q29"}, "Comtesse de Parades": {"label": "MISC", "kb_qid": null, "url_wikidata": null}, "ordre de la": {"label": "ORG", "kb_qid": null, "url_wikidata": null}, "Duch\u00e9": {"label": "LOC", "kb_qid": "Q3184258", "url_wikidata": "https://www.wikidata.org/wiki/Q3184258"}, "Mantoue": {"label": "LOC", "kb_qid": "Q6247", "url_wikidata": "https://www.wikidata.org/wiki/Q6247"}, "Oscilla": {"label": "LOC", "kb_qid": null, "url_wikidata": null}, "Cr\u00e9mone": {"label": "LOC", "kb_qid": "Q6231", "url_wikidata": "https://www.wikidata.org/wiki/Q6231"}, "Pavie": {"label": "LOC", "kb_qid": "Q63468", "url_wikidata": "https://www.wikidata.org/wiki/Q63468"}, "Ponts": {"label": "LOC", "kb_qid": "Q273523", "url_wikidata": "https://www.wikidata.org/wiki/Q273523"}, "Po": {"label": "ORG", "kb_qid": "Q643", "url_wikidata": "https://www.wikidata.org/wiki/Q643"}, "Entrepreneurs": {"label": "ORG", "kb_qid": "Q131524", "url_wikidata": "https://www.wikidata.org/wiki/Q131524"}, "Caisse a pell\u00e9e D'aria": {"label": "ORG", "kb_qid": null, "url_wikidata": null}, "Troupes Imp\u00e9riales": {"label": "MISC", "kb_qid": "Q504721", "url_wikidata": "https://www.wikidata.org/wiki/Q504721"}, "Des montagnes:": {"label": "MISC", "kb_qid": null, "url_wikidata": null}, "Alli\u00e9s": {"label": "MISC", "kb_qid": "Q215669", "url_wikidata": "https://www.wikidata.org/wiki/Q215669"}, "Florence": {"label": "LOC", "kb_qid": "Q148540", "url_wikidata": "https://www.wikidata.org/wiki/Q148540"}, "Seigneurs": {"label": "MISC", "kb_qid": "Q1550557", "url_wikidata": "https://www.wikidata.org/wiki/Q1550557"}, "Conseil": {"label": "ORG", "kb_qid": "Q37470", "url_wikidata": "https://www.wikidata.org/wiki/Q37470"}}, "ents_freq": {"La Clou Cabinet Fran\u00e7ois Avare": 1, "Milan": 1, "Comte de Merci": 1, "Vienne": 1, "S. Etc": 1, "Ch\u00e2teau un Conseil de guerre": 1, "Comte de Dan": 1, "G\u00e9n\u00e9raux de Vachtendonc &": 1, "Harass\u00e9,": 1, "Expr\u00e8s": 1, "Cour de Vienne": 2, "Officier": 1, "Toscane": 1, "Troupes": 2, "Espagnols": 1, "Comtesse de Parades": 1, "ordre de la": 1, "Duch\u00e9": 1, "Mantoue": 1, "Oscilla": 1, "Cr\u00e9mone": 1, "Pavie": 1, "Ponts": 1, "Po": 1, "Entrepreneurs": 1, "Caisse a pell\u00e9e D'aria": 1, "Troupes Imp\u00e9riales": 1, "Des montagnes:": 1, "Alli\u00e9s": 1, "Florence": 1, "Seigneurs": 1, "Conseil": 1}, "year": "1730", "month": "09", "page": "27"}