{"ents_info": {"N NA": {"label": "ORG", "kb_qid": null, "url_wikidata": null}, "dcd Leeds": {"label": "PER", "kb_qid": null, "url_wikidata": null}, "Sacr\u00e9 C\u00e9sar\u00e9e & Catholique": {"label": "ORG", "kb_qid": null, "url_wikidata": null}, "& As e Majest\u00e9s": {"label": "MISC", "kb_qid": null, "url_wikidata": null}, "SEXTES": {"label": "MISC", "kb_qid": null, "url_wikidata": null}, "Plexus Romano Imp\u00e9ratif": {"label": "MISC", "kb_qid": null, "url_wikidata": null}, "aC Germa": {"label": "PER", "kb_qid": null, "url_wikidata": null}, "Hispanique, Hangar, Boh\u00e8me, D'Almaty": {"label": "MISC", "kb_qid": null, "url_wikidata": null}, "Slavon &": {"label": "ORG", "kb_qid": null, "url_wikidata": null}, "Gex": {"label": "LOC", "kb_qid": null, "url_wikidata": null}, "Burundi": {"label": "LOC", "kb_qid": null, "url_wikidata": null}, "Syrie": {"label": "LOC", "kb_qid": null, "url_wikidata": null}, "Craintif, Carriole, & Kortenberg": {"label": "MISC", "kb_qid": null, "url_wikidata": null}, "Imparti": {"label": "MISC", "kb_qid": null, "url_wikidata": null}, "Andreas CHEVALIER Bibliopole & Typographes Luxembourgeois damassassiez": {"label": "PER", "kb_qid": null, "url_wikidata": null}, "ut Privil\u00e9gi\u00e9 impresario, quoi idem pro": {"label": "MISC", "kb_qid": null, "url_wikidata": null}, "Cabinet in idiome Galice an no mill\u00e9sime septingentesimo": {"label": "MISC", "kb_qid": null, "url_wikidata": null}, "Ferrari": {"label": "ORG", "kb_qid": null, "url_wikidata": null}, "Ob Lapsus": {"label": "PER", "kb_qid": null, "url_wikidata": null}, "Typographie, Bibliopoles, Bibliologie, alliance Librairie n\u00e9gociations exercerions": {"label": "MISC", "kb_qid": null, "url_wikidata": null}}, "ents_freq": {"N NA": 1, "dcd Leeds": 1, "Sacr\u00e9 C\u00e9sar\u00e9e & Catholique": 1, "& As e Majest\u00e9s": 1, "SEXTES": 1, "Plexus Romano Imp\u00e9ratif": 1, "aC Germa": 1, "Hispanique, Hangar, Boh\u00e8me, D'Almaty": 1, "Slavon &": 1, "Gex": 1, "Burundi": 1, "Syrie": 1, "Craintif, Carriole, & Kortenberg": 1, "Imparti": 1, "Andreas CHEVALIER Bibliopole & Typographes Luxembourgeois damassassiez": 1, "ut Privil\u00e9gi\u00e9 impresario, quoi idem pro": 1, "Cabinet in idiome Galice an no mill\u00e9sime septingentesimo": 1, "Ferrari": 1, "Ob Lapsus": 1, "Typographie, Bibliopoles, Bibliologie, alliance Librairie n\u00e9gociations exercerions": 1}, "year": "1730", "month": "04", "page": "68"}