{"ents_info": {"Princes": {"label": "LOC", "kb_qid": "Q2747456", "url_wikidata": "https://www.wikidata.org/wiki/Q2747456"}, "Ministres": {"label": "MISC", "kb_qid": "Q83307", "url_wikidata": "https://www.wikidata.org/wiki/Q83307"}, "Cour": {"label": "LOC", "kb_qid": "Q3001001", "url_wikidata": "https://www.wikidata.org/wiki/Q3001001"}, "Courriers des diff\u00e9rentes Cours de l'Europe": {"label": "MISC", "kb_qid": null, "url_wikidata": null}, "Conn\u00e9s de Ministres": {"label": "PER", "kb_qid": null, "url_wikidata": null}, "Tel un Vaisseau nomm\u00e9 le Cochon parti": {"label": "MISC", "kb_qid": null, "url_wikidata": null}, "Janvier": {"label": "PER", "kb_qid": "Q108", "url_wikidata": "https://www.wikidata.org/wiki/Q108"}, "Canne-en": {"label": "LOC", "kb_qid": null, "url_wikidata": null}, "comte de la": {"label": "PER", "kb_qid": null, "url_wikidata": null}, "Th\u00e9": {"label": "LOC", "kb_qid": "Q6097", "url_wikidata": "https://www.wikidata.org/wiki/Q6097"}, "ISO.Iles": {"label": "LOC", "kb_qid": null, "url_wikidata": null}, "Caf\u00e9": {"label": "LOC", "kb_qid": "Q30022", "url_wikidata": "https://www.wikidata.org/wiki/Q30022"}, "Tasses": {"label": "LOC", "kb_qid": "Q2317127", "url_wikidata": "https://www.wikidata.org/wiki/Q2317127"}, "Chocolatier": {"label": "LOC", "kb_qid": "Q305012", "url_wikidata": "https://www.wikidata.org/wiki/Q305012"}, "Nids de Jattes, zoo": {"label": "LOC", "kb_qid": null, "url_wikidata": null}, "\u00c9cuelles": {"label": "LOC", "kb_qid": "Q256727", "url_wikidata": "https://www.wikidata.org/wiki/Q256727"}, "Nids de Nappes": {"label": "LOC", "kb_qid": null, "url_wikidata": null}, "Plats potagers bleus &": {"label": "MISC", "kb_qid": null, "url_wikidata": null}, "Assiettes bleues &": {"label": "MISC", "kb_qid": null, "url_wikidata": null}, "Cabarets": {"label": "LOC", "kb_qid": "Q131183", "url_wikidata": "https://www.wikidata.org/wiki/Q131183"}, "S10": {"label": "MISC", "kb_qid": "Q56309273", "url_wikidata": "https://www.wikidata.org/wiki/Q56309273"}, "Th\u00e9i\u00e8res bleues &": {"label": "ORG", "kb_qid": null, "url_wikidata": null}, "Guerriers couverts, zoo": {"label": "MISC", "kb_qid": null, "url_wikidata": null}, "Partisans bleus &": {"label": "ORG", "kb_qid": null, "url_wikidata": null}, "IO255.": {"label": "MISC", "kb_qid": null, "url_wikidata": null}, "Assiettes & \u00c9cuelles bleues &": {"label": "ORG", "kb_qid": null, "url_wikidata": null}, "I25.": {"label": "MISC", "kb_qid": null, "url_wikidata": null}, "Caties Th\u00e9 Boer, AVOIR.": {"label": "MISC", "kb_qid": null, "url_wikidata": null}, "Caties Th\u00e9 Congo": {"label": "MISC", "kb_qid": null, "url_wikidata": null}, "AK-47": {"label": "MISC", "kb_qid": "Q37116", "url_wikidata": "https://www.wikidata.org/wiki/Q37116"}, "Caties Th\u00e9": {"label": "MISC", "kb_qid": null, "url_wikidata": null}, "Po\u00e9sies, 8": {"label": "MISC", "kb_qid": null, "url_wikidata": null}, "Gorgerons": {"label": "LOC", "kb_qid": null, "url_wikidata": null}, "Peins.": {"label": "MISC", "kb_qid": null, "url_wikidata": null}, "Six Vaisseaux": {"label": "MISC", "kb_qid": null, "url_wikidata": null}, "Tel tous tr\u00e8s-richement": {"label": "MISC", "kb_qid": null, "url_wikidata": null}, "Ba": {"label": "LOC", "kb_qid": "Q26713", "url_wikidata": "https://www.wikidata.org/wiki/Q26713"}, "Ceylan": {"label": "LOC", "kb_qid": "Q854", "url_wikidata": "https://www.wikidata.org/wiki/Q854"}, "Vaisseaux": {"label": "MISC", "kb_qid": "Q3553318", "url_wikidata": "https://www.wikidata.org/wiki/Q3553318"}, "Contre de Z\u00e9lande": {"label": "MISC", "kb_qid": null, "url_wikidata": null}, "Alger": {"label": "LOC", "kb_qid": "Q3561", "url_wikidata": "https://www.wikidata.org/wiki/Q3561"}, "Corsaires": {"label": "MISC", "kb_qid": "Q201559", "url_wikidata": "https://www.wikidata.org/wiki/Q201559"}}, "ents_freq": {"Princes": 1, "Ministres": 1, "Cour": 1, "Courriers des diff\u00e9rentes Cours de l'Europe": 1, "Conn\u00e9s de Ministres": 1, "Tel un Vaisseau nomm\u00e9 le Cochon parti": 1, "Janvier": 1, "Canne-en": 1, "comte de la": 1, "Th\u00e9": 1, "ISO.Iles": 1, "Caf\u00e9": 1, "Tasses": 1, "Chocolatier": 1, "Nids de Jattes, zoo": 1, "\u00c9cuelles": 1, "Nids de Nappes": 1, "Plats potagers bleus &": 1, "Assiettes bleues &": 2, "Cabarets": 1, "S10": 1, "Th\u00e9i\u00e8res bleues &": 1, "Guerriers couverts, zoo": 1, "Partisans bleus &": 1, "IO255.": 1, "Assiettes & \u00c9cuelles bleues &": 1, "I25.": 1, "Caties Th\u00e9 Boer, AVOIR.": 1, "Caties Th\u00e9 Congo": 1, "AK-47": 1, "Caties Th\u00e9": 1, "Po\u00e9sies, 8": 1, "Gorgerons": 1, "Peins.": 1, "Six Vaisseaux": 1, "Tel tous tr\u00e8s-richement": 1, "Ba": 1, "Ceylan": 1, "Vaisseaux": 1, "Contre de Z\u00e9lande": 1, "Alger": 1, "Corsaires": 1}, "year": "1730", "month": "09", "page": "70"}