{"ents_info": {"Princes": {"label": "LOC", "kb_qid": "Q2747456", "url_wikidata": "https://www.wikidata.org/wiki/Q2747456"}, "257 IX": {"label": "MISC", "kb_qid": null, "url_wikidata": null}, "Allemagne": {"label": "LOC", "kb_qid": "Q43287", "url_wikidata": "https://www.wikidata.org/wiki/Q43287"}, "Confie rentes qui se": {"label": "MISC", "kb_qid": null, "url_wikidata": null}, "Brunswick": {"label": "LOC", "kb_qid": "Q2773", "url_wikidata": "https://www.wikidata.org/wiki/Q2773"}, "Cours de Prusse &": {"label": "MISC", "kb_qid": null, "url_wikidata": null}, "Hanovre": {"label": "LOC", "kb_qid": "Q706018", "url_wikidata": "https://www.wikidata.org/wiki/Q706018"}, "Due & la Duchesse de Volfembutel": {"label": "ORG", "kb_qid": null, "url_wikidata": null}, "F\u00e9vrier": {"label": "LOC", "kb_qid": "Q109", "url_wikidata": "https://www.wikidata.org/wiki/Q109"}, "Ville": {"label": "LOC", "kb_qid": "Q1165252", "url_wikidata": "https://www.wikidata.org/wiki/Q1165252"}, "Noce de Paysans": {"label": "MISC", "kb_qid": null, "url_wikidata": null}, "Comtes d'Oldenbourg": {"label": "LOC", "kb_qid": null, "url_wikidata": null}, "Lippe": {"label": "PER", "kb_qid": "Q153945", "url_wikidata": "https://www.wikidata.org/wiki/Q153945"}, "Hun": {"label": "PER", "kb_qid": "Q45813", "url_wikidata": "https://www.wikidata.org/wiki/Q45813"}, "\u00c9pouse & les Princesses": {"label": "MISC", "kb_qid": null, "url_wikidata": null}, "Holost\u00e9en-RC &": {"label": "ORG", "kb_qid": null, "url_wikidata": null}, "Holost\u00e9en-Plein": {"label": "PER", "kb_qid": null, "url_wikidata": null}, "Berg\u00e8res: Tous les Seigneurs & Dames de la Cour": {"label": "MISC", "kb_qid": null, "url_wikidata": null}, "Domestiques": {"label": "LOC", "kb_qid": "Q2454547", "url_wikidata": "https://www.wikidata.org/wiki/Q2454547"}, "Casse": {"label": "PER", "kb_qid": "Q65128216", "url_wikidata": "https://www.wikidata.org/wiki/Q65128216"}, "Itou": {"label": "PER", "kb_qid": null, "url_wikidata": null}, "Troupes Hessiennes": {"label": "ORG", "kb_qid": null, "url_wikidata": null}, "Roi": {"label": "PER", "kb_qid": "Q13592862", "url_wikidata": "https://www.wikidata.org/wiki/Q13592862"}, "Officiers": {"label": "ORG", "kb_qid": "Q163700", "url_wikidata": "https://www.wikidata.org/wiki/Q163700"}, "Troupes": {"label": "LOC", "kb_qid": null, "url_wikidata": null}, "Casse beaucoup de Vaisselle": {"label": "MISC", "kb_qid": null, "url_wikidata": null}, "Imp\u00e9riales": {"label": "LOC", "kb_qid": "Q131964", "url_wikidata": "https://www.wikidata.org/wiki/Q131964"}, "R\u00e9giment pour lesquelles ils sont": {"label": "ORG", "kb_qid": null, "url_wikidata": null}, "Landgrave": {"label": "PER", "kb_qid": "Q28989", "url_wikidata": "https://www.wikidata.org/wiki/Q28989"}, "\u00c9lecteur de atri\u00e8re, dit": {"label": "LOC", "kb_qid": null, "url_wikidata": null}, "Sujets une Imposition": {"label": "MISC", "kb_qid": null, "url_wikidata": null}, "\u00c9lectoral": {"label": "MISC", "kb_qid": "Q40231", "url_wikidata": "https://www.wikidata.org/wiki/Q40231"}}, "ents_freq": {"Princes": 1, "257 IX": 1, "Allemagne": 1, "Confie rentes qui se": 1, "Brunswick": 1, "Cours de Prusse &": 1, "Hanovre": 1, "Due & la Duchesse de Volfembutel": 1, "F\u00e9vrier": 1, "Ville": 3, "Noce de Paysans": 1, "Comtes d'Oldenbourg": 1, "Lippe": 1, "Hun": 1, "\u00c9pouse & les Princesses": 1, "Holost\u00e9en-RC &": 1, "Holost\u00e9en-Plein": 1, "Berg\u00e8res: Tous les Seigneurs & Dames de la Cour": 1, "Domestiques": 1, "Casse": 1, "Itou": 1, "Troupes Hessiennes": 1, "Roi": 1, "Officiers": 1, "Troupes": 1, "Casse beaucoup de Vaisselle": 1, "Imp\u00e9riales": 1, "R\u00e9giment pour lesquelles ils sont": 1, "Landgrave": 1, "\u00c9lecteur de atri\u00e8re, dit": 1, "Sujets une Imposition": 1, "\u00c9lectoral": 1}, "year": "1730", "month": "04", "page": "44"}