{"ents_info": {"Cabine tour": {"label": "MISC", "kb_qid": null, "url_wikidata": null}, "Chap": {"label": "MISC", "kb_qid": null, "url_wikidata": null}, "Fr\u00e8res": {"label": "MISC", "kb_qid": null, "url_wikidata": null}, "Galil\u00e9e": {"label": "LOC", "kb_qid": null, "url_wikidata": null}, "Saint Matthieu Chap": {"label": "LOC", "kb_qid": null, "url_wikidata": null}, "Ange": {"label": "PER", "kb_qid": null, "url_wikidata": null}, "Dis iules": {"label": "MISC", "kb_qid": null, "url_wikidata": null}, "Saint": {"label": "LOC", "kb_qid": null, "url_wikidata": null}, "Chap.": {"label": "MISC", "kb_qid": null, "url_wikidata": null}, "Disciples &": {"label": "MISC", "kb_qid": null, "url_wikidata": null}, "Pierre": {"label": "MISC", "kb_qid": null, "url_wikidata": null}, "Textes": {"label": "MISC", "kb_qid": null, "url_wikidata": null}, "Ap\u00f4tres": {"label": "MISC", "kb_qid": null, "url_wikidata": null}, "Sauveur": {"label": "PER", "kb_qid": null, "url_wikidata": null}, "Province de Galil\u00e9e": {"label": "LOC", "kb_qid": null, "url_wikidata": null}, "Sacerdoce Chr\u00e9tien": {"label": "MISC", "kb_qid": null, "url_wikidata": null}, "V": {"label": "PER", "kb_qid": null, "url_wikidata": null}}, "ents_freq": {"Cabine tour": 1, "Chap": 1, "Fr\u00e8res": 1, "Galil\u00e9e": 4, "Saint Matthieu Chap": 1, "Ange": 2, "Dis iules": 1, "Saint": 1, "Chap.": 1, "Disciples &": 1, "Pierre": 1, "Textes": 1, "Ap\u00f4tres": 1, "Sauveur": 3, "Province de Galil\u00e9e": 1, "Sacerdoce Chr\u00e9tien": 1, "V": 1}, "year": "1730", "month": "03", "page": "3"}