{"ents_info": {"La Clef du Cabinet": {"label": "MISC", "kb_qid": null, "url_wikidata": null}, "Mer": {"label": "LOC", "kb_qid": null, "url_wikidata": null}, "Inventeurs des r\u00e9compenses": {"label": "MISC", "kb_qid": null, "url_wikidata": null}, "Zele &": {"label": "MISC", "kb_qid": null, "url_wikidata": null}, "Colbert": {"label": "PER", "kb_qid": null, "url_wikidata": null}, "Scholiaste d'Aristophane": {"label": "PER", "kb_qid": null, "url_wikidata": null}, "Grecs": {"label": "MISC", "kb_qid": null, "url_wikidata": null}, "Amar": {"label": "PER", "kb_qid": null, "url_wikidata": null}, "Pays du Nord": {"label": "LOC", "kb_qid": null, "url_wikidata": null}, "& plus longues": {"label": "MISC", "kb_qid": null, "url_wikidata": null}, "Chevalier de Frelon": {"label": "MISC", "kb_qid": null, "url_wikidata": null}, "Ambassadeur": {"label": "PER", "kb_qid": null, "url_wikidata": null}, "Sue": {"label": "PER", "kb_qid": null, "url_wikidata": null}, "Campagnes de long cours, en buvant de l' de Mer": {"label": "MISC", "kb_qid": null, "url_wikidata": null}, "Hippocrate, &": {"label": "MISC", "kb_qid": null, "url_wikidata": null}, "la Cire vierge, &": {"label": "MISC", "kb_qid": null, "url_wikidata": null}}, "ents_freq": {"La Clef du Cabinet": 1, "Mer": 4, "Inventeurs des r\u00e9compenses": 1, "Zele &": 1, "Colbert": 1, "Scholiaste d'Aristophane": 1, "Grecs": 1, "Amar": 1, "Pays du Nord": 1, "& plus longues": 1, "Chevalier de Frelon": 1, "Ambassadeur": 1, "Sue": 1, "Campagnes de long cours, en buvant de l' de Mer": 1, "Hippocrate, &": 1, "la Cire vierge, &": 1}, "year": "1730", "month": "09", "page": "5"}