{"ents_info": {"La Clef du Cabinet III": {"label": "MISC", "kb_qid": null, "url_wikidata": null}, "Palais": {"label": "LOC", "kb_qid": "Q128745", "url_wikidata": "https://www.wikidata.org/wiki/Q128745"}, "Sa Majest\u00e9": {"label": "PER", "kb_qid": "Q669458", "url_wikidata": "https://www.wikidata.org/wiki/Q669458"}, "Cour": {"label": "LOC", "kb_qid": "Q122880", "url_wikidata": "https://www.wikidata.org/wiki/Q122880"}, "\u00c9lectrice Douairi\u00e8re de Bavi\u00e8re": {"label": "MISC", "kb_qid": null, "url_wikidata": null}, "Ministre de cet \u00c9lectorat;": {"label": "ORG", "kb_qid": null, "url_wikidata": null}, "Enlise": {"label": "MISC", "kb_qid": null, "url_wikidata": null}, "Augustins": {"label": "LOC", "kb_qid": "Q214528", "url_wikidata": "https://www.wikidata.org/wiki/Q214528"}, "Service solennel": {"label": "ORG", "kb_qid": null, "url_wikidata": null}, "Londres": {"label": "LOC", "kb_qid": "Q84", "url_wikidata": "https://www.wikidata.org/wiki/Q84"}, "Lettres \u00e0 Milord' Landgrave": {"label": "MISC", "kb_qid": null, "url_wikidata": null}, "Ambassadeur de la Grande-Bretagne": {"label": "PER", "kb_qid": null, "url_wikidata": null}, "Ministre": {"label": "ORG", "kb_qid": "Q83307", "url_wikidata": "https://www.wikidata.org/wiki/Q83307"}, "Prince Eug\u00e8ne de S'": {"label": "PER", "kb_qid": null, "url_wikidata": null}, "S. M. IP": {"label": "PER", "kb_qid": null, "url_wikidata": null}, "Alli\u00e9s": {"label": "MISC", "kb_qid": "Q3612401", "url_wikidata": "https://www.wikidata.org/wiki/Q3612401"}, "l'Empereur": {"label": "PER", "kb_qid": "Q51770", "url_wikidata": "https://www.wikidata.org/wiki/Q51770"}, "Consul Turc": {"label": "PER", "kb_qid": null, "url_wikidata": null}, "Prince Eug\u00e8ne de": {"label": "PER", "kb_qid": null, "url_wikidata": null}, "Lettres de cr\u00e9ance": {"label": "MISC", "kb_qid": "Q1758647", "url_wikidata": "https://www.wikidata.org/wiki/Q1758647"}, "Porte": {"label": "LOC", "kb_qid": "Q36794", "url_wikidata": "https://www.wikidata.org/wiki/Q36794"}, "son Poste": {"label": "ORG", "kb_qid": null, "url_wikidata": null}, "IV": {"label": "MISC", "kb_qid": "Q12186", "url_wikidata": "https://www.wikidata.org/wiki/Q12186"}, "1O. Avril": {"label": "MISC", "kb_qid": null, "url_wikidata": null}, "Philippe de Moblot": {"label": "PER", "kb_qid": null, "url_wikidata": null}, "Charge de Grand Ma\u00eetre de la Maison de l'Imp\u00e9ratrice R\u00e9gnante": {"label": "MISC", "kb_qid": null, "url_wikidata": null}, "Seigneur": {"label": "PER", "kb_qid": "Q302", "url_wikidata": "https://www.wikidata.org/wiki/Q302"}, "Comte de Sintzendorff, Grand Ma\u00eetre": {"label": "PER", "kb_qid": null, "url_wikidata": null}, "Mr. Lancinai": {"label": "MISC", "kb_qid": null, "url_wikidata": null}, "Envoy\u00e9 extraordinaire de Russie": {"label": "MISC", "kb_qid": null, "url_wikidata": null}, "Audience": {"label": "ORG", "kb_qid": "Q1695783", "url_wikidata": "https://www.wikidata.org/wiki/Q1695783"}, "Czar": {"label": "PER", "kb_qid": "Q44356", "url_wikidata": "https://www.wikidata.org/wiki/Q44356"}, "Pierre II": {"label": "PER", "kb_qid": "Q545140", "url_wikidata": "https://www.wikidata.org/wiki/Q545140"}, "Ma\u00eetre, & l'av\u00e8nement au Tr\u00f4ne de la Duchesse Douairi\u00e8re de Cour lande": {"label": "MISC", "kb_qid": null, "url_wikidata": null}, "Monarque": {"label": "PER", "kb_qid": "Q508840", "url_wikidata": "https://www.wikidata.org/wiki/Q508840"}, "Lettre de notification l\u00e0-dessus de la nouvelle": {"label": "MISC", "kb_qid": null, "url_wikidata": null}}, "ents_freq": {"La Clef du Cabinet III": 1, "Palais": 1, "Sa Majest\u00e9": 1, "Cour": 1, "\u00c9lectrice Douairi\u00e8re de Bavi\u00e8re": 1, "Ministre de cet \u00c9lectorat;": 1, "Enlise": 1, "Augustins": 1, "Service solennel": 1, "Londres": 1, "Lettres \u00e0 Milord' Landgrave": 1, "Ambassadeur de la Grande-Bretagne": 1, "Ministre": 3, "Prince Eug\u00e8ne de S'": 1, "S. M. IP": 2, "Alli\u00e9s": 1, "l'Empereur": 1, "Consul Turc": 1, "Prince Eug\u00e8ne de": 1, "Lettres de cr\u00e9ance": 1, "Porte": 1, "son Poste": 1, "IV": 1, "1O. Avril": 1, "Philippe de Moblot": 1, "Charge de Grand Ma\u00eetre de la Maison de l'Imp\u00e9ratrice R\u00e9gnante": 1, "Seigneur": 1, "Comte de Sintzendorff, Grand Ma\u00eetre": 1, "Mr. Lancinai": 1, "Envoy\u00e9 extraordinaire de Russie": 1, "Audience": 1, "Czar": 1, "Pierre II": 1, "Ma\u00eetre, & l'av\u00e8nement au Tr\u00f4ne de la Duchesse Douairi\u00e8re de Cour lande": 1, "Monarque": 1, "Lettre de notification l\u00e0-dessus de la nouvelle": 1}, "year": "1730", "month": "06", "page": "43"}