{"ents_info": {"La Clef du Cabine guerre": {"label": "MISC", "kb_qid": null, "url_wikidata": null}, "Vaisseau de guerre": {"label": "MISC", "kb_qid": "Q3114762", "url_wikidata": "https://www.wikidata.org/wiki/Q3114762"}, "Infant Dom Louis": {"label": "PER", "kb_qid": null, "url_wikidata": null}, "& plusieurs Seigneurs & Dames de la Cour": {"label": "MISC", "kb_qid": null, "url_wikidata": null}, "Des fr\u00e9quent voyages": {"label": "MISC", "kb_qid": null, "url_wikidata": null}, "Cour": {"label": "LOC", "kb_qid": "Q3001001", "url_wikidata": "https://www.wikidata.org/wiki/Q3001001"}, "Madrid": {"label": "LOC", "kb_qid": "Q2807", "url_wikidata": "https://www.wikidata.org/wiki/Q2807"}, "Marquise de Edgar": {"label": "PER", "kb_qid": null, "url_wikidata": null}, "la Reine": {"label": "MISC", "kb_qid": "Q231674", "url_wikidata": "https://www.wikidata.org/wiki/Q231674"}, "place de la Princesse de Robe &": {"label": "LOC", "kb_qid": null, "url_wikidata": null}, "Dames": {"label": "MISC", "kb_qid": "Q3012682", "url_wikidata": "https://www.wikidata.org/wiki/Q3012682"}, "M. II": {"label": "PER", "kb_qid": null, "url_wikidata": null}, "Ministre du Roi de Sardaigne": {"label": "ORG", "kb_qid": null, "url_wikidata": null}, "Audience particuli\u00e8re": {"label": "ORG", "kb_qid": null, "url_wikidata": null}, "Roi & de la Reine": {"label": "ORG", "kb_qid": null, "url_wikidata": null}, "Roi": {"label": "PER", "kb_qid": "Q13592862", "url_wikidata": "https://www.wikidata.org/wiki/Q13592862"}, "Victor-Am\u00e9d\u00e9e son Ma\u00eetre": {"label": "PER", "kb_qid": null, "url_wikidata": null}, "Couronne": {"label": "ORG", "kb_qid": "Q508840", "url_wikidata": "https://www.wikidata.org/wiki/Q508840"}, "Prince de Pi\u00e9mont": {"label": "PER", "kb_qid": null, "url_wikidata": null}, "L. Maj": {"label": "PER", "kb_qid": null, "url_wikidata": null}, "Tr\u00f4ne de Sardaigne,": {"label": "LOC", "kb_qid": null, "url_wikidata": null}, "\u00c9tats du Roi son Pare": {"label": "LOC", "kb_qid": null, "url_wikidata": null}, "Cour un Expr\u00e8s": {"label": "ORG", "kb_qid": null, "url_wikidata": null}, "Paris": {"label": "LOC", "kb_qid": "Q90", "url_wikidata": "https://www.wikidata.org/wiki/Q90"}, "Courrier": {"label": "MISC", "kb_qid": "Q1393399", "url_wikidata": "https://www.wikidata.org/wiki/Q1393399"}, "Conseil de Cabinet": {"label": "ORG", "kb_qid": "Q2993836", "url_wikidata": "https://www.wikidata.org/wiki/Q2993836"}, "Exc\u00e8s \u00e0 Seille,": {"label": "MISC", "kb_qid": null, "url_wikidata": null}, "Mr. Fonder Mer": {"label": "MISC", "kb_qid": null, "url_wikidata": null}, "Des Ministres du Roi & ceux de ses": {"label": "MISC", "kb_qid": null, "url_wikidata": null}, "Alli\u00e9s": {"label": "MISC", "kb_qid": "Q329888", "url_wikidata": "https://www.wikidata.org/wiki/Q329888"}, "Marquis de Branchas Ambassadeur": {"label": "PER", "kb_qid": null, "url_wikidata": null}, "Comte de Tableautier": {"label": "PER", "kb_qid": null, "url_wikidata": null}, "& la duchesse": {"label": "MISC", "kb_qid": null, "url_wikidata": null}}, "ents_freq": {"La Clef du Cabine guerre": 1, "Vaisseau de guerre": 1, "Infant Dom Louis": 1, "& plusieurs Seigneurs & Dames de la Cour": 1, "Des fr\u00e9quent voyages": 1, "Cour": 2, "Madrid": 2, "Marquise de Edgar": 1, "la Reine": 1, "place de la Princesse de Robe &": 1, "Dames": 1, "M. II": 1, "Ministre du Roi de Sardaigne": 1, "Audience particuli\u00e8re": 1, "Roi & de la Reine": 1, "Roi": 2, "Victor-Am\u00e9d\u00e9e son Ma\u00eetre": 1, "Couronne": 1, "Prince de Pi\u00e9mont": 1, "L. Maj": 1, "Tr\u00f4ne de Sardaigne,": 1, "\u00c9tats du Roi son Pare": 1, "Cour un Expr\u00e8s": 1, "Paris": 1, "Courrier": 1, "Conseil de Cabinet": 1, "Exc\u00e8s \u00e0 Seille,": 1, "Mr. Fonder Mer": 1, "Des Ministres du Roi & ceux de ses": 1, "Alli\u00e9s": 1, "Marquis de Branchas Ambassadeur": 1, "Comte de Tableautier": 1, "& la duchesse": 1}, "year": "1730", "month": "12", "page": "16"}