{"ents_info": {"Princes": {"label": "LOC", "kb_qid": "Q2747456", "url_wikidata": "https://www.wikidata.org/wiki/Q2747456"}, "A. R. Madame": {"label": "PER", "kb_qid": null, "url_wikidata": null}, "Ave": {"label": "MISC", "kb_qid": "Q2319007", "url_wikidata": "https://www.wikidata.org/wiki/Q2319007"}, "Comte de Han": {"label": "PER", "kb_qid": null, "url_wikidata": null}, "Commandant de la Ville &": {"label": "PER", "kb_qid": null, "url_wikidata": null}, "Ch\u00e2teau de Bar": {"label": "LOC", "kb_qid": null, "url_wikidata": null}, "Lieutenance de Nancy": {"label": "PER", "kb_qid": null, "url_wikidata": null}, "Commandement de Bar": {"label": "MISC", "kb_qid": null, "url_wikidata": null}, "ISO": {"label": "ORG", "kb_qid": "Q15028", "url_wikidata": "https://www.wikidata.org/wiki/Q15028"}, "Capitaines au R\u00e9giment des Gardes": {"label": "ORG", "kb_qid": null, "url_wikidata": null}, "Lieutenant & Enseignes": {"label": "ORG", "kb_qid": null, "url_wikidata": null}, "Compagnie des Cadets": {"label": "ORG", "kb_qid": null, "url_wikidata": null}, "Ma\u00eetres, &": {"label": "MISC", "kb_qid": null, "url_wikidata": null}, "Baron Handeler": {"label": "PER", "kb_qid": null, "url_wikidata": null}, "Ministre d'Ekat": {"label": "ORG", "kb_qid": null, "url_wikidata": null}, "Duc de Deux-ponts": {"label": "PER", "kb_qid": null, "url_wikidata": null}, "Lun\u00e9ville": {"label": "LOC", "kb_qid": "Q208794", "url_wikidata": "https://www.wikidata.org/wiki/Q208794"}, "Duc son Ma\u00eetre": {"label": "PER", "kb_qid": null, "url_wikidata": null}, "Investiture des Fiefs": {"label": "PER", "kb_qid": null, "url_wikidata": null}, "Duch\u00e9": {"label": "LOC", "kb_qid": "Q154547", "url_wikidata": "https://www.wikidata.org/wiki/Q154547"}, "Ministre": {"label": "ORG", "kb_qid": "Q83307", "url_wikidata": "https://www.wikidata.org/wiki/Q83307"}, "Duc d'Elbeuf": {"label": "PER", "kb_qid": null, "url_wikidata": null}, "Audience": {"label": "ORG", "kb_qid": "Q1695783", "url_wikidata": "https://www.wikidata.org/wiki/Q1695783"}, "S. A. R.": {"label": "PER", "kb_qid": "Q1252328", "url_wikidata": "https://www.wikidata.org/wiki/Q1252328"}, "Pertes de cr\u00e9ance": {"label": "MISC", "kb_qid": null, "url_wikidata": null}, "Souverain": {"label": "PER", "kb_qid": "Q739941", "url_wikidata": "https://www.wikidata.org/wiki/Q739941"}, "Madame Royale": {"label": "PER", "kb_qid": "Q1348170", "url_wikidata": "https://www.wikidata.org/wiki/Q1348170"}, "Prince Charles de Lorraine": {"label": "PER", "kb_qid": null, "url_wikidata": null}, "A. R. &": {"label": "PER", "kb_qid": null, "url_wikidata": null}, "Princesses ses S\u0153urs": {"label": "MISC", "kb_qid": null, "url_wikidata": null}, "Princes de la Maison de Lorraine": {"label": "LOC", "kb_qid": null, "url_wikidata": null}, "Ministres d'Ekat": {"label": "ORG", "kb_qid": null, "url_wikidata": null}, "Officiers de la Maison de S.A. R.": {"label": "ORG", "kb_qid": null, "url_wikidata": null}, "Ministres, Secr\u00e9taires d'Ekat & Gentilshommes": {"label": "MISC", "kb_qid": null, "url_wikidata": null}}, "ents_freq": {"Princes": 1, "A. R. Madame": 1, "Ave": 1, "Comte de Han": 1, "Commandant de la Ville &": 1, "Ch\u00e2teau de Bar": 1, "Lieutenance de Nancy": 1, "Commandement de Bar": 1, "ISO": 1, "Capitaines au R\u00e9giment des Gardes": 1, "Lieutenant & Enseignes": 1, "Compagnie des Cadets": 1, "Ma\u00eetres, &": 1, "Baron Handeler": 1, "Ministre d'Ekat": 1, "Duc de Deux-ponts": 1, "Lun\u00e9ville": 1, "Duc son Ma\u00eetre": 1, "Investiture des Fiefs": 1, "Duch\u00e9": 1, "Ministre": 2, "Duc d'Elbeuf": 1, "Audience": 1, "S. A. R.": 1, "Pertes de cr\u00e9ance": 1, "Souverain": 1, "Madame Royale": 1, "Prince Charles de Lorraine": 1, "A. R. &": 1, "Princesses ses S\u0153urs": 1, "Princes de la Maison de Lorraine": 1, "Ministres d'Ekat": 1, "Officiers de la Maison de S.A. R.": 1, "Ministres, Secr\u00e9taires d'Ekat & Gentilshommes": 1}, "year": "1730", "month": "06", "page": "38"}