{"ents_info": {"Princes": {"label": "LOC", "kb_qid": "Q2747456", "url_wikidata": "https://www.wikidata.org/wiki/Q2747456"}, "Dette G\u00e9n\u00e9rale": {"label": "ORG", "kb_qid": null, "url_wikidata": null}, "\u00c9tats de Pologne &&": {"label": "LOC", "kb_qid": null, "url_wikidata": null}, "Lituanie": {"label": "LOC", "kb_qid": "Q37", "url_wikidata": "https://www.wikidata.org/wiki/Q37"}, "Dette g\u00e9n\u00e9rale LA des \u00c9tats de 'Pologne &": {"label": "MISC", "kb_qid": null, "url_wikidata": null}, "Grognon": {"label": "PER", "kb_qid": "Q39657983", "url_wikidata": "https://www.wikidata.org/wiki/Q39657983"}, "Nonces": {"label": "LOC", "kb_qid": "Q157037", "url_wikidata": "https://www.wikidata.org/wiki/Q157037"}, "Staroste Spin": {"label": "MISC", "kb_qid": null, "url_wikidata": null}, "B\u00e2ton": {"label": "LOC", "kb_qid": "Q10971443", "url_wikidata": "https://www.wikidata.org/wiki/Q10971443"}, "Antichambre du Roi": {"label": "ORG", "kb_qid": null, "url_wikidata": null}, "R\u00e9gimentaire de Lituanie": {"label": "LOC", "kb_qid": null, "url_wikidata": null}, "Vice-Chancelier": {"label": "PER", "kb_qid": "Q61061", "url_wikidata": "https://www.wikidata.org/wiki/Q61061"}, "Duch\u00e9": {"label": "LOC", "kb_qid": "Q154547", "url_wikidata": "https://www.wikidata.org/wiki/Q154547"}, "Chambre": {"label": "ORG", "kb_qid": "Q1347545", "url_wikidata": "https://www.wikidata.org/wiki/Q1347545"}, "Ciel": {"label": "PER", "kb_qid": "Q527", "url_wikidata": "https://www.wikidata.org/wiki/Q527"}, "Nonces de Lituanie": {"label": "ORG", "kb_qid": null, "url_wikidata": null}, "Assembl\u00e9e": {"label": "ORG", "kb_qid": "Q193582", "url_wikidata": "https://www.wikidata.org/wiki/Q193582"}, "Palatinat": {"label": "LOC", "kb_qid": "Q22880", "url_wikidata": "https://www.wikidata.org/wiki/Q22880"}, "Cracovie": {"label": "LOC", "kb_qid": "Q31487", "url_wikidata": "https://www.wikidata.org/wiki/Q31487"}, "Directeur insinua": {"label": "ORG", "kb_qid": null, "url_wikidata": null}}, "ents_freq": {"Princes": 1, "Dette G\u00e9n\u00e9rale": 1, "\u00c9tats de Pologne &&": 1, "Lituanie": 3, "Dette g\u00e9n\u00e9rale LA des \u00c9tats de 'Pologne &": 1, "Grognon": 1, "Nonces": 1, "Staroste Spin": 1, "B\u00e2ton": 1, "Antichambre du Roi": 1, "R\u00e9gimentaire de Lituanie": 1, "Vice-Chancelier": 1, "Duch\u00e9": 1, "Chambre": 1, "Ciel": 1, "Nonces de Lituanie": 2, "Assembl\u00e9e": 1, "Palatinat": 1, "Cracovie": 1, "Directeur insinua": 1}, "year": "1730", "month": "12", "page": "57"}