{"ents_info": {"La Clef du Cabine Garnisons": {"label": "MISC", "kb_qid": null, "url_wikidata": null}, "ULM &": {"label": "MISC", "kb_qid": null, "url_wikidata": null}, "Allemande": {"label": "LOC", "kb_qid": "Q141817", "url_wikidata": "https://www.wikidata.org/wiki/Q141817"}, "Comte de Bonne val": {"label": "PER", "kb_qid": null, "url_wikidata": null}, "Conf\u00e9rences": {"label": "MISC", "kb_qid": "Q625994", "url_wikidata": "https://www.wikidata.org/wiki/Q625994"}, "Ministres de l'Empereur": {"label": "ORG", "kb_qid": null, "url_wikidata": null}, "Trait\u00e9 de Paix & d'Amiti\u00e9": {"label": "MISC", "kb_qid": null, "url_wikidata": null}, "Seille": {"label": "LOC", "kb_qid": "Q599492", "url_wikidata": "https://www.wikidata.org/wiki/Q599492"}, "Roi d'Espagne": {"label": "LOC", "kb_qid": "Q183226", "url_wikidata": "https://www.wikidata.org/wiki/Q183226"}, "Alli\u00e9s": {"label": "MISC", "kb_qid": "Q3612401", "url_wikidata": "https://www.wikidata.org/wiki/Q3612401"}, "Courriers": {"label": "MISC", "kb_qid": "Q9158", "url_wikidata": "https://www.wikidata.org/wiki/Q9158"}, "Cours, entr'ouvres": {"label": "MISC", "kb_qid": null, "url_wikidata": null}, "Russie": {"label": "LOC", "kb_qid": "Q845895", "url_wikidata": "https://www.wikidata.org/wiki/Q845895"}, "Comte de Sintzendorff,": {"label": "PER", "kb_qid": null, "url_wikidata": null}, "Envoy\u00e9 extraordinaire": {"label": "MISC", "kb_qid": "Q121998", "url_wikidata": "https://www.wikidata.org/wiki/Q121998"}, "S. M. IP": {"label": "PER", "kb_qid": null, "url_wikidata": null}, "La Haye": {"label": "LOC", "kb_qid": "Q36600", "url_wikidata": "https://www.wikidata.org/wiki/Q36600"}, "Expr\u00e8s": {"label": "PER", "kb_qid": null, "url_wikidata": null}, "Prince Eug\u00e8ne de S'": {"label": "PER", "kb_qid": null, "url_wikidata": null}, "Conf\u00e9rences sur le contenu de ses d\u00e9p\u00eaches": {"label": "MISC", "kb_qid": null, "url_wikidata": null}, "Lei 1": {"label": "PER", "kb_qid": null, "url_wikidata": null}, "Dom Joseph de Vina, &": {"label": "PER", "kb_qid": null, "url_wikidata": null}, "Cour des affaires de la": {"label": "ORG", "kb_qid": null, "url_wikidata": null}, "Couronne d'Espagne": {"label": "LOC", "kb_qid": "Q766543", "url_wikidata": "https://www.wikidata.org/wiki/Q766543"}, "Audience particuli\u00e8re": {"label": "ORG", "kb_qid": null, "url_wikidata": null}, "L. M. IP": {"label": "PER", "kb_qid": null, "url_wikidata": null}, "Reine": {"label": "PER", "kb_qid": "Q9682", "url_wikidata": "https://www.wikidata.org/wiki/Q9682"}, "Roi": {"label": "PER", "kb_qid": "Q13592862", "url_wikidata": "https://www.wikidata.org/wiki/Q13592862"}, "& que cette Princesse": {"label": "MISC", "kb_qid": null, "url_wikidata": null}, "Marie AntoinerteFerdinande": {"label": "PER", "kb_qid": null, "url_wikidata": null}, "Duch\u00e9 des Deux-ponts": {"label": "LOC", "kb_qid": null, "url_wikidata": null}, "Conseil Aulique de l'Empire": {"label": "LOC", "kb_qid": null, "url_wikidata": null}, "Duch\u00e9": {"label": "LOC", "kb_qid": "Q154547", "url_wikidata": "https://www.wikidata.org/wiki/Q154547"}, "troisi\u00e8me Prince de Saxe-Gotha": {"label": "MISC", "kb_qid": null, "url_wikidata": null}, "Colonel d'un R\u00e9giment de Dragons": {"label": "PER", "kb_qid": null, "url_wikidata": null}, "l'Empereur": {"label": "PER", "kb_qid": "Q7721", "url_wikidata": "https://www.wikidata.org/wiki/Q7721"}, "Naples": {"label": "LOC", "kb_qid": "Q173065", "url_wikidata": "https://www.wikidata.org/wiki/Q173065"}, "Vienne": {"label": "LOC", "kb_qid": "Q12804", "url_wikidata": "https://www.wikidata.org/wiki/Q12804"}, "L. M.": {"label": "PER", "kb_qid": null, "url_wikidata": null}, "Prince": {"label": "PER", "kb_qid": "Q2747456", "url_wikidata": "https://www.wikidata.org/wiki/Q2747456"}, "Comte de Brocatelle": {"label": "PER", "kb_qid": null, "url_wikidata": null}, "Essieu": {"label": "LOC", "kb_qid": "Q1771137", "url_wikidata": "https://www.wikidata.org/wiki/Q1771137"}, "& J": {"label": "LOC", "kb_qid": null, "url_wikidata": null}, "Gouverner": {"label": "PER", "kb_qid": "Q132050", "url_wikidata": "https://www.wikidata.org/wiki/Q132050"}, "Province de Luxembourg": {"label": "LOC", "kb_qid": "Q1126", "url_wikidata": "https://www.wikidata.org/wiki/Q1126"}}, "ents_freq": {"La Clef du Cabine Garnisons": 1, "ULM &": 1, "Allemande": 1, "Comte de Bonne val": 1, "Conf\u00e9rences": 1, "Ministres de l'Empereur": 1, "Trait\u00e9 de Paix & d'Amiti\u00e9": 1, "Seille": 1, "Roi d'Espagne": 1, "Alli\u00e9s": 1, "Courriers": 1, "Cours, entr'ouvres": 1, "Russie": 1, "Comte de Sintzendorff,": 1, "Envoy\u00e9 extraordinaire": 1, "S. M. IP": 1, "La Haye": 1, "Expr\u00e8s": 1, "Prince Eug\u00e8ne de S'": 1, "Conf\u00e9rences sur le contenu de ses d\u00e9p\u00eaches": 1, "Lei 1": 1, "Dom Joseph de Vina, &": 1, "Cour des affaires de la": 1, "Couronne d'Espagne": 1, "Audience particuli\u00e8re": 1, "L. M. IP": 1, "Reine": 1, "Roi": 1, "& que cette Princesse": 1, "Marie AntoinerteFerdinande": 1, "Duch\u00e9 des Deux-ponts": 1, "Conseil Aulique de l'Empire": 1, "Duch\u00e9": 1, "troisi\u00e8me Prince de Saxe-Gotha": 1, "Colonel d'un R\u00e9giment de Dragons": 1, "l'Empereur": 1, "Naples": 1, "Vienne": 2, "L. M.": 1, "Prince": 1, "Comte de Brocatelle": 1, "Essieu": 1, "& J": 1, "Gouverner": 1, "Province de Luxembourg": 1}, "year": "1730", "month": "02", "page": "41"}