{"ents_info": {"Princes": {"label": "LOC", "kb_qid": "Q2747456", "url_wikidata": "https://www.wikidata.org/wiki/Q2747456"}, "Mars": {"label": "LOC", "kb_qid": "Q110", "url_wikidata": "https://www.wikidata.org/wiki/Q110"}, "Imp\u00e9ratrice \u00c9l\u00e9onore": {"label": "PER", "kb_qid": null, "url_wikidata": null}, "mer de l'Empereur Rognant": {"label": "LOC", "kb_qid": null, "url_wikidata": null}, "Mecklembourg": {"label": "LOC", "kb_qid": "Q109057", "url_wikidata": "https://www.wikidata.org/wiki/Q109057"}, "S. M. IP": {"label": "PER", "kb_qid": null, "url_wikidata": null}, "Duch\u00e9": {"label": "LOC", "kb_qid": "Q154547", "url_wikidata": "https://www.wikidata.org/wiki/Q154547"}, "Duc Chr\u00e9tien-Louis": {"label": "PER", "kb_qid": null, "url_wikidata": null}, "CharlesLeopold": {"label": "PER", "kb_qid": null, "url_wikidata": null}, "Mandement du Conseil de l'Empire": {"label": "MISC", "kb_qid": null, "url_wikidata": null}, "N'errent en Hongrie, les Habitants de 8": {"label": "MISC", "kb_qid": null, "url_wikidata": null}, "Ch\u00e2teau de Baladiez": {"label": "LOC", "kb_qid": null, "url_wikidata": null}, "G\u00eanera": {"label": "MISC", "kb_qid": null, "url_wikidata": null}, "Heiduques": {"label": "LOC", "kb_qid": null, "url_wikidata": null}, "Paysans": {"label": "MISC", "kb_qid": "Q3234513", "url_wikidata": "https://www.wikidata.org/wiki/Q3234513"}, "Burgrave": {"label": "LOC", "kb_qid": "Q960016", "url_wikidata": "https://www.wikidata.org/wiki/Q960016"}, "Habitants": {"label": "LOC", "kb_qid": "Q109038548", "url_wikidata": "https://www.wikidata.org/wiki/Q109038548"}, "IV": {"label": "MISC", "kb_qid": "Q69829", "url_wikidata": "https://www.wikidata.org/wiki/Q69829"}, "Prague": {"label": "LOC", "kb_qid": "Q1085", "url_wikidata": "https://www.wikidata.org/wiki/Q1085"}, "\u00c9tats de ce Royaume": {"label": "LOC", "kb_qid": null, "url_wikidata": null}, "Places du Royaume": {"label": "LOC", "kb_qid": null, "url_wikidata": null}, "Officiers de la Chambre": {"label": "ORG", "kb_qid": null, "url_wikidata": null}, "Milice du Pays": {"label": "ORG", "kb_qid": null, "url_wikidata": null}, "Les Juifs": {"label": "MISC", "kb_qid": null, "url_wikidata": null}, "Royaume": {"label": "LOC", "kb_qid": "Q145", "url_wikidata": "https://www.wikidata.org/wiki/Q145"}, "M.I.": {"label": "PER", "kb_qid": "Q752119", "url_wikidata": "https://www.wikidata.org/wiki/Q752119"}, "Ebit": {"label": "ORG", "kb_qid": "Q720862", "url_wikidata": "https://www.wikidata.org/wiki/Q720862"}, "V. Ratisbonne": {"label": "PER", "kb_qid": null, "url_wikidata": null}, "Baron de Noter": {"label": "MISC", "kb_qid": null, "url_wikidata": null}, "Envoy\u00e9 du Duc de Saxe-Gotha": {"label": "MISC", "kb_qid": null, "url_wikidata": null}, "La Dette;": {"label": "LOC", "kb_qid": null, "url_wikidata": null}, "Prince d'Artinien, Gouverneur de Philipsbourg": {"label": "PER", "kb_qid": null, "url_wikidata": null}, "Dette, l'\u00e9tat": {"label": "MISC", "kb_qid": null, "url_wikidata": null}, "Forteresse": {"label": "MISC", "kb_qid": "Q1408838", "url_wikidata": "https://www.wikidata.org/wiki/Q1408838"}, "Princes & \u00c9tats de l'Empire": {"label": "ORG", "kb_qid": null, "url_wikidata": null}}, "ents_freq": {"Princes": 1, "Mars": 1, "Imp\u00e9ratrice \u00c9l\u00e9onore": 1, "mer de l'Empereur Rognant": 1, "Mecklembourg": 1, "S. M. IP": 2, "Duch\u00e9": 1, "Duc Chr\u00e9tien-Louis": 1, "CharlesLeopold": 1, "Mandement du Conseil de l'Empire": 1, "N'errent en Hongrie, les Habitants de 8": 1, "Ch\u00e2teau de Baladiez": 1, "G\u00eanera": 1, "Heiduques": 1, "Paysans": 1, "Burgrave": 1, "Habitants": 1, "IV": 1, "Prague": 1, "\u00c9tats de ce Royaume": 1, "Places du Royaume": 1, "Officiers de la Chambre": 1, "Milice du Pays": 1, "Les Juifs": 1, "Royaume": 1, "M.I.": 1, "Ebit": 1, "V. Ratisbonne": 1, "Baron de Noter": 1, "Envoy\u00e9 du Duc de Saxe-Gotha": 1, "La Dette;": 1, "Prince d'Artinien, Gouverneur de Philipsbourg": 1, "Dette, l'\u00e9tat": 1, "Forteresse": 1, "Princes & \u00c9tats de l'Empire": 1}, "year": "1730", "month": "03", "page": "56"}