{"ents_info": {"Princes": {"label": "LOC", "kb_qid": "Q1405556", "url_wikidata": "https://www.wikidata.org/wiki/Q1405556"}, "Mr. Fran\u00e7ois Grippal": {"label": "PER", "kb_qid": null, "url_wikidata": null}, "Galerie Capitaine": {"label": "LOC", "kb_qid": null, "url_wikidata": null}, "Gouverneur": {"label": "PER", "kb_qid": "Q132050", "url_wikidata": "https://www.wikidata.org/wiki/Q132050"}, "Mr. Felix Pirelli": {"label": "PER", "kb_qid": null, "url_wikidata": null}, "Isole": {"label": "LOC", "kb_qid": "Q1364549", "url_wikidata": "https://www.wikidata.org/wiki/Q1364549"}, "Milan": {"label": "LOC", "kb_qid": "Q490", "url_wikidata": "https://www.wikidata.org/wiki/Q490"}, "Troupes Imp\u00e9riales": {"label": "MISC", "kb_qid": "Q1721681", "url_wikidata": "https://www.wikidata.org/wiki/Q1721681"}, "arri\u00e8re-Garde": {"label": "LOC", "kb_qid": "Q980173", "url_wikidata": "https://www.wikidata.org/wiki/Q980173"}, "Ekat &": {"label": "ORG", "kb_qid": null, "url_wikidata": null}, "Mantoue": {"label": "LOC", "kb_qid": "Q6247", "url_wikidata": "https://www.wikidata.org/wiki/Q6247"}, "Villages": {"label": "LOC", "kb_qid": "Q532", "url_wikidata": "https://www.wikidata.org/wiki/Q532"}, "Villes": {"label": "MISC", "kb_qid": "Q271444", "url_wikidata": "https://www.wikidata.org/wiki/Q271444"}, "Corps de ces Troupes": {"label": "ORG", "kb_qid": null, "url_wikidata": null}, "Paysans": {"label": "MISC", "kb_qid": null, "url_wikidata": null}, "Louisiane": {"label": "LOC", "kb_qid": "Q1588", "url_wikidata": "https://www.wikidata.org/wiki/Q1588"}, "Commandement du G\u00eanera Bosch": {"label": "MISC", "kb_qid": null, "url_wikidata": null}, "Pays": {"label": "LOC", "kb_qid": "Q43702", "url_wikidata": "https://www.wikidata.org/wiki/Q43702"}, "Troupes": {"label": "LOC", "kb_qid": null, "url_wikidata": null}, "Ekat": {"label": "PER", "kb_qid": null, "url_wikidata": null}, "Juin": {"label": "PER", "kb_qid": "Q120", "url_wikidata": "https://www.wikidata.org/wiki/Q120"}, "Solo": {"label": "LOC", "kb_qid": "Q27038847", "url_wikidata": "https://www.wikidata.org/wiki/Q27038847"}, "Troupes de l'Empereur": {"label": "ORG", "kb_qid": null, "url_wikidata": null}, "Italie": {"label": "LOC", "kb_qid": "Q113135", "url_wikidata": "https://www.wikidata.org/wiki/Q113135"}, "Comte de Dan": {"label": "PER", "kb_qid": null, "url_wikidata": null}, "Canon du Ch\u00e2teau, &": {"label": "LOC", "kb_qid": null, "url_wikidata": null}, "Cr\u00e9mone": {"label": "LOC", "kb_qid": "Q6231", "url_wikidata": "https://www.wikidata.org/wiki/Q6231"}, "Pizzighitonne": {"label": "ORG", "kb_qid": null, "url_wikidata": null}}, "ents_freq": {"Princes": 1, "Mr. Fran\u00e7ois Grippal": 1, "Galerie Capitaine": 1, "Gouverneur": 1, "Mr. Felix Pirelli": 1, "Isole": 1, "Milan": 3, "Troupes Imp\u00e9riales": 1, "arri\u00e8re-Garde": 1, "Ekat &": 1, "Mantoue": 1, "Villages": 1, "Villes": 1, "Corps de ces Troupes": 1, "Paysans": 1, "Louisiane": 1, "Commandement du G\u00eanera Bosch": 1, "Pays": 1, "Troupes": 1, "Ekat": 1, "Juin": 1, "Solo": 1, "Troupes de l'Empereur": 1, "Italie": 1, "Comte de Dan": 1, "Canon du Ch\u00e2teau, &": 1, "Cr\u00e9mone": 1, "Pizzighitonne": 1}, "year": "1730", "month": "08", "page": "30"}