{"ents_info": {"Pres e. Mats": {"label": "PER", "kb_qid": null, "url_wikidata": null}, "Janvier": {"label": "PER", "kb_qid": "Q682983", "url_wikidata": "https://www.wikidata.org/wiki/Q682983"}, "Courrier": {"label": "MISC", "kb_qid": "Q365266", "url_wikidata": "https://www.wikidata.org/wiki/Q365266"}, "Berlin": {"label": "LOC", "kb_qid": "Q64", "url_wikidata": "https://www.wikidata.org/wiki/Q64"}, "Comte de Bernes": {"label": "PER", "kb_qid": null, "url_wikidata": null}, "Ministre de Imp\u00e9ratrice": {"label": "PER", "kb_qid": null, "url_wikidata": null}, "Sa Maj.": {"label": "MISC", "kb_qid": null, "url_wikidata": null}, "Comte de Vaudeville": {"label": "PER", "kb_qid": null, "url_wikidata": null}, "Express": {"label": "LOC", "kb_qid": "Q109042999", "url_wikidata": "https://www.wikidata.org/wiki/Q109042999"}, "Nonce du Pape": {"label": "PER", "kb_qid": "Q157037", "url_wikidata": "https://www.wikidata.org/wiki/Q157037"}, "Comte de Podzols, &": {"label": "LOC", "kb_qid": null, "url_wikidata": null}, "Mr. Archonte": {"label": "MISC", "kb_qid": null, "url_wikidata": null}, "Nonce": {"label": "ORG", "kb_qid": "Q157037", "url_wikidata": "https://www.wikidata.org/wiki/Q157037"}, "Dresde": {"label": "LOC", "kb_qid": "Q1731", "url_wikidata": "https://www.wikidata.org/wiki/Q1731"}, "Sa Saintet\u00e9 de regeler": {"label": "PER", "kb_qid": null, "url_wikidata": null}, "Clerg\u00e9": {"label": "LOC", "kb_qid": "Q177826", "url_wikidata": "https://www.wikidata.org/wiki/Q177826"}, "Prince de Schaffgotsch": {"label": "PER", "kb_qid": null, "url_wikidata": null}, "Sa Majest\u00e9 Prussienne": {"label": "PER", "kb_qid": null, "url_wikidata": null}, "\u00c9v\u00each\u00e9": {"label": "LOC", "kb_qid": "Q787336", "url_wikidata": "https://www.wikidata.org/wiki/Q787336"}, "Ville": {"label": "LOC", "kb_qid": "Q515", "url_wikidata": "https://www.wikidata.org/wiki/Q515"}, "Majest\u00e9s Imp\u00e9riales": {"label": "PER", "kb_qid": null, "url_wikidata": null}, "Pencherez": {"label": "PER", "kb_qid": null, "url_wikidata": null}, "R\u00e9sident": {"label": "PER", "kb_qid": "Q572927", "url_wikidata": "https://www.wikidata.org/wiki/Q572927"}, "Constantinople": {"label": "LOC", "kb_qid": "Q16869", "url_wikidata": "https://www.wikidata.org/wiki/Q16869"}, "l'Empereur": {"label": "PER", "kb_qid": "Q7721", "url_wikidata": "https://www.wikidata.org/wiki/Q7721"}, "Il'honnoret du terre de Baron du St. Empire": {"label": "PER", "kb_qid": null, "url_wikidata": null}, "Penche": {"label": "LOC", "kb_qid": null, "url_wikidata": null}, "Cour": {"label": "ORG", "kb_qid": "Q122880", "url_wikidata": "https://www.wikidata.org/wiki/Q122880"}, "Cour & la Pore": {"label": "ORG", "kb_qid": null, "url_wikidata": null}, "Imper ut": {"label": "MISC", "kb_qid": null, "url_wikidata": null}, "Comte de Riche": {"label": "PER", "kb_qid": null, "url_wikidata": null}, "Des services": {"label": "MISC", "kb_qid": null, "url_wikidata": null}, "Grand Duch\u00e9 de Toscane": {"label": "LOC", "kb_qid": null, "url_wikidata": null}, "Premier--Ministre de cet Ekat": {"label": "PER", "kb_qid": null, "url_wikidata": null}, "S. M. IP": {"label": "PER", "kb_qid": null, "url_wikidata": null}, "Ixia conferve": {"label": "MISC", "kb_qid": null, "url_wikidata": null}, "Grand Prieur\u00e9": {"label": "LOC", "kb_qid": "Q24931404", "url_wikidata": "https://www.wikidata.org/wiki/Q24931404"}, "Poreuse": {"label": "LOC", "kb_qid": "Q622669", "url_wikidata": "https://www.wikidata.org/wiki/Q622669"}, "Ordre Militaire de Sr": {"label": "ORG", "kb_qid": null, "url_wikidata": null}, "Otages de la R\u00e9publique de Gens, d\u00e9tenus": {"label": "MISC", "kb_qid": null, "url_wikidata": null}, "Citadelle de Milan": {"label": "LOC", "kb_qid": null, "url_wikidata": null}}, "ents_freq": {"Pres e. Mats": 1, "Janvier": 1, "Courrier": 1, "Berlin": 1, "Comte de Bernes": 1, "Ministre de Imp\u00e9ratrice": 1, "Sa Maj.": 1, "Comte de Vaudeville": 1, "Express": 1, "Nonce du Pape": 1, "Comte de Podzols, &": 1, "Mr. Archonte": 1, "Nonce": 1, "Dresde": 1, "Sa Saintet\u00e9 de regeler": 1, "Clerg\u00e9": 1, "Prince de Schaffgotsch": 1, "Sa Majest\u00e9 Prussienne": 1, "\u00c9v\u00each\u00e9": 1, "Ville": 1, "Majest\u00e9s Imp\u00e9riales": 1, "Pencherez": 1, "R\u00e9sident": 1, "Constantinople": 1, "l'Empereur": 1, "Il'honnoret du terre de Baron du St. Empire": 1, "Penche": 1, "Cour": 1, "Cour & la Pore": 1, "Imper ut": 1, "Comte de Riche": 1, "Des services": 1, "Grand Duch\u00e9 de Toscane": 1, "Premier--Ministre de cet Ekat": 1, "S. M. IP": 1, "Ixia conferve": 1, "Grand Prieur\u00e9": 1, "Poreuse": 1, "Ordre Militaire de Sr": 1, "Otages de la R\u00e9publique de Gens, d\u00e9tenus": 1, "Citadelle de Milan": 1}, "year": "1748", "month": "03", "page": "58"}