{"ents_info": {"La Clef du Cabinet 452 V. Nous": {"label": "MISC", "kb_qid": null, "url_wikidata": null}, "Hollande": {"label": "LOC", "kb_qid": "Q157", "url_wikidata": "https://www.wikidata.org/wiki/Q157"}, "Marquis de Perte": {"label": "PER", "kb_qid": null, "url_wikidata": null}, "Ambassadeur du Roi d'Espagne": {"label": "PER", "kb_qid": null, "url_wikidata": null}, "Ministre": {"label": "ORG", "kb_qid": "Q83307", "url_wikidata": "https://www.wikidata.org/wiki/Q83307"}, "M\u00e9moire": {"label": "MISC", "kb_qid": "Q66221", "url_wikidata": "https://www.wikidata.org/wiki/Q66221"}, "Sa Maj": {"label": "PER", "kb_qid": null, "url_wikidata": null}, "Gouvernement de Batavia, & contre ceux qui par des entreprises contraires aux droits de sa": {"label": "MISC", "kb_qid": null, "url_wikidata": null}, "Couronne": {"label": "ORG", "kb_qid": "Q21941952", "url_wikidata": "https://www.wikidata.org/wiki/Q21941952"}, "Am\u00e9rique": {"label": "LOC", "kb_qid": "Q828", "url_wikidata": "https://www.wikidata.org/wiki/Q828"}, "Trait\u00e9s": {"label": "MISC", "kb_qid": "Q131569", "url_wikidata": "https://www.wikidata.org/wiki/Q131569"}, "L.H.P.": {"label": "PER", "kb_qid": null, "url_wikidata": null}, "S. M. Car": {"label": "PER", "kb_qid": null, "url_wikidata": null}, "soussign\u00e9 Ambassadeur": {"label": "PER", "kb_qid": null, "url_wikidata": null}, "ordre du Roi": {"label": "ORG", "kb_qid": "Q1347889", "url_wikidata": "https://www.wikidata.org/wiki/Q1347889"}, "Maitre, un autre": {"label": "MISC", "kb_qid": null, "url_wikidata": null}, "At mateur": {"label": "MISC", "kb_qid": null, "url_wikidata": null}, "Don Joseph": {"label": "PER", "kb_qid": null, "url_wikidata": null}, "Fr\u00e8res Thomas & Adrien Coup": {"label": "ORG", "kb_qid": null, "url_wikidata": null}, "N\u00e9gociant \u00e0 Ami Amsterdam": {"label": "MISC", "kb_qid": null, "url_wikidata": null}, "Haut Conseil": {"label": "ORG", "kb_qid": "Q54259", "url_wikidata": "https://www.wikidata.org/wiki/Q54259"}, "S'\u00e9vita la somme de 36 mille piastres": {"label": "MISC", "kb_qid": null, "url_wikidata": null}, "Tribunal": {"label": "MISC", "kb_qid": "Q41487", "url_wikidata": "https://www.wikidata.org/wiki/Q41487"}, "fris": {"label": "MISC", "kb_qid": "Q22249212", "url_wikidata": "https://www.wikidata.org/wiki/Q22249212"}, "St.": {"label": "PER", "kb_qid": "Q708586", "url_wikidata": "https://www.wikidata.org/wiki/Q708586"}, "C": {"label": "MISC", "kb_qid": "Q200906", "url_wikidata": "https://www.wikidata.org/wiki/Q200906"}}, "ents_freq": {"La Clef du Cabinet 452 V. Nous": 1, "Hollande": 1, "Marquis de Perte": 1, "Ambassadeur du Roi d'Espagne": 1, "Ministre": 1, "M\u00e9moire": 2, "Sa Maj": 1, "Gouvernement de Batavia, & contre ceux qui par des entreprises contraires aux droits de sa": 1, "Couronne": 1, "Am\u00e9rique": 1, "Trait\u00e9s": 1, "L.H.P.": 1, "S. M. Car": 1, "soussign\u00e9 Ambassadeur": 1, "ordre du Roi": 1, "Maitre, un autre": 1, "At mateur": 1, "Don Joseph": 1, "Fr\u00e8res Thomas & Adrien Coup": 1, "N\u00e9gociant \u00e0 Ami Amsterdam": 1, "Haut Conseil": 1, "S'\u00e9vita la somme de 36 mille piastres": 1, "Tribunal": 1, "fris": 1, "St.": 1, "C": 1}, "year": "1748", "month": "06", "page": "61"}