{"ents_info": {"La Clef du Chine": {"label": "MISC", "kb_qid": null, "url_wikidata": null}, "gr ace": {"label": "LOC", "kb_qid": null, "url_wikidata": null}, "Sillage, &": {"label": "MISC", "kb_qid": null, "url_wikidata": null}, "la Man\u0153uvre": {"label": "PER", "kb_qid": null, "url_wikidata": null}, "Varangues": {"label": "LOC", "kb_qid": null, "url_wikidata": null}, "Genoux de fond": {"label": "LOC", "kb_qid": null, "url_wikidata": null}, "Fleurs du Vaisseau": {"label": "MISC", "kb_qid": null, "url_wikidata": null}, "Vaisseau sur l'eau": {"label": "MISC", "kb_qid": null, "url_wikidata": null}, "Vaisseau": {"label": "LOC", "kb_qid": null, "url_wikidata": null}, "Pr\u00f4ne & vers la Poupe les Varangues": {"label": "LOC", "kb_qid": null, "url_wikidata": null}, "For\u00e7ats": {"label": "PER", "kb_qid": null, "url_wikidata": null}, "V.": {"label": "MISC", "kb_qid": null, "url_wikidata": null}, "Construction des Vaisseaux": {"label": "MISC", "kb_qid": null, "url_wikidata": null}, "Mr. Bouger": {"label": "PER", "kb_qid": null, "url_wikidata": null}}, "ents_freq": {"La Clef du Chine": 1, "gr ace": 1, "Sillage, &": 1, "la Man\u0153uvre": 1, "Varangues": 6, "Genoux de fond": 1, "Fleurs du Vaisseau": 1, "Vaisseau sur l'eau": 1, "Vaisseau": 2, "Pr\u00f4ne & vers la Poupe les Varangues": 1, "For\u00e7ats": 1, "V.": 1, "Construction des Vaisseaux": 1, "Mr. Bouger": 1}, "year": "1748", "month": "04", "page": "9"}