{"ents_info": {"Princes": {"label": "LOC", "kb_qid": "Q2747456", "url_wikidata": "https://www.wikidata.org/wiki/Q2747456"}, "Roi la R\u00e9publique": {"label": "LOC", "kb_qid": null, "url_wikidata": null}, "Dresde": {"label": "LOC", "kb_qid": "Q1731", "url_wikidata": "https://www.wikidata.org/wiki/Q1731"}, "\u00c9dit du Roi": {"label": "MISC", "kb_qid": "Q3579157", "url_wikidata": "https://www.wikidata.org/wiki/Q3579157"}, "Lessig": {"label": "LOC", "kb_qid": "Q217790", "url_wikidata": "https://www.wikidata.org/wiki/Q217790"}, "Janvier": {"label": "PER", "kb_qid": "Q3162186", "url_wikidata": "https://www.wikidata.org/wiki/Q3162186"}, "& rentes v": {"label": "MISC", "kb_qid": null, "url_wikidata": null}, "Nu": {"label": "MISC", "kb_qid": "Q40446", "url_wikidata": "https://www.wikidata.org/wiki/Q40446"}, "Billets": {"label": "LOC", "kb_qid": "Q47433", "url_wikidata": "https://www.wikidata.org/wiki/Q47433"}, "wow": {"label": "MISC", "kb_qid": null, "url_wikidata": null}, "Steiner": {"label": "PER", "kb_qid": "Q216690", "url_wikidata": "https://www.wikidata.org/wiki/Q216690"}, "Num\u00e9ros": {"label": "MISC", "kb_qid": null, "url_wikidata": null}, "d'Essex": {"label": "MISC", "kb_qid": "Q1277289", "url_wikidata": "https://www.wikidata.org/wiki/Q1277289"}, "Corps": {"label": "MISC", "kb_qid": "Q519313", "url_wikidata": "https://www.wikidata.org/wiki/Q519313"}, "Personnes": {"label": "ORG", "kb_qid": null, "url_wikidata": null}, "Int\u00e9ress\u00e9s": {"label": "MISC", "kb_qid": null, "url_wikidata": null}, "ISO": {"label": "ORG", "kb_qid": "Q15028", "url_wikidata": "https://www.wikidata.org/wiki/Q15028"}, "I65": {"label": "MISC", "kb_qid": "Q10884889", "url_wikidata": "https://www.wikidata.org/wiki/Q10884889"}, "I5": {"label": "ORG", "kb_qid": "Q3562416", "url_wikidata": "https://www.wikidata.org/wiki/Q3562416"}, "O,2I.": {"label": "LOC", "kb_qid": null, "url_wikidata": null}, "Ido &": {"label": "MISC", "kb_qid": null, "url_wikidata": null}}, "ents_freq": {"Princes": 1, "Roi la R\u00e9publique": 1, "Dresde": 1, "\u00c9dit du Roi": 1, "Lessig": 1, "Janvier": 1, "& rentes v": 1, "Nu": 1, "Billets": 1, "wow": 1, "Steiner": 1, "Num\u00e9ros": 1, "d'Essex": 1, "Corps": 1, "Personnes": 1, "Int\u00e9ress\u00e9s": 1, "ISO": 5, "I65": 1, "I5": 1, "O,2I.": 1, "Ido &": 1}, "year": "1748", "month": "03", "page": "62"}