{"ents_info": {"La Clef": {"label": "LOC", "kb_qid": "Q3207510", "url_wikidata": "https://www.wikidata.org/wiki/Q3207510"}, "Cabine 26": {"label": "MISC", "kb_qid": null, "url_wikidata": null}, "Aix la Chapelle": {"label": "LOC", "kb_qid": "Q327270", "url_wikidata": "https://www.wikidata.org/wiki/Q327270"}, "Imp\u00e9riales & Pi\u00e9montaises": {"label": "MISC", "kb_qid": null, "url_wikidata": null}, "Vaisseaux du Roi": {"label": "MISC", "kb_qid": "Q25393910", "url_wikidata": "https://www.wikidata.org/wiki/Q25393910"}, "Ordonnance": {"label": "MISC", "kb_qid": "Q18552825", "url_wikidata": "https://www.wikidata.org/wiki/Q18552825"}, "Sa Maj.": {"label": "MISC", "kb_qid": null, "url_wikidata": null}, "R\u00e9publique de G": {"label": "LOC", "kb_qid": null, "url_wikidata": null}, "\u201e non-obstacle promesse": {"label": "MISC", "kb_qid": null, "url_wikidata": null}, "ps": {"label": "ORG", "kb_qid": "Q284263", "url_wikidata": "https://www.wikidata.org/wiki/Q284263"}, "Dre": {"label": "PER", "kb_qid": "Q1129658", "url_wikidata": "https://www.wikidata.org/wiki/Q1129658"}, "Couronne Britannique": {"label": "ORG", "kb_qid": "Q739941", "url_wikidata": "https://www.wikidata.org/wiki/Q739941"}, "Sa Majest\u00e9": {"label": "PER", "kb_qid": "Q7732", "url_wikidata": "https://www.wikidata.org/wiki/Q7732"}, "Amiral Rolex": {"label": "PER", "kb_qid": null, "url_wikidata": null}, "B\u00e2timent & effets": {"label": "ORG", "kb_qid": null, "url_wikidata": null}, "G\u00e9nois": {"label": "LOC", "kb_qid": "Q174306", "url_wikidata": "https://www.wikidata.org/wiki/Q174306"}, "F\u00e9vrier": {"label": "PER", "kb_qid": "Q109", "url_wikidata": "https://www.wikidata.org/wiki/Q109"}, "Minist\u00e8re": {"label": "ORG", "kb_qid": "Q192350", "url_wikidata": "https://www.wikidata.org/wiki/Q192350"}, "Le Comte": {"label": "PER", "kb_qid": "Q1026906", "url_wikidata": "https://www.wikidata.org/wiki/Q1026906"}, "Comte de Chesterfield": {"label": "PER", "kb_qid": "Q2778272", "url_wikidata": "https://www.wikidata.org/wiki/Q2778272"}, "Roi": {"label": "PER", "kb_qid": "Q18384454", "url_wikidata": "https://www.wikidata.org/wiki/Q18384454"}, "Lord Gore": {"label": "PER", "kb_qid": null, "url_wikidata": null}, "Garde du petit Seau": {"label": "ORG", "kb_qid": null, "url_wikidata": null}, "& le Duc de Newcastle": {"label": "MISC", "kb_qid": null, "url_wikidata": null}, "De Roi": {"label": "PER", "kb_qid": null, "url_wikidata": null}}, "ents_freq": {"La Clef": 1, "Cabine 26": 1, "Aix la Chapelle": 1, "Imp\u00e9riales & Pi\u00e9montaises": 1, "Vaisseaux du Roi": 2, "Ordonnance": 1, "Sa Maj.": 2, "R\u00e9publique de G": 1, "\u201e non-obstacle promesse": 1, "ps": 1, "Dre": 1, "Couronne Britannique": 1, "Sa Majest\u00e9": 1, "Amiral Rolex": 1, "B\u00e2timent & effets": 1, "G\u00e9nois": 1, "F\u00e9vrier": 1, "Minist\u00e8re": 1, "Le Comte": 1, "Comte de Chesterfield": 2, "Roi": 1, "Lord Gore": 1, "Garde du petit Seau": 1, "& le Duc de Newcastle": 1, "De Roi": 1}, "year": "1748", "month": "04", "page": "27"}