{"ents_info": {"Clx du Cabine 84": {"label": "LOC", "kb_qid": null, "url_wikidata": null}, "ds": {"label": "MISC", "kb_qid": null, "url_wikidata": null}, "Sire, tout notre bonheur d'administrer la justice": {"label": "MISC", "kb_qid": null, "url_wikidata": null}, "Roi": {"label": "PER", "kb_qid": null, "url_wikidata": null}, "Pare de ses sujets, capable": {"label": "MISC", "kb_qid": null, "url_wikidata": null}, "Igor": {"label": "PER", "kb_qid": null, "url_wikidata": null}, "Elias & D\u00e9clarations": {"label": "ORG", "kb_qid": null, "url_wikidata": null}, "Parlement": {"label": "ORG", "kb_qid": null, "url_wikidata": null}, "Souverain de l'Europe": {"label": "MISC", "kb_qid": null, "url_wikidata": null}, "Rois": {"label": "MISC", "kb_qid": null, "url_wikidata": null}, "Sire, loess": {"label": "MISC", "kb_qid": null, "url_wikidata": null}, "l'Europe": {"label": "LOC", "kb_qid": null, "url_wikidata": null}}, "ents_freq": {"Clx du Cabine 84": 1, "ds": 1, "Sire, tout notre bonheur d'administrer la justice": 1, "Roi": 1, "Pare de ses sujets, capable": 1, "Igor": 1, "Elias & D\u00e9clarations": 1, "Parlement": 1, "Souverain de l'Europe": 1, "Rois": 1, "Sire, loess": 1, "l'Europe": 1}, "year": "1748", "month": "05", "page": "71"}