{"ents_info": {"CAF d Cabine": {"label": "ORG", "kb_qid": null, "url_wikidata": null}, "Mairie de Bois": {"label": "LOC", "kb_qid": null, "url_wikidata": null}, "Cavalerie": {"label": "LOC", "kb_qid": "Q47315", "url_wikidata": "https://www.wikidata.org/wiki/Q47315"}, "Rosemonde,": {"label": "MISC", "kb_qid": null, "url_wikidata": null}, "L'Infanterie": {"label": "MISC", "kb_qid": "Q29171", "url_wikidata": "https://www.wikidata.org/wiki/Q29171"}, "Mar\u00e9chal de Battant": {"label": "PER", "kb_qid": null, "url_wikidata": null}, "Administration": {"label": "ORG", "kb_qid": "Q17190147", "url_wikidata": "https://www.wikidata.org/wiki/Q17190147"}, "Trait\u00e9 de paix": {"label": "MISC", "kb_qid": "Q8736", "url_wikidata": "https://www.wikidata.org/wiki/Q8736"}, "ces Pays": {"label": "LOC", "kb_qid": "Q177323", "url_wikidata": "https://www.wikidata.org/wiki/Q177323"}, "Son Excellence": {"label": "PER", "kb_qid": "Q1067610", "url_wikidata": "https://www.wikidata.org/wiki/Q1067610"}, "Arm\u00e9e": {"label": "ORG", "kb_qid": "Q162513", "url_wikidata": "https://www.wikidata.org/wiki/Q162513"}, "Province de Luxembourg dix-huit Bataillions": {"label": "LOC", "kb_qid": null, "url_wikidata": null}, "Compagnies de Grenadiers": {"label": "ORG", "kb_qid": null, "url_wikidata": null}, "Juillet": {"label": "PER", "kb_qid": "Q121", "url_wikidata": "https://www.wikidata.org/wiki/Q121"}, "la Ville": {"label": "LOC", "kb_qid": "Q220", "url_wikidata": "https://www.wikidata.org/wiki/Q220"}, "Ces Bataillons": {"label": "ORG", "kb_qid": null, "url_wikidata": null}, "Los Riom,3": {"label": "LOC", "kb_qid": null, "url_wikidata": null}, "Barrit,r d'Arrente,2": {"label": "MISC", "kb_qid": null, "url_wikidata": null}, "Volfembuttrel,1": {"label": "MISC", "kb_qid": null, "url_wikidata": null}, "Plat,2 d'Albert,2 de Bihari": {"label": "PER", "kb_qid": null, "url_wikidata": null}, "R\u00e9": {"label": "LOC", "kb_qid": "Q292384", "url_wikidata": "https://www.wikidata.org/wiki/Q292384"}, "Escadrons de Dragons": {"label": "ORG", "kb_qid": null, "url_wikidata": null}, "Cuirassiers": {"label": "ORG", "kb_qid": "Q2421719", "url_wikidata": "https://www.wikidata.org/wiki/Q2421719"}, "R\u00e9gi": {"label": "MISC", "kb_qid": "Q2732820", "url_wikidata": "https://www.wikidata.org/wiki/Q2732820"}, "Cantonnement": {"label": "ORG", "kb_qid": "Q109017824", "url_wikidata": "https://www.wikidata.org/wiki/Q109017824"}, "Dragons": {"label": "LOC", "kb_qid": "Q7559", "url_wikidata": "https://www.wikidata.org/wiki/Q7559"}, "Ligne, de S\u00e9rum, de": {"label": "MISC", "kb_qid": null, "url_wikidata": null}, "Wurtemberg": {"label": "LOC", "kb_qid": "Q159626", "url_wikidata": "https://www.wikidata.org/wiki/Q159626"}, "Heather, & les Hussards d Chili &": {"label": "MISC", "kb_qid": null, "url_wikidata": null}, "Nl": {"label": "LOC", "kb_qid": null, "url_wikidata": null}, "Comte": {"label": "PER", "kb_qid": "Q3519259", "url_wikidata": "https://www.wikidata.org/wiki/Q3519259"}, "G\u00e9n\u00e9ral d'Artillerie": {"label": "PER", "kb_qid": "Q664101", "url_wikidata": "https://www.wikidata.org/wiki/Q664101"}, "Donner & de Total": {"label": "MISC", "kb_qid": null, "url_wikidata": null}, "& tiers G\u00e9n\u00e9raux-Majors": {"label": "ORG", "kb_qid": null, "url_wikidata": null}, "Albert": {"label": "PER", "kb_qid": "Q55008046", "url_wikidata": "https://www.wikidata.org/wiki/Q55008046"}, "Bue ba": {"label": "PER", "kb_qid": null, "url_wikidata": null}, "Thionville": {"label": "LOC", "kb_qid": "Q22640", "url_wikidata": "https://www.wikidata.org/wiki/Q22640"}, "Krefeld": {"label": "LOC", "kb_qid": "Q2805", "url_wikidata": "https://www.wikidata.org/wiki/Q2805"}, "u triton d'artillerie": {"label": "MISC", "kb_qid": null, "url_wikidata": null}}, "ents_freq": {"CAF d Cabine": 1, "Mairie de Bois": 1, "Cavalerie": 1, "Rosemonde,": 1, "L'Infanterie": 1, "Mar\u00e9chal de Battant": 2, "Administration": 1, "Trait\u00e9 de paix": 1, "ces Pays": 1, "Son Excellence": 1, "Arm\u00e9e": 2, "Province de Luxembourg dix-huit Bataillions": 1, "Compagnies de Grenadiers": 1, "Juillet": 1, "la Ville": 1, "Ces Bataillons": 1, "Los Riom,3": 1, "Barrit,r d'Arrente,2": 1, "Volfembuttrel,1": 1, "Plat,2 d'Albert,2 de Bihari": 1, "R\u00e9": 1, "Escadrons de Dragons": 1, "Cuirassiers": 1, "R\u00e9gi": 1, "Cantonnement": 1, "Dragons": 1, "Ligne, de S\u00e9rum, de": 1, "Wurtemberg": 1, "Heather, & les Hussards d Chili &": 1, "Nl": 1, "Comte": 1, "G\u00e9n\u00e9ral d'Artillerie": 1, "Donner & de Total": 1, "& tiers G\u00e9n\u00e9raux-Majors": 1, "Albert": 1, "Bue ba": 1, "Thionville": 1, "Krefeld": 1, "u triton d'artillerie": 1}, "year": "1748", "month": "08", "page": "69"}