{"ents_info": {"La Clef du Cabinet y46": {"label": "MISC", "kb_qid": null, "url_wikidata": null}, "Niaouli-an": {"label": "MISC", "kb_qid": null, "url_wikidata": null}, "abhorr\u00e9es pat-pour": {"label": "PER", "kb_qid": null, "url_wikidata": null}, "Perse": {"label": "LOC", "kb_qid": "Q83311", "url_wikidata": "https://www.wikidata.org/wiki/Q83311"}, "Ekat": {"label": "ORG", "kb_qid": null, "url_wikidata": null}, "ARTICLE VIII": {"label": "MISC", "kb_qid": null, "url_wikidata": null}, "Arts de Personnes Illustres": {"label": "MISC", "kb_qid": null, "url_wikidata": null}, "les Morts.": {"label": "MISC", "kb_qid": null, "url_wikidata": null}, "Orly": {"label": "LOC", "kb_qid": "Q236058", "url_wikidata": "https://www.wikidata.org/wiki/Q236058"}, "Conseil le d'Ekat": {"label": "ORG", "kb_qid": null, "url_wikidata": null}, "Roi de France": {"label": "LOC", "kb_qid": "Q7738", "url_wikidata": "https://www.wikidata.org/wiki/Q7738"}, "Commandeur de l'Ordre du St. Esprit": {"label": "ORG", "kb_qid": null, "url_wikidata": null}, "Grand-Bijoutier de France": {"label": "PER", "kb_qid": null, "url_wikidata": null}, "& Ministre d'Erad": {"label": "ORG", "kb_qid": null, "url_wikidata": null}, "Paris": {"label": "LOC", "kb_qid": "Q90", "url_wikidata": "https://www.wikidata.org/wiki/Q90"}, "ControlleurG\u00e9n\u00e9ral": {"label": "MISC", "kb_qid": null, "url_wikidata": null}, "Finances & Directeur des B\u00e2timent": {"label": "ORG", "kb_qid": null, "url_wikidata": null}, "Blanchenbourg, la Duchesse": {"label": "MISC", "kb_qid": null, "url_wikidata": null}, "Christine-Louise": {"label": "PER", "kb_qid": "Q61264", "url_wikidata": "https://www.wikidata.org/wiki/Q61264"}, "Duc Louis-Adolphe de Brunswick": {"label": "PER", "kb_qid": null, "url_wikidata": null}, "Princesse d'R\u00e9tinien, & mer e de '": {"label": "MISC", "kb_qid": null, "url_wikidata": null}, "imp\u00e9ratrice Douairi\u00e8re de l'Empereur": {"label": "PER", "kb_qid": null, "url_wikidata": null}, "Charles VI": {"label": "PER", "kb_qid": "Q150665", "url_wikidata": "https://www.wikidata.org/wiki/Q150665"}, "Princesse": {"label": "PER", "kb_qid": "Q2747456", "url_wikidata": "https://www.wikidata.org/wiki/Q2747456"}, "Doc": {"label": "MISC", "kb_qid": "Q777835", "url_wikidata": "https://www.wikidata.org/wiki/Q777835"}, "Canon": {"label": "ORG", "kb_qid": "Q62621", "url_wikidata": "https://www.wikidata.org/wiki/Q62621"}, "Conseiller Eccl\u00e9siastique d Son Altesse l'\u00c9lecteur de Tr\u00eaves": {"label": "PER", "kb_qid": null, "url_wikidata": null}}, "ents_freq": {"La Clef du Cabinet y46": 1, "Niaouli-an": 1, "abhorr\u00e9es pat-pour": 1, "Perse": 1, "Ekat": 1, "ARTICLE VIII": 1, "Arts de Personnes Illustres": 1, "les Morts.": 1, "Orly": 1, "Conseil le d'Ekat": 1, "Roi de France": 1, "Commandeur de l'Ordre du St. Esprit": 1, "Grand-Bijoutier de France": 1, "& Ministre d'Erad": 1, "Paris": 1, "ControlleurG\u00e9n\u00e9ral": 1, "Finances & Directeur des B\u00e2timent": 1, "Blanchenbourg, la Duchesse": 1, "Christine-Louise": 1, "Duc Louis-Adolphe de Brunswick": 1, "Princesse d'R\u00e9tinien, & mer e de '": 1, "imp\u00e9ratrice Douairi\u00e8re de l'Empereur": 1, "Charles VI": 1, "Princesse": 1, "Doc": 1, "Canon": 1, "Conseiller Eccl\u00e9siastique d Son Altesse l'\u00c9lecteur de Tr\u00eaves": 1}, "year": "1748", "month": "01", "page": "73"}