{"ents_info": {"Eg La Clef du Cabine": {"label": "MISC", "kb_qid": null, "url_wikidata": null}, "Mgr": {"label": "PER", "kb_qid": "Q17051299", "url_wikidata": "https://www.wikidata.org/wiki/Q17051299"}, "le Stadhouder": {"label": "LOC", "kb_qid": null, "url_wikidata": null}, "Bourgeois Habitants": {"label": "LOC", "kb_qid": null, "url_wikidata": null}, "R\u00e9gence, &": {"label": "ORG", "kb_qid": null, "url_wikidata": null}, "la Ville": {"label": "LOC", "kb_qid": "Q220", "url_wikidata": "https://www.wikidata.org/wiki/Q220"}, "Bourgeois d'Amsterdam": {"label": "LOC", "kb_qid": null, "url_wikidata": null}, "Articles;": {"label": "MISC", "kb_qid": null, "url_wikidata": null}, "Bourgeois & Habitants": {"label": "ORG", "kb_qid": null, "url_wikidata": null}, "S. A. S.": {"label": "PER", "kb_qid": "Q1267102", "url_wikidata": "https://www.wikidata.org/wiki/Q1267102"}, "R\u00e9gence": {"label": "MISC", "kb_qid": "Q1362712", "url_wikidata": "https://www.wikidata.org/wiki/Q1362712"}, "IA Lettre de Mgr": {"label": "MISC", "kb_qid": null, "url_wikidata": null}, "Congo": {"label": "LOC", "kb_qid": "Q971", "url_wikidata": "https://www.wikidata.org/wiki/Q971"}, "Loi": {"label": "MISC", "kb_qid": "Q820655", "url_wikidata": "https://www.wikidata.org/wiki/Q820655"}, "Bourgeois & Flapi": {"label": "ORG", "kb_qid": null, "url_wikidata": null}}, "ents_freq": {"Eg La Clef du Cabine": 1, "Mgr": 1, "le Stadhouder": 2, "Bourgeois Habitants": 1, "R\u00e9gence, &": 1, "la Ville": 1, "Bourgeois d'Amsterdam": 1, "Articles;": 1, "Bourgeois & Habitants": 1, "S. A. S.": 1, "R\u00e9gence": 1, "IA Lettre de Mgr": 1, "Congo": 1, "Loi": 1, "Bourgeois & Flapi": 1}, "year": "1748", "month": "11", "page": "65"}