{"ents_info": {"Princes de": {"label": "LOC", "kb_qid": "Q16641916", "url_wikidata": "https://www.wikidata.org/wiki/Q16641916"}, "Hercule;": {"label": "LOC", "kb_qid": null, "url_wikidata": null}, "le Volcan": {"label": "LOC", "kb_qid": "Q3228210", "url_wikidata": "https://www.wikidata.org/wiki/Q3228210"}, "V\u00e9suve": {"label": "LOC", "kb_qid": "Q524", "url_wikidata": "https://www.wikidata.org/wiki/Q524"}, "Hercule": {"label": "PER", "kb_qid": "Q122248", "url_wikidata": "https://www.wikidata.org/wiki/Q122248"}, "Permit Acteront Hercules": {"label": "PER", "kb_qid": null, "url_wikidata": null}, "Ville": {"label": "LOC", "kb_qid": "Q515", "url_wikidata": "https://www.wikidata.org/wiki/Q515"}, "Vile": {"label": "MISC", "kb_qid": "Q12131543", "url_wikidata": "https://www.wikidata.org/wiki/Q12131543"}, "Th\u00e9\u00e2tre d'Hercule": {"label": "LOC", "kb_qid": null, "url_wikidata": null}, "ISO": {"label": "ORG", "kb_qid": "Q779547", "url_wikidata": "https://www.wikidata.org/wiki/Q779547"}, "E": {"label": "LOC", "kb_qid": "Q2903493", "url_wikidata": "https://www.wikidata.org/wiki/Q2903493"}, "Architecture": {"label": "MISC", "kb_qid": "Q12271", "url_wikidata": "https://www.wikidata.org/wiki/Q12271"}, "Grecque": {"label": "LOC", "kb_qid": "Q11772", "url_wikidata": "https://www.wikidata.org/wiki/Q11772"}, "Pi\u00e8ces dramatiques d'aujourd'hui dans une cave de sa pieds de profondeur": {"label": "MISC", "kb_qid": null, "url_wikidata": null}}, "ents_freq": {"Princes de": 1, "Hercule;": 1, "le Volcan": 1, "V\u00e9suve": 1, "Hercule": 2, "Permit Acteront Hercules": 1, "Ville": 1, "Vile": 1, "Th\u00e9\u00e2tre d'Hercule": 1, "ISO": 1, "E": 1, "Architecture": 1, "Grecque": 1, "Pi\u00e8ces dramatiques d'aujourd'hui dans une cave de sa pieds de profondeur": 1}, "year": "1748", "month": "08", "page": "12"}