{"ents_info": {"La Clef du Cabinet 5 Corps de la Marine": {"label": "MISC", "kb_qid": null, "url_wikidata": null}, "Roi": {"label": "PER", "kb_qid": "Q12097", "url_wikidata": "https://www.wikidata.org/wiki/Q12097"}, "Due Richelieu": {"label": "MISC", "kb_qid": null, "url_wikidata": null}, "Wallis": {"label": "LOC", "kb_qid": "Q35555", "url_wikidata": "https://www.wikidata.org/wiki/Q35555"}, "Mar\u00e9chal de France": {"label": "PER", "kb_qid": "Q474485", "url_wikidata": "https://www.wikidata.org/wiki/Q474485"}, "Comte de Rennes le Gouvernement des Elles & Chapeau d'Alen\u00e7on": {"label": "PER", "kb_qid": null, "url_wikidata": null}, "Mont": {"label": "LOC", "kb_qid": "Q1155817", "url_wikidata": "https://www.wikidata.org/wiki/Q1155817"}, "Comte de la Clavi\u00e8re": {"label": "PER", "kb_qid": null, "url_wikidata": null}, "Mat\u00e9 chat de Camp & Commandant de Sedan": {"label": "MISC", "kb_qid": null, "url_wikidata": null}, "Eva h\u00e9": {"label": "PER", "kb_qid": null, "url_wikidata": null}, "Poitiers": {"label": "LOC", "kb_qid": "Q201692", "url_wikidata": "https://www.wikidata.org/wiki/Q201692"}, "Marathonien de Caussade": {"label": "LOC", "kb_qid": null, "url_wikidata": null}, "Vicaire G\u00e9n\u00e9ral de l'": {"label": "PER", "kb_qid": null, "url_wikidata": null}, "\u00c9v\u00each\u00e9 de Tarbes": {"label": "LOC", "kb_qid": "Q770413", "url_wikidata": "https://www.wikidata.org/wiki/Q770413"}, "Abbaye de V\u00e9randa Ordre de Pr\u00e9montr\u00e9, Dioc\u00e8se de Noyon": {"label": "LOC", "kb_qid": null, "url_wikidata": null}, "Abb\u00e9 Hachette": {"label": "PER", "kb_qid": null, "url_wikidata": null}, "G\u00e9n\u00e9ral des Carm\u00e9lites de France": {"label": "PER", "kb_qid": null, "url_wikidata": null}, "St. L\u00e9g\u00e8re,": {"label": "LOC", "kb_qid": null, "url_wikidata": null}, "Ordre de St. Beno\u00eet": {"label": "ORG", "kb_qid": null, "url_wikidata": null}, "Dioc\u00e8se de Maintes": {"label": "LOC", "kb_qid": null, "url_wikidata": null}, "Abb\u00e9 Roberval": {"label": "PER", "kb_qid": null, "url_wikidata": null}, "Vicaire- G\u00e9n\u00e9ral": {"label": "LOC", "kb_qid": null, "url_wikidata": null}, "\u00c9v\u00each\u00e9 de Poitiers": {"label": "LOC", "kb_qid": null, "url_wikidata": null}, "Colonel de la Salle, \u00e9vad\u00e9 du eichselmunde": {"label": "PER", "kb_qid": null, "url_wikidata": null}, "Cour": {"label": "LOC", "kb_qid": "Q122880", "url_wikidata": "https://www.wikidata.org/wiki/Q122880"}, "Alsace": {"label": "LOC", "kb_qid": "Q1142", "url_wikidata": "https://www.wikidata.org/wiki/Q1142"}, "Cour de Russie": {"label": "LOC", "kb_qid": "Q34266", "url_wikidata": "https://www.wikidata.org/wiki/Q34266"}, "Colonel": {"label": "PER", "kb_qid": "Q21074077", "url_wikidata": "https://www.wikidata.org/wiki/Q21074077"}, "S": {"label": "LOC", "kb_qid": "Q9956", "url_wikidata": "https://www.wikidata.org/wiki/Q9956"}, "Russie": {"label": "LOC", "kb_qid": "Q34266", "url_wikidata": "https://www.wikidata.org/wiki/Q34266"}, "Madame de France": {"label": "PER", "kb_qid": "Q848615", "url_wikidata": "https://www.wikidata.org/wiki/Q848615"}, "Eo": {"label": "PER", "kb_qid": "Q14529", "url_wikidata": "https://www.wikidata.org/wiki/Q14529"}, "Infant Don Philippe": {"label": "PER", "kb_qid": null, "url_wikidata": null}, "Madrid": {"label": "LOC", "kb_qid": "Q2807", "url_wikidata": "https://www.wikidata.org/wiki/Q2807"}, "Prince": {"label": "PER", "kb_qid": "Q131719", "url_wikidata": "https://www.wikidata.org/wiki/Q131719"}, "N'y viendra pas, \u00e0 moins": {"label": "MISC", "kb_qid": null, "url_wikidata": null}}, "ents_freq": {"La Clef du Cabinet 5 Corps de la Marine": 1, "Roi": 3, "Due Richelieu": 1, "Wallis": 1, "Mar\u00e9chal de France": 1, "Comte de Rennes le Gouvernement des Elles & Chapeau d'Alen\u00e7on": 1, "Mont": 1, "Comte de la Clavi\u00e8re": 1, "Mat\u00e9 chat de Camp & Commandant de Sedan": 1, "Eva h\u00e9": 1, "Poitiers": 1, "Marathonien de Caussade": 1, "Vicaire G\u00e9n\u00e9ral de l'": 1, "\u00c9v\u00each\u00e9 de Tarbes": 1, "Abbaye de V\u00e9randa Ordre de Pr\u00e9montr\u00e9, Dioc\u00e8se de Noyon": 1, "Abb\u00e9 Hachette": 1, "G\u00e9n\u00e9ral des Carm\u00e9lites de France": 1, "St. L\u00e9g\u00e8re,": 1, "Ordre de St. Beno\u00eet": 1, "Dioc\u00e8se de Maintes": 1, "Abb\u00e9 Roberval": 1, "Vicaire- G\u00e9n\u00e9ral": 1, "\u00c9v\u00each\u00e9 de Poitiers": 1, "Colonel de la Salle, \u00e9vad\u00e9 du eichselmunde": 1, "Cour": 1, "Alsace": 1, "Cour de Russie": 1, "Colonel": 1, "S": 1, "Russie": 1, "Madame de France": 1, "Eo": 1, "Infant Don Philippe": 1, "Madrid": 1, "Prince": 1, "N'y viendra pas, \u00e0 moins": 1}, "year": "1748", "month": "12", "page": "59"}