{"ents_info": {"Princes": {"label": "LOC", "kb_qid": null, "url_wikidata": null}, "Rochester": {"label": "LOC", "kb_qid": null, "url_wikidata": null}, "\u00c9cosse": {"label": "LOC", "kb_qid": null, "url_wikidata": null}, "Aberdeen": {"label": "LOC", "kb_qid": null, "url_wikidata": null}, "P\u00e8tera &": {"label": "ORG", "kb_qid": null, "url_wikidata": null}, "Irlande": {"label": "LOC", "kb_qid": null, "url_wikidata": null}, "l'Europe": {"label": "LOC", "kb_qid": null, "url_wikidata": null}, "ARTICLE VII": {"label": "MISC", "kb_qid": null, "url_wikidata": null}, "HOLLANDE": {"label": "MISC", "kb_qid": null, "url_wikidata": null}, "Alla R\u00e9publique": {"label": "PER", "kb_qid": null, "url_wikidata": null}, "El": {"label": "LOC", "kb_qid": null, "url_wikidata": null}, "\u00c9crivains du temps": {"label": "MISC", "kb_qid": null, "url_wikidata": null}, "Provinces": {"label": "LOC", "kb_qid": null, "url_wikidata": null}, "Aix-la-Chapelle": {"label": "LOC", "kb_qid": null, "url_wikidata": null}, "la Ville": {"label": "LOC", "kb_qid": null, "url_wikidata": null}, "Amsterdam": {"label": "LOC", "kb_qid": null, "url_wikidata": null}, "Dole": {"label": "LOC", "kb_qid": null, "url_wikidata": null}, "Journal, les": {"label": "MISC", "kb_qid": null, "url_wikidata": null}, "R\u00e9gent d'Amsterdam": {"label": "PER", "kb_qid": null, "url_wikidata": null}, "Aouter": {"label": "MISC", "kb_qid": null, "url_wikidata": null}, "Requ\u00eate d'irr\u00e9guli\u00e8re & de tumultueuse;": {"label": "MISC", "kb_qid": null, "url_wikidata": null}}, "ents_freq": {"Princes": 1, "Rochester": 1, "\u00c9cosse": 1, "Aberdeen": 1, "P\u00e8tera &": 1, "Irlande": 1, "l'Europe": 1, "ARTICLE VII": 1, "HOLLANDE": 1, "Alla R\u00e9publique": 1, "El": 1, "\u00c9crivains du temps": 1, "Provinces": 1, "Aix-la-Chapelle": 1, "la Ville": 1, "Amsterdam": 1, "Dole": 1, "Journal, les": 1, "R\u00e9gent d'Amsterdam": 1, "Aouter": 1, "Requ\u00eate d'irr\u00e9guli\u00e8re & de tumultueuse;": 1}, "year": "1748", "month": "10", "page": "64"}