{"ents_info": {"Princes": {"label": "LOC", "kb_qid": "Q2747456", "url_wikidata": "https://www.wikidata.org/wiki/Q2747456"}, "o1": {"label": "MISC", "kb_qid": "Q3456717", "url_wikidata": "https://www.wikidata.org/wiki/Q3456717"}, "Trait\u00e9 de Commerce & de Navigation entre la": {"label": "MISC", "kb_qid": null, "url_wikidata": null}, "Cour &": {"label": "ORG", "kb_qid": null, "url_wikidata": null}, "de France": {"label": "LOC", "kb_qid": "Q2935365", "url_wikidata": "https://www.wikidata.org/wiki/Q2935365"}, "Stars du Roi": {"label": "MISC", "kb_qid": null, "url_wikidata": null}, "Franc": {"label": "LOC", "kb_qid": "Q43482", "url_wikidata": "https://www.wikidata.org/wiki/Q43482"}, "\u00c9tats du Roi": {"label": "LOC", "kb_qid": null, "url_wikidata": null}, "Cour": {"label": "LOC", "kb_qid": "Q3001001", "url_wikidata": "https://www.wikidata.org/wiki/Q3001001"}, "Couverture des Conf\u00e9rences sur la pacification g\u00e9n\u00e9rale": {"label": "MISC", "kb_qid": null, "url_wikidata": null}, "Ministre": {"label": "PER", "kb_qid": "Q83307", "url_wikidata": "https://www.wikidata.org/wiki/Q83307"}, "Aix-la- Chapelle": {"label": "LOC", "kb_qid": null, "url_wikidata": null}, "Roi": {"label": "PER", "kb_qid": "Q12097", "url_wikidata": "https://www.wikidata.org/wiki/Q12097"}, "Sil\u00e9sie": {"label": "LOC", "kb_qid": "Q81720", "url_wikidata": "https://www.wikidata.org/wiki/Q81720"}, "Puissances": {"label": "MISC", "kb_qid": "Q26051996", "url_wikidata": "https://www.wikidata.org/wiki/Q26051996"}, "Marquis de Vallon": {"label": "PER", "kb_qid": null, "url_wikidata": null}, "Ministre de France": {"label": "ORG", "kb_qid": null, "url_wikidata": null}, "Trait\u00e9 d'alliance d\u00e9fensive": {"label": "MISC", "kb_qid": "Q2838118", "url_wikidata": "https://www.wikidata.org/wiki/Q2838118"}, "Couronnes de Prusse &": {"label": "ORG", "kb_qid": null, "url_wikidata": null}, "S. M.T. C.": {"label": "PER", "kb_qid": null, "url_wikidata": null}, "Partie principale contractante;": {"label": "MISC", "kb_qid": null, "url_wikidata": null}, "Cours": {"label": "MISC", "kb_qid": "Q21888036", "url_wikidata": "https://www.wikidata.org/wiki/Q21888036"}, "Volontaires": {"label": "MISC", "kb_qid": "Q1712185", "url_wikidata": "https://www.wikidata.org/wiki/Q1712185"}, "Arm\u00e9e": {"label": "ORG", "kb_qid": "Q2816994", "url_wikidata": "https://www.wikidata.org/wiki/Q2816994"}, "Fran\u00e7oise du Mar\u00e9chal de Se": {"label": "PER", "kb_qid": null, "url_wikidata": null}}, "ents_freq": {"Princes": 1, "o1": 1, "Trait\u00e9 de Commerce & de Navigation entre la": 1, "Cour &": 1, "de France": 1, "Stars du Roi": 1, "Franc": 1, "\u00c9tats du Roi": 1, "Cour": 1, "Couverture des Conf\u00e9rences sur la pacification g\u00e9n\u00e9rale": 1, "Ministre": 1, "Aix-la- Chapelle": 1, "Roi": 4, "Sil\u00e9sie": 1, "Puissances": 1, "Marquis de Vallon": 1, "Ministre de France": 1, "Trait\u00e9 d'alliance d\u00e9fensive": 1, "Couronnes de Prusse &": 1, "S. M.T. C.": 1, "Partie principale contractante;": 1, "Cours": 1, "Volontaires": 1, "Arm\u00e9e": 1, "Fran\u00e7oise du Mar\u00e9chal de Se": 1}, "year": "1748", "month": "04", "page": "70"}