{"ents_info": {"Princes": {"label": "LOC", "kb_qid": "Q2747456", "url_wikidata": "https://www.wikidata.org/wiki/Q2747456"}, "RJ11": {"label": "PER", "kb_qid": "Q2488884", "url_wikidata": "https://www.wikidata.org/wiki/Q2488884"}, "Imp\u00e9ratrice reine": {"label": "PER", "kb_qid": null, "url_wikidata": null}, "Gave": {"label": "PER", "kb_qid": "Q932347", "url_wikidata": "https://www.wikidata.org/wiki/Q932347"}, "Places, & que la R\u00e9publique": {"label": "MISC", "kb_qid": null, "url_wikidata": null}, "Imp\u00e9riaux": {"label": "MISC", "kb_qid": "Q153136", "url_wikidata": "https://www.wikidata.org/wiki/Q153136"}, "Place": {"label": "LOC", "kb_qid": "Q616381", "url_wikidata": "https://www.wikidata.org/wiki/Q616381"}, "Suzanne &": {"label": "MISC", "kb_qid": null, "url_wikidata": null}, "Final": {"label": "MISC", "kb_qid": "Q56310042", "url_wikidata": "https://www.wikidata.org/wiki/Q56310042"}, "Juillet": {"label": "LOC", "kb_qid": "Q121", "url_wikidata": "https://www.wikidata.org/wiki/Q121"}, "De Pi\u00e9mont &": {"label": "MISC", "kb_qid": null, "url_wikidata": null}, "Lombardie": {"label": "LOC", "kb_qid": "Q1210", "url_wikidata": "https://www.wikidata.org/wiki/Q1210"}, "R\u00e9publique": {"label": "LOC", "kb_qid": "Q70802", "url_wikidata": "https://www.wikidata.org/wiki/Q70802"}, "Ministres": {"label": "LOC", "kb_qid": "Q83307", "url_wikidata": "https://www.wikidata.org/wiki/Q83307"}, "Londres": {"label": "LOC", "kb_qid": "Q84", "url_wikidata": "https://www.wikidata.org/wiki/Q84"}, "Citadelle de Savon": {"label": "LOC", "kb_qid": null, "url_wikidata": null}, "A4": {"label": "LOC", "kb_qid": "Q733222", "url_wikidata": "https://www.wikidata.org/wiki/Q733222"}, "Iimnp\u00e9tiax": {"label": "LOC", "kb_qid": null, "url_wikidata": null}, "Laiss\u00e9es": {"label": "LOC", "kb_qid": null, "url_wikidata": null}, "VI": {"label": "MISC", "kb_qid": "Q24950490", "url_wikidata": "https://www.wikidata.org/wiki/Q24950490"}, "Iiranc\u0327oises & Espagnoles": {"label": "ORG", "kb_qid": null, "url_wikidata": null}, "Ekat, le D Corse": {"label": "MISC", "kb_qid": null, "url_wikidata": null}, "Richelieu": {"label": "PER", "kb_qid": "Q26702", "url_wikidata": "https://www.wikidata.org/wiki/Q26702"}, "O": {"label": "MISC", "kb_qid": "Q629", "url_wikidata": "https://www.wikidata.org/wiki/Q629"}}, "ents_freq": {"Princes": 1, "RJ11": 1, "Imp\u00e9ratrice reine": 1, "Gave": 3, "Places, & que la R\u00e9publique": 1, "Imp\u00e9riaux": 2, "Place": 1, "Suzanne &": 1, "Final": 2, "Juillet": 1, "De Pi\u00e9mont &": 1, "Lombardie": 1, "R\u00e9publique": 3, "Ministres": 1, "Londres": 1, "Citadelle de Savon": 1, "A4": 1, "Iimnp\u00e9tiax": 1, "Laiss\u00e9es": 1, "VI": 1, "Iiranc\u0327oises & Espagnoles": 1, "Ekat, le D Corse": 1, "Richelieu": 1, "O": 1}, "year": "1748", "month": "09", "page": "52"}