{"ents_info": {"La Clef du Cabinet": {"label": "MISC", "kb_qid": null, "url_wikidata": null}, "CS": {"label": "MISC", "kb_qid": null, "url_wikidata": null}, "Paris": {"label": "LOC", "kb_qid": null, "url_wikidata": null}, "Chevalier de Saint Georges": {"label": "PER", "kb_qid": null, "url_wikidata": null}, "Seigneurs & les Gentilshommes": {"label": "MISC", "kb_qid": null, "url_wikidata": null}, "Trait\u00e9 g\u00e9n\u00e9ral & d\u00e9finitif de": {"label": "MISC", "kb_qid": null, "url_wikidata": null}, "Paix": {"label": "MISC", "kb_qid": null, "url_wikidata": null}, "Britannique": {"label": "LOC", "kb_qid": null, "url_wikidata": null}, "Maison du Roi": {"label": "MISC", "kb_qid": null, "url_wikidata": null}, "Roi": {"label": "PER", "kb_qid": null, "url_wikidata": null}, "Duc de Mesures": {"label": "PER", "kb_qid": null, "url_wikidata": null}, "Prince Charles-\u00c9douard Stuart": {"label": "PER", "kb_qid": null, "url_wikidata": null}, "Sa Maj.": {"label": "MISC", "kb_qid": null, "url_wikidata": null}, "Terres de la domination de ce Royaume;": {"label": "LOC", "kb_qid": null, "url_wikidata": null}}, "ents_freq": {"La Clef du Cabinet": 1, "CS": 1, "Paris": 2, "Chevalier de Saint Georges": 1, "Seigneurs & les Gentilshommes": 1, "Trait\u00e9 g\u00e9n\u00e9ral & d\u00e9finitif de": 1, "Paix": 1, "Britannique": 1, "Maison du Roi": 1, "Roi": 2, "Duc de Mesures": 1, "Prince Charles-\u00c9douard Stuart": 1, "Sa Maj.": 1, "Terres de la domination de ce Royaume;": 1}, "year": "1748", "month": "12", "page": "75"}