{"ents_info": {"Cabinet 264 Thomas oui an": {"label": "MISC", "kb_qid": null, "url_wikidata": null}, "\u00c9tats &": {"label": "MISC", "kb_qid": null, "url_wikidata": null}, "Courrier venu de Constantinople": {"label": "MISC", "kb_qid": null, "url_wikidata": null}, "Bettembourg": {"label": "LOC", "kb_qid": "Q832342", "url_wikidata": "https://www.wikidata.org/wiki/Q832342"}, "Grand Seigneur": {"label": "MISC", "kb_qid": "Q199481", "url_wikidata": "https://www.wikidata.org/wiki/Q199481"}, "Grand Vizir &": {"label": "MISC", "kb_qid": null, "url_wikidata": null}, "Officiers": {"label": "ORG", "kb_qid": "Q163700", "url_wikidata": "https://www.wikidata.org/wiki/Q163700"}, "Turquie": {"label": "LOC", "kb_qid": "Q483856", "url_wikidata": "https://www.wikidata.org/wiki/Q483856"}, "Gand": {"label": "LOC", "kb_qid": "Q1296", "url_wikidata": "https://www.wikidata.org/wiki/Q1296"}, "Russiennes": {"label": "LOC", "kb_qid": null, "url_wikidata": null}, "Finlande": {"label": "LOC", "kb_qid": "Q33", "url_wikidata": "https://www.wikidata.org/wiki/Q33"}, "Roi": {"label": "PER", "kb_qid": "Q12097", "url_wikidata": "https://www.wikidata.org/wiki/Q12097"}, "Gouverneur": {"label": "PER", "kb_qid": "Q132050", "url_wikidata": "https://www.wikidata.org/wiki/Q132050"}, "Province": {"label": "LOC", "kb_qid": "Q2879", "url_wikidata": "https://www.wikidata.org/wiki/Q2879"}, "Fortifications": {"label": "MISC", "kb_qid": "Q57821", "url_wikidata": "https://www.wikidata.org/wiki/Q57821"}, "Places de la Finlande": {"label": "LOC", "kb_qid": null, "url_wikidata": null}, "Pres de Helsingfors": {"label": "MISC", "kb_qid": null, "url_wikidata": null}, "Princesse Royale": {"label": "MISC", "kb_qid": "Q57536", "url_wikidata": "https://www.wikidata.org/wiki/Q57536"}, "m\u00e9tr\u00e9e r\u00e8gle": {"label": "PER", "kb_qid": null, "url_wikidata": null}, "Russie": {"label": "LOC", "kb_qid": "Q34266", "url_wikidata": "https://www.wikidata.org/wiki/Q34266"}, "Baron de Helen": {"label": "MISC", "kb_qid": null, "url_wikidata": null}, "Ministre du Roi": {"label": "ORG", "kb_qid": null, "url_wikidata": null}, "Roi de Prusse": {"label": "PER", "kb_qid": "Q27306", "url_wikidata": "https://www.wikidata.org/wiki/Q27306"}}, "ents_freq": {"Cabinet 264 Thomas oui an": 1, "\u00c9tats &": 1, "Courrier venu de Constantinople": 1, "Bettembourg": 1, "Grand Seigneur": 1, "Grand Vizir &": 1, "Officiers": 1, "Turquie": 1, "Gand": 1, "Russiennes": 1, "Finlande": 2, "Roi": 1, "Gouverneur": 1, "Province": 1, "Fortifications": 1, "Places de la Finlande": 1, "Pres de Helsingfors": 1, "Princesse Royale": 1, "m\u00e9tr\u00e9e r\u00e8gle": 1, "Russie": 1, "Baron de Helen": 1, "Ministre du Roi": 1, "Roi de Prusse": 1}, "year": "1748", "month": "10", "page": "25"}