{"ents_info": {"Fiotte": {"label": "LOC", "kb_qid": null, "url_wikidata": null}, "Mars": {"label": "LOC", "kb_qid": "Q111", "url_wikidata": "https://www.wikidata.org/wiki/Q111"}, "Cadix": {"label": "LOC", "kb_qid": "Q15682", "url_wikidata": "https://www.wikidata.org/wiki/Q15682"}, "Ordonnance": {"label": "MISC", "kb_qid": "Q3355475", "url_wikidata": "https://www.wikidata.org/wiki/Q3355475"}, "S. M. Portugaise": {"label": "PER", "kb_qid": null, "url_wikidata": null}, "Soldats": {"label": "MISC", "kb_qid": "Q1216312", "url_wikidata": "https://www.wikidata.org/wiki/Q1216312"}, "\u00c9tablissement des Indes": {"label": "ORG", "kb_qid": null, "url_wikidata": null}, "Pote Lionn\u00e9e": {"label": "LOC", "kb_qid": null, "url_wikidata": null}, "Vaisseaux": {"label": "MISC", "kb_qid": "Q3553318", "url_wikidata": "https://www.wikidata.org/wiki/Q3553318"}, "Navire": {"label": "LOC", "kb_qid": "Q11446", "url_wikidata": "https://www.wikidata.org/wiki/Q11446"}, "Nations Indiennes": {"label": "ORG", "kb_qid": "Q36747", "url_wikidata": "https://www.wikidata.org/wiki/Q36747"}, "Colonies Portugaises": {"label": "LOC", "kb_qid": "Q200464", "url_wikidata": "https://www.wikidata.org/wiki/Q200464"}, "Cour des avis": {"label": "ORG", "kb_qid": null, "url_wikidata": null}, "Roi": {"label": "PER", "kb_qid": "Q18384454", "url_wikidata": "https://www.wikidata.org/wiki/Q18384454"}, "Soldats Portugais": {"label": "MISC", "kb_qid": "Q1074294", "url_wikidata": "https://www.wikidata.org/wiki/Q1074294"}, "Gand": {"label": "LOC", "kb_qid": "Q1296", "url_wikidata": "https://www.wikidata.org/wiki/Q1296"}, "Camp": {"label": "LOC", "kb_qid": "Q2614518", "url_wikidata": "https://www.wikidata.org/wiki/Q2614518"}, "Comte de Rossent": {"label": "PER", "kb_qid": null, "url_wikidata": null}, "Li": {"label": "PER", "kb_qid": "Q568", "url_wikidata": "https://www.wikidata.org/wiki/Q568"}, "Bourdonnant": {"label": "LOC", "kb_qid": null, "url_wikidata": null}, "Courrier de France": {"label": "MISC", "kb_qid": null, "url_wikidata": null}, "Paris": {"label": "LOC", "kb_qid": "Q90", "url_wikidata": "https://www.wikidata.org/wiki/Q90"}, "ARTICLE IV": {"label": "PER", "kb_qid": null, "url_wikidata": null}, "IL  ": {"label": "PER", "kb_qid": "Q1204", "url_wikidata": "https://www.wikidata.org/wiki/Q1204"}, "Ambassadeur du Roi": {"label": "PER", "kb_qid": "Q24928431", "url_wikidata": "https://www.wikidata.org/wiki/Q24928431"}, "Sacr\u00e9 Coll\u00e8ge": {"label": "ORG", "kb_qid": "Q45722", "url_wikidata": "https://www.wikidata.org/wiki/Q45722"}, "Portugais": {"label": "LOC", "kb_qid": "Q200464", "url_wikidata": "https://www.wikidata.org/wiki/Q200464"}, "Indiens": {"label": "LOC", "kb_qid": "Q36747", "url_wikidata": "https://www.wikidata.org/wiki/Q36747"}, "e3 pro": {"label": "MISC", "kb_qid": null, "url_wikidata": null}}, "ents_freq": {"Fiotte": 1, "Mars": 1, "Cadix": 1, "Ordonnance": 1, "S. M. Portugaise": 1, "Soldats": 1, "\u00c9tablissement des Indes": 1, "Pote Lionn\u00e9e": 1, "Vaisseaux": 1, "Navire": 1, "Nations Indiennes": 1, "Colonies Portugaises": 1, "Cour des avis": 1, "Roi": 1, "Soldats Portugais": 1, "Gand": 1, "Camp": 1, "Comte de Rossent": 1, "Li": 1, "Bourdonnant": 1, "Courrier de France": 1, "Paris": 1, "ARTICLE IV": 1, "IL  ": 1, "Ambassadeur du Roi": 1, "Sacr\u00e9 Coll\u00e8ge": 1, "Portugais": 1, "Indiens": 1, "e3 pro": 1}, "year": "1748", "month": "06", "page": "36"}