{"ents_info": {"Prince c. Avril": {"label": "PER", "kb_qid": null, "url_wikidata": null}, "Mars": {"label": "LOC", "kb_qid": "Q112", "url_wikidata": "https://www.wikidata.org/wiki/Q112"}, "Haute-Sil\u00e9sie": {"label": "LOC", "kb_qid": "Q81720", "url_wikidata": "https://www.wikidata.org/wiki/Q81720"}, "\u00c9tats": {"label": "LOC", "kb_qid": "Q35657", "url_wikidata": "https://www.wikidata.org/wiki/Q35657"}, "Francfort": {"label": "LOC", "kb_qid": "Q1794", "url_wikidata": "https://www.wikidata.org/wiki/Q1794"}, "D\u00e9pur\u00e9s": {"label": "MISC", "kb_qid": null, "url_wikidata": null}, "Ville": {"label": "LOC", "kb_qid": "Q515", "url_wikidata": "https://www.wikidata.org/wiki/Q515"}, "Cercles ant\u00e9rieurs de l'Empire": {"label": "MISC", "kb_qid": null, "url_wikidata": null}, "D\u00e9put\u00e9": {"label": "ORG", "kb_qid": "Q3044918", "url_wikidata": "https://www.wikidata.org/wiki/Q3044918"}, "CercleElectoral du Rhin": {"label": "LOC", "kb_qid": null, "url_wikidata": null}, "Aurique": {"label": "LOC", "kb_qid": "Q1780790", "url_wikidata": "https://www.wikidata.org/wiki/Q1780790"}, "Franconie": {"label": "LOC", "kb_qid": "Q150907", "url_wikidata": "https://www.wikidata.org/wiki/Q150907"}, "Souabe": {"label": "LOC", "kb_qid": "Q11812551", "url_wikidata": "https://www.wikidata.org/wiki/Q11812551"}, "Haut-Rhin": {"label": "LOC", "kb_qid": "Q12722", "url_wikidata": "https://www.wikidata.org/wiki/Q12722"}, "tranquille-e Pit\u00e9": {"label": "LOC", "kb_qid": null, "url_wikidata": null}, "l'Empire": {"label": "LOC", "kb_qid": "Q71084", "url_wikidata": "https://www.wikidata.org/wiki/Q71084"}, "I'Empnereut, de reconna\u00eetre, sans r\u00e9serve": {"label": "LOC", "kb_qid": null, "url_wikidata": null}, "Inexistence &": {"label": "ORG", "kb_qid": null, "url_wikidata": null}, "Il\u00e9aux": {"label": "LOC", "kb_qid": "Q233345", "url_wikidata": "https://www.wikidata.org/wiki/Q233345"}, "& se confort": {"label": "MISC", "kb_qid": null, "url_wikidata": null}, "Actes & d'association": {"label": "ORG", "kb_qid": null, "url_wikidata": null}, "Trait\u00e9s: de Et que les Cercles ant\u00e9rieurs": {"label": "MISC", "kb_qid": null, "url_wikidata": null}, "Di\u00e8te g\u00e9n\u00e9rale de l'Empire": {"label": "ORG", "kb_qid": null, "url_wikidata": null}, "D\u00e9cembre I45": {"label": "PER", "kb_qid": null, "url_wikidata": null}, "S\u00fbret\u00e9 publique;": {"label": "ORG", "kb_qid": null, "url_wikidata": null}, "Sa Majest\u00e9 Imp\u00e9riale": {"label": "PER", "kb_qid": "Q3843034", "url_wikidata": "https://www.wikidata.org/wiki/Q3843034"}, "V2": {"label": "MISC", "kb_qid": "Q174640", "url_wikidata": "https://www.wikidata.org/wiki/Q174640"}}, "ents_freq": {"Prince c. Avril": 1, "Mars": 1, "Haute-Sil\u00e9sie": 1, "\u00c9tats": 1, "Francfort": 1, "D\u00e9pur\u00e9s": 1, "Ville": 1, "Cercles ant\u00e9rieurs de l'Empire": 1, "D\u00e9put\u00e9": 1, "CercleElectoral du Rhin": 1, "Aurique": 1, "Franconie": 1, "Souabe": 1, "Haut-Rhin": 1, "tranquille-e Pit\u00e9": 1, "l'Empire": 2, "I'Empnereut, de reconna\u00eetre, sans r\u00e9serve": 1, "Inexistence &": 1, "Il\u00e9aux": 1, "& se confort": 1, "Actes & d'association": 1, "Trait\u00e9s: de Et que les Cercles ant\u00e9rieurs": 1, "Di\u00e8te g\u00e9n\u00e9rale de l'Empire": 1, "D\u00e9cembre I45": 1, "S\u00fbret\u00e9 publique;": 1, "Sa Majest\u00e9 Imp\u00e9riale": 1, "V2": 1}, "year": "1748", "month": "04", "page": "66"}