{"ents_info": {"La Clef du Cabinet 50": {"label": "MISC", "kb_qid": null, "url_wikidata": null}, "Cour de Naples": {"label": "LOC", "kb_qid": null, "url_wikidata": null}, "Rome": {"label": "LOC", "kb_qid": null, "url_wikidata": null}, "Cours de Vienne &": {"label": "MISC", "kb_qid": null, "url_wikidata": null}, "Turin": {"label": "LOC", "kb_qid": null, "url_wikidata": null}, "Fran\u00e7ois &": {"label": "MISC", "kb_qid": null, "url_wikidata": null}, "Espagnols": {"label": "LOC", "kb_qid": null, "url_wikidata": null}, "Autrichiennes & Pi\u00e9montaises": {"label": "ORG", "kb_qid": null, "url_wikidata": null}, "Pape": {"label": "PER", "kb_qid": null, "url_wikidata": null}, "Exit": {"label": "MISC", "kb_qid": null, "url_wikidata": null}, "Sa Sain te t\u00e9": {"label": "PER", "kb_qid": null, "url_wikidata": null}, "Rom": {"label": "MISC", "kb_qid": null, "url_wikidata": null}, "Puissance": {"label": "PER", "kb_qid": null, "url_wikidata": null}, "Congr\u00e9gation de Cardinaux": {"label": "ORG", "kb_qid": null, "url_wikidata": null}, "Roi de Prusse": {"label": "PER", "kb_qid": null, "url_wikidata": null}, "Prince de Schaffgotsch": {"label": "PER", "kb_qid": null, "url_wikidata": null}, "\u00c9v\u00eaque de Presto": {"label": "LOC", "kb_qid": null, "url_wikidata": null}, "Sa Maj.": {"label": "MISC", "kb_qid": null, "url_wikidata": null}, "Prussienne": {"label": "LOC", "kb_qid": null, "url_wikidata": null}, "S Saintet\u00e9": {"label": "LOC", "kb_qid": null, "url_wikidata": null}, "Bulles": {"label": "MISC", "kb_qid": null, "url_wikidata": null}, "St. Si\u00e8ge": {"label": "MISC", "kb_qid": null, "url_wikidata": null}, "Pays": {"label": "LOC", "kb_qid": null, "url_wikidata": null}, "Religion Protestante": {"label": "MISC", "kb_qid": null, "url_wikidata": null}}, "ents_freq": {"La Clef du Cabinet 50": 1, "Cour de Naples": 1, "Rome": 3, "Cours de Vienne &": 1, "Turin": 1, "Fran\u00e7ois &": 1, "Espagnols": 1, "Autrichiennes & Pi\u00e9montaises": 1, "Pape": 3, "Exit": 2, "Sa Sain te t\u00e9": 1, "Rom": 1, "Puissance": 1, "Congr\u00e9gation de Cardinaux": 1, "Roi de Prusse": 1, "Prince de Schaffgotsch": 1, "\u00c9v\u00eaque de Presto": 2, "Sa Maj.": 1, "Prussienne": 1, "S Saintet\u00e9": 1, "Bulles": 1, "St. Si\u00e8ge": 1, "Pays": 1, "Religion Protestante": 1}, "year": "1748", "month": "01", "page": "49"}