{"ents_info": {"Proc\u00e8s": {"label": "MISC", "kb_qid": "Q822426", "url_wikidata": "https://www.wikidata.org/wiki/Q822426"}, "Lo\u0302vrendahl": {"label": "PER", "kb_qid": null, "url_wikidata": null}, "Paris": {"label": "LOC", "kb_qid": "Q90", "url_wikidata": "https://www.wikidata.org/wiki/Q90"}, "Provinces Unies": {"label": "LOC", "kb_qid": "Q170072", "url_wikidata": "https://www.wikidata.org/wiki/Q170072"}, "Fran\u00e7ois": {"label": "PER", "kb_qid": "Q151075", "url_wikidata": "https://www.wikidata.org/wiki/Q151075"}, "Royaume": {"label": "LOC", "kb_qid": "Q145", "url_wikidata": "https://www.wikidata.org/wiki/Q145"}, "Cour": {"label": "LOC", "kb_qid": "Q3001001", "url_wikidata": "https://www.wikidata.org/wiki/Q3001001"}, "Des Pays-Bas": {"label": "MISC", "kb_qid": null, "url_wikidata": null}, "Roi": {"label": "PER", "kb_qid": "Q12097", "url_wikidata": "https://www.wikidata.org/wiki/Q12097"}, "\u00c9lectorat.": {"label": "MISC", "kb_qid": null, "url_wikidata": null}, "Qat": {"label": "PER", "kb_qid": "Q207642", "url_wikidata": "https://www.wikidata.org/wiki/Q207642"}, "Cout": {"label": "PER", "kb_qid": "Q240673", "url_wikidata": "https://www.wikidata.org/wiki/Q240673"}, "Th\u00e9iers des R\u00e9giment Anglais & \u00c9cossais": {"label": "MISC", "kb_qid": null, "url_wikidata": null}, "Iles Pays-Bas": {"label": "LOC", "kb_qid": null, "url_wikidata": null}, "ter tous les R\u00e9giment": {"label": "MISC", "kb_qid": null, "url_wikidata": null}, "Grande Bretagne": {"label": "LOC", "kb_qid": "Q145", "url_wikidata": "https://www.wikidata.org/wiki/Q145"}, "Zoolithe, un train consid\u00e9rable d'artillerie": {"label": "MISC", "kb_qid": null, "url_wikidata": null}, "Hollande": {"label": "LOC", "kb_qid": "Q102911", "url_wikidata": "https://www.wikidata.org/wiki/Q102911"}, "IV": {"label": "MISC", "kb_qid": "Q12186", "url_wikidata": "https://www.wikidata.org/wiki/Q12186"}, "Vaisseaux": {"label": "MISC", "kb_qid": "Q3553318", "url_wikidata": "https://www.wikidata.org/wiki/Q3553318"}, "Couronne": {"label": "ORG", "kb_qid": "Q21941952", "url_wikidata": "https://www.wikidata.org/wiki/Q21941952"}, "Nouvelle": {"label": "LOC", "kb_qid": "Q3345150", "url_wikidata": "https://www.wikidata.org/wiki/Q3345150"}, "pontil": {"label": "PER", "kb_qid": "Q3397749", "url_wikidata": "https://www.wikidata.org/wiki/Q3397749"}, "Mer": {"label": "LOC", "kb_qid": "Q732823", "url_wikidata": "https://www.wikidata.org/wiki/Q732823"}, "4O. & d'Eio": {"label": "MISC", "kb_qid": null, "url_wikidata": null}, "Br\u00fblots": {"label": "LOC", "kb_qid": null, "url_wikidata": null}, "Galiotes": {"label": "MISC", "kb_qid": null, "url_wikidata": null}, "Escadres": {"label": "LOC", "kb_qid": "Q955920", "url_wikidata": "https://www.wikidata.org/wiki/Q955920"}, "Amiral Chantes": {"label": "PER", "kb_qid": null, "url_wikidata": null}, "Plymouth": {"label": "LOC", "kb_qid": "Q43382", "url_wikidata": "https://www.wikidata.org/wiki/Q43382"}, "Portsmouth": {"label": "LOC", "kb_qid": "Q72259", "url_wikidata": "https://www.wikidata.org/wiki/Q72259"}}, "ents_freq": {"Proc\u00e8s": 1, "Lo\u0302vrendahl": 1, "Paris": 1, "Provinces Unies": 1, "Fran\u00e7ois": 1, "Royaume": 1, "Cour": 1, "Des Pays-Bas": 1, "Roi": 1, "\u00c9lectorat.": 1, "Qat": 1, "Cout": 1, "Th\u00e9iers des R\u00e9giment Anglais & \u00c9cossais": 1, "Iles Pays-Bas": 1, "ter tous les R\u00e9giment": 1, "Grande Bretagne": 1, "Zoolithe, un train consid\u00e9rable d'artillerie": 1, "Hollande": 1, "IV": 1, "Vaisseaux": 2, "Couronne": 1, "Nouvelle": 1, "pontil": 1, "Mer": 1, "4O. & d'Eio": 1, "Br\u00fblots": 1, "Galiotes": 1, "Escadres": 1, "Amiral Chantes": 1, "Plymouth": 1, "Portsmouth": 1}, "year": "1748", "month": "01", "page": "24"}