{"ents_info": {"Chine": {"label": "LOC", "kb_qid": null, "url_wikidata": null}, "Berthelot": {"label": "PER", "kb_qid": null, "url_wikidata": null}, "Iris u!": {"label": "PER", "kb_qid": null, "url_wikidata": null}, "Commandant des Arm\u00e9es de": {"label": "MISC", "kb_qid": null, "url_wikidata": null}, "Capitulation": {"label": "MISC", "kb_qid": null, "url_wikidata": null}, "Cap": {"label": "LOC", "kb_qid": null, "url_wikidata": null}, "la B\u00e2ti": {"label": "LOC", "kb_qid": null, "url_wikidata": null}, "Mafia 4": {"label": "MISC", "kb_qid": null, "url_wikidata": null}, "Le Maille Spin": {"label": "MISC", "kb_qid": null, "url_wikidata": null}, "Billie": {"label": "PER", "kb_qid": null, "url_wikidata": null}, "Souverain": {"label": "PER", "kb_qid": null, "url_wikidata": null}, "lai": {"label": "PER", "kb_qid": null, "url_wikidata": null}, "USA": {"label": "LOC", "kb_qid": null, "url_wikidata": null}, "Bastia": {"label": "LOC", "kb_qid": null, "url_wikidata": null}, "Mi ILS.S": {"label": "MISC", "kb_qid": null, "url_wikidata": null}, "JEAN-ANGE": {"label": "PER", "kb_qid": null, "url_wikidata": null}, "vigousse I": {"label": "PER", "kb_qid": null, "url_wikidata": null}, "Chevalier de Mines": {"label": "MISC", "kb_qid": null, "url_wikidata": null}, "Lever": {"label": "ORG", "kb_qid": null, "url_wikidata": null}, "tranch\u00e9e I": {"label": "MISC", "kb_qid": null, "url_wikidata": null}, "Sa un Firent;": {"label": "MISC", "kb_qid": null, "url_wikidata": null}, "G\u00e9nois": {"label": "LOC", "kb_qid": null, "url_wikidata": null}, "L": {"label": "LOC", "kb_qid": null, "url_wikidata": null}, "ES": {"label": "MISC", "kb_qid": null, "url_wikidata": null}, "Io": {"label": "LOC", "kb_qid": null, "url_wikidata": null}, "anone": {"label": "PER", "kb_qid": null, "url_wikidata": null}, "Si": {"label": "MISC", "kb_qid": null, "url_wikidata": null}, "II": {"label": "MISC", "kb_qid": null, "url_wikidata": null}, "Las sire": {"label": "MISC", "kb_qid": null, "url_wikidata": null}, "Corse": {"label": "LOC", "kb_qid": null, "url_wikidata": null}, "Crues!,g\u00e9S": {"label": "MISC", "kb_qid": null, "url_wikidata": null}, "nl r Vile": {"label": "ORG", "kb_qid": null, "url_wikidata": null}}, "ents_freq": {"Chine": 1, "Berthelot": 1, "Iris u!": 1, "Commandant des Arm\u00e9es de": 1, "Capitulation": 1, "Cap": 1, "la B\u00e2ti": 1, "Mafia 4": 1, "Le Maille Spin": 1, "Billie": 1, "Souverain": 1, "lai": 1, "USA": 1, "Bastia": 2, "Mi ILS.S": 1, "JEAN-ANGE": 1, "vigousse I": 1, "Chevalier de Mines": 1, "Lever": 1, "tranch\u00e9e I": 1, "Sa un Firent;": 1, "G\u00e9nois": 1, "L": 1, "ES": 1, "Io": 1, "anone": 1, "Si": 1, "II": 1, "Las sire": 1, "Corse": 1, "Crues!,g\u00e9S": 1, "nl r Vile": 1}, "year": "1748", "month": "08", "page": "45"}