{"ents_info": {"Pinces e. Mars": {"label": "LOC", "kb_qid": null, "url_wikidata": null}, "Maldegem": {"label": "LOC", "kb_qid": "Q12896", "url_wikidata": "https://www.wikidata.org/wiki/Q12896"}, "LieutenantG\u00e9n\u00e9ral des Arm\u00e9es de l'Imp\u00e9ratrice Reine": {"label": "ORG", "kb_qid": null, "url_wikidata": null}, "Ce Seigneur": {"label": "MISC", "kb_qid": null, "url_wikidata": null}, "Commissaire de la Cour de Vienne": {"label": "MISC", "kb_qid": null, "url_wikidata": null}, "Conf\u00e9rences tenues": {"label": "ORG", "kb_qid": null, "url_wikidata": null}, "Anvers": {"label": "LOC", "kb_qid": "Q1116", "url_wikidata": "https://www.wikidata.org/wiki/Q1116"}, "Conseiller d'Ekat, & ancien Gouverneur": {"label": "MISC", "kb_qid": null, "url_wikidata": null}, "Vilvorde": {"label": "LOC", "kb_qid": "Q318418", "url_wikidata": "https://www.wikidata.org/wiki/Q318418"}, "Ch\u00e2teau de lViesniaviecz": {"label": "LOC", "kb_qid": null, "url_wikidata": null}, "Pologne": {"label": "LOC", "kb_qid": "Q36", "url_wikidata": "https://www.wikidata.org/wiki/Q36"}, "Radical, Grand Chancelier de Lituanie": {"label": "MISC", "kb_qid": null, "url_wikidata": null}, "Comte": {"label": "PER", "kb_qid": "Q12718", "url_wikidata": "https://www.wikidata.org/wiki/Q12718"}, "Fert Mar\u00e9chal": {"label": "PER", "kb_qid": null, "url_wikidata": null}, "Saxe": {"label": "LOC", "kb_qid": "Q1202", "url_wikidata": "https://www.wikidata.org/wiki/Q1202"}, "Prince Vsnioviei": {"label": "PER", "kb_qid": null, "url_wikidata": null}, "Grand G\u00e9n\u00e9ral": {"label": "PER", "kb_qid": null, "url_wikidata": null}, "Arm\u00e9e de Lituanie": {"label": "ORG", "kb_qid": null, "url_wikidata": null}, "Palatin de Pouliches": {"label": "LOC", "kb_qid": null, "url_wikidata": null}, "Joseph-Anselme-Fran\u00e7ois": {"label": "PER", "kb_qid": null, "url_wikidata": null}, "Eve": {"label": "MISC", "kb_qid": "Q830183", "url_wikidata": "https://www.wikidata.org/wiki/Q830183"}, "Dioc\u00e8se": {"label": "MISC", "kb_qid": "Q1235532", "url_wikidata": "https://www.wikidata.org/wiki/Q1235532"}, "Prince de Santal": {"label": "LOC", "kb_qid": null, "url_wikidata": null}, "Rome": {"label": "LOC", "kb_qid": "Q220", "url_wikidata": "https://www.wikidata.org/wiki/Q220"}, "Vanne": {"label": "LOC", "kb_qid": "Q21027495", "url_wikidata": "https://www.wikidata.org/wiki/Q21027495"}, "Comte Gond": {"label": "PER", "kb_qid": null, "url_wikidata": null}, "Nathan, Conseiller d'Ekat": {"label": "MISC", "kb_qid": null, "url_wikidata": null}, "Leurs Maj.": {"label": "MISC", "kb_qid": null, "url_wikidata": null}, "Toison d'Or": {"label": "MISC", "kb_qid": "Q465774", "url_wikidata": "https://www.wikidata.org/wiki/Q465774"}, "Fert-Mar\u00e9chal": {"label": "LOC", "kb_qid": null, "url_wikidata": null}, "Colonel d'un R\u00e9giment de Dragons": {"label": "PER", "kb_qid": null, "url_wikidata": null}, "Saab": {"label": "ORG", "kb_qid": "Q48957", "url_wikidata": "https://www.wikidata.org/wiki/Q48957"}, "R\u00e9giment de Dragons": {"label": "ORG", "kb_qid": "Q2810914", "url_wikidata": "https://www.wikidata.org/wiki/Q2810914"}, "Archiduc Joseph": {"label": "PER", "kb_qid": "Q319764", "url_wikidata": "https://www.wikidata.org/wiki/Q319764"}, "Professeur de Math\u00e9matiques": {"label": "PER", "kb_qid": "Q853077", "url_wikidata": "https://www.wikidata.org/wiki/Q853077"}, "Soci\u00e9t\u00e9 Royale de Londres": {"label": "ORG", "kb_qid": "Q123885", "url_wikidata": "https://www.wikidata.org/wiki/Q123885"}, "Acad\u00e9mie Roy": {"label": "ORG", "kb_qid": null, "url_wikidata": null}, "Sciences de Berlin": {"label": "ORG", "kb_qid": null, "url_wikidata": null}, "Peter": {"label": "PER", "kb_qid": "Q539372", "url_wikidata": "https://www.wikidata.org/wiki/Q539372"}, "& Associ\u00e9 de l'Acad\u00e9mie": {"label": "ORG", "kb_qid": null, "url_wikidata": null}}, "ents_freq": {"Pinces e. Mars": 1, "Maldegem": 1, "LieutenantG\u00e9n\u00e9ral des Arm\u00e9es de l'Imp\u00e9ratrice Reine": 1, "Ce Seigneur": 1, "Commissaire de la Cour de Vienne": 1, "Conf\u00e9rences tenues": 1, "Anvers": 2, "Conseiller d'Ekat, & ancien Gouverneur": 1, "Vilvorde": 1, "Ch\u00e2teau de lViesniaviecz": 1, "Pologne": 1, "Radical, Grand Chancelier de Lituanie": 1, "Comte": 2, "Fert Mar\u00e9chal": 1, "Saxe": 1, "Prince Vsnioviei": 1, "Grand G\u00e9n\u00e9ral": 1, "Arm\u00e9e de Lituanie": 1, "Palatin de Pouliches": 1, "Joseph-Anselme-Fran\u00e7ois": 1, "Eve": 1, "Dioc\u00e8se": 1, "Prince de Santal": 1, "Rome": 1, "Vanne": 1, "Comte Gond": 1, "Nathan, Conseiller d'Ekat": 1, "Leurs Maj.": 1, "Toison d'Or": 1, "Fert-Mar\u00e9chal": 1, "Colonel d'un R\u00e9giment de Dragons": 1, "Saab": 1, "R\u00e9giment de Dragons": 1, "Archiduc Joseph": 1, "Professeur de Math\u00e9matiques": 1, "Soci\u00e9t\u00e9 Royale de Londres": 1, "Acad\u00e9mie Roy": 1, "Sciences de Berlin": 1, "Peter": 1, "& Associ\u00e9 de l'Acad\u00e9mie": 1}, "year": "1748", "month": "03", "page": "74"}