{"ents_info": {"la Ville": {"label": "LOC", "kb_qid": "Q3278475", "url_wikidata": "https://www.wikidata.org/wiki/Q3278475"}, "Ave car\u00e9n\u00e9e": {"label": "MISC", "kb_qid": null, "url_wikidata": null}, "Gardes Bourgeoises": {"label": "LOC", "kb_qid": "Q3095379", "url_wikidata": "https://www.wikidata.org/wiki/Q3095379"}, "Bettembourg": {"label": "LOC", "kb_qid": "Q832342", "url_wikidata": "https://www.wikidata.org/wiki/Q832342"}, "Inattention": {"label": "ORG", "kb_qid": "Q6501338", "url_wikidata": "https://www.wikidata.org/wiki/Q6501338"}, "Ville un Major": {"label": "ORG", "kb_qid": null, "url_wikidata": null}, "Garde": {"label": "LOC", "kb_qid": "Q1090710", "url_wikidata": "https://www.wikidata.org/wiki/Q1090710"}, "Moscou": {"label": "LOC", "kb_qid": "Q649", "url_wikidata": "https://www.wikidata.org/wiki/Q649"}, "Imp\u00e9ratrice": {"label": "PER", "kb_qid": "Q157130", "url_wikidata": "https://www.wikidata.org/wiki/Q157130"}, "Incendie": {"label": "MISC", "kb_qid": "Q168983", "url_wikidata": "https://www.wikidata.org/wiki/Q168983"}, "La Sud": {"label": "LOC", "kb_qid": null, "url_wikidata": null}, "M\u00e9moires": {"label": "MISC", "kb_qid": "Q42517460", "url_wikidata": "https://www.wikidata.org/wiki/Q42517460"}, "Mr. Gardiens": {"label": "PER", "kb_qid": null, "url_wikidata": null}, "Ministre du Roi d'Angleterre": {"label": "ORG", "kb_qid": null, "url_wikidata": null}, "Stockholm": {"label": "LOC", "kb_qid": "Q1754", "url_wikidata": "https://www.wikidata.org/wiki/Q1754"}, "N\u00e9gociant": {"label": "MISC", "kb_qid": "Q601401", "url_wikidata": "https://www.wikidata.org/wiki/Q601401"}, "Cour de Luxnemarc": {"label": "LOC", "kb_qid": null, "url_wikidata": null}}, "ents_freq": {"la Ville": 1, "Ave car\u00e9n\u00e9e": 1, "Gardes Bourgeoises": 1, "Bettembourg": 1, "Inattention": 1, "Ville un Major": 1, "Garde": 1, "Moscou": 1, "Imp\u00e9ratrice": 2, "Incendie": 1, "La Sud": 1, "M\u00e9moires": 1, "Mr. Gardiens": 1, "Ministre du Roi d'Angleterre": 1, "Stockholm": 1, "N\u00e9gociant": 1, "Cour de Luxnemarc": 1}, "year": "1748", "month": "08", "page": "28"}