{"ents_info": {"Cl e": {"label": "LOC", "kb_qid": null, "url_wikidata": null}, "Cabinet e6": {"label": "MISC", "kb_qid": null, "url_wikidata": null}, "Constitutions de 'Erre": {"label": "MISC", "kb_qid": null, "url_wikidata": null}, "Ministre de S. M. IP": {"label": "ORG", "kb_qid": null, "url_wikidata": null}, "Cour de Vanne": {"label": "LOC", "kb_qid": null, "url_wikidata": null}, "Commissaires de l'Imp\u00e9ratrice-Reine": {"label": "ORG", "kb_qid": null, "url_wikidata": null}, "Commence & \u00e0": {"label": "MISC", "kb_qid": null, "url_wikidata": null}, "Lima": {"label": "LOC", "kb_qid": null, "url_wikidata": null}, "tullerie & les Pontons": {"label": "MISC", "kb_qid": null, "url_wikidata": null}, "Villages": {"label": "LOC", "kb_qid": null, "url_wikidata": null}, "Min & la Laine": {"label": "ORG", "kb_qid": null, "url_wikidata": null}, "Suisse": {"label": "LOC", "kb_qid": null, "url_wikidata": null}, "Berne": {"label": "LOC", "kb_qid": null, "url_wikidata": null}, "On no vie an Warren": {"label": "MISC", "kb_qid": null, "url_wikidata": null}, "Ministre P": {"label": "PER", "kb_qid": null, "url_wikidata": null}, "Etan G\u00e9n\u00e9raux": {"label": "LOC", "kb_qid": null, "url_wikidata": null}, "Conseil": {"label": "ORG", "kb_qid": null, "url_wikidata": null}, "Cantons": {"label": "LOC", "kb_qid": null, "url_wikidata": null}, "Courrier": {"label": "MISC", "kb_qid": null, "url_wikidata": null}, "Ver sailles": {"label": "LOC", "kb_qid": null, "url_wikidata": null}, "Corps Helv\u00e9tique": {"label": "ORG", "kb_qid": null, "url_wikidata": null}, "Les Lettres": {"label": "MISC", "kb_qid": null, "url_wikidata": null}, "Rhin": {"label": "LOC", "kb_qid": null, "url_wikidata": null}, "Moselle": {"label": "LOC", "kb_qid": null, "url_wikidata": null}, "\u00c9lectorat d'Han": {"label": "ORG", "kb_qid": null, "url_wikidata": null}, "Villes &": {"label": "MISC", "kb_qid": null, "url_wikidata": null}, "At": {"label": "LOC", "kb_qid": null, "url_wikidata": null}}, "ents_freq": {"Cl e": 1, "Cabinet e6": 1, "Constitutions de 'Erre": 1, "Ministre de S. M. IP": 1, "Cour de Vanne": 1, "Commissaires de l'Imp\u00e9ratrice-Reine": 1, "Commence & \u00e0": 1, "Lima": 1, "tullerie & les Pontons": 1, "Villages": 1, "Min & la Laine": 1, "Suisse": 1, "Berne": 1, "On no vie an Warren": 1, "Ministre P": 1, "Etan G\u00e9n\u00e9raux": 1, "Conseil": 1, "Cantons": 1, "Courrier": 1, "Ver sailles": 1, "Corps Helv\u00e9tique": 1, "Les Lettres": 1, "Rhin": 1, "Moselle": 1, "\u00c9lectorat d'Han": 1, "Villes &": 1, "At": 1}, "year": "1748", "month": "01", "page": "65"}