{"ents_info": {"Princes de": {"label": "LOC", "kb_qid": "Q16641916", "url_wikidata": "https://www.wikidata.org/wiki/Q16641916"}, "Place": {"label": "LOC", "kb_qid": "Q174782", "url_wikidata": "https://www.wikidata.org/wiki/Q174782"}, "Fran\u00e7ois": {"label": "PER", "kb_qid": "Q450675", "url_wikidata": "https://www.wikidata.org/wiki/Q450675"}, "Trait\u00e9": {"label": "MISC", "kb_qid": "Q131569", "url_wikidata": "https://www.wikidata.org/wiki/Q131569"}, "Puis\u00e9s Contractantes": {"label": "ORG", "kb_qid": null, "url_wikidata": null}, "Flandres Hollandaise": {"label": "LOC", "kb_qid": null, "url_wikidata": null}, "Pays": {"label": "LOC", "kb_qid": "Q6256", "url_wikidata": "https://www.wikidata.org/wiki/Q6256"}, "Comte de Cours-en": {"label": "PER", "kb_qid": null, "url_wikidata": null}, "Lieutenant-g\u00e9n\u00e9ral": {"label": "LOC", "kb_qid": "Q6544388", "url_wikidata": "https://www.wikidata.org/wiki/Q6544388"}, "Comme de Ilet": {"label": "MISC", "kb_qid": null, "url_wikidata": null}, "Bruxelles": {"label": "LOC", "kb_qid": "Q240", "url_wikidata": "https://www.wikidata.org/wiki/Q240"}, "Mr. Moreau de Seychelles": {"label": "PER", "kb_qid": null, "url_wikidata": null}, "Intendant pour la France": {"label": "ORG", "kb_qid": null, "url_wikidata": null}, "Magistrats du Franc de l'\u00c9cluse, ces Magistrats": {"label": "MISC", "kb_qid": null, "url_wikidata": null}, "Anvers": {"label": "LOC", "kb_qid": "Q1116", "url_wikidata": "https://www.wikidata.org/wiki/Q1116"}, "Berry": {"label": "LOC", "kb_qid": "Q827169", "url_wikidata": "https://www.wikidata.org/wiki/Q827169"}, "Canonniers Fran\u00e7ois": {"label": "PER", "kb_qid": null, "url_wikidata": null}, "Gand": {"label": "LOC", "kb_qid": "Q1296", "url_wikidata": "https://www.wikidata.org/wiki/Q1296"}, "Douai": {"label": "LOC", "kb_qid": "Q193826", "url_wikidata": "https://www.wikidata.org/wiki/Q193826"}, "Con": {"label": "LOC", "kb_qid": "Q109018931", "url_wikidata": "https://www.wikidata.org/wiki/Q109018931"}, "Marquis de Rez\u00e9": {"label": "PER", "kb_qid": null, "url_wikidata": null}, "Lieutenant-G\u00e9n\u00e9ral & Inspecteur": {"label": "LOC", "kb_qid": null, "url_wikidata": null}}, "ents_freq": {"Princes de": 1, "Place": 1, "Fran\u00e7ois": 1, "Trait\u00e9": 1, "Puis\u00e9s Contractantes": 1, "Flandres Hollandaise": 1, "Pays": 1, "Comte de Cours-en": 1, "Lieutenant-g\u00e9n\u00e9ral": 1, "Comme de Ilet": 1, "Bruxelles": 1, "Mr. Moreau de Seychelles": 1, "Intendant pour la France": 1, "Magistrats du Franc de l'\u00c9cluse, ces Magistrats": 1, "Anvers": 2, "Berry": 1, "Canonniers Fran\u00e7ois": 1, "Gand": 1, "Douai": 1, "Con": 1, "Marquis de Rez\u00e9": 1, "Lieutenant-G\u00e9n\u00e9ral & Inspecteur": 1}, "year": "1748", "month": "10", "page": "72"}