{"ents_info": {"Princes": {"label": "LOC", "kb_qid": "Q1753066", "url_wikidata": "https://www.wikidata.org/wiki/Q1753066"}, "Juillet A4": {"label": "PER", "kb_qid": null, "url_wikidata": null}, "Brabant": {"label": "LOC", "kb_qid": "Q159856", "url_wikidata": "https://www.wikidata.org/wiki/Q159856"}, "Comt\u00e9 de Nommer": {"label": "LOC", "kb_qid": null, "url_wikidata": null}, "Imp\u00e9ratrice-Reine": {"label": "PER", "kb_qid": null, "url_wikidata": null}, "Reliai": {"label": "LOC", "kb_qid": null, "url_wikidata": null}, "Imp\u00e9riale": {"label": "PER", "kb_qid": "Q273480", "url_wikidata": "https://www.wikidata.org/wiki/Q273480"}, "la France": {"label": "LOC", "kb_qid": "Q142", "url_wikidata": "https://www.wikidata.org/wiki/Q142"}, "Pays Bas": {"label": "LOC", "kb_qid": "Q29999", "url_wikidata": "https://www.wikidata.org/wiki/Q29999"}, "Arm\u00e9e": {"label": "ORG", "kb_qid": "Q162513", "url_wikidata": "https://www.wikidata.org/wiki/Q162513"}, "Hauts-Alli\u00e9s": {"label": "PER", "kb_qid": "Q150701", "url_wikidata": "https://www.wikidata.org/wiki/Q150701"}, "Celles": {"label": "LOC", "kb_qid": "Q1072324", "url_wikidata": "https://www.wikidata.org/wiki/Q1072324"}, "Innover": {"label": "ORG", "kb_qid": "Q174165", "url_wikidata": "https://www.wikidata.org/wiki/Q174165"}, "Pays": {"label": "LOC", "kb_qid": "Q43702", "url_wikidata": "https://www.wikidata.org/wiki/Q43702"}, "Hollande": {"label": "LOC", "kb_qid": "Q157", "url_wikidata": "https://www.wikidata.org/wiki/Q157"}, "Anglaises": {"label": "MISC", "kb_qid": "Q204204", "url_wikidata": "https://www.wikidata.org/wiki/Q204204"}, "Princes & \u00c9tats": {"label": "LOC", "kb_qid": null, "url_wikidata": null}, "Cour": {"label": "LOC", "kb_qid": "Q3001001", "url_wikidata": "https://www.wikidata.org/wiki/Q3001001"}, "Divers Bataillons & El": {"label": "ORG", "kb_qid": null, "url_wikidata": null}, "Arm\u00e9e de l'Imp\u00e9ratrice-Reine": {"label": "ORG", "kb_qid": null, "url_wikidata": null}, "Po mince de Luxembourg, &": {"label": "LOC", "kb_qid": null, "url_wikidata": null}, "Fran\u00e7aises": {"label": "LOC", "kb_qid": "Q142", "url_wikidata": "https://www.wikidata.org/wiki/Q142"}, "Royaume": {"label": "LOC", "kb_qid": "Q145", "url_wikidata": "https://www.wikidata.org/wiki/Q145"}, "Pr\u00e9liminaires": {"label": "MISC", "kb_qid": "Q2420020", "url_wikidata": "https://www.wikidata.org/wiki/Q2420020"}, "Arm\u00e9es": {"label": "LOC", "kb_qid": "Q2816994", "url_wikidata": "https://www.wikidata.org/wiki/Q2816994"}, "G\u00e9n\u00e9raux de part &": {"label": "MISC", "kb_qid": null, "url_wikidata": null}}, "ents_freq": {"Princes": 1, "Juillet A4": 1, "Brabant": 1, "Comt\u00e9 de Nommer": 1, "Imp\u00e9ratrice-Reine": 1, "Reliai": 1, "Imp\u00e9riale": 1, "la France": 1, "Pays Bas": 1, "Arm\u00e9e": 1, "Hauts-Alli\u00e9s": 1, "Celles": 1, "Innover": 1, "Pays": 1, "Hollande": 1, "Anglaises": 1, "Princes & \u00c9tats": 1, "Cour": 1, "Divers Bataillons & El": 1, "Arm\u00e9e de l'Imp\u00e9ratrice-Reine": 1, "Po mince de Luxembourg, &": 1, "Fran\u00e7aises": 1, "Royaume": 1, "Pr\u00e9liminaires": 1, "Arm\u00e9es": 1, "G\u00e9n\u00e9raux de part &": 1}, "year": "1748", "month": "07", "page": "76"}