{"ents_info": {"Princes": {"label": "LOC", "kb_qid": "Q2747456", "url_wikidata": "https://www.wikidata.org/wiki/Q2747456"}, "F\u00e9vrier": {"label": "PER", "kb_qid": "Q109", "url_wikidata": "https://www.wikidata.org/wiki/Q109"}, "V\u00e9naux": {"label": "MISC", "kb_qid": "Q10342", "url_wikidata": "https://www.wikidata.org/wiki/Q10342"}, "Corsaires Hollandais": {"label": "LOC", "kb_qid": null, "url_wikidata": null}, "Vaisseaux": {"label": "MISC", "kb_qid": "Q3553318", "url_wikidata": "https://www.wikidata.org/wiki/Q3553318"}, "Vaisseaux, o clous de mes Sujets, munis de vos": {"label": "MISC", "kb_qid": null, "url_wikidata": null}, "Commissions": {"label": "MISC", "kb_qid": "Q2986700", "url_wikidata": "https://www.wikidata.org/wiki/Q2986700"}, "N'aires Hollandais": {"label": "LOC", "kb_qid": null, "url_wikidata": null}, "Navigation, &": {"label": "MISC", "kb_qid": null, "url_wikidata": null}, "dom mares &": {"label": "PER", "kb_qid": null, "url_wikidata": null}, "Mon Cousin": {"label": "PER", "kb_qid": "Q85854168", "url_wikidata": "https://www.wikidata.org/wiki/Q85854168"}, "Versailles": {"label": "LOC", "kb_qid": "Q19945294", "url_wikidata": "https://www.wikidata.org/wiki/Q19945294"}, "Duc de Penthi\u00e8vre": {"label": "PER", "kb_qid": "Q696039", "url_wikidata": "https://www.wikidata.org/wiki/Q696039"}, "Ports du Royaume & du Pays": {"label": "MISC", "kb_qid": null, "url_wikidata": null}, "Que les Vaisseaux": {"label": "MISC", "kb_qid": null, "url_wikidata": null}, "Taro G\u00e9n\u00e9raux &": {"label": "ORG", "kb_qid": null, "url_wikidata": null}, "Ports": {"label": "MISC", "kb_qid": "Q598268", "url_wikidata": "https://www.wikidata.org/wiki/Q598268"}, "Armateurs Fran\u00e7ois": {"label": "ORG", "kb_qid": null, "url_wikidata": null}, "H2": {"label": "ORG", "kb_qid": "Q3027893", "url_wikidata": "https://www.wikidata.org/wiki/Q3027893"}}, "ents_freq": {"Princes": 1, "F\u00e9vrier": 1, "V\u00e9naux": 1, "Corsaires Hollandais": 1, "Vaisseaux": 1, "Vaisseaux, o clous de mes Sujets, munis de vos": 1, "Commissions": 1, "N'aires Hollandais": 1, "Navigation, &": 1, "dom mares &": 1, "Mon Cousin": 1, "Versailles": 1, "Duc de Penthi\u00e8vre": 1, "Ports du Royaume & du Pays": 1, "Que les Vaisseaux": 1, "Taro G\u00e9n\u00e9raux &": 1, "Ports": 1, "Armateurs Fran\u00e7ois": 1, "H2": 1}, "year": "1748", "month": "02", "page": "34"}