{"ents_info": {"Pineau": {"label": "MISC", "kb_qid": null, "url_wikidata": null}, "c. F\u00e9vrier": {"label": "PER", "kb_qid": null, "url_wikidata": null}, "wow Iel": {"label": "PER", "kb_qid": null, "url_wikidata": null}, "ILS Liv": {"label": "ORG", "kb_qid": null, "url_wikidata": null}, "No\u00ebl I46iI6362 Liv": {"label": "PER", "kb_qid": null, "url_wikidata": null}, "342O64 li": {"label": "PER", "kb_qid": null, "url_wikidata": null}, "I48": {"label": "LOC", "kb_qid": null, "url_wikidata": null}, "Parlement": {"label": "ORG", "kb_qid": null, "url_wikidata": null}, "Chambre": {"label": "ORG", "kb_qid": null, "url_wikidata": null}, "S5 Invalides": {"label": "MISC", "kb_qid": null, "url_wikidata": null}, "Officiers": {"label": "ORG", "kb_qid": null, "url_wikidata": null}, "grisons": {"label": "LOC", "kb_qid": null, "url_wikidata": null}, "Plantations de Am\u00e9rique": {"label": "MISC", "kb_qid": null, "url_wikidata": null}, "Gibraltar": {"label": "LOC", "kb_qid": null, "url_wikidata": null}, "Isole de Min": {"label": "LOC", "kb_qid": null, "url_wikidata": null}, "Anna polis-Royale": {"label": "PER", "kb_qid": null, "url_wikidata": null}, "Plaisance": {"label": "LOC", "kb_qid": null, "url_wikidata": null}, "G\u00e9orgie": {"label": "LOC", "kb_qid": null, "url_wikidata": null}, "Rat tan & du Cap-Breton,": {"label": "ORG", "kb_qid": null, "url_wikidata": null}, "Marine": {"label": "ORG", "kb_qid": null, "url_wikidata": null}, "g9": {"label": "MISC", "kb_qid": null, "url_wikidata": null}, "Communes": {"label": "ORG", "kb_qid": null, "url_wikidata": null}}, "ents_freq": {"Pineau": 1, "c. F\u00e9vrier": 1, "wow Iel": 1, "ILS Liv": 1, "No\u00ebl I46iI6362 Liv": 1, "342O64 li": 1, "I48": 1, "Parlement": 1, "Chambre": 1, "S5 Invalides": 1, "Officiers": 2, "grisons": 1, "Plantations de Am\u00e9rique": 1, "Gibraltar": 2, "Isole de Min": 1, "Anna polis-Royale": 1, "Plaisance": 1, "G\u00e9orgie": 1, "Rat tan & du Cap-Breton,": 1, "Marine": 1, "g9": 1, "Communes": 1}, "year": "1748", "month": "02", "page": "22"}