{"ents_info": {"Pinces": {"label": "LOC", "kb_qid": "Q13049940", "url_wikidata": "https://www.wikidata.org/wiki/Q13049940"}, "I15": {"label": "MISC", "kb_qid": "Q2259226", "url_wikidata": "https://www.wikidata.org/wiki/Q2259226"}, "Cour": {"label": "ORG", "kb_qid": "Q3001001", "url_wikidata": "https://www.wikidata.org/wiki/Q3001001"}, "Lutz La Coup": {"label": "PER", "kb_qid": null, "url_wikidata": null}, "L'Empereur": {"label": "PER", "kb_qid": "Q517", "url_wikidata": "https://www.wikidata.org/wiki/Q517"}, "Regagn\u00e9s": {"label": "MISC", "kb_qid": null, "url_wikidata": null}, "Prince Charles de Lorraine": {"label": "PER", "kb_qid": null, "url_wikidata": null}, "Charlotte": {"label": "PER", "kb_qid": "Q16565", "url_wikidata": "https://www.wikidata.org/wiki/Q16565"}, "Viennois": {"label": "LOC", "kb_qid": "Q21009565", "url_wikidata": "https://www.wikidata.org/wiki/Q21009565"}, "Brin": {"label": "PER", "kb_qid": "Q518643", "url_wikidata": "https://www.wikidata.org/wiki/Q518643"}, "D\u00e9put\u00e9s": {"label": "MISC", "kb_qid": "Q3044918", "url_wikidata": "https://www.wikidata.org/wiki/Q3044918"}, "Moravie": {"label": "LOC", "kb_qid": "Q43266", "url_wikidata": "https://www.wikidata.org/wiki/Q43266"}, "\u00c9tats de la Province": {"label": "LOC", "kb_qid": "Q16147749", "url_wikidata": "https://www.wikidata.org/wiki/Q16147749"}, "L. M.I.": {"label": "PER", "kb_qid": null, "url_wikidata": null}, "Russiennes": {"label": "ORG", "kb_qid": null, "url_wikidata": null}, "Lutz": {"label": "PER", "kb_qid": "Q1545606", "url_wikidata": "https://www.wikidata.org/wiki/Q1545606"}, "G\u00e9n\u00e9raux & Officiers": {"label": "ORG", "kb_qid": null, "url_wikidata": null}, "L. M. IP": {"label": "PER", "kb_qid": null, "url_wikidata": null}, "Aires": {"label": "LOC", "kb_qid": "Q187178", "url_wikidata": "https://www.wikidata.org/wiki/Q187178"}, "G\u00e9n\u00e9raux &": {"label": "MISC", "kb_qid": null, "url_wikidata": null}, "Officiers": {"label": "MISC", "kb_qid": "Q163700", "url_wikidata": "https://www.wikidata.org/wiki/Q163700"}, "Mill H": {"label": "MISC", "kb_qid": null, "url_wikidata": null}}, "ents_freq": {"Pinces": 1, "I15": 1, "Cour": 1, "Lutz La Coup": 1, "L'Empereur": 1, "Regagn\u00e9s": 1, "Prince Charles de Lorraine": 1, "Charlotte": 1, "Viennois": 1, "Brin": 1, "D\u00e9put\u00e9s": 1, "Moravie": 1, "\u00c9tats de la Province": 1, "L. M.I.": 1, "Russiennes": 1, "Lutz": 1, "G\u00e9n\u00e9raux & Officiers": 1, "L. M. IP": 1, "Aires": 1, "G\u00e9n\u00e9raux &": 1, "Officiers": 1, "Mill H": 1}, "year": "1748", "month": "08", "page": "32"}