{"ents_info": {"ARTICLE IV": {"label": "MISC", "kb_qid": null, "url_wikidata": null}, "FINI.ns": {"label": "PER", "kb_qid": null, "url_wikidata": null}, "E Roi": {"label": "LOC", "kb_qid": null, "url_wikidata": null}, "Cour de": {"label": "LOC", "kb_qid": null, "url_wikidata": null}, "Ekat": {"label": "PER", "kb_qid": null, "url_wikidata": null}, "Unes, S MJ": {"label": "MISC", "kb_qid": null, "url_wikidata": null}, "Tribunaux de cette VI!le": {"label": "MISC", "kb_qid": null, "url_wikidata": null}, "Iouri": {"label": "PER", "kb_qid": "Q2625011", "url_wikidata": "https://www.wikidata.org/wiki/Q2625011"}, "At": {"label": "LOC", "kb_qid": "Q999", "url_wikidata": "https://www.wikidata.org/wiki/Q999"}, "Aix": {"label": "LOC", "kb_qid": "Q47465", "url_wikidata": "https://www.wikidata.org/wiki/Q47465"}, "Julie": {"label": "MISC", "kb_qid": "Q3189139", "url_wikidata": "https://www.wikidata.org/wiki/Q3189139"}, "n S": {"label": "MISC", "kb_qid": null, "url_wikidata": null}, "Roussir": {"label": "ORG", "kb_qid": null, "url_wikidata": null}, "G\u00e9n\u00e9ral Caviars": {"label": "PER", "kb_qid": null, "url_wikidata": null}, "Emmen": {"label": "LOC", "kb_qid": "Q14641", "url_wikidata": "https://www.wikidata.org/wiki/Q14641"}, "Alice.": {"label": "MISC", "kb_qid": null, "url_wikidata": null}, "SD & Ali d Fin": {"label": "ORG", "kb_qid": null, "url_wikidata": null}, "& iltitjint defirelesisosi ion 8": {"label": "MISC", "kb_qid": null, "url_wikidata": null}, "Places": {"label": "LOC", "kb_qid": "Q16670320", "url_wikidata": "https://www.wikidata.org/wiki/Q16670320"}, "Cincle": {"label": "ORG", "kb_qid": "Q201831", "url_wikidata": "https://www.wikidata.org/wiki/Q201831"}, "Ministre Pl\u00e9itIiIe'Iil al 'Bretagne": {"label": "PER", "kb_qid": null, "url_wikidata": null}, "ri": {"label": "LOC", "kb_qid": "Q4022", "url_wikidata": "https://www.wikidata.org/wiki/Q4022"}, "Pre Lee": {"label": "MISC", "kb_qid": null, "url_wikidata": null}}, "ents_freq": {"ARTICLE IV": 1, "FINI.ns": 1, "E Roi": 1, "Cour de": 1, "Ekat": 1, "Unes, S MJ": 1, "Tribunaux de cette VI!le": 1, "Iouri": 1, "At": 1, "Aix": 1, "Julie": 1, "n S": 1, "Roussir": 1, "G\u00e9n\u00e9ral Caviars": 1, "Emmen": 1, "Alice.": 1, "SD & Ali d Fin": 1, "& iltitjint defirelesisosi ion 8": 1, "Places": 1, "Cincle": 1, "Ministre Pl\u00e9itIiIe'Iil al 'Bretagne": 1, "ri": 1, "Pre Lee": 1}, "year": "1748", "month": "07", "page": "37"}