{"ents_info": {"9 La Clef du Cabinet II": {"label": "MISC", "kb_qid": null, "url_wikidata": null}, "M\u00e9moire": {"label": "MISC", "kb_qid": "Q492", "url_wikidata": "https://www.wikidata.org/wiki/Q492"}, "M\u00e9moire historique & sur l d\u00e9-critique sur la Ville souterrain d\u00e9couverte": {"label": "MISC", "kb_qid": null, "url_wikidata": null}, "Mont-V\u00e9suve": {"label": "LOC", "kb_qid": null, "url_wikidata": null}, "Vie Avignon": {"label": "MISC", "kb_qid": null, "url_wikidata": null}, "Dre": {"label": "PER", "kb_qid": "Q1129658", "url_wikidata": "https://www.wikidata.org/wiki/Q1129658"}, "Los Antiquaires": {"label": "LOC", "kb_qid": null, "url_wikidata": null}, "Statues": {"label": "LOC", "kb_qid": "Q967733", "url_wikidata": "https://www.wikidata.org/wiki/Q967733"}, "Vases, des M\u00e9dailles;": {"label": "MISC", "kb_qid": null, "url_wikidata": null}, "Arts &": {"label": "ORG", "kb_qid": null, "url_wikidata": null}, "Ville": {"label": "LOC", "kb_qid": "Q90", "url_wikidata": "https://www.wikidata.org/wiki/Q90"}, "M\u00e9moires de raisonner sur la novelle d\u00e9couverte": {"label": "MISC", "kb_qid": null, "url_wikidata": null}, "Naples": {"label": "LOC", "kb_qid": "Q173065", "url_wikidata": "https://www.wikidata.org/wiki/Q173065"}, "Mont Venue &": {"label": "LOC", "kb_qid": null, "url_wikidata": null}, "Mer": {"label": "LOC", "kb_qid": "Q732823", "url_wikidata": "https://www.wikidata.org/wiki/Q732823"}, "Roi": {"label": "PER", "kb_qid": "Q12097", "url_wikidata": "https://www.wikidata.org/wiki/Q12097"}, "Si\u00e8cles": {"label": "MISC", "kb_qid": "Q3235545", "url_wikidata": "https://www.wikidata.org/wiki/Q3235545"}, "M\u00e9moire & des autres d\u00e9lations": {"label": "MISC", "kb_qid": null, "url_wikidata": null}, "Hercule": {"label": "LOC", "kb_qid": "Q122248", "url_wikidata": "https://www.wikidata.org/wiki/Q122248"}, "Denis d'Halicarnasse": {"label": "PER", "kb_qid": null, "url_wikidata": null}, "guerre de Troie": {"label": "MISC", "kb_qid": "Q42937", "url_wikidata": "https://www.wikidata.org/wiki/Q42937"}, "Erre Chr\u00e9tienne": {"label": "ORG", "kb_qid": null, "url_wikidata": null}}, "ents_freq": {"9 La Clef du Cabinet II": 1, "M\u00e9moire": 2, "M\u00e9moire historique & sur l d\u00e9-critique sur la Ville souterrain d\u00e9couverte": 1, "Mont-V\u00e9suve": 1, "Vie Avignon": 1, "Dre": 1, "Los Antiquaires": 1, "Statues": 1, "Vases, des M\u00e9dailles;": 1, "Arts &": 1, "Ville": 1, "M\u00e9moires de raisonner sur la novelle d\u00e9couverte": 1, "Naples": 1, "Mont Venue &": 1, "Mer": 1, "Roi": 1, "Si\u00e8cles": 1, "M\u00e9moire & des autres d\u00e9lations": 1, "Hercule": 2, "Denis d'Halicarnasse": 1, "guerre de Troie": 1, "Erre Chr\u00e9tienne": 1}, "year": "1748", "month": "08", "page": "9"}