{"ents_info": {"La Clef du Cabinet Eo": {"label": "MISC", "kb_qid": null, "url_wikidata": null}, "R\u00e9giment": {"label": "LOC", "kb_qid": null, "url_wikidata": null}, "Thierry": {"label": "PER", "kb_qid": null, "url_wikidata": null}, "Ivette, de Deux": {"label": "MISC", "kb_qid": null, "url_wikidata": null}, "Lev": {"label": "PER", "kb_qid": null, "url_wikidata": null}, "Bataillon \u00c9cossais": {"label": "MISC", "kb_qid": null, "url_wikidata": null}, "Stuart": {"label": "PER", "kb_qid": null, "url_wikidata": null}, "Missent-Vallons Elias": {"label": "LOC", "kb_qid": null, "url_wikidata": null}, "Compagnies;": {"label": "ORG", "kb_qid": null, "url_wikidata": null}, "Gardes \u00e0 deux Bataillons,": {"label": "MISC", "kb_qid": null, "url_wikidata": null}, "Alla, Glissera, Bade-Doublasse": {"label": "ORG", "kb_qid": null, "url_wikidata": null}, "& le R\u00e9giment": {"label": "ORG", "kb_qid": null, "url_wikidata": null}, "Orange-": {"label": "MISC", "kb_qid": null, "url_wikidata": null}, "Bataillon": {"label": "LOC", "kb_qid": null, "url_wikidata": null}, "Compagnies": {"label": "ORG", "kb_qid": null, "url_wikidata": null}, "R\u00e9giment de Veldtmann": {"label": "LOC", "kb_qid": null, "url_wikidata": null}, "France": {"label": "LOC", "kb_qid": null, "url_wikidata": null}, "Officiers": {"label": "MISC", "kb_qid": null, "url_wikidata": null}, "Prince": {"label": "MISC", "kb_qid": null, "url_wikidata": null}, "Bref": {"label": "LOC", "kb_qid": null, "url_wikidata": null}, "R\u00e9giment Hanovriens": {"label": "ORG", "kb_qid": null, "url_wikidata": null}, "Province d'Overijse": {"label": "LOC", "kb_qid": null, "url_wikidata": null}, "Steenbrgen &": {"label": "ORG", "kb_qid": null, "url_wikidata": null}, "Z\u00e9lande": {"label": "LOC", "kb_qid": null, "url_wikidata": null}, "VI": {"label": "MISC", "kb_qid": null, "url_wikidata": null}, "B\u00e2timent Armateurs": {"label": "ORG", "kb_qid": null, "url_wikidata": null}, "Provinces, & sur-tout de la glande, pr\u00e9s": {"label": "MISC", "kb_qid": null, "url_wikidata": null}, "R\u00e9publique": {"label": "MISC", "kb_qid": null, "url_wikidata": null}, "Ports": {"label": "MISC", "kb_qid": null, "url_wikidata": null}, "Hollandaises": {"label": "LOC", "kb_qid": null, "url_wikidata": null}, "Ports de Fianc\u00e9": {"label": "MISC", "kb_qid": null, "url_wikidata": null}}, "ents_freq": {"La Clef du Cabinet Eo": 1, "R\u00e9giment": 1, "Thierry": 1, "Ivette, de Deux": 1, "Lev": 1, "Bataillon \u00c9cossais": 1, "Stuart": 1, "Missent-Vallons Elias": 1, "Compagnies;": 1, "Gardes \u00e0 deux Bataillons,": 1, "Alla, Glissera, Bade-Doublasse": 1, "& le R\u00e9giment": 1, "Orange-": 1, "Bataillon": 1, "Compagnies": 1, "R\u00e9giment de Veldtmann": 1, "France": 1, "Officiers": 1, "Prince": 1, "Bref": 1, "R\u00e9giment Hanovriens": 1, "Province d'Overijse": 1, "Steenbrgen &": 1, "Z\u00e9lande": 1, "VI": 1, "B\u00e2timent Armateurs": 1, "Provinces, & sur-tout de la glande, pr\u00e9s": 1, "R\u00e9publique": 1, "Ports": 1, "Hollandaises": 1, "Ports de Fianc\u00e9": 1}, "year": "1748", "month": "03", "page": "23"}