{"ents_info": {"La Clef du Cabine 154 mois dernier": {"label": "MISC", "kb_qid": null, "url_wikidata": null}, "Ch\u00e2teau de Servie": {"label": "LOC", "kb_qid": null, "url_wikidata": null}, "Roi": {"label": "PER", "kb_qid": "Q12097", "url_wikidata": "https://www.wikidata.org/wiki/Q12097"}, "Inquisition": {"label": "MISC", "kb_qid": "Q2553591", "url_wikidata": "https://www.wikidata.org/wiki/Q2553591"}, "S. M.": {"label": "PER", "kb_qid": "Q1896771", "url_wikidata": "https://www.wikidata.org/wiki/Q1896771"}, "Commissaires de son": {"label": "ORG", "kb_qid": null, "url_wikidata": null}, "Conseil": {"label": "ORG", "kb_qid": "Q8896", "url_wikidata": "https://www.wikidata.org/wiki/Q8896"}, "Madame": {"label": "PER", "kb_qid": "Q17146837", "url_wikidata": "https://www.wikidata.org/wiki/Q17146837"}, "Madrid": {"label": "LOC", "kb_qid": "Q2807", "url_wikidata": "https://www.wikidata.org/wiki/Q2807"}, "Buenos Aires": {"label": "LOC", "kb_qid": "Q1486", "url_wikidata": "https://www.wikidata.org/wiki/Q1486"}, "Vaisseau Porte rais tes": {"label": "LOC", "kb_qid": null, "url_wikidata": null}, "Port": {"label": "LOC", "kb_qid": "Q44782", "url_wikidata": "https://www.wikidata.org/wiki/Q44782"}, "Vallon de la Nation": {"label": "LOC", "kb_qid": null, "url_wikidata": null}, "Y ARTICLE VI": {"label": "MISC", "kb_qid": null, "url_wikidata": null}, "GUIND\u00c9-BRETAGNE": {"label": "LOC", "kb_qid": null, "url_wikidata": null}, "Plantes du Parlement": {"label": "ORG", "kb_qid": null, "url_wikidata": null}, "I'Ont\u0301t\u00e9deOtu": {"label": "PER", "kb_qid": null, "url_wikidata": null}, "AI": {"label": "LOC", "kb_qid": "Q11660", "url_wikidata": "https://www.wikidata.org/wiki/Q11660"}, "Italie": {"label": "LOC", "kb_qid": "Q38", "url_wikidata": "https://www.wikidata.org/wiki/Q38"}, "Pays-s": {"label": "LOC", "kb_qid": null, "url_wikidata": null}, "Claires l'Amiraut\u00e9": {"label": "ORG", "kb_qid": null, "url_wikidata": null}, "Iliade": {"label": "MISC", "kb_qid": "Q8275", "url_wikidata": "https://www.wikidata.org/wiki/Q8275"}, "M\u00e9diterran\u00e9e": {"label": "LOC", "kb_qid": "Q4918", "url_wikidata": "https://www.wikidata.org/wiki/Q4918"}}, "ents_freq": {"La Clef du Cabine 154 mois dernier": 1, "Ch\u00e2teau de Servie": 1, "Roi": 2, "Inquisition": 1, "S. M.": 1, "Commissaires de son": 1, "Conseil": 1, "Madame": 1, "Madrid": 1, "Buenos Aires": 1, "Vaisseau Porte rais tes": 1, "Port": 1, "Vallon de la Nation": 1, "Y ARTICLE VI": 1, "GUIND\u00c9-BRETAGNE": 1, "Plantes du Parlement": 1, "I'Ont\u0301t\u00e9deOtu": 1, "AI": 1, "Italie": 1, "Pays-s": 1, "Claires l'Amiraut\u00e9": 1, "Iliade": 1, "M\u00e9diterran\u00e9e": 1}, "year": "1748", "month": "08", "page": "53"}