{"ents_info": {"Prises e. Octobre": {"label": "MISC", "kb_qid": null, "url_wikidata": null}, "Valentin": {"label": "PER", "kb_qid": "Q309864", "url_wikidata": "https://www.wikidata.org/wiki/Q309864"}, "Brante": {"label": "LOC", "kb_qid": null, "url_wikidata": null}, "Trentain, \u00e9mus": {"label": "LOC", "kb_qid": null, "url_wikidata": null}, "Paysans": {"label": "MISC", "kb_qid": "Q3234513", "url_wikidata": "https://www.wikidata.org/wiki/Q3234513"}, "Croates": {"label": "MISC", "kb_qid": "Q167420", "url_wikidata": "https://www.wikidata.org/wiki/Q167420"}, "R\u00e9publique": {"label": "LOC", "kb_qid": "Q200686", "url_wikidata": "https://www.wikidata.org/wiki/Q200686"}, "la Brenda": {"label": "MISC", "kb_qid": null, "url_wikidata": null}, "Imp\u00e9riales": {"label": "LOC", "kb_qid": "Q12548", "url_wikidata": "https://www.wikidata.org/wiki/Q12548"}, "Cour": {"label": "ORG", "kb_qid": "Q122880", "url_wikidata": "https://www.wikidata.org/wiki/Q122880"}, "l'Europe": {"label": "LOC", "kb_qid": "Q7787", "url_wikidata": "https://www.wikidata.org/wiki/Q7787"}, "Trait\u00e9 de paix": {"label": "MISC", "kb_qid": "Q8736", "url_wikidata": "https://www.wikidata.org/wiki/Q8736"}, "Roi d'Espagne": {"label": "PER", "kb_qid": "Q183226", "url_wikidata": "https://www.wikidata.org/wiki/Q183226"}, "Roi": {"label": "PER", "kb_qid": "Q18384454", "url_wikidata": "https://www.wikidata.org/wiki/Q18384454"}, "Espagne": {"label": "LOC", "kb_qid": "Q42267", "url_wikidata": "https://www.wikidata.org/wiki/Q42267"}, "Conseil": {"label": "ORG", "kb_qid": "Q37470", "url_wikidata": "https://www.wikidata.org/wiki/Q37470"}, "Congr\u00e8s": {"label": "MISC", "kb_qid": "Q2495862", "url_wikidata": "https://www.wikidata.org/wiki/Q2495862"}, "Aix la-Chapelle": {"label": "LOC", "kb_qid": null, "url_wikidata": null}, "Comte": {"label": "PER", "kb_qid": "Q2192649", "url_wikidata": "https://www.wikidata.org/wiki/Q2192649"}, "Ministre de Sa Maj": {"label": "ORG", "kb_qid": null, "url_wikidata": null}, "La Haye": {"label": "LOC", "kb_qid": "Q36600", "url_wikidata": "https://www.wikidata.org/wiki/Q36600"}, "Pl\u00e9nipotentiaire": {"label": "MISC", "kb_qid": "Q1133920", "url_wikidata": "https://www.wikidata.org/wiki/Q1133920"}, "S. M. Relativement": {"label": "PER", "kb_qid": null, "url_wikidata": null}, "Couronne & de sa Maison": {"label": "ORG", "kb_qid": null, "url_wikidata": null}, "Naples": {"label": "LOC", "kb_qid": "Q173065", "url_wikidata": "https://www.wikidata.org/wiki/Q173065"}, "Ile Tribunal": {"label": "LOC", "kb_qid": null, "url_wikidata": null}, "Conseil d'In": {"label": "ORG", "kb_qid": null, "url_wikidata": null}}, "ents_freq": {"Prises e. Octobre": 1, "Valentin": 1, "Brante": 1, "Trentain, \u00e9mus": 1, "Paysans": 1, "Croates": 1, "R\u00e9publique": 1, "la Brenda": 1, "Imp\u00e9riales": 1, "Cour": 1, "l'Europe": 1, "Trait\u00e9 de paix": 1, "Roi d'Espagne": 1, "Roi": 1, "Espagne": 1, "Conseil": 1, "Congr\u00e8s": 1, "Aix la-Chapelle": 1, "Comte": 1, "Ministre de Sa Maj": 1, "La Haye": 1, "Pl\u00e9nipotentiaire": 1, "S. M. Relativement": 1, "Couronne & de sa Maison": 1, "Naples": 1, "Ile Tribunal": 1, "Conseil d'In": 1}, "year": "1748", "month": "10", "page": "48"}