{"ents_info": {"Princes, c. Septi\u00e8me": {"label": "MISC", "kb_qid": null, "url_wikidata": null}, "I74S.": {"label": "MISC", "kb_qid": null, "url_wikidata": null}, "Orientales & Orientales": {"label": "ORG", "kb_qid": null, "url_wikidata": null}, "qoi": {"label": "PER", "kb_qid": null, "url_wikidata": null}, "I I": {"label": "MISC", "kb_qid": null, "url_wikidata": null}, "Aix": {"label": "LOC", "kb_qid": null, "url_wikidata": null}, "St. Se venin d'": {"label": "MISC", "kb_qid": null, "url_wikidata": null}, "Aragon": {"label": "LOC", "kb_qid": null, "url_wikidata": null}, "Sand": {"label": "PER", "kb_qid": null, "url_wikidata": null}, "B\u00e9nin": {"label": "LOC", "kb_qid": null, "url_wikidata": null}, "H. van Ass\u00e9ner": {"label": "PER", "kb_qid": null, "url_wikidata": null}, "A. Harceler: 1 O.": {"label": "PER", "kb_qid": null, "url_wikidata": null}, "van Warren": {"label": "PER", "kb_qid": null, "url_wikidata": null}, "Asie": {"label": "LOC", "kb_qid": null, "url_wikidata": null}, "Puissances": {"label": "MISC", "kb_qid": null, "url_wikidata": null}, "Trait\u00e9": {"label": "MISC", "kb_qid": null, "url_wikidata": null}, "Convention an": {"label": "MISC", "kb_qid": null, "url_wikidata": null}, "Comte de Jaunit": {"label": "PER", "kb_qid": null, "url_wikidata": null}, "Courrier \u00e0 J'sienne": {"label": "MISC", "kb_qid": null, "url_wikidata": null}, "Cl\u00e9.niporentiaires des Puissances Contractantes": {"label": "MISC", "kb_qid": null, "url_wikidata": null}, "Roger": {"label": "PER", "kb_qid": null, "url_wikidata": null}, "\u00c9limin\u00e9 airs": {"label": "MISC", "kb_qid": null, "url_wikidata": null}}, "ents_freq": {"Princes, c. Septi\u00e8me": 1, "I74S.": 1, "Orientales & Orientales": 1, "qoi": 1, "I I": 1, "Aix": 1, "St. Se venin d'": 1, "Aragon": 1, "Sand": 1, "B\u00e9nin": 1, "H. van Ass\u00e9ner": 1, "A. Harceler: 1 O.": 1, "van Warren": 1, "Asie": 1, "Puissances": 1, "Trait\u00e9": 2, "Convention an": 1, "Comte de Jaunit": 1, "Courrier \u00e0 J'sienne": 1, "Cl\u00e9.niporentiaires des Puissances Contractantes": 1, "Roger": 1, "\u00c9limin\u00e9 airs": 1}, "year": "1748", "month": "09", "page": "44"}