{"ents_info": {"Pintas": {"label": "MISC", "kb_qid": null, "url_wikidata": null}, "Convention": {"label": "MISC", "kb_qid": "Q219825", "url_wikidata": "https://www.wikidata.org/wiki/Q219825"}, "R\u00e9publique": {"label": "LOC", "kb_qid": "Q70802", "url_wikidata": "https://www.wikidata.org/wiki/Q70802"}, "R\u00e9": {"label": "LOC", "kb_qid": "Q292384", "url_wikidata": "https://www.wikidata.org/wiki/Q292384"}, "Cartel": {"label": "ORG", "kb_qid": "Q1078091", "url_wikidata": "https://www.wikidata.org/wiki/Q1078091"}, "Puissances.": {"label": "MISC", "kb_qid": null, "url_wikidata": null}, "Congr\u00e8s d'Aix la Chapelle": {"label": "MISC", "kb_qid": null, "url_wikidata": null}, "Marquis Dorian": {"label": "PER", "kb_qid": null, "url_wikidata": null}, "Pl\u00e9nipotentiaire": {"label": "LOC", "kb_qid": "Q1133920", "url_wikidata": "https://www.wikidata.org/wiki/Q1133920"}, "Ministre Pl\u00e9nipotentiaire d'Espagne": {"label": "ORG", "kb_qid": null, "url_wikidata": null}, "Ministre M\u00e9diateur": {"label": "ORG", "kb_qid": null, "url_wikidata": null}, "Cour de Portugal": {"label": "LOC", "kb_qid": null, "url_wikidata": null}, "Italie": {"label": "LOC", "kb_qid": "Q172579", "url_wikidata": "https://www.wikidata.org/wiki/Q172579"}, "Fr\u00e9gates Anglaises & les Armateurs": {"label": "ORG", "kb_qid": null, "url_wikidata": null}, "4 Navires Fran\u00e7ois": {"label": "MISC", "kb_qid": null, "url_wikidata": null}, "bled &": {"label": "ORG", "kb_qid": null, "url_wikidata": null}, "Malta": {"label": "LOC", "kb_qid": "Q963370", "url_wikidata": "https://www.wikidata.org/wiki/Q963370"}, "Vad, &": {"label": "ORG", "kb_qid": null, "url_wikidata": null}, "Livourne": {"label": "LOC", "kb_qid": "Q6761", "url_wikidata": "https://www.wikidata.org/wiki/Q6761"}, "Flocons": {"label": "LOC", "kb_qid": "Q7561", "url_wikidata": "https://www.wikidata.org/wiki/Q7561"}, "Gans": {"label": "PER", "kb_qid": "Q1005017", "url_wikidata": "https://www.wikidata.org/wiki/Q1005017"}, "Tartane": {"label": "MISC", "kb_qid": "Q3515837", "url_wikidata": "https://www.wikidata.org/wiki/Q3515837"}, "Saine": {"label": "PER", "kb_qid": "Q3461652", "url_wikidata": "https://www.wikidata.org/wiki/Q3461652"}, "Isole de S'arpigne.": {"label": "LOC", "kb_qid": null, "url_wikidata": null}}, "ents_freq": {"Pintas": 1, "Convention": 1, "R\u00e9publique": 2, "R\u00e9": 1, "Cartel": 1, "Puissances.": 1, "Congr\u00e8s d'Aix la Chapelle": 1, "Marquis Dorian": 1, "Pl\u00e9nipotentiaire": 1, "Ministre Pl\u00e9nipotentiaire d'Espagne": 1, "Ministre M\u00e9diateur": 1, "Cour de Portugal": 1, "Italie": 2, "Fr\u00e9gates Anglaises & les Armateurs": 1, "4 Navires Fran\u00e7ois": 1, "bled &": 1, "Malta": 1, "Vad, &": 1, "Livourne": 1, "Flocons": 1, "Gans": 1, "Tartane": 1, "Saine": 1, "Isole de S'arpigne.": 1}, "year": "1748", "month": "05", "page": "30"}