{"ents_info": {"Princes oc": {"label": "LOC", "kb_qid": null, "url_wikidata": null}, "y. Novembre dine": {"label": "LOC", "kb_qid": null, "url_wikidata": null}, "S. M. Brittany-": {"label": "PER", "kb_qid": null, "url_wikidata": null}, "Guy Dickens": {"label": "PER", "kb_qid": null, "url_wikidata": null}, "Ministres": {"label": "MISC", "kb_qid": "Q83307", "url_wikidata": "https://www.wikidata.org/wiki/Q83307"}, "Eue Roi": {"label": "PER", "kb_qid": null, "url_wikidata": null}, "excori\u00e2t": {"label": "PER", "kb_qid": null, "url_wikidata": null}, "Souverain": {"label": "PER", "kb_qid": "Q42008", "url_wikidata": "https://www.wikidata.org/wiki/Q42008"}, "M. Prit": {"label": "PER", "kb_qid": null, "url_wikidata": null}, "V. M.": {"label": "PER", "kb_qid": null, "url_wikidata": null}, "Sprinter, & m\u00fb": {"label": "MISC", "kb_qid": null, "url_wikidata": null}, "SE,'pr\u00e9sentement": {"label": "LOC", "kb_qid": null, "url_wikidata": null}, "Garde": {"label": "LOC", "kb_qid": "Q1090710", "url_wikidata": "https://www.wikidata.org/wiki/Q1090710"}, "S. M. Prit": {"label": "PER", "kb_qid": null, "url_wikidata": null}, "Ministres publics n violent pas": {"label": "ORG", "kb_qid": null, "url_wikidata": null}, "Gauss": {"label": "PER", "kb_qid": "Q177493", "url_wikidata": "https://www.wikidata.org/wiki/Q177493"}, "Sel e. Du rems": {"label": "LOC", "kb_qid": null, "url_wikidata": null}, "Charles XI": {"label": "PER", "kb_qid": "Q358875", "url_wikidata": "https://www.wikidata.org/wiki/Q358875"}, "M'": {"label": "MISC", "kb_qid": "Q18215256", "url_wikidata": "https://www.wikidata.org/wiki/Q18215256"}, "l'Empereur": {"label": "PER", "kb_qid": "Q7721", "url_wikidata": "https://www.wikidata.org/wiki/Q7721"}}, "ents_freq": {"Princes oc": 1, "y. Novembre dine": 1, "S. M. Brittany-": 1, "Guy Dickens": 1, "Ministres": 2, "Eue Roi": 1, "excori\u00e2t": 1, "Souverain": 1, "M. Prit": 1, "V. M.": 1, "Sprinter, & m\u00fb": 1, "SE,'pr\u00e9sentement": 1, "Garde": 1, "S. M. Prit": 1, "Ministres publics n violent pas": 1, "Gauss": 1, "Sel e. Du rems": 1, "Charles XI": 1, "M'": 1, "l'Empereur": 1}, "year": "1748", "month": "06", "page": "20"}