{"ents_info": {"L Clef du Cabines 'R": {"label": "MISC", "kb_qid": null, "url_wikidata": null}, "Crichton": {"label": "PER", "kb_qid": null, "url_wikidata": null}, "Op": {"label": "LOC", "kb_qid": null, "url_wikidata": null}, "Peer": {"label": "LOC", "kb_qid": null, "url_wikidata": null}, "Br\u00e9e & Glabre": {"label": "ORG", "kb_qid": null, "url_wikidata": null}, "Imp\u00e9riales & Hanovriennes": {"label": "MISC", "kb_qid": null, "url_wikidata": null}, "G\u00e9n\u00e9ral-Major de Formats": {"label": "LOC", "kb_qid": null, "url_wikidata": null}, "Fran\u00e7ois": {"label": "PER", "kb_qid": null, "url_wikidata": null}, "Aix la-Chapelle": {"label": "LOC", "kb_qid": null, "url_wikidata": null}, "Pays de Limbourg": {"label": "LOC", "kb_qid": null, "url_wikidata": null}, "Zoom": {"label": "MISC", "kb_qid": null, "url_wikidata": null}, "Avril": {"label": "PER", "kb_qid": null, "url_wikidata": null}, "Dale": {"label": "PER", "kb_qid": null, "url_wikidata": null}, "Rauquerons": {"label": "LOC", "kb_qid": null, "url_wikidata": null}, "Mesurent, auquel nous retournons": {"label": "MISC", "kb_qid": null, "url_wikidata": null}, "LS Fran\u00e7ois": {"label": "PER", "kb_qid": null, "url_wikidata": null}, "Picte": {"label": "LOC", "kb_qid": null, "url_wikidata": null}, "soulot": {"label": "PER", "kb_qid": null, "url_wikidata": null}, "Bastion d'Estrades du cont\u00e9 de la porte de Bois": {"label": "LOC", "kb_qid": null, "url_wikidata": null}, "Base ion' d'Orl\u00e9ans": {"label": "LOC", "kb_qid": null, "url_wikidata": null}, "porte de Bruxelles": {"label": "LOC", "kb_qid": null, "url_wikidata": null}, "de la Meuse": {"label": "LOC", "kb_qid": null, "url_wikidata": null}, "VW": {"label": "ORG", "kb_qid": null, "url_wikidata": null}}, "ents_freq": {"L Clef du Cabines 'R": 1, "Crichton": 1, "Op": 1, "Peer": 1, "Br\u00e9e & Glabre": 1, "Imp\u00e9riales & Hanovriennes": 1, "G\u00e9n\u00e9ral-Major de Formats": 1, "Fran\u00e7ois": 1, "Aix la-Chapelle": 1, "Pays de Limbourg": 2, "Zoom": 1, "Avril": 1, "Dale": 1, "Rauquerons": 1, "Mesurent, auquel nous retournons": 1, "LS Fran\u00e7ois": 1, "Picte": 1, "soulot": 1, "Bastion d'Estrades du cont\u00e9 de la porte de Bois": 1, "Base ion' d'Orl\u00e9ans": 1, "porte de Bruxelles": 1, "de la Meuse": 1, "VW": 1}, "year": "1748", "month": "05", "page": "67"}