{"ents_info": {"Princes": {"label": "LOC", "kb_qid": "Q2747456", "url_wikidata": "https://www.wikidata.org/wiki/Q2747456"}, "Vienne": {"label": "LOC", "kb_qid": "Q26849", "url_wikidata": "https://www.wikidata.org/wiki/Q26849"}, "Arm\u00e9e Imp\u00e9riale": {"label": "ORG", "kb_qid": "Q276535", "url_wikidata": "https://www.wikidata.org/wiki/Q276535"}, "Cour de Londres": {"label": "LOC", "kb_qid": null, "url_wikidata": null}, "Hantes": {"label": "LOC", "kb_qid": "Q2628420", "url_wikidata": "https://www.wikidata.org/wiki/Q2628420"}, "\u00c9lectoral": {"label": "LOC", "kb_qid": "Q40231", "url_wikidata": "https://www.wikidata.org/wiki/Q40231"}, "ps": {"label": "ORG", "kb_qid": "Q284263", "url_wikidata": "https://www.wikidata.org/wiki/Q284263"}, "les R\u00e9": {"label": "MISC", "kb_qid": null, "url_wikidata": null}, "A": {"label": "LOC", "kb_qid": "Q9659", "url_wikidata": "https://www.wikidata.org/wiki/Q9659"}, "Alli\u00e9e tonies": {"label": "MISC", "kb_qid": null, "url_wikidata": null}, "S": {"label": "LOC", "kb_qid": "Q682", "url_wikidata": "https://www.wikidata.org/wiki/Q682"}, "\u00c9pars": {"label": "PER", "kb_qid": "Q180380", "url_wikidata": "https://www.wikidata.org/wiki/Q180380"}, "Duch\u00e9 de Lueur": {"label": "LOC", "kb_qid": null, "url_wikidata": null}, "\u00c9v\u00each\u00e9 de Hilde": {"label": "LOC", "kb_qid": null, "url_wikidata": null}, "Princes d'Allemagne": {"label": "LOC", "kb_qid": null, "url_wikidata": null}, "Puissances Maritimes": {"label": "LOC", "kb_qid": "Q16640836", "url_wikidata": "https://www.wikidata.org/wiki/Q16640836"}, "Cour de Saxe": {"label": "LOC", "kb_qid": "Q153015", "url_wikidata": "https://www.wikidata.org/wiki/Q153015"}, "Elie": {"label": "PER", "kb_qid": "Q1227381", "url_wikidata": "https://www.wikidata.org/wiki/Q1227381"}, "Saxe": {"label": "LOC", "kb_qid": "Q156199", "url_wikidata": "https://www.wikidata.org/wiki/Q156199"}, "At": {"label": "LOC", "kb_qid": "Q999", "url_wikidata": "https://www.wikidata.org/wiki/Q999"}, "M'acquis Dr: iShares,": {"label": "MISC", "kb_qid": null, "url_wikidata": null}, "Ambassadeur de France": {"label": "PER", "kb_qid": "Q554046", "url_wikidata": "https://www.wikidata.org/wiki/Q554046"}, "\u00c9lectoral de Cologne": {"label": "ORG", "kb_qid": null, "url_wikidata": null}, "P\u00f4": {"label": "LOC", "kb_qid": "Q2567535", "url_wikidata": "https://www.wikidata.org/wiki/Q2567535"}, "Cologne": {"label": "LOC", "kb_qid": "Q365", "url_wikidata": "https://www.wikidata.org/wiki/Q365"}, "G\u00e9n\u00e9ral de G": {"label": "PER", "kb_qid": null, "url_wikidata": null}}, "ents_freq": {"Princes": 1, "Vienne": 1, "Arm\u00e9e Imp\u00e9riale": 1, "Cour de Londres": 1, "Hantes": 1, "\u00c9lectoral": 1, "ps": 1, "les R\u00e9": 1, "A": 1, "Alli\u00e9e tonies": 1, "S": 1, "\u00c9pars": 1, "Duch\u00e9 de Lueur": 1, "\u00c9v\u00each\u00e9 de Hilde": 1, "Princes d'Allemagne": 1, "Puissances Maritimes": 1, "Cour de Saxe": 1, "Elie": 1, "Saxe": 1, "At": 1, "M'acquis Dr: iShares,": 1, "Ambassadeur de France": 1, "\u00c9lectoral de Cologne": 1, "P\u00f4": 1, "Cologne": 1, "G\u00e9n\u00e9ral de G": 1}, "year": "1748", "month": "05", "page": "26"}