{"ents_info": {"Princes": {"label": "LOC", "kb_qid": "Q2747456", "url_wikidata": "https://www.wikidata.org/wiki/Q2747456"}, "427 Agent": {"label": "MISC", "kb_qid": null, "url_wikidata": null}, "st": {"label": "PER", "kb_qid": null, "url_wikidata": null}, "\u00c9tats": {"label": "LOC", "kb_qid": "Q35657", "url_wikidata": "https://www.wikidata.org/wiki/Q35657"}, "S": {"label": "MISC", "kb_qid": "Q682", "url_wikidata": "https://www.wikidata.org/wiki/Q682"}, "Infant Don-Philippe": {"label": "LOC", "kb_qid": null, "url_wikidata": null}, "Europe": {"label": "LOC", "kb_qid": "Q46", "url_wikidata": "https://www.wikidata.org/wiki/Q46"}, "rai t\u00e9": {"label": "PER", "kb_qid": null, "url_wikidata": null}, "Hautes-Parties": {"label": "LOC", "kb_qid": null, "url_wikidata": null}, "Reine de Hongrie": {"label": "PER", "kb_qid": null, "url_wikidata": null}, "\u00c9tats G\u00e9n\u00e9raux des Provinces Unies": {"label": "MISC", "kb_qid": null, "url_wikidata": null}, "Imp\u00e9ratrice Reine de Hongrie": {"label": "PER", "kb_qid": null, "url_wikidata": null}, "Boh\u00e8me": {"label": "LOC", "kb_qid": "Q42585", "url_wikidata": "https://www.wikidata.org/wiki/Q42585"}, "Pays-Bas": {"label": "LOC", "kb_qid": "Q476033", "url_wikidata": "https://www.wikidata.org/wiki/Q476033"}, "Trait\u00e9": {"label": "MISC", "kb_qid": "Q165755", "url_wikidata": "https://www.wikidata.org/wiki/Q165755"}, "Seigneurs \u00c9tats G\u00e9n\u00e9raux des Provinces": {"label": "MISC", "kb_qid": null, "url_wikidata": null}, "& paisible possession": {"label": "MISC", "kb_qid": null, "url_wikidata": null}, "talle": {"label": "LOC", "kb_qid": "Q2419334", "url_wikidata": "https://www.wikidata.org/wiki/Q2419334"}, "Berry-p": {"label": "LOC", "kb_qid": null, "url_wikidata": null}, "Molest\u00e9": {"label": "PER", "kb_qid": null, "url_wikidata": null}, "Friand": {"label": "PER", "kb_qid": "Q930261", "url_wikidata": "https://www.wikidata.org/wiki/Q930261"}, "Brabant": {"label": "LOC", "kb_qid": "Q159856", "url_wikidata": "https://www.wikidata.org/wiki/Q159856"}, "Hollandais": {"label": "LOC", "kb_qid": "Q102911", "url_wikidata": "https://www.wikidata.org/wiki/Q102911"}, "Villes & Places das les Pays-Bas": {"label": "MISC", "kb_qid": null, "url_wikidata": null}, "Souverainet\u00e9": {"label": "LOC", "kb_qid": "Q42008", "url_wikidata": "https://www.wikidata.org/wiki/Q42008"}, "Imp\u00e9ratriceReine": {"label": "MISC", "kb_qid": null, "url_wikidata": null}, "Hongrie": {"label": "LOC", "kb_qid": "Q171150", "url_wikidata": "https://www.wikidata.org/wiki/Q171150"}, "esquille": {"label": "LOC", "kb_qid": null, "url_wikidata": null}, "L. H. P.": {"label": "PER", "kb_qid": null, "url_wikidata": null}, "ns": {"label": "LOC", "kb_qid": "Q11574", "url_wikidata": "https://www.wikidata.org/wiki/Q11574"}, "Roi de Sar": {"label": "PER", "kb_qid": null, "url_wikidata": null}, "Duch\u00e9 de S'avoue & dans le Comt\u00e9 de Nice": {"label": "LOC", "kb_qid": null, "url_wikidata": null}, "Pays": {"label": "LOC", "kb_qid": "Q3184003", "url_wikidata": "https://www.wikidata.org/wiki/Q3184003"}, "Places & De a Fort": {"label": "LOC", "kb_qid": null, "url_wikidata": null}}, "ents_freq": {"Princes": 1, "427 Agent": 1, "st": 1, "\u00c9tats": 2, "S": 1, "Infant Don-Philippe": 1, "Europe": 1, "rai t\u00e9": 1, "Hautes-Parties": 1, "Reine de Hongrie": 1, "\u00c9tats G\u00e9n\u00e9raux des Provinces Unies": 1, "Imp\u00e9ratrice Reine de Hongrie": 1, "Boh\u00e8me": 1, "Pays-Bas": 1, "Trait\u00e9": 1, "Seigneurs \u00c9tats G\u00e9n\u00e9raux des Provinces": 1, "& paisible possession": 1, "talle": 1, "Berry-p": 1, "Molest\u00e9": 1, "Friand": 1, "Brabant": 1, "Hollandais": 1, "Villes & Places das les Pays-Bas": 1, "Souverainet\u00e9": 1, "Imp\u00e9ratriceReine": 1, "Hongrie": 1, "esquille": 1, "L. H. P.": 1, "ns": 1, "Roi de Sar": 1, "Duch\u00e9 de S'avoue & dans le Comt\u00e9 de Nice": 1, "Pays": 1, "Places & De a Fort": 1}, "year": "1748", "month": "12", "page": "34"}