{"ents_info": {"La Clef du Cabinet 288": {"label": "MISC", "kb_qid": null, "url_wikidata": null}, "Corps": {"label": "MISC", "kb_qid": null, "url_wikidata": null}, "Convention": {"label": "MISC", "kb_qid": null, "url_wikidata": null}, "Chapelle": {"label": "LOC", "kb_qid": null, "url_wikidata": null}, "Vue arler\u0301lenret'ons": {"label": "MISC", "kb_qid": null, "url_wikidata": null}, "S\u00e9n\u00e9": {"label": "LOC", "kb_qid": null, "url_wikidata": null}, "S": {"label": "LOC", "kb_qid": null, "url_wikidata": null}, "Corps de troues": {"label": "MISC", "kb_qid": null, "url_wikidata": null}, "ers": {"label": "PER", "kb_qid": null, "url_wikidata": null}, "Russie": {"label": "LOC", "kb_qid": null, "url_wikidata": null}, "& apyres": {"label": "ORG", "kb_qid": null, "url_wikidata": null}, "Mossi": {"label": "LOC", "kb_qid": null, "url_wikidata": null}, "Royal Boh\u00e8me;": {"label": "ORG", "kb_qid": null, "url_wikidata": null}, "Leslie": {"label": "MISC", "kb_qid": null, "url_wikidata": null}, "ut": {"label": "MISC", "kb_qid": null, "url_wikidata": null}, "Indre": {"label": "LOC", "kb_qid": null, "url_wikidata": null}, "IIIe Cali IOtemertu'el": {"label": "MISC", "kb_qid": null, "url_wikidata": null}, "Franconie": {"label": "LOC", "kb_qid": null, "url_wikidata": null}, "Autre": {"label": "LOC", "kb_qid": null, "url_wikidata": null}, "ds": {"label": "MISC", "kb_qid": null, "url_wikidata": null}, "D\u00e9parie de Toutes les Russies": {"label": "LOC", "kb_qid": null, "url_wikidata": null}}, "ents_freq": {"La Clef du Cabinet 288": 1, "Corps": 1, "Convention": 1, "Chapelle": 1, "Vue arler\u0301lenret'ons": 1, "S\u00e9n\u00e9": 1, "S": 1, "Corps de troues": 1, "ers": 1, "Russie": 1, "& apyres": 1, "Mossi": 1, "Royal Boh\u00e8me;": 1, "Leslie": 1, "ut": 1, "Indre": 1, "IIIe Cali IOtemertu'el": 1, "Franconie": 1, "Autre": 1, "ds": 1, "D\u00e9parie de Toutes les Russies": 1}, "year": "1748", "month": "11", "page": "73"}