{"ents_info": {"Princes": {"label": "LOC", "kb_qid": "Q2747456", "url_wikidata": "https://www.wikidata.org/wiki/Q2747456"}, "Juillet": {"label": "PER", "kb_qid": "Q3188227", "url_wikidata": "https://www.wikidata.org/wiki/Q3188227"}, "Vice Amiraux": {"label": "PER", "kb_qid": "Q4902790", "url_wikidata": "https://www.wikidata.org/wiki/Q4902790"}, "Escadre Rouge": {"label": "ORG", "kb_qid": null, "url_wikidata": null}, "OS": {"label": "MISC", "kb_qid": "Q3356089", "url_wikidata": "https://www.wikidata.org/wiki/Q3356089"}, "Le & Smith": {"label": "MISC", "kb_qid": null, "url_wikidata": null}, "Vice-Amiraux de l'Escadre Blanche": {"label": "MISC", "kb_qid": null, "url_wikidata": null}, "Vice-Amiraux de Escadre": {"label": "ORG", "kb_qid": null, "url_wikidata": null}, "Chambres & caulescente Amiraux": {"label": "MISC", "kb_qid": null, "url_wikidata": null}, "Esca le Rouge": {"label": "ORG", "kb_qid": null, "url_wikidata": null}, "Forbes & Bosnien": {"label": "ORG", "kb_qid": null, "url_wikidata": null}, "Contre-Amiraux": {"label": "PER", "kb_qid": "Q15615347", "url_wikidata": "https://www.wikidata.org/wiki/Q15615347"}, "Escadre Blanche": {"label": "LOC", "kb_qid": null, "url_wikidata": null}, "Contre Amiral de l'Escadre Bleu": {"label": "MISC", "kb_qid": null, "url_wikidata": null}, "la France": {"label": "LOC", "kb_qid": "Q151340", "url_wikidata": "https://www.wikidata.org/wiki/Q151340"}, "Royaume": {"label": "LOC", "kb_qid": "Q145", "url_wikidata": "https://www.wikidata.org/wiki/Q145"}, "Anglais": {"label": "LOC", "kb_qid": "Q7976", "url_wikidata": "https://www.wikidata.org/wiki/Q7976"}, "Gouvernement de la Grande Bretagne": {"label": "MISC", "kb_qid": null, "url_wikidata": null}, "B\u00e2timent": {"label": "LOC", "kb_qid": "Q41176", "url_wikidata": "https://www.wikidata.org/wiki/Q41176"}, "Colonne de 'an": {"label": "LOC", "kb_qid": null, "url_wikidata": null}, "Vaisseaux de guerre": {"label": "MISC", "kb_qid": "Q1051067", "url_wikidata": "https://www.wikidata.org/wiki/Q1051067"}, "Armateurs": {"label": "ORG", "kb_qid": "Q500251", "url_wikidata": "https://www.wikidata.org/wiki/Q500251"}, "Irlande": {"label": "LOC", "kb_qid": "Q22890", "url_wikidata": "https://www.wikidata.org/wiki/Q22890"}, "Navire": {"label": "LOC", "kb_qid": "Q11446", "url_wikidata": "https://www.wikidata.org/wiki/Q11446"}, "Martinique": {"label": "LOC", "kb_qid": "Q17054", "url_wikidata": "https://www.wikidata.org/wiki/Q17054"}, "Pour.de": {"label": "LOC", "kb_qid": null, "url_wikidata": null}, "Visser": {"label": "PER", "kb_qid": "Q1133612", "url_wikidata": "https://www.wikidata.org/wiki/Q1133612"}, "Ouest": {"label": "LOC", "kb_qid": "Q12612", "url_wikidata": "https://www.wikidata.org/wiki/Q12612"}, "Cap Clean": {"label": "LOC", "kb_qid": null, "url_wikidata": null}, "Flotte de": {"label": "ORG", "kb_qid": "Q4677389", "url_wikidata": "https://www.wikidata.org/wiki/Q4677389"}, "Amiral Have": {"label": "PER", "kb_qid": null, "url_wikidata": null}, "6O mille Liv.": {"label": "MISC", "kb_qid": null, "url_wikidata": null}, "Rhode-Iran": {"label": "LOC", "kb_qid": null, "url_wikidata": null}, "Nouvelle Angleterre": {"label": "ORG", "kb_qid": "Q18389", "url_wikidata": "https://www.wikidata.org/wiki/Q18389"}, "Nies": {"label": "LOC", "kb_qid": null, "url_wikidata": null}, "Lionel": {"label": "PER", "kb_qid": "Q1827225", "url_wikidata": "https://www.wikidata.org/wiki/Q1827225"}}, "ents_freq": {"Princes": 1, "Juillet": 1, "Vice Amiraux": 1, "Escadre Rouge": 1, "OS": 1, "Le & Smith": 1, "Vice-Amiraux de l'Escadre Blanche": 1, "Vice-Amiraux de Escadre": 1, "Chambres & caulescente Amiraux": 1, "Esca le Rouge": 1, "Forbes & Bosnien": 1, "Contre-Amiraux": 1, "Escadre Blanche": 1, "Contre Amiral de l'Escadre Bleu": 1, "la France": 1, "Royaume": 1, "Anglais": 1, "Gouvernement de la Grande Bretagne": 1, "B\u00e2timent": 1, "Colonne de 'an": 1, "Vaisseaux de guerre": 1, "Armateurs": 2, "Irlande": 1, "Navire": 1, "Martinique": 1, "Pour.de": 1, "Visser": 1, "Ouest": 1, "Cap Clean": 1, "Flotte de": 1, "Amiral Have": 1, "6O mille Liv.": 1, "Rhode-Iran": 1, "Nouvelle Angleterre": 1, "Nies": 1, "Lionel": 1}, "year": "1748", "month": "07", "page": "60"}