{"ents_info": {"EA": {"label": "ORG", "kb_qid": "Q173941", "url_wikidata": "https://www.wikidata.org/wiki/Q173941"}, "Paris": {"label": "LOC", "kb_qid": "Q90", "url_wikidata": "https://www.wikidata.org/wiki/Q90"}, "Pierre C\u00e9sar de Saint Georges": {"label": "PER", "kb_qid": null, "url_wikidata": null}, "Brigadier des m\u00eames Arm\u00e9es": {"label": "MISC", "kb_qid": null, "url_wikidata": null}, "Chevalier": {"label": "ORG", "kb_qid": "Q163700", "url_wikidata": "https://www.wikidata.org/wiki/Q163700"}, "Ordre de Saint Louis": {"label": "ORG", "kb_qid": "Q247777", "url_wikidata": "https://www.wikidata.org/wiki/Q247777"}, "que;1": {"label": "LOC", "kb_qid": null, "url_wikidata": null}, "I1": {"label": "ORG", "kb_qid": "Q26156377", "url_wikidata": "https://www.wikidata.org/wiki/Q26156377"}, "Tr\u00eaves": {"label": "LOC", "kb_qid": "Q3138", "url_wikidata": "https://www.wikidata.org/wiki/Q3138"}, "Messire Lothaire Friterie de Albache,": {"label": "PER", "kb_qid": null, "url_wikidata": null}, "Vicaire G\u00e9n\u00e9ral de l'Archev\u00each\u00e9 \u00c9lectorale de Tr\u00eaves": {"label": "PER", "kb_qid": null, "url_wikidata": null}, "Henri de Lorraine": {"label": "PER", "kb_qid": "Q1280318", "url_wikidata": "https://www.wikidata.org/wiki/Q1280318"}, "Duc d'Elbeuf": {"label": "PER", "kb_qid": null, "url_wikidata": null}, "Pair de France": {"label": "PER", "kb_qid": "Q1060756", "url_wikidata": "https://www.wikidata.org/wiki/Q1060756"}, "Lieutenant G\u00e9n\u00e9ral des Arm\u00e9es de Roi": {"label": "PER", "kb_qid": null, "url_wikidata": null}, "& Gouverneur des Provinces de Picardie": {"label": "MISC", "kb_qid": null, "url_wikidata": null}, "Artois": {"label": "LOC", "kb_qid": "Q159987", "url_wikidata": "https://www.wikidata.org/wiki/Q159987"}, "Boulonnais": {"label": "LOC", "kb_qid": "Q63604", "url_wikidata": "https://www.wikidata.org/wiki/Q63604"}, "Elbeuf": {"label": "LOC", "kb_qid": "Q733414", "url_wikidata": "https://www.wikidata.org/wiki/Q733414"}, "Voil\u00e9 de la Lorraine": {"label": "PER", "kb_qid": null, "url_wikidata": null}, "Abbaye de St. Benoit": {"label": "LOC", "kb_qid": null, "url_wikidata": null}, "Ordre de C\u00eeteaux": {"label": "ORG", "kb_qid": "Q276223", "url_wikidata": "https://www.wikidata.org/wiki/Q276223"}, "Dioc\u00e8se de Metz": {"label": "LOC", "kb_qid": "Q787336", "url_wikidata": "https://www.wikidata.org/wiki/Q787336"}, "Don Jacques": {"label": "PER", "kb_qid": null, "url_wikidata": null}, "Abb\u00e9 R\u00e9gulier": {"label": "PER", "kb_qid": "Q103163", "url_wikidata": "https://www.wikidata.org/wiki/Q103163"}, "St. Sacrement, & d la": {"label": "MISC", "kb_qid": null, "url_wikidata": null}, "Communaut\u00e9 R\u00e9guli\u00e8re de cette Abbaye de la vieille dans la nouvelle.": {"label": "LOC", "kb_qid": null, "url_wikidata": null}, "Mars": {"label": "LOC", "kb_qid": "Q110", "url_wikidata": "https://www.wikidata.org/wiki/Q110"}, "F\u00eate de Saint": {"label": "MISC", "kb_qid": null, "url_wikidata": null}, "Patron & Patriarche": {"label": "ORG", "kb_qid": null, "url_wikidata": null}}, "ents_freq": {"EA": 1, "Paris": 1, "Pierre C\u00e9sar de Saint Georges": 1, "Brigadier des m\u00eames Arm\u00e9es": 1, "Chevalier": 1, "Ordre de Saint Louis": 1, "que;1": 1, "I1": 1, "Tr\u00eaves": 1, "Messire Lothaire Friterie de Albache,": 1, "Vicaire G\u00e9n\u00e9ral de l'Archev\u00each\u00e9 \u00c9lectorale de Tr\u00eaves": 1, "Henri de Lorraine": 1, "Duc d'Elbeuf": 1, "Pair de France": 1, "Lieutenant G\u00e9n\u00e9ral des Arm\u00e9es de Roi": 1, "& Gouverneur des Provinces de Picardie": 1, "Artois": 1, "Boulonnais": 1, "Elbeuf": 1, "Voil\u00e9 de la Lorraine": 1, "Abbaye de St. Benoit": 1, "Ordre de C\u00eeteaux": 1, "Dioc\u00e8se de Metz": 1, "Don Jacques": 1, "Abb\u00e9 R\u00e9gulier": 1, "St. Sacrement, & d la": 1, "Communaut\u00e9 R\u00e9guli\u00e8re de cette Abbaye de la vieille dans la nouvelle.": 1, "Mars": 1, "F\u00eate de Saint": 1, "Patron & Patriarche": 1}, "year": "1748", "month": "06", "page": "77"}