{"ents_info": {"La Chef du Cabines 264": {"label": "MISC", "kb_qid": null, "url_wikidata": null}, "Madras": {"label": "LOC", "kb_qid": null, "url_wikidata": null}, "Fran\u00e7ois": {"label": "MISC", "kb_qid": null, "url_wikidata": null}, "Paris": {"label": "LOC", "kb_qid": null, "url_wikidata": null}, "Cour & chez les": {"label": "ORG", "kb_qid": null, "url_wikidata": null}, "Ministres du Roi son Ma\u00eetre": {"label": "PER", "kb_qid": null, "url_wikidata": null}, "Mars": {"label": "PER", "kb_qid": null, "url_wikidata": null}, "Indes-Orle": {"label": "LOC", "kb_qid": null, "url_wikidata": null}, "Lisbonne": {"label": "LOC", "kb_qid": null, "url_wikidata": null}, "Ministres d\u00e9 France": {"label": "MISC", "kb_qid": null, "url_wikidata": null}, "Roi de Portugal &": {"label": "PER", "kb_qid": null, "url_wikidata": null}, "Dame": {"label": "LOC", "kb_qid": null, "url_wikidata": null}, "Comme de Sandwich": {"label": "MISC", "kb_qid": null, "url_wikidata": null}, "La Haye": {"label": "LOC", "kb_qid": null, "url_wikidata": null}, "Salernes": {"label": "LOC", "kb_qid": null, "url_wikidata": null}, "Vaisseau de guerre le Chelsea": {"label": "MISC", "kb_qid": null, "url_wikidata": null}, "Londres": {"label": "LOC", "kb_qid": null, "url_wikidata": null}, "Messagers d'\u00e9tat": {"label": "ORG", "kb_qid": null, "url_wikidata": null}, "Ent\u00e9e Angus Macdonald": {"label": "PER", "kb_qid": null, "url_wikidata": null}}, "ents_freq": {"La Chef du Cabines 264": 1, "Madras": 2, "Fran\u00e7ois": 1, "Paris": 2, "Cour & chez les": 1, "Ministres du Roi son Ma\u00eetre": 1, "Mars": 1, "Indes-Orle": 1, "Lisbonne": 1, "Ministres d\u00e9 France": 1, "Roi de Portugal &": 1, "Dame": 1, "Comme de Sandwich": 1, "La Haye": 1, "Salernes": 1, "Vaisseau de guerre le Chelsea": 1, "Londres": 1, "Messagers d'\u00e9tat": 1, "Ent\u00e9e Angus Macdonald": 1}, "year": "1748", "month": "04", "page": "31"}