{"ents_info": {"Janvier": {"label": "PER", "kb_qid": "Q3162186", "url_wikidata": "https://www.wikidata.org/wiki/Q3162186"}, "Des Lettres de Brest": {"label": "MISC", "kb_qid": null, "url_wikidata": null}, "Vaisseaux": {"label": "MISC", "kb_qid": "Q3553318", "url_wikidata": "https://www.wikidata.org/wiki/Q3553318"}, "Canada": {"label": "LOC", "kb_qid": "Q16", "url_wikidata": "https://www.wikidata.org/wiki/Q16"}, "Compagnie des Indes Orientales": {"label": "ORG", "kb_qid": "Q2989905", "url_wikidata": "https://www.wikidata.org/wiki/Q2989905"}, "Escadre Anglaise": {"label": "ORG", "kb_qid": null, "url_wikidata": null}, "Ami al Greffon": {"label": "PER", "kb_qid": null, "url_wikidata": null}, "Indes-Orientales": {"label": "LOC", "kb_qid": "Q646374", "url_wikidata": "https://www.wikidata.org/wiki/Q646374"}, "Port": {"label": "LOC", "kb_qid": "Q956943", "url_wikidata": "https://www.wikidata.org/wiki/Q956943"}, "Pondich\u00e9ry": {"label": "LOC", "kb_qid": "Q66743", "url_wikidata": "https://www.wikidata.org/wiki/Q66743"}, "Forts, cette Escadre": {"label": "MISC", "kb_qid": null, "url_wikidata": null}, "Roi": {"label": "PER", "kb_qid": "Q12097", "url_wikidata": "https://www.wikidata.org/wiki/Q12097"}, "\u00c9tats \u00c9tats G\u00e9n\u00e9raux aux M\u00e9moires de l'Abb\u00e9 de la G\u00e9n\u00e9raux Ville": {"label": "LOC", "kb_qid": null, "url_wikidata": null}, "Cour": {"label": "LOC", "kb_qid": "Q3001001", "url_wikidata": "https://www.wikidata.org/wiki/Q3001001"}, "Pays-Bas": {"label": "LOC", "kb_qid": "Q476033", "url_wikidata": "https://www.wikidata.org/wiki/Q476033"}, "aF Amiraut\u00e9s des": {"label": "PER", "kb_qid": null, "url_wikidata": null}, "Provinces Unies": {"label": "LOC", "kb_qid": "Q170072", "url_wikidata": "https://www.wikidata.org/wiki/Q170072"}, "Vaisseaux du Roi": {"label": "MISC", "kb_qid": "Q25393910", "url_wikidata": "https://www.wikidata.org/wiki/Q25393910"}, "Sujets de ce Royaume": {"label": "MISC", "kb_qid": null, "url_wikidata": null}, "Comte de Maurepas": {"label": "PER", "kb_qid": "Q1684865", "url_wikidata": "https://www.wikidata.org/wiki/Q1684865"}, "S. M.": {"label": "PER", "kb_qid": "Q669458", "url_wikidata": "https://www.wikidata.org/wiki/Q669458"}, "Out e": {"label": "MISC", "kb_qid": null, "url_wikidata": null}, "Ports de P\u00e9an & de la M\u00e9diterran\u00e9e": {"label": "MISC", "kb_qid": null, "url_wikidata": null}, "Armateurs": {"label": "ORG", "kb_qid": "Q500251", "url_wikidata": "https://www.wikidata.org/wiki/Q500251"}}, "ents_freq": {"Janvier": 1, "Des Lettres de Brest": 1, "Vaisseaux": 2, "Canada": 1, "Compagnie des Indes Orientales": 1, "Escadre Anglaise": 2, "Ami al Greffon": 1, "Indes-Orientales": 1, "Port": 2, "Pondich\u00e9ry": 1, "Forts, cette Escadre": 1, "Roi": 1, "\u00c9tats \u00c9tats G\u00e9n\u00e9raux aux M\u00e9moires de l'Abb\u00e9 de la G\u00e9n\u00e9raux Ville": 1, "Cour": 1, "Pays-Bas": 1, "aF Amiraut\u00e9s des": 1, "Provinces Unies": 1, "Vaisseaux du Roi": 1, "Sujets de ce Royaume": 1, "Comte de Maurepas": 1, "S. M.": 1, "Out e": 1, "Ports de P\u00e9an & de la M\u00e9diterran\u00e9e": 1, "Armateurs": 1}, "year": "1748", "month": "01", "page": "32"}