{"ents_info": {"3 La Clef du Gain": {"label": "MISC", "kb_qid": null, "url_wikidata": null}, "Cour de Berlin": {"label": "LOC", "kb_qid": null, "url_wikidata": null}, "Russiens": {"label": "LOC", "kb_qid": "Q1108445", "url_wikidata": "https://www.wikidata.org/wiki/Q1108445"}, "Puissances M'": {"label": "MISC", "kb_qid": null, "url_wikidata": null}, "Sil\u00e9sie": {"label": "LOC", "kb_qid": "Q81720", "url_wikidata": "https://www.wikidata.org/wiki/Q81720"}, "Duch\u00e9": {"label": "LOC", "kb_qid": "Q4712", "url_wikidata": "https://www.wikidata.org/wiki/Q4712"}, "Roi": {"label": "PER", "kb_qid": "Q12097", "url_wikidata": "https://www.wikidata.org/wiki/Q12097"}, "S. M. Irait": {"label": "PER", "kb_qid": null, "url_wikidata": null}, "\u00c9tats": {"label": "LOC", "kb_qid": "Q35657", "url_wikidata": "https://www.wikidata.org/wiki/Q35657"}, "Russiennes": {"label": "ORG", "kb_qid": null, "url_wikidata": null}, "Pologne": {"label": "LOC", "kb_qid": "Q36", "url_wikidata": "https://www.wikidata.org/wiki/Q36"}, "M'aurai, la Boh\u00e8me, & par les Cercles de l'Empire": {"label": "LOC", "kb_qid": null, "url_wikidata": null}, "Exit": {"label": "MISC", "kb_qid": "Q3061979", "url_wikidata": "https://www.wikidata.org/wiki/Q3061979"}, "\u00c9tats de S. M.": {"label": "LOC", "kb_qid": null, "url_wikidata": null}, "Cour": {"label": "LOC", "kb_qid": "Q3001001", "url_wikidata": "https://www.wikidata.org/wiki/Q3001001"}, "Ministres dans les Cours \u00e9trang\u00e8res": {"label": "MISC", "kb_qid": null, "url_wikidata": null}, "In\u00e9dit": {"label": "MISC", "kb_qid": null, "url_wikidata": null}, "Pays": {"label": "LOC", "kb_qid": "Q43702", "url_wikidata": "https://www.wikidata.org/wiki/Q43702"}, "op\u00e9ratrice Reine": {"label": "MISC", "kb_qid": null, "url_wikidata": null}, "Des Pays- Bas": {"label": "MISC", "kb_qid": null, "url_wikidata": null}}, "ents_freq": {"3 La Clef du Gain": 1, "Cour de Berlin": 1, "Russiens": 2, "Puissances M'": 1, "Sil\u00e9sie": 1, "Duch\u00e9": 1, "Roi": 2, "S. M. Irait": 1, "\u00c9tats": 1, "Russiennes": 1, "Pologne": 1, "M'aurai, la Boh\u00e8me, & par les Cercles de l'Empire": 1, "Exit": 1, "\u00c9tats de S. M.": 1, "Cour": 2, "Ministres dans les Cours \u00e9trang\u00e8res": 1, "In\u00e9dit": 1, "Pays": 1, "op\u00e9ratrice Reine": 1, "Des Pays- Bas": 1}, "year": "1748", "month": "02", "page": "59"}