{"ents_info": {"La Clef Da Cabinet I42": {"label": "MISC", "kb_qid": null, "url_wikidata": null}, "Con": {"label": "MISC", "kb_qid": "Q109018931", "url_wikidata": "https://www.wikidata.org/wiki/Q109018931"}, "Glouton d Mayence": {"label": "LOC", "kb_qid": null, "url_wikidata": null}, "\u00c9tats des Celles": {"label": "LOC", "kb_qid": null, "url_wikidata": null}, "Association": {"label": "ORG", "kb_qid": "Q2867418", "url_wikidata": "https://www.wikidata.org/wiki/Q2867418"}, "Trait\u00e9": {"label": "MISC", "kb_qid": "Q131569", "url_wikidata": "https://www.wikidata.org/wiki/Q131569"}, "Loi de l'Empire &": {"label": "MISC", "kb_qid": null, "url_wikidata": null}, "Soci\u00e9t\u00e9": {"label": "ORG", "kb_qid": "Q3487556", "url_wikidata": "https://www.wikidata.org/wiki/Q3487556"}, "Princes": {"label": "LOC", "kb_qid": "Q2747456", "url_wikidata": "https://www.wikidata.org/wiki/Q2747456"}, "Arm\u00e9es Fran\u00e7aises": {"label": "ORG", "kb_qid": "Q477986", "url_wikidata": "https://www.wikidata.org/wiki/Q477986"}, "Dette g\u00e9n\u00e9rale de l'Empire": {"label": "MISC", "kb_qid": null, "url_wikidata": null}, "subsistais": {"label": "PER", "kb_qid": null, "url_wikidata": null}, "Imp\u00e9ratrice Reine de Hongrie": {"label": "PER", "kb_qid": null, "url_wikidata": null}, "Boh\u00e8me, & feu": {"label": "MISC", "kb_qid": null, "url_wikidata": null}, "Fort de Einstein": {"label": "LOC", "kb_qid": null, "url_wikidata": null}, "\u00c9lecteur de Mayence": {"label": "PER", "kb_qid": "Q284667", "url_wikidata": "https://www.wikidata.org/wiki/Q284667"}, "G\u00e9n\u00e9ral": {"label": "PER", "kb_qid": "Q2042", "url_wikidata": "https://www.wikidata.org/wiki/Q2042"}, "Arm\u00e9e Fran\u00e7oise, la": {"label": "ORG", "kb_qid": null, "url_wikidata": null}, "Forteresse de Mannheim": {"label": "MISC", "kb_qid": null, "url_wikidata": null}, "la Capitale": {"label": "LOC", "kb_qid": "Q1850", "url_wikidata": "https://www.wikidata.org/wiki/Q1850"}, "Sujets des \u00c9lectorats de Mayence &": {"label": "MISC", "kb_qid": null, "url_wikidata": null}, "Tr\u00eaves": {"label": "LOC", "kb_qid": "Q708778", "url_wikidata": "https://www.wikidata.org/wiki/Q708778"}, "\u00c9tats": {"label": "LOC", "kb_qid": "Q35657", "url_wikidata": "https://www.wikidata.org/wiki/Q35657"}, "Ms": {"label": "MISC", "kb_qid": "Q3656351", "url_wikidata": "https://www.wikidata.org/wiki/Q3656351"}, "Trait\u00e9 de Fuisse, & les troupes de France": {"label": "MISC", "kb_qid": null, "url_wikidata": null}, "le Rhin": {"label": "LOC", "kb_qid": "Q584", "url_wikidata": "https://www.wikidata.org/wiki/Q584"}, "Autriche": {"label": "LOC", "kb_qid": "Q40", "url_wikidata": "https://www.wikidata.org/wiki/Q40"}, "\u00c9lectorale": {"label": "LOC", "kb_qid": null, "url_wikidata": null}, "R\u00e9publique": {"label": "LOC", "kb_qid": "Q200686", "url_wikidata": "https://www.wikidata.org/wiki/Q200686"}}, "ents_freq": {"La Clef Da Cabinet I42": 1, "Con": 1, "Glouton d Mayence": 1, "\u00c9tats des Celles": 1, "Association": 1, "Trait\u00e9": 1, "Loi de l'Empire &": 1, "Soci\u00e9t\u00e9": 1, "Princes": 1, "Arm\u00e9es Fran\u00e7aises": 1, "Dette g\u00e9n\u00e9rale de l'Empire": 1, "subsistais": 1, "Imp\u00e9ratrice Reine de Hongrie": 1, "Boh\u00e8me, & feu": 1, "Fort de Einstein": 1, "\u00c9lecteur de Mayence": 1, "G\u00e9n\u00e9ral": 1, "Arm\u00e9e Fran\u00e7oise, la": 1, "Forteresse de Mannheim": 1, "la Capitale": 1, "Sujets des \u00c9lectorats de Mayence &": 1, "Tr\u00eaves": 1, "\u00c9tats": 1, "Ms": 1, "Trait\u00e9 de Fuisse, & les troupes de France": 1, "le Rhin": 1, "Autriche": 1, "\u00c9lectorale": 1, "R\u00e9publique": 1}, "year": "1748", "month": "02", "page": "63"}