{"ents_info": {"La Clef du Cabine 9 II": {"label": "MISC", "kb_qid": null, "url_wikidata": null}, "De Minist\u00e8re & Mar\u00e9chal de Belleville": {"label": "ORG", "kb_qid": null, "url_wikidata": null}, "Augmentation de l'": {"label": "MISC", "kb_qid": null, "url_wikidata": null}, "Arm\u00e9e d'Italie": {"label": "ORG", "kb_qid": null, "url_wikidata": null}, "Fran\u00e7aises &": {"label": "ORG", "kb_qid": null, "url_wikidata": null}, "Espagnoles": {"label": "LOC", "kb_qid": null, "url_wikidata": null}, "M\u00e9at": {"label": "LOC", "kb_qid": null, "url_wikidata": null}, "Gene s.": {"label": "PER", "kb_qid": null, "url_wikidata": null}, "Jointes": {"label": "LOC", "kb_qid": null, "url_wikidata": null}, "R\u00e9publique de Gones,": {"label": "LOC", "kb_qid": null, "url_wikidata": null}, "Infanterie": {"label": "MISC", "kb_qid": null, "url_wikidata": null}, "Des Villes du Royaume": {"label": "MISC", "kb_qid": null, "url_wikidata": null}, "Eo": {"label": "MISC", "kb_qid": null, "url_wikidata": null}, "Arm\u00e9e": {"label": "ORG", "kb_qid": null, "url_wikidata": null}, "Pays": {"label": "LOC", "kb_qid": null, "url_wikidata": null}, "Roi": {"label": "PER", "kb_qid": null, "url_wikidata": null}, "Officiers": {"label": "ORG", "kb_qid": null, "url_wikidata": null}, "Paris": {"label": "LOC", "kb_qid": null, "url_wikidata": null}, "Villes des Provinces": {"label": "MISC", "kb_qid": null, "url_wikidata": null}, "R\u00e9giment": {"label": "LOC", "kb_qid": null, "url_wikidata": null}, "Des Ports du Royaume": {"label": "MISC", "kb_qid": null, "url_wikidata": null}, "Lettre du Roi au": {"label": "MISC", "kb_qid": null, "url_wikidata": null}, "Duc de Penthi\u00e8vre": {"label": "PER", "kb_qid": null, "url_wikidata": null}, "B\u00e2timent Hollandais": {"label": "LOC", "kb_qid": null, "url_wikidata": null}, "Rouen": {"label": "LOC", "kb_qid": null, "url_wikidata": null}, "Amsterdam": {"label": "LOC", "kb_qid": null, "url_wikidata": null}, "Comte de Maurepas, Secr\u00e9taire d'Ekat": {"label": "PER", "kb_qid": null, "url_wikidata": null}}, "ents_freq": {"La Clef du Cabine 9 II": 1, "De Minist\u00e8re & Mar\u00e9chal de Belleville": 1, "Augmentation de l'": 1, "Arm\u00e9e d'Italie": 1, "Fran\u00e7aises &": 1, "Espagnoles": 1, "M\u00e9at": 1, "Gene s.": 1, "Jointes": 1, "R\u00e9publique de Gones,": 1, "Infanterie": 1, "Des Villes du Royaume": 1, "Eo": 1, "Arm\u00e9e": 1, "Pays": 1, "Roi": 1, "Officiers": 1, "Paris": 1, "Villes des Provinces": 1, "R\u00e9giment": 1, "Des Ports du Royaume": 1, "Lettre du Roi au": 1, "Duc de Penthi\u00e8vre": 1, "B\u00e2timent Hollandais": 1, "Rouen": 2, "Amsterdam": 2, "Comte de Maurepas, Secr\u00e9taire d'Ekat": 1}, "year": "1748", "month": "03", "page": "35"}