{"ents_info": {"Des oc": {"label": "LOC", "kb_qid": null, "url_wikidata": null}, "a7": {"label": "LOC", "kb_qid": "Q788948", "url_wikidata": "https://www.wikidata.org/wiki/Q788948"}, "G\u00e9n\u00e9raux": {"label": "PER", "kb_qid": "Q83460", "url_wikidata": "https://www.wikidata.org/wiki/Q83460"}, "ber": {"label": "MISC", "kb_qid": "Q165503", "url_wikidata": "https://www.wikidata.org/wiki/Q165503"}, "Paris": {"label": "LOC", "kb_qid": "Q90", "url_wikidata": "https://www.wikidata.org/wiki/Q90"}, "Janvier": {"label": "PER", "kb_qid": "Q108", "url_wikidata": "https://www.wikidata.org/wiki/Q108"}, "Arm\u00e9e": {"label": "ORG", "kb_qid": "Q162513", "url_wikidata": "https://www.wikidata.org/wiki/Q162513"}, "Pays": {"label": "LOC", "kb_qid": "Q43702", "url_wikidata": "https://www.wikidata.org/wiki/Q43702"}, "la Meuse": {"label": "LOC", "kb_qid": "Q41986", "url_wikidata": "https://www.wikidata.org/wiki/Q41986"}, "Berry-op-nom": {"label": "LOC", "kb_qid": null, "url_wikidata": null}, "Louvain": {"label": "LOC", "kb_qid": "Q693380", "url_wikidata": "https://www.wikidata.org/wiki/Q693380"}, "&-de 4o": {"label": "LOC", "kb_qid": null, "url_wikidata": null}, "Namur": {"label": "LOC", "kb_qid": "Q134121", "url_wikidata": "https://www.wikidata.org/wiki/Q134121"}, "Malines": {"label": "LOC", "kb_qid": "Q162022", "url_wikidata": "https://www.wikidata.org/wiki/Q162022"}, "In\u00e9tendue du Brabant zoo": {"label": "ORG", "kb_qid": null, "url_wikidata": null}, "Flandres-Hollandaise": {"label": "LOC", "kb_qid": null, "url_wikidata": null}, "Nieuport": {"label": "LOC", "kb_qid": "Q623310", "url_wikidata": "https://www.wikidata.org/wiki/Q623310"}, "Blankenberge": {"label": "LOC", "kb_qid": "Q2245954", "url_wikidata": "https://www.wikidata.org/wiki/Q2245954"}, "Sas": {"label": "LOC", "kb_qid": "Q594958", "url_wikidata": "https://www.wikidata.org/wiki/Q594958"}, "Faustiens": {"label": "LOC", "kb_qid": "Q332885", "url_wikidata": "https://www.wikidata.org/wiki/Q332885"}, "Provinces Des Bateliers": {"label": "LOC", "kb_qid": null, "url_wikidata": null}, "Versailles": {"label": "LOC", "kb_qid": "Q621", "url_wikidata": "https://www.wikidata.org/wiki/Q621"}, "Armateurs": {"label": "ORG", "kb_qid": "Q500251", "url_wikidata": "https://www.wikidata.org/wiki/Q500251"}, "Ostende": {"label": "LOC", "kb_qid": "Q161820", "url_wikidata": "https://www.wikidata.org/wiki/Q161820"}, "Dunkerque & de Calais": {"label": "LOC", "kb_qid": null, "url_wikidata": null}, "Navires Hollandais": {"label": "MISC", "kb_qid": null, "url_wikidata": null}, "Aunis": {"label": "LOC", "kb_qid": "Q773756", "url_wikidata": "https://www.wikidata.org/wiki/Q773756"}, "Amiraut\u00e9s": {"label": "LOC", "kb_qid": "Q1934623", "url_wikidata": "https://www.wikidata.org/wiki/Q1934623"}, "G 2": {"label": "MISC", "kb_qid": "Q869338", "url_wikidata": "https://www.wikidata.org/wiki/Q869338"}}, "ents_freq": {"Des oc": 1, "a7": 1, "G\u00e9n\u00e9raux": 1, "ber": 1, "Paris": 1, "Janvier": 1, "Arm\u00e9e": 1, "Pays": 2, "la Meuse": 1, "Berry-op-nom": 1, "Louvain": 1, "&-de 4o": 1, "Namur": 1, "Malines": 1, "In\u00e9tendue du Brabant zoo": 1, "Flandres-Hollandaise": 1, "Nieuport": 1, "Blankenberge": 1, "Sas": 1, "Faustiens": 1, "Provinces Des Bateliers": 1, "Versailles": 1, "Armateurs": 1, "Ostende": 1, "Dunkerque & de Calais": 1, "Navires Hollandais": 1, "Aunis": 1, "Amiraut\u00e9s": 1, "G 2": 1}, "year": "1748", "month": "02", "page": "18"}