{"ents_info": {"La Clef du Cabines": {"label": "MISC", "kb_qid": null, "url_wikidata": null}, "Vienne": {"label": "LOC", "kb_qid": "Q659546", "url_wikidata": "https://www.wikidata.org/wiki/Q659546"}, "Ch\u00e2teau de Heidelberg": {"label": "LOC", "kb_qid": "Q327265", "url_wikidata": "https://www.wikidata.org/wiki/Q327265"}, "Moravie": {"label": "LOC", "kb_qid": "Q43266", "url_wikidata": "https://www.wikidata.org/wiki/Q43266"}, "Baron de Trench, aires toutes Des proc\u00e9dures": {"label": "MISC", "kb_qid": null, "url_wikidata": null}, "Reine": {"label": "PER", "kb_qid": "Q252044", "url_wikidata": "https://www.wikidata.org/wiki/Q252044"}, "La Sentence \u201e": {"label": "MISC", "kb_qid": null, "url_wikidata": null}, "Baron de Trench": {"label": "MISC", "kb_qid": null, "url_wikidata": null}, "Esclavonne": {"label": "LOC", "kb_qid": null, "url_wikidata": null}, "Pro": {"label": "MISC", "kb_qid": "Q484583", "url_wikidata": "https://www.wikidata.org/wiki/Q484583"}, "Pologne": {"label": "LOC", "kb_qid": "Q36", "url_wikidata": "https://www.wikidata.org/wiki/Q36"}, "Russie": {"label": "LOC", "kb_qid": "Q34266", "url_wikidata": "https://www.wikidata.org/wiki/Q34266"}, "Comte": {"label": "PER", "kb_qid": "Q12718", "url_wikidata": "https://www.wikidata.org/wiki/Q12718"}, "Mar\u00e9chal de France": {"label": "PER", "kb_qid": "Q474485", "url_wikidata": "https://www.wikidata.org/wiki/Q474485"}, "Baron 1": {"label": "MISC", "kb_qid": null, "url_wikidata": null}, "Grace": {"label": "LOC", "kb_qid": "Q3925", "url_wikidata": "https://www.wikidata.org/wiki/Q3925"}}, "ents_freq": {"La Clef du Cabines": 1, "Vienne": 2, "Ch\u00e2teau de Heidelberg": 1, "Moravie": 1, "Baron de Trench, aires toutes Des proc\u00e9dures": 1, "Reine": 1, "La Sentence \u201e": 1, "Baron de Trench": 1, "Esclavonne": 1, "Pro": 1, "Pologne": 1, "Russie": 1, "Comte": 1, "Mar\u00e9chal de France": 1, "Baron 1": 1, "Grace": 1}, "year": "1748", "month": "10", "page": "33"}