{"ents_info": {"La Clef du Cabinet 364 des Puissances Maritimes": {"label": "MISC", "kb_qid": null, "url_wikidata": null}, "Commissaires": {"label": "ORG", "kb_qid": "Q2986308", "url_wikidata": "https://www.wikidata.org/wiki/Q2986308"}, "Boh\u00e8me": {"label": "LOC", "kb_qid": "Q39193", "url_wikidata": "https://www.wikidata.org/wiki/Q39193"}, "Commissaires Imp\u00e9riaux": {"label": "ORG", "kb_qid": "Q456615", "url_wikidata": "https://www.wikidata.org/wiki/Q456615"}, "Que le Roi de Pologne": {"label": "MISC", "kb_qid": null, "url_wikidata": null}, "Duc de Lorraine": {"label": "PER", "kb_qid": "Q155019", "url_wikidata": "https://www.wikidata.org/wiki/Q155019"}, "Bar": {"label": "MISC", "kb_qid": "Q706679", "url_wikidata": "https://www.wikidata.org/wiki/Q706679"}, "Trianon": {"label": "LOC", "kb_qid": "Q181902", "url_wikidata": "https://www.wikidata.org/wiki/Q181902"}, "pat i": {"label": "PER", "kb_qid": null, "url_wikidata": null}, "Lun\u00e9ville": {"label": "LOC", "kb_qid": "Q208794", "url_wikidata": "https://www.wikidata.org/wiki/Q208794"}, "Reine": {"label": "PER", "kb_qid": "Q9682", "url_wikidata": "https://www.wikidata.org/wiki/Q9682"}, "famille Royale": {"label": "ORG", "kb_qid": "Q7375063", "url_wikidata": "https://www.wikidata.org/wiki/Q7375063"}, "Prince": {"label": "PER", "kb_qid": "Q2747456", "url_wikidata": "https://www.wikidata.org/wiki/Q2747456"}, "Versailles": {"label": "LOC", "kb_qid": "Q19945294", "url_wikidata": "https://www.wikidata.org/wiki/Q19945294"}, "Roi": {"label": "PER", "kb_qid": "Q12097", "url_wikidata": "https://www.wikidata.org/wiki/Q12097"}, "\u00c9v\u00each\u00e9 de Dol": {"label": "LOC", "kb_qid": "Q868440", "url_wikidata": "https://www.wikidata.org/wiki/Q868440"}, "Vicaire G\u00e9n\u00e9ra": {"label": "PER", "kb_qid": null, "url_wikidata": null}, "\u00c9v\u00each\u00e9 de Vannes;": {"label": "LOC", "kb_qid": null, "url_wikidata": null}, "Abb\u00e9 Fenil": {"label": "PER", "kb_qid": null, "url_wikidata": null}, "Acad\u00e9mie Royale des Inscriptions & Belles-Lettres": {"label": "ORG", "kb_qid": null, "url_wikidata": null}, "Prieur\u00e9 d'Andr\u00e9sy": {"label": "LOC", "kb_qid": null, "url_wikidata": null}, "Ordre de St. Renoir": {"label": "ORG", "kb_qid": null, "url_wikidata": null}, "Dioc\u00e8se de Sens": {"label": "LOC", "kb_qid": "Q2165364", "url_wikidata": "https://www.wikidata.org/wiki/Q2165364"}, "Prince Charles-\u00c9douard": {"label": "PER", "kb_qid": null, "url_wikidata": null}, "Pr\u00e9tendant au Tr\u00f4ne Britannique": {"label": "MISC", "kb_qid": null, "url_wikidata": null}, "Octobre": {"label": "LOC", "kb_qid": "Q124", "url_wikidata": "https://www.wikidata.org/wiki/Q124"}, "Paris": {"label": "LOC", "kb_qid": "Q90", "url_wikidata": "https://www.wikidata.org/wiki/Q90"}, "I2": {"label": "ORG", "kb_qid": "Q2064483", "url_wikidata": "https://www.wikidata.org/wiki/Q2064483"}, "Aix-la-Chapelle": {"label": "LOC", "kb_qid": "Q1017", "url_wikidata": "https://www.wikidata.org/wiki/Q1017"}, "Ministres Pl\u00e9nipotentiaires des Puissances Contractantes": {"label": "ORG", "kb_qid": null, "url_wikidata": null}, "Traor\u00e9 de Paix": {"label": "PER", "kb_qid": null, "url_wikidata": null}, "Lors aucune difficult\u00e9 sur les conditions.": {"label": "MISC", "kb_qid": null, "url_wikidata": null}, "Cour": {"label": "ORG", "kb_qid": "Q122880", "url_wikidata": "https://www.wikidata.org/wiki/Q122880"}, "Madame Infante": {"label": "PER", "kb_qid": "Q230868", "url_wikidata": "https://www.wikidata.org/wiki/Q230868"}, "Infant Don Philippe": {"label": "PER", "kb_qid": null, "url_wikidata": null}, "Comte de Nouilles": {"label": "PER", "kb_qid": null, "url_wikidata": null}, "D\u00e9tachement des Gardes du Corps": {"label": "ORG", "kb_qid": null, "url_wikidata": null}}, "ents_freq": {"La Clef du Cabinet 364 des Puissances Maritimes": 1, "Commissaires": 1, "Boh\u00e8me": 1, "Commissaires Imp\u00e9riaux": 1, "Que le Roi de Pologne": 1, "Duc de Lorraine": 1, "Bar": 1, "Trianon": 2, "pat i": 1, "Lun\u00e9ville": 1, "Reine": 1, "famille Royale": 1, "Prince": 1, "Versailles": 1, "Roi": 1, "\u00c9v\u00each\u00e9 de Dol": 1, "Vicaire G\u00e9n\u00e9ra": 1, "\u00c9v\u00each\u00e9 de Vannes;": 1, "Abb\u00e9 Fenil": 1, "Acad\u00e9mie Royale des Inscriptions & Belles-Lettres": 1, "Prieur\u00e9 d'Andr\u00e9sy": 1, "Ordre de St. Renoir": 1, "Dioc\u00e8se de Sens": 1, "Prince Charles-\u00c9douard": 1, "Pr\u00e9tendant au Tr\u00f4ne Britannique": 1, "Octobre": 1, "Paris": 1, "I2": 1, "Aix-la-Chapelle": 1, "Ministres Pl\u00e9nipotentiaires des Puissances Contractantes": 1, "Traor\u00e9 de Paix": 1, "Lors aucune difficult\u00e9 sur les conditions.": 1, "Cour": 1, "Madame Infante": 1, "Infant Don Philippe": 1, "Comte de Nouilles": 1, "D\u00e9tachement des Gardes du Corps": 1}, "year": "1748", "month": "11", "page": "49"}