{"ents_info": {"EFS Cabinet IL Chr\u00e9tien": {"label": "ORG", "kb_qid": null, "url_wikidata": null}, "Calder\u00f3n": {"label": "PER", "kb_qid": "Q170800", "url_wikidata": "https://www.wikidata.org/wiki/Q170800"}, "I. IA": {"label": "MISC", "kb_qid": null, "url_wikidata": null}, "caar On lit \u00e9tat": {"label": "PER", "kb_qid": null, "url_wikidata": null}, "cGmnencentent": {"label": "MISC", "kb_qid": null, "url_wikidata": null}, "D\u00e9timbr\u00e9": {"label": "MISC", "kb_qid": null, "url_wikidata": null}, "Danemark": {"label": "LOC", "kb_qid": "Q131785", "url_wikidata": "https://www.wikidata.org/wiki/Q131785"}, "Cour, e une": {"label": "MISC", "kb_qid": null, "url_wikidata": null}, "Ordonnance du Roi": {"label": "PER", "kb_qid": "Q3355475", "url_wikidata": "https://www.wikidata.org/wiki/Q3355475"}, "Da:tu\u00e9e u bateau t": {"label": "MISC", "kb_qid": null, "url_wikidata": null}, "& des Flammes": {"label": "ORG", "kb_qid": null, "url_wikidata": null}, "Vais seaux": {"label": "MISC", "kb_qid": null, "url_wikidata": null}, "Armateurs, & ceux des": {"label": "ORG", "kb_qid": null, "url_wikidata": null}, "Chais": {"label": "PER", "kb_qid": "Q20652662", "url_wikidata": "https://www.wikidata.org/wiki/Q20652662"}, "Octroi de S. M. Cette Ordonnance": {"label": "PER", "kb_qid": null, "url_wikidata": null}, "Navires marchands Danois": {"label": "LOC", "kb_qid": null, "url_wikidata": null}, "aC": {"label": "ORG", "kb_qid": null, "url_wikidata": null}, "Paillon": {"label": "LOC", "kb_qid": "Q3088027", "url_wikidata": "https://www.wikidata.org/wiki/Q3088027"}, "I Que la Giron des Navires marchands": {"label": "PER", "kb_qid": null, "url_wikidata": null}, "Danois": {"label": "MISC", "kb_qid": "Q756617", "url_wikidata": "https://www.wikidata.org/wiki/Q756617"}, "Sara rouge": {"label": "PER", "kb_qid": null, "url_wikidata": null}, "Ipse Villon": {"label": "PER", "kb_qid": null, "url_wikidata": null}, "Jon": {"label": "PER", "kb_qid": "Q3062304", "url_wikidata": "https://www.wikidata.org/wiki/Q3062304"}, "& les pointes fendues": {"label": "MISC", "kb_qid": null, "url_wikidata": null}}, "ents_freq": {"EFS Cabinet IL Chr\u00e9tien": 1, "Calder\u00f3n": 1, "I. IA": 1, "caar On lit \u00e9tat": 1, "cGmnencentent": 1, "D\u00e9timbr\u00e9": 1, "Danemark": 1, "Cour, e une": 1, "Ordonnance du Roi": 1, "Da:tu\u00e9e u bateau t": 1, "& des Flammes": 1, "Vais seaux": 1, "Armateurs, & ceux des": 1, "Chais": 1, "Octroi de S. M. Cette Ordonnance": 1, "Navires marchands Danois": 1, "aC": 1, "Paillon": 2, "I Que la Giron des Navires marchands": 1, "Danois": 1, "Sara rouge": 1, "Ipse Villon": 1, "Jon": 1, "& les pointes fendues": 1}, "year": "1748", "month": "09", "page": "29"}