{"ents_info": {"Pintes e. N'ombre": {"label": "LOC", "kb_qid": null, "url_wikidata": null}, "Chabannes": {"label": "PER", "kb_qid": "Q549651", "url_wikidata": "https://www.wikidata.org/wiki/Q549651"}, "S'arpigne Mr. le Comte de Mon": {"label": "PER", "kb_qid": null, "url_wikidata": null}, "Ministre du": {"label": "ORG", "kb_qid": "Q9630", "url_wikidata": "https://www.wikidata.org/wiki/Q9630"}, "Duc d Mode": {"label": "PER", "kb_qid": null, "url_wikidata": null}, "Marquis Do ri": {"label": "PER", "kb_qid": null, "url_wikidata": null}, "Ministre de la R\u00e9publique de en es": {"label": "ORG", "kb_qid": null, "url_wikidata": null}, "& Mr.": {"label": "MISC", "kb_qid": null, "url_wikidata": null}, "Marquis de Sot o Major": {"label": "PER", "kb_qid": null, "url_wikidata": null}, "Ministre de Sa Majest\u00e9": {"label": "ORG", "kb_qid": null, "url_wikidata": null}, "M'initie": {"label": "LOC", "kb_qid": null, "url_wikidata": null}, "Acte d'accession": {"label": "MISC", "kb_qid": null, "url_wikidata": null}, "Ministres des trois l'puissances": {"label": "ORG", "kb_qid": null, "url_wikidata": null}, "Ur Acte d'acceptait-on,": {"label": "MISC", "kb_qid": null, "url_wikidata": null}, "nT": {"label": "LOC", "kb_qid": "Q163343", "url_wikidata": "https://www.wikidata.org/wiki/Q163343"}, "Ace": {"label": "PER", "kb_qid": "Q4672944", "url_wikidata": "https://www.wikidata.org/wiki/Q4672944"}, "Mr.le Marques": {"label": "LOC", "kb_qid": null, "url_wikidata": null}, "Sot o": {"label": "LOC", "kb_qid": null, "url_wikidata": null}, "pt": {"label": "ORG", "kb_qid": "Q5146", "url_wikidata": "https://www.wikidata.org/wiki/Q5146"}, "Acta": {"label": "ORG", "kb_qid": "Q29336767", "url_wikidata": "https://www.wikidata.org/wiki/Q29336767"}, "m\u00e9m\u00e9": {"label": "PER", "kb_qid": "Q167918", "url_wikidata": "https://www.wikidata.org/wiki/Q167918"}, "Ivar": {"label": "PER", "kb_qid": "Q350321", "url_wikidata": "https://www.wikidata.org/wiki/Q350321"}, "Mr. le Comte de Monde": {"label": "PER", "kb_qid": null, "url_wikidata": null}, "Mr. le Comte de auniez": {"label": "PER", "kb_qid": null, "url_wikidata": null}, "Cite de Chabannes": {"label": "MISC", "kb_qid": null, "url_wikidata": null}, "D\u00e9claration out": {"label": "MISC", "kb_qid": null, "url_wikidata": null}, "Ministres des trois Paissances, ont chant": {"label": "ORG", "kb_qid": null, "url_wikidata": null}, "Exemplaire": {"label": "MISC", "kb_qid": null, "url_wikidata": null}, "aJ i r. Ch": {"label": "PER", "kb_qid": null, "url_wikidata": null}, "Acte": {"label": "MISC", "kb_qid": "Q764479", "url_wikidata": "https://www.wikidata.org/wiki/Q764479"}}, "ents_freq": {"Pintes e. N'ombre": 1, "Chabannes": 1, "S'arpigne Mr. le Comte de Mon": 1, "Ministre du": 1, "Duc d Mode": 1, "Marquis Do ri": 1, "Ministre de la R\u00e9publique de en es": 1, "& Mr.": 1, "Marquis de Sot o Major": 1, "Ministre de Sa Majest\u00e9": 1, "M'initie": 1, "Acte d'accession": 1, "Ministres des trois l'puissances": 1, "Ur Acte d'acceptait-on,": 1, "nT": 1, "Ace": 1, "Mr.le Marques": 1, "Sot o": 1, "pt": 1, "Acta": 1, "m\u00e9m\u00e9": 1, "Ivar": 1, "Mr. le Comte de Monde": 1, "Mr. le Comte de auniez": 1, "Cite de Chabannes": 1, "D\u00e9claration out": 1, "Ministres des trois Paissances, ont chant": 1, "Exemplaire": 1, "aJ i r. Ch": 1, "Acte": 1}, "year": "1748", "month": "11", "page": "24"}