{"ents_info": {"Royaume": {"label": "LOC", "kb_qid": "Q145", "url_wikidata": "https://www.wikidata.org/wiki/Q145"}, "Chef Ali-Coule-an": {"label": "PER", "kb_qid": null, "url_wikidata": null}, "la Capitale": {"label": "LOC", "kb_qid": "Q1850", "url_wikidata": "https://www.wikidata.org/wiki/Q1850"}, "Provinces": {"label": "LOC", "kb_qid": "Q83116", "url_wikidata": "https://www.wikidata.org/wiki/Q83116"}, "Prince": {"label": "PER", "kb_qid": "Q131719", "url_wikidata": "https://www.wikidata.org/wiki/Q131719"}, "Maison des Sophie": {"label": "MISC", "kb_qid": null, "url_wikidata": null}, "Cour": {"label": "ORG", "kb_qid": "Q122880", "url_wikidata": "https://www.wikidata.org/wiki/Q122880"}, "mer Carpien: Et l Porte-Ottomane": {"label": "LOC", "kb_qid": null, "url_wikidata": null}, "Perse": {"label": "LOC", "kb_qid": "Q28926", "url_wikidata": "https://www.wikidata.org/wiki/Q28926"}, "Constantinople": {"label": "LOC", "kb_qid": "Q406", "url_wikidata": "https://www.wikidata.org/wiki/Q406"}, "Mr. Tilt O": {"label": "PER", "kb_qid": null, "url_wikidata": null}, "Ministre du Roi de la Grande-Bretagne": {"label": "PER", "kb_qid": null, "url_wikidata": null}, "Copenhague": {"label": "LOC", "kb_qid": "Q1748", "url_wikidata": "https://www.wikidata.org/wiki/Q1748"}, "Roi": {"label": "PER", "kb_qid": "Q12097", "url_wikidata": "https://www.wikidata.org/wiki/Q12097"}, "Exemple des Princes & rats": {"label": "MISC", "kb_qid": null, "url_wikidata": null}, "Puissances maritimes": {"label": "MISC", "kb_qid": "Q16640836", "url_wikidata": "https://www.wikidata.org/wiki/Q16640836"}, "Sa Maj.": {"label": "LOC", "kb_qid": null, "url_wikidata": null}, "Ministre": {"label": "ORG", "kb_qid": "Q83307", "url_wikidata": "https://www.wikidata.org/wiki/Q83307"}, "S": {"label": "LOC", "kb_qid": "Q9956", "url_wikidata": "https://www.wikidata.org/wiki/Q9956"}, "Britannique": {"label": "LOC", "kb_qid": "Q145", "url_wikidata": "https://www.wikidata.org/wiki/Q145"}, "Couronne d'Angleterre": {"label": "ORG", "kb_qid": "Q179876", "url_wikidata": "https://www.wikidata.org/wiki/Q179876"}, "R\u00e9publique des Provinces Unies": {"label": "LOC", "kb_qid": "Q170072", "url_wikidata": "https://www.wikidata.org/wiki/Q170072"}}, "ents_freq": {"Royaume": 2, "Chef Ali-Coule-an": 1, "la Capitale": 1, "Provinces": 1, "Prince": 1, "Maison des Sophie": 1, "Cour": 1, "mer Carpien: Et l Porte-Ottomane": 1, "Perse": 1, "Constantinople": 1, "Mr. Tilt O": 1, "Ministre du Roi de la Grande-Bretagne": 1, "Copenhague": 1, "Roi": 1, "Exemple des Princes & rats": 1, "Puissances maritimes": 1, "Sa Maj.": 1, "Ministre": 1, "S": 1, "Britannique": 1, "Couronne d'Angleterre": 1, "R\u00e9publique des Provinces Unies": 1}, "year": "1748", "month": "02", "page": "75"}