{"ents_info": {"Princes": {"label": "LOC", "kb_qid": "Q2747456", "url_wikidata": "https://www.wikidata.org/wiki/Q2747456"}, "& les Pr\u00e9liminaires": {"label": "MISC", "kb_qid": null, "url_wikidata": null}, "\u00c9tats": {"label": "LOC", "kb_qid": "Q35657", "url_wikidata": "https://www.wikidata.org/wiki/Q35657"}, "Cour de Vienne": {"label": "LOC", "kb_qid": "Q130834", "url_wikidata": "https://www.wikidata.org/wiki/Q130834"}, "Berlin": {"label": "LOC", "kb_qid": "Q64", "url_wikidata": "https://www.wikidata.org/wiki/Q64"}, "Sil\u00e9sie": {"label": "LOC", "kb_qid": "Q81720", "url_wikidata": "https://www.wikidata.org/wiki/Q81720"}, "Comte de H\u00f4tel": {"label": "PER", "kb_qid": null, "url_wikidata": null}, "Ministre de l'Imp\u00e9ratrice-Reine": {"label": "ORG", "kb_qid": null, "url_wikidata": null}, "Marquis de Valoir,": {"label": "PER", "kb_qid": null, "url_wikidata": null}, "Ministre de rance": {"label": "ORG", "kb_qid": null, "url_wikidata": null}, "Paris": {"label": "LOC", "kb_qid": "Q90", "url_wikidata": "https://www.wikidata.org/wiki/Q90"}, "Roi d'Angleterre": {"label": "PER", "kb_qid": "Q127318", "url_wikidata": "https://www.wikidata.org/wiki/Q127318"}, "Garde": {"label": "LOC", "kb_qid": "Q1090710", "url_wikidata": "https://www.wikidata.org/wiki/Q1090710"}, "Herrenhausen": {"label": "LOC", "kb_qid": "Q470577", "url_wikidata": "https://www.wikidata.org/wiki/Q470577"}, "Chancelleries": {"label": "LOC", "kb_qid": "Q2955963", "url_wikidata": "https://www.wikidata.org/wiki/Q2955963"}, "Minist\u00e8re, & tous les": {"label": "ORG", "kb_qid": null, "url_wikidata": null}, "Ministres \u00e9trangers": {"label": "ORG", "kb_qid": null, "url_wikidata": null}, "Britannique": {"label": "LOC", "kb_qid": "Q145", "url_wikidata": "https://www.wikidata.org/wiki/Q145"}, "Octobre un tour": {"label": "MISC", "kb_qid": null, "url_wikidata": null}, "Luxembourg": {"label": "LOC", "kb_qid": "Q1842", "url_wikidata": "https://www.wikidata.org/wiki/Q1842"}, "Salzbourg": {"label": "LOC", "kb_qid": "Q34713", "url_wikidata": "https://www.wikidata.org/wiki/Q34713"}, "Londres": {"label": "LOC", "kb_qid": "Q84", "url_wikidata": "https://www.wikidata.org/wiki/Q84"}, "Trait\u00e9 de Paix": {"label": "MISC", "kb_qid": "Q322943", "url_wikidata": "https://www.wikidata.org/wiki/Q322943"}, "Plan": {"label": "MISC", "kb_qid": "Q6543933", "url_wikidata": "https://www.wikidata.org/wiki/Q6543933"}, "DIFF\u00c9RENTS": {"label": "MISC", "kb_qid": null, "url_wikidata": null}, "Saxe": {"label": "LOC", "kb_qid": "Q153015", "url_wikidata": "https://www.wikidata.org/wiki/Q153015"}, "Roi": {"label": "PER", "kb_qid": "Q12097", "url_wikidata": "https://www.wikidata.org/wiki/Q12097"}, "L67": {"label": "MISC", "kb_qid": "Q2593310", "url_wikidata": "https://www.wikidata.org/wiki/Q2593310"}, "Infanterie & 10": {"label": "MISC", "kb_qid": null, "url_wikidata": null}, "Mecklembourg": {"label": "LOC", "kb_qid": "Q109057", "url_wikidata": "https://www.wikidata.org/wiki/Q109057"}, "Duc": {"label": "PER", "kb_qid": "Q166886", "url_wikidata": "https://www.wikidata.org/wiki/Q166886"}, "R\u00e9gence d'Hanovre": {"label": "PER", "kb_qid": null, "url_wikidata": null}, "ds": {"label": "MISC", "kb_qid": "Q16040593", "url_wikidata": "https://www.wikidata.org/wiki/Q16040593"}, "R\u00e9gence": {"label": "MISC", "kb_qid": "Q173843", "url_wikidata": "https://www.wikidata.org/wiki/Q173843"}, "Bailliages du Mecklembourg": {"label": "LOC", "kb_qid": null, "url_wikidata": null}}, "ents_freq": {"Princes": 1, "& les Pr\u00e9liminaires": 1, "\u00c9tats": 1, "Cour de Vienne": 1, "Berlin": 1, "Sil\u00e9sie": 1, "Comte de H\u00f4tel": 1, "Ministre de l'Imp\u00e9ratrice-Reine": 1, "Marquis de Valoir,": 1, "Ministre de rance": 1, "Paris": 1, "Roi d'Angleterre": 1, "Garde": 1, "Herrenhausen": 1, "Chancelleries": 1, "Minist\u00e8re, & tous les": 1, "Ministres \u00e9trangers": 1, "Britannique": 1, "Octobre un tour": 1, "Luxembourg": 1, "Salzbourg": 1, "Londres": 1, "Trait\u00e9 de Paix": 1, "Plan": 1, "DIFF\u00c9RENTS": 1, "Saxe": 1, "Roi": 1, "L67": 1, "Infanterie & 10": 1, "Mecklembourg": 1, "Duc": 1, "R\u00e9gence d'Hanovre": 1, "ds": 1, "R\u00e9gence": 1, "Bailliages du Mecklembourg": 1}, "year": "1748", "month": "11", "page": "32"}