{"ents_info": {"Prince": {"label": "PER", "kb_qid": "Q131719", "url_wikidata": "https://www.wikidata.org/wiki/Q131719"}, "Couronne": {"label": "ORG", "kb_qid": "Q508840", "url_wikidata": "https://www.wikidata.org/wiki/Q508840"}, "Chambre des Nonces": {"label": "LOC", "kb_qid": null, "url_wikidata": null}, "S\u00e9nat": {"label": "ORG", "kb_qid": "Q130614", "url_wikidata": "https://www.wikidata.org/wiki/Q130614"}, "Nonce": {"label": "ORG", "kb_qid": "Q157037", "url_wikidata": "https://www.wikidata.org/wiki/Q157037"}, "Ploc entoir": {"label": "MISC", "kb_qid": null, "url_wikidata": null}, "Ms": {"label": "MISC", "kb_qid": "Q3656351", "url_wikidata": "https://www.wikidata.org/wiki/Q3656351"}, "Ian": {"label": "PER", "kb_qid": "Q2658096", "url_wikidata": "https://www.wikidata.org/wiki/Q2658096"}, "De tapis": {"label": "MISC", "kb_qid": null, "url_wikidata": null}, "D\u00e9put\u00e9s": {"label": "MISC", "kb_qid": "Q193582", "url_wikidata": "https://www.wikidata.org/wiki/Q193582"}, "Mr. Gravois": {"label": "PER", "kb_qid": null, "url_wikidata": null}, "Comte": {"label": "PER", "kb_qid": "Q2192649", "url_wikidata": "https://www.wikidata.org/wiki/Q2192649"}, "Grand Chambellan": {"label": "PER", "kb_qid": "Q1798290", "url_wikidata": "https://www.wikidata.org/wiki/Q1798290"}, "Couronne & Nonce": {"label": "ORG", "kb_qid": null, "url_wikidata": null}, "Marocain": {"label": "LOC", "kb_qid": "Q1891793", "url_wikidata": "https://www.wikidata.org/wiki/Q1891793"}, "Grand-'3e": {"label": "MISC", "kb_qid": null, "url_wikidata": null}, "Grand": {"label": "LOC", "kb_qid": "Q1115527", "url_wikidata": "https://www.wikidata.org/wiki/Q1115527"}, "Chambre, &": {"label": "ORG", "kb_qid": null, "url_wikidata": null}, "Assembl\u00e9e": {"label": "ORG", "kb_qid": "Q193582", "url_wikidata": "https://www.wikidata.org/wiki/Q193582"}, "Constitutions": {"label": "MISC", "kb_qid": "Q2995247", "url_wikidata": "https://www.wikidata.org/wiki/Q2995247"}, "IP": {"label": "MISC", "kb_qid": "Q8795", "url_wikidata": "https://www.wikidata.org/wiki/Q8795"}}, "ents_freq": {"Prince": 1, "Couronne": 3, "Chambre des Nonces": 2, "S\u00e9nat": 1, "Nonce": 2, "Ploc entoir": 1, "Ms": 1, "Ian": 1, "De tapis": 1, "D\u00e9put\u00e9s": 2, "Mr. Gravois": 1, "Comte": 1, "Grand Chambellan": 1, "Couronne & Nonce": 1, "Marocain": 1, "Grand-'3e": 1, "Grand": 1, "Chambre, &": 1, "Assembl\u00e9e": 1, "Constitutions": 1, "IP": 1}, "year": "1748", "month": "12", "page": "18"}