{"ents_info": {"Prises": {"label": "MISC", "kb_qid": null, "url_wikidata": null}, "Port": {"label": "LOC", "kb_qid": "Q44782", "url_wikidata": "https://www.wikidata.org/wiki/Q44782"}, "Vaisseau": {"label": "LOC", "kb_qid": "Q48475", "url_wikidata": "https://www.wikidata.org/wiki/Q48475"}, "Chapitre I. du point": {"label": "PER", "kb_qid": null, "url_wikidata": null}, "Navire": {"label": "LOC", "kb_qid": "Q11446", "url_wikidata": "https://www.wikidata.org/wiki/Q11446"}, "Borel": {"label": "PER", "kb_qid": "Q154356", "url_wikidata": "https://www.wikidata.org/wiki/Q154356"}, "M. Bouger": {"label": "PER", "kb_qid": null, "url_wikidata": null}, "le Vaisseau": {"label": "PER", "kb_qid": "Q739957", "url_wikidata": "https://www.wikidata.org/wiki/Q739957"}, "G\u00e9om\u00e9trie": {"label": "PER", "kb_qid": "Q8087", "url_wikidata": "https://www.wikidata.org/wiki/Q8087"}}, "ents_freq": {"Prises": 1, "Port": 1, "Vaisseau": 1, "Chapitre I. du point": 1, "Navire": 2, "Borel": 1, "M. Bouger": 1, "le Vaisseau": 1, "G\u00e9om\u00e9trie": 1}, "year": "1748", "month": "06", "page": "8"}