{"ents_info": {"Princes": {"label": "LOC", "kb_qid": "Q2747456", "url_wikidata": "https://www.wikidata.org/wiki/Q2747456"}, "Flotte de l'Imp\u00e9ratrice": {"label": "LOC", "kb_qid": null, "url_wikidata": null}, "& porte 99 canons": {"label": "MISC", "kb_qid": null, "url_wikidata": null}, "IL livres de balle art de 6 livres": {"label": "ORG", "kb_qid": null, "url_wikidata": null}, "Port": {"label": "LOC", "kb_qid": "Q956943", "url_wikidata": "https://www.wikidata.org/wiki/Q956943"}, "Constant": {"label": "PER", "kb_qid": "Q185538", "url_wikidata": "https://www.wikidata.org/wiki/Q185538"}, "Bactrienne": {"label": "LOC", "kb_qid": "Q132646", "url_wikidata": "https://www.wikidata.org/wiki/Q132646"}, "Galiotes": {"label": "MISC", "kb_qid": null, "url_wikidata": null}, "Hobbits": {"label": "MISC", "kb_qid": "Q74359", "url_wikidata": "https://www.wikidata.org/wiki/Q74359"}, "Vaisseaux de la Forte": {"label": "MISC", "kb_qid": null, "url_wikidata": null}, "Ports de Rel &": {"label": "ORG", "kb_qid": null, "url_wikidata": null}, "aF": {"label": "MISC", "kb_qid": "Q11223", "url_wikidata": "https://www.wikidata.org/wiki/Q11223"}, "Finlande": {"label": "LOC", "kb_qid": "Q33", "url_wikidata": "https://www.wikidata.org/wiki/Q33"}, "Billy": {"label": "LOC", "kb_qid": "Q848646", "url_wikidata": "https://www.wikidata.org/wiki/Q848646"}, "Imp\u00e9ratrice": {"label": "PER", "kb_qid": "Q157130", "url_wikidata": "https://www.wikidata.org/wiki/Q157130"}, "Entre-autres": {"label": "LOC", "kb_qid": null, "url_wikidata": null}, "Arm\u00e9e": {"label": "ORG", "kb_qid": "Q162513", "url_wikidata": "https://www.wikidata.org/wiki/Q162513"}, "Torseur": {"label": "LOC", "kb_qid": "Q15990710", "url_wikidata": "https://www.wikidata.org/wiki/Q15990710"}, "Moscou": {"label": "LOC", "kb_qid": "Q649", "url_wikidata": "https://www.wikidata.org/wiki/Q649"}, "Ville": {"label": "LOC", "kb_qid": "Q515", "url_wikidata": "https://www.wikidata.org/wiki/Q515"}}, "ents_freq": {"Princes": 1, "Flotte de l'Imp\u00e9ratrice": 1, "& porte 99 canons": 1, "IL livres de balle art de 6 livres": 1, "Port": 1, "Constant": 2, "Bactrienne": 1, "Galiotes": 1, "Hobbits": 1, "Vaisseaux de la Forte": 1, "Ports de Rel &": 1, "aF": 1, "Finlande": 1, "Billy": 1, "Imp\u00e9ratrice": 2, "Entre-autres": 1, "Arm\u00e9e": 1, "Torseur": 1, "Moscou": 1, "Ville": 1}, "year": "1748", "month": "12", "page": "22"}