{"ents_info": {"La Clef u cabinet 456": {"label": "MISC", "kb_qid": null, "url_wikidata": null}, "Espagne": {"label": "LOC", "kb_qid": null, "url_wikidata": null}, "Trait\u00e9 de 160": {"label": "MISC", "kb_qid": null, "url_wikidata": null}, "Gibraltar": {"label": "LOC", "kb_qid": null, "url_wikidata": null}, "Nation Anglaise": {"label": "ORG", "kb_qid": null, "url_wikidata": null}, "Indes": {"label": "LOC", "kb_qid": null, "url_wikidata": null}, "Des N\u00e9gociant 2e": {"label": "MISC", "kb_qid": null, "url_wikidata": null}, "Baye de": {"label": "LOC", "kb_qid": null, "url_wikidata": null}, "Convention du Pardon, du mois": {"label": "MISC", "kb_qid": null, "url_wikidata": null}, "Janvier I39": {"label": "PER", "kb_qid": null, "url_wikidata": null}, "J": {"label": "LOC", "kb_qid": null, "url_wikidata": null}, "Caroline": {"label": "LOC", "kb_qid": null, "url_wikidata": null}, "II": {"label": "MISC", "kb_qid": null, "url_wikidata": null}, "Convention": {"label": "MISC", "kb_qid": null, "url_wikidata": null}, "Commissaires": {"label": "ORG", "kb_qid": null, "url_wikidata": null}, "Puissances": {"label": "LOC", "kb_qid": null, "url_wikidata": null}, "Roi": {"label": "PER", "kb_qid": null, "url_wikidata": null}, "\u00c9tats d'Allemagne": {"label": "LOC", "kb_qid": null, "url_wikidata": null}, "Mr. Vocale": {"label": "MISC", "kb_qid": null, "url_wikidata": null}, "Duc de Edward": {"label": "PER", "kb_qid": null, "url_wikidata": null}, "Roi d'Espagne": {"label": "PER", "kb_qid": null, "url_wikidata": null}, "Anglais": {"label": "LOC", "kb_qid": null, "url_wikidata": null}, "Sa Maj.": {"label": "MISC", "kb_qid": null, "url_wikidata": null}, "Bath": {"label": "LOC", "kb_qid": null, "url_wikidata": null}, "Vaisseaux de cette Nation": {"label": "MISC", "kb_qid": null, "url_wikidata": null}, "Ports de ses \u00c9tats": {"label": "LOC", "kb_qid": null, "url_wikidata": null}}, "ents_freq": {"La Clef u cabinet 456": 1, "Espagne": 1, "Trait\u00e9 de 160": 1, "Gibraltar": 1, "Nation Anglaise": 1, "Indes": 1, "Des N\u00e9gociant 2e": 1, "Baye de": 1, "Convention du Pardon, du mois": 1, "Janvier I39": 1, "J": 1, "Caroline": 1, "II": 1, "Convention": 1, "Commissaires": 1, "Puissances": 1, "Roi": 1, "\u00c9tats d'Allemagne": 1, "Mr. Vocale": 1, "Duc de Edward": 1, "Roi d'Espagne": 1, "Anglais": 1, "Sa Maj.": 1, "Bath": 1, "Vaisseaux de cette Nation": 1, "Ports de ses \u00c9tats": 1}, "year": "1748", "month": "12", "page": "63"}