{"ents_info": {"La Clef du Cabine 7e": {"label": "MISC", "kb_qid": null, "url_wikidata": null}, "Roi de Portugal": {"label": "PER", "kb_qid": null, "url_wikidata": null}, "Puissances contractantes, &": {"label": "MISC", "kb_qid": null, "url_wikidata": null}, "Puissances": {"label": "MISC", "kb_qid": "Q26051996", "url_wikidata": "https://www.wikidata.org/wiki/Q26051996"}, "Pl\u00e9nipotentiaires": {"label": "MISC", "kb_qid": "Q1133920", "url_wikidata": "https://www.wikidata.org/wiki/Q1133920"}, "Congr\u00e8s": {"label": "MISC", "kb_qid": "Q2993118", "url_wikidata": "https://www.wikidata.org/wiki/Q2993118"}, "Roi de France": {"label": "PER", "kb_qid": "Q18384454", "url_wikidata": "https://www.wikidata.org/wiki/Q18384454"}, "Comte de St. S\u00e9verin d'Aragon": {"label": "PER", "kb_qid": null, "url_wikidata": null}, "F\u00e9vrier": {"label": "PER", "kb_qid": "Q109", "url_wikidata": "https://www.wikidata.org/wiki/Q109"}, "Aix-la-Chapelle": {"label": "LOC", "kb_qid": "Q1017", "url_wikidata": "https://www.wikidata.org/wiki/Q1017"}, "Monarque": {"label": "MISC", "kb_qid": "Q212398", "url_wikidata": "https://www.wikidata.org/wiki/Q212398"}, "Comte de Branchas-C\u00e9r\u00e8s": {"label": "PER", "kb_qid": null, "url_wikidata": null}, "& Mr. de Busse": {"label": "LOC", "kb_qid": null, "url_wikidata": null}, "Ministre aux Cours de Vienne &": {"label": "ORG", "kb_qid": null, "url_wikidata": null}, "Londres": {"label": "LOC", "kb_qid": "Q84", "url_wikidata": "https://www.wikidata.org/wiki/Q84"}, "R\u00e9publique & du Comte de Sandwich": {"label": "ORG", "kb_qid": null, "url_wikidata": null}, "R\u00e9publique de Gene": {"label": "LOC", "kb_qid": null, "url_wikidata": null}, "Marquis": {"label": "MISC", "kb_qid": "Q209726", "url_wikidata": "https://www.wikidata.org/wiki/Q209726"}, "Imp\u00e9ratrice Reine": {"label": "PER", "kb_qid": null, "url_wikidata": null}, "R\u00e9gence": {"label": "MISC", "kb_qid": "Q1362712", "url_wikidata": "https://www.wikidata.org/wiki/Q1362712"}, "Gene": {"label": "PER", "kb_qid": "Q1370701", "url_wikidata": "https://www.wikidata.org/wiki/Q1370701"}, "Marquisat de Final": {"label": "LOC", "kb_qid": null, "url_wikidata": null}, "Roi de Sardaigne": {"label": "PER", "kb_qid": "Q3932080", "url_wikidata": "https://www.wikidata.org/wiki/Q3932080"}, "Italie": {"label": "LOC", "kb_qid": "Q38", "url_wikidata": "https://www.wikidata.org/wiki/Q38"}, "Janvier": {"label": "PER", "kb_qid": "Q108", "url_wikidata": "https://www.wikidata.org/wiki/Q108"}, "u Prince": {"label": "PER", "kb_qid": null, "url_wikidata": null}, "D\u00e9put\u00e9s": {"label": "MISC", "kb_qid": "Q1055894", "url_wikidata": "https://www.wikidata.org/wiki/Q1055894"}, "G\u00e9n\u00e9raux": {"label": "MISC", "kb_qid": "Q83460", "url_wikidata": "https://www.wikidata.org/wiki/Q83460"}, "Baron de Rorschach": {"label": "MISC", "kb_qid": null, "url_wikidata": null}, "Comte de Sandwich & le Comte de Chabannes": {"label": "PER", "kb_qid": null, "url_wikidata": null}}, "ents_freq": {"La Clef du Cabine 7e": 1, "Roi de Portugal": 1, "Puissances contractantes, &": 1, "Puissances": 1, "Pl\u00e9nipotentiaires": 2, "Congr\u00e8s": 1, "Roi de France": 1, "Comte de St. S\u00e9verin d'Aragon": 1, "F\u00e9vrier": 1, "Aix-la-Chapelle": 1, "Monarque": 1, "Comte de Branchas-C\u00e9r\u00e8s": 1, "& Mr. de Busse": 1, "Ministre aux Cours de Vienne &": 1, "Londres": 1, "R\u00e9publique & du Comte de Sandwich": 1, "R\u00e9publique de Gene": 1, "Marquis": 1, "Imp\u00e9ratrice Reine": 1, "R\u00e9gence": 1, "Gene": 1, "Marquisat de Final": 1, "Roi de Sardaigne": 1, "Italie": 1, "Janvier": 1, "u Prince": 1, "D\u00e9put\u00e9s": 1, "G\u00e9n\u00e9raux": 1, "Baron de Rorschach": 1, "Comte de Sandwich & le Comte de Chabannes": 1}, "year": "1748", "month": "03", "page": "19"}