{"ents_info": {"La Clef du Cabine 222 instruis &": {"label": "MISC", "kb_qid": null, "url_wikidata": null}, "Conseil de la Ville de Dantzig, &": {"label": "ORG", "kb_qid": null, "url_wikidata": null}, "TRESCHEURS ET BONS": {"label": "LOC", "kb_qid": null, "url_wikidata": null}, "Laos": {"label": "LOC", "kb_qid": "Q1320058", "url_wikidata": "https://www.wikidata.org/wiki/Q1320058"}, "Ville, le": {"label": "MISC", "kb_qid": null, "url_wikidata": null}, "Sieur": {"label": "LOC", "kb_qid": "Q1550557", "url_wikidata": "https://www.wikidata.org/wiki/Q1550557"}, "Colonel d'Infanterie, & Nous": {"label": "PER", "kb_qid": null, "url_wikidata": null}, "Da n'ocre bienveillance.": {"label": "MISC", "kb_qid": null, "url_wikidata": null}, "EHz": {"label": "PER", "kb_qid": "Q39369", "url_wikidata": "https://www.wikidata.org/wiki/Q39369"}, "Nous prions De": {"label": "MISC", "kb_qid": null, "url_wikidata": null}, "TR\u00c8S-CHERS ET": {"label": "LOC", "kb_qid": null, "url_wikidata": null}, "BONS": {"label": "LOC", "kb_qid": null, "url_wikidata": null}, "Versailles": {"label": "LOC", "kb_qid": "Q621", "url_wikidata": "https://www.wikidata.org/wiki/Q621"}, "De Bruy\u00e8res": {"label": "LOC", "kb_qid": null, "url_wikidata": null}, "Cour de Bettembourg": {"label": "LOC", "kb_qid": null, "url_wikidata": null}, "Roi": {"label": "PER", "kb_qid": "Q12097", "url_wikidata": "https://www.wikidata.org/wiki/Q12097"}, "R\u00e9gence de Dantzig, & de l'autre parce": {"label": "MISC", "kb_qid": null, "url_wikidata": null}, "Br\u00fblant": {"label": "LOC", "kb_qid": "Q25397299", "url_wikidata": "https://www.wikidata.org/wiki/Q25397299"}, "Marquis de Puiseux": {"label": "PER", "kb_qid": null, "url_wikidata": null}, "\u00c9tat": {"label": "LOC", "kb_qid": "Q3591845", "url_wikidata": "https://www.wikidata.org/wiki/Q3591845"}, "Colonel de la Salle": {"label": "PER", "kb_qid": null, "url_wikidata": null}, "Officier": {"label": "ORG", "kb_qid": "Q163700", "url_wikidata": "https://www.wikidata.org/wiki/Q163700"}, "Russie": {"label": "LOC", "kb_qid": "Q34266", "url_wikidata": "https://www.wikidata.org/wiki/Q34266"}}, "ents_freq": {"La Clef du Cabine 222 instruis &": 1, "Conseil de la Ville de Dantzig, &": 1, "TRESCHEURS ET BONS": 1, "Laos": 1, "Ville, le": 1, "Sieur": 1, "Colonel d'Infanterie, & Nous": 1, "Da n'ocre bienveillance.": 1, "EHz": 1, "Nous prions De": 1, "TR\u00c8S-CHERS ET": 1, "BONS": 1, "Versailles": 1, "De Bruy\u00e8res": 1, "Cour de Bettembourg": 1, "Roi": 1, "R\u00e9gence de Dantzig, & de l'autre parce": 1, "Br\u00fblant": 1, "Marquis de Puiseux": 1, "\u00c9tat": 1, "Colonel de la Salle": 1, "Officier": 1, "Russie": 1}, "year": "1748", "month": "07", "page": "21"}