{"ents_info": {"La Clef du Cabinet": {"label": "MISC", "kb_qid": null, "url_wikidata": null}, "A ut Ur": {"label": "LOC", "kb_qid": null, "url_wikidata": null}, "Ath\u00e9es, n'est ni moins": {"label": "MISC", "kb_qid": null, "url_wikidata": null}, "Se pour qui il \u00e9crit": {"label": "MISC", "kb_qid": null, "url_wikidata": null}, "Die": {"label": "LOC", "kb_qid": null, "url_wikidata": null}, "pouill\u00e9e": {"label": "PER", "kb_qid": null, "url_wikidata": null}, "Capitaine du Navire": {"label": "MISC", "kb_qid": null, "url_wikidata": null}, "Dieu": {"label": "MISC", "kb_qid": null, "url_wikidata": null}, "Capitaine": {"label": "MISC", "kb_qid": null, "url_wikidata": null}, "R": {"label": "LOC", "kb_qid": null, "url_wikidata": null}, "Noun": {"label": "PER", "kb_qid": null, "url_wikidata": null}, "Euler": {"label": "PER", "kb_qid": null, "url_wikidata": null}, "\u201e facult\u00e9": {"label": "ORG", "kb_qid": null, "url_wikidata": null}}, "ents_freq": {"La Clef du Cabinet": 1, "A ut Ur": 1, "Ath\u00e9es, n'est ni moins": 1, "Se pour qui il \u00e9crit": 1, "Die": 1, "pouill\u00e9e": 1, "Capitaine du Navire": 1, "Dieu": 4, "Capitaine": 1, "R": 1, "Noun": 1, "Euler": 1, "\u201e facult\u00e9": 1}, "year": "1748", "month": "09", "page": "13"}