{"ents_info": {"De ces e. Set b. IT48": {"label": "LOC", "kb_qid": null, "url_wikidata": null}, "Villes": {"label": "MISC", "kb_qid": null, "url_wikidata": null}, "Iris": {"label": "PER", "kb_qid": null, "url_wikidata": null}, "tr o Eo": {"label": "MISC", "kb_qid": null, "url_wikidata": null}, "r\u00e9ajustai": {"label": "PER", "kb_qid": null, "url_wikidata": null}, "L. N.G.P.": {"label": "PER", "kb_qid": null, "url_wikidata": null}, "Collecter": {"label": "MISC", "kb_qid": null, "url_wikidata": null}, "Douances": {"label": "LOC", "kb_qid": null, "url_wikidata": null}, "Prs": {"label": "PER", "kb_qid": null, "url_wikidata": null}, "ds": {"label": "MISC", "kb_qid": null, "url_wikidata": null}, "I4 de les Bourgmestre": {"label": "LOC", "kb_qid": null, "url_wikidata": null}, "Soci\u00e9t\u00e9 de la Ha": {"label": "ORG", "kb_qid": null, "url_wikidata": null}, "Ici ?": {"label": "MISC", "kb_qid": null, "url_wikidata": null}, "Bichofs & u": {"label": "ORG", "kb_qid": null, "url_wikidata": null}, "D'Istres & Villes": {"label": "MISC", "kb_qid": null, "url_wikidata": null}, "Lit": {"label": "PER", "kb_qid": null, "url_wikidata": null}, "Coire!2 Tronc": {"label": "LOC", "kb_qid": null, "url_wikidata": null}, "L. N G. .,A": {"label": "PER", "kb_qid": null, "url_wikidata": null}, "R\u00e9mi ilet de l'a n\u00e9?": {"label": "MISC", "kb_qid": null, "url_wikidata": null}, "Bourges das": {"label": "LOC", "kb_qid": null, "url_wikidata": null}, "Commissaires L.N": {"label": "LOC", "kb_qid": null, "url_wikidata": null}, "G. & i": {"label": "MISC", "kb_qid": null, "url_wikidata": null}}, "ents_freq": {"De ces e. Set b. IT48": 1, "Villes": 1, "Iris": 1, "tr o Eo": 1, "r\u00e9ajustai": 1, "L. N.G.P.": 1, "Collecter": 1, "Douances": 1, "Prs": 1, "ds": 2, "I4 de les Bourgmestre": 1, "Soci\u00e9t\u00e9 de la Ha": 1, "Ici ?": 1, "Bichofs & u": 1, "D'Istres & Villes": 1, "Lit": 1, "Coire!2 Tronc": 1, "L. N G. .,A": 1, "R\u00e9mi ilet de l'a n\u00e9?": 1, "Bourges das": 1, "Commissaires L.N": 1, "G. & i": 1}, "year": "1748", "month": "09", "page": "68"}