{"ents_info": {"AOT": {"label": "ORG", "kb_qid": "Q759690", "url_wikidata": "https://www.wikidata.org/wiki/Q759690"}, "I19": {"label": "LOC", "kb_qid": "Q3232589", "url_wikidata": "https://www.wikidata.org/wiki/Q3232589"}, "C'\u00e9vita-Vicia un Vaisseau Maltais,": {"label": "MISC", "kb_qid": null, "url_wikidata": null}, "Grand Ma\u00eetre de la Religion": {"label": "MISC", "kb_qid": null, "url_wikidata": null}, "Pape": {"label": "PER", "kb_qid": "Q19546", "url_wikidata": "https://www.wikidata.org/wiki/Q19546"}, "Port": {"label": "LOC", "kb_qid": "Q326776", "url_wikidata": "https://www.wikidata.org/wiki/Q326776"}, "Galeries de Sa Saintet\u00e9": {"label": "ORG", "kb_qid": null, "url_wikidata": null}, "Corsaires de Barbarie": {"label": "MISC", "kb_qid": null, "url_wikidata": null}, "Espagne": {"label": "LOC", "kb_qid": "Q29", "url_wikidata": "https://www.wikidata.org/wiki/Q29"}, "Flotte": {"label": "LOC", "kb_qid": "Q4385307", "url_wikidata": "https://www.wikidata.org/wiki/Q4385307"}, "Indes-Occidentales": {"label": "LOC", "kb_qid": null, "url_wikidata": null}, "Rome": {"label": "LOC", "kb_qid": "Q220", "url_wikidata": "https://www.wikidata.org/wiki/Q220"}, "l'Espagne": {"label": "LOC", "kb_qid": "Q80702", "url_wikidata": "https://www.wikidata.org/wiki/Q80702"}, "Roi Catholique": {"label": "PER", "kb_qid": "Q186851", "url_wikidata": "https://www.wikidata.org/wiki/Q186851"}, "Jess": {"label": "PER", "kb_qid": "Q537726", "url_wikidata": "https://www.wikidata.org/wiki/Q537726"}, "Royaume de Naples": {"label": "LOC", "kb_qid": "Q173065", "url_wikidata": "https://www.wikidata.org/wiki/Q173065"}, "Puissance d'Italie": {"label": "MISC", "kb_qid": null, "url_wikidata": null}, "Consonne d'Espagne": {"label": "LOC", "kb_qid": null, "url_wikidata": null}, "M\u00e9diterran\u00e9e": {"label": "LOC", "kb_qid": "Q4918", "url_wikidata": "https://www.wikidata.org/wiki/Q4918"}, "Alg\u00e9riens": {"label": "LOC", "kb_qid": "Q3149088", "url_wikidata": "https://www.wikidata.org/wiki/Q3149088"}, "Prince": {"label": "PER", "kb_qid": "Q131719", "url_wikidata": "https://www.wikidata.org/wiki/Q131719"}, "IA Religion": {"label": "ORG", "kb_qid": null, "url_wikidata": null}, "Pays": {"label": "LOC", "kb_qid": "Q43702", "url_wikidata": "https://www.wikidata.org/wiki/Q43702"}}, "ents_freq": {"AOT": 1, "I19": 1, "C'\u00e9vita-Vicia un Vaisseau Maltais,": 1, "Grand Ma\u00eetre de la Religion": 1, "Pape": 1, "Port": 1, "Galeries de Sa Saintet\u00e9": 1, "Corsaires de Barbarie": 1, "Espagne": 1, "Flotte": 1, "Indes-Occidentales": 1, "Rome": 1, "l'Espagne": 1, "Roi Catholique": 2, "Jess": 1, "Royaume de Naples": 1, "Puissance d'Italie": 1, "Consonne d'Espagne": 1, "M\u00e9diterran\u00e9e": 1, "Alg\u00e9riens": 1, "Prince": 1, "IA Religion": 1, "Pays": 1}, "year": "1749", "month": "08", "page": "40"}