{"ents_info": {"Princes": {"label": "LOC", "kb_qid": null, "url_wikidata": null}, "Roi": {"label": "PER", "kb_qid": null, "url_wikidata": null}, "Montpeyroux": {"label": "LOC", "kb_qid": null, "url_wikidata": null}, "Secr\u00e9taire du feu": {"label": "MISC", "kb_qid": null, "url_wikidata": null}, "Empereur Charles VII": {"label": "PER", "kb_qid": null, "url_wikidata": null}, "R\u00e9sident": {"label": "MISC", "kb_qid": null, "url_wikidata": null}, "R\u00e9publique de Gen\u00e8ve": {"label": "LOC", "kb_qid": null, "url_wikidata": null}, "Mr. de Chapeaux": {"label": "MISC", "kb_qid": null, "url_wikidata": null}, "Sa Maj": {"label": "PER", "kb_qid": null, "url_wikidata": null}, "Cercle de IA Basse Saxe": {"label": "LOC", "kb_qid": null, "url_wikidata": null}, "Ministre Pl\u00e9nipotentiaire": {"label": "ORG", "kb_qid": null, "url_wikidata": null}, "Courrier": {"label": "MISC", "kb_qid": null, "url_wikidata": null}, "Ver": {"label": "LOC", "kb_qid": null, "url_wikidata": null}, "Abb\u00e9 le Maire": {"label": "PER", "kb_qid": null, "url_wikidata": null}, "Ministre du Roi": {"label": "PER", "kb_qid": null, "url_wikidata": null}, "Cour de Copenhague": {"label": "LOC", "kb_qid": null, "url_wikidata": null}, "Lettres": {"label": "MISC", "kb_qid": null, "url_wikidata": null}, "Sa Majest\u00e9 Danoise": {"label": "PER", "kb_qid": null, "url_wikidata": null}, "Trait\u00e9": {"label": "MISC", "kb_qid": null, "url_wikidata": null}, "Cours de Sue de &": {"label": "MISC", "kb_qid": null, "url_wikidata": null}, "Prusse": {"label": "LOC", "kb_qid": null, "url_wikidata": null}, "Port de l'Orient": {"label": "LOC", "kb_qid": null, "url_wikidata": null}, "Vaisseaux": {"label": "MISC", "kb_qid": null, "url_wikidata": null}, "la Chine": {"label": "LOC", "kb_qid": null, "url_wikidata": null}, "Lettres de ce Pays": {"label": "MISC", "kb_qid": null, "url_wikidata": null}, "Chr\u00e9tiens": {"label": "MISC", "kb_qid": null, "url_wikidata": null}, "Septembre de l'ann\u00e9e derni\u00e8re, une des plus rudes pers\u00e9cutions": {"label": "MISC", "kb_qid": null, "url_wikidata": null}, "Pilori": {"label": "LOC", "kb_qid": null, "url_wikidata": null}, "Banqueroutiers": {"label": "MISC", "kb_qid": null, "url_wikidata": null}, "Si \u00e9t\u00e9 & si": {"label": "ORG", "kb_qid": null, "url_wikidata": null}, "Ri": {"label": "LOC", "kb_qid": null, "url_wikidata": null}, "Table": {"label": "MISC", "kb_qid": null, "url_wikidata": null}, "Mr. Barbaries de Saint Contes": {"label": "PER", "kb_qid": null, "url_wikidata": null}}, "ents_freq": {"Princes": 1, "Roi": 1, "Montpeyroux": 1, "Secr\u00e9taire du feu": 1, "Empereur Charles VII": 1, "R\u00e9sident": 1, "R\u00e9publique de Gen\u00e8ve": 1, "Mr. de Chapeaux": 1, "Sa Maj": 1, "Cercle de IA Basse Saxe": 1, "Ministre Pl\u00e9nipotentiaire": 1, "Courrier": 1, "Ver": 1, "Abb\u00e9 le Maire": 1, "Ministre du Roi": 1, "Cour de Copenhague": 1, "Lettres": 1, "Sa Majest\u00e9 Danoise": 1, "Trait\u00e9": 1, "Cours de Sue de &": 1, "Prusse": 1, "Port de l'Orient": 1, "Vaisseaux": 1, "la Chine": 1, "Lettres de ce Pays": 1, "Chr\u00e9tiens": 1, "Septembre de l'ann\u00e9e derni\u00e8re, une des plus rudes pers\u00e9cutions": 1, "Pilori": 1, "Banqueroutiers": 1, "Si \u00e9t\u00e9 & si": 1, "Ri": 1, "Table": 1, "Mr. Barbaries de Saint Contes": 1}, "year": "1749", "month": "10", "page": "36"}