{"ents_info": {"Cabinet 302 4s soldats,2": {"label": "MISC", "kb_qid": null, "url_wikidata": null}, "Caporaux & deux tambours.": {"label": "MISC", "kb_qid": null, "url_wikidata": null}, "O": {"label": "LOC", "kb_qid": null, "url_wikidata": null}, "Soldat r\u00e9form\u00e9 4 shillings": {"label": "MISC", "kb_qid": null, "url_wikidata": null}, "& 8 shillings": {"label": "MISC", "kb_qid": null, "url_wikidata": null}, "Compagnie du troisi\u00e8me R\u00e9giment des Gardes": {"label": "ORG", "kb_qid": null, "url_wikidata": null}, "Devis": {"label": "PER", "kb_qid": null, "url_wikidata": null}, "M'encires": {"label": "MISC", "kb_qid": null, "url_wikidata": null}, "Chambres du Parlement d'": {"label": "ORG", "kb_qid": null, "url_wikidata": null}, "id": {"label": "ORG", "kb_qid": null, "url_wikidata": null}, "Chambre des Communes": {"label": "LOC", "kb_qid": null, "url_wikidata": null}, "Aix": {"label": "LOC", "kb_qid": null, "url_wikidata": null}, "Adresse au Roi": {"label": "MISC", "kb_qid": null, "url_wikidata": null}, "Chambre des copies": {"label": "ORG", "kb_qid": null, "url_wikidata": null}, "Sa Maj": {"label": "PER", "kb_qid": null, "url_wikidata": null}, "Roi": {"label": "PER", "kb_qid": null, "url_wikidata": null}, "Roi de France": {"label": "PER", "kb_qid": null, "url_wikidata": null}, "Sa Maj.": {"label": "LOC", "kb_qid": null, "url_wikidata": null}, "M ais": {"label": "PER", "kb_qid": null, "url_wikidata": null}, "repropos\u00e9e": {"label": "LOC", "kb_qid": null, "url_wikidata": null}, "I45": {"label": "LOC", "kb_qid": null, "url_wikidata": null}, "Adresse au Roi, pat": {"label": "MISC", "kb_qid": null, "url_wikidata": null}, "Chambre": {"label": "MISC", "kb_qid": null, "url_wikidata": null}, "\u201e une pacification g\u00e9n\u00e9rale": {"label": "MISC", "kb_qid": null, "url_wikidata": null}}, "ents_freq": {"Cabinet 302 4s soldats,2": 1, "Caporaux & deux tambours.": 1, "O": 1, "Soldat r\u00e9form\u00e9 4 shillings": 1, "& 8 shillings": 1, "Compagnie du troisi\u00e8me R\u00e9giment des Gardes": 1, "Devis": 1, "M'encires": 1, "Chambres du Parlement d'": 1, "id": 1, "Chambre des Communes": 1, "Aix": 1, "Adresse au Roi": 1, "Chambre des copies": 1, "Sa Maj": 1, "Roi": 1, "Roi de France": 1, "Sa Maj.": 1, "M ais": 1, "repropos\u00e9e": 1, "I45": 1, "Adresse au Roi, pat": 1, "Chambre": 1, "\u201e une pacification g\u00e9n\u00e9rale": 1}, "year": "1749", "month": "04", "page": "63"}