{"ents_info": {"Princes": {"label": "LOC", "kb_qid": "Q1753066", "url_wikidata": "https://www.wikidata.org/wiki/Q1753066"}, "Cerneau, Conseiller de l'\u00c9lecteur de Mayence & l'Agent": {"label": "MISC", "kb_qid": null, "url_wikidata": null}, "Eisenstein": {"label": "PER", "kb_qid": "Q8003", "url_wikidata": "https://www.wikidata.org/wiki/Q8003"}, "Mrs": {"label": "PER", "kb_qid": "Q924501", "url_wikidata": "https://www.wikidata.org/wiki/Q924501"}, "Cr\u00e9er & de Stein, un cinqui\u00e8me": {"label": "MISC", "kb_qid": null, "url_wikidata": null}, "Lequel \u00e9tait Mr.": {"label": "MISC", "kb_qid": null, "url_wikidata": null}, "Fischer": {"label": "PER", "kb_qid": "Q704728", "url_wikidata": "https://www.wikidata.org/wiki/Q704728"}, "Ambassade & Mr. de Salomon": {"label": "ORG", "kb_qid": null, "url_wikidata": null}, "Carmina, &": {"label": "MISC", "kb_qid": null, "url_wikidata": null}, "Weimar": {"label": "LOC", "kb_qid": "Q41304", "url_wikidata": "https://www.wikidata.org/wiki/Q41304"}, "H\u00f4tel": {"label": "LOC", "kb_qid": "Q1365179", "url_wikidata": "https://www.wikidata.org/wiki/Q1365179"}, "Comte de Raffut\u00e8": {"label": "PER", "kb_qid": null, "url_wikidata": null}, "Intel": {"label": "ORG", "kb_qid": "Q248", "url_wikidata": "https://www.wikidata.org/wiki/Q248"}, "G\u00e9n\u00e9ral": {"label": "PER", "kb_qid": "Q83460", "url_wikidata": "https://www.wikidata.org/wiki/Q83460"}, "Gouvernement de Vienne": {"label": "MISC", "kb_qid": null, "url_wikidata": null}, "Imp\u00e9ratriceReine": {"label": "MISC", "kb_qid": null, "url_wikidata": null}, "Chat": {"label": "MISC", "kb_qid": "Q146", "url_wikidata": "https://www.wikidata.org/wiki/Q146"}, "Charles de Lorraine": {"label": "PER", "kb_qid": "Q469603", "url_wikidata": "https://www.wikidata.org/wiki/Q469603"}, "Vienne": {"label": "LOC", "kb_qid": "Q1741", "url_wikidata": "https://www.wikidata.org/wiki/Q1741"}, "Ratisbonne": {"label": "LOC", "kb_qid": "Q2978", "url_wikidata": "https://www.wikidata.org/wiki/Q2978"}, "Vit": {"label": "LOC", "kb_qid": "Q1773449", "url_wikidata": "https://www.wikidata.org/wiki/Q1773449"}, "Francfort": {"label": "LOC", "kb_qid": "Q1794", "url_wikidata": "https://www.wikidata.org/wiki/Q1794"}, "Cologne": {"label": "LOC", "kb_qid": "Q365", "url_wikidata": "https://www.wikidata.org/wiki/Q365"}, "Princes & dans les Villes": {"label": "MISC", "kb_qid": null, "url_wikidata": null}, "Son Alm": {"label": "PER", "kb_qid": null, "url_wikidata": null}, "Officiers & Domestiques": {"label": "ORG", "kb_qid": null, "url_wikidata": null}, "Saxe": {"label": "LOC", "kb_qid": "Q1202", "url_wikidata": "https://www.wikidata.org/wiki/Q1202"}, "Lu sac e": {"label": "MISC", "kb_qid": null, "url_wikidata": null}, "Puissances": {"label": "LOC", "kb_qid": "Q26051996", "url_wikidata": "https://www.wikidata.org/wiki/Q26051996"}, "Cour": {"label": "LOC", "kb_qid": "Q122880", "url_wikidata": "https://www.wikidata.org/wiki/Q122880"}, "du Nord": {"label": "LOC", "kb_qid": "Q2413257", "url_wikidata": "https://www.wikidata.org/wiki/Q2413257"}, "Ordonnances": {"label": "PER", "kb_qid": "Q1712420", "url_wikidata": "https://www.wikidata.org/wiki/Q1712420"}, "\u00c9lectorat": {"label": "MISC", "kb_qid": "Q284667", "url_wikidata": "https://www.wikidata.org/wiki/Q284667"}, "Comme mer": {"label": "MISC", "kb_qid": null, "url_wikidata": null}}, "ents_freq": {"Princes": 1, "Cerneau, Conseiller de l'\u00c9lecteur de Mayence & l'Agent": 1, "Eisenstein": 1, "Mrs": 1, "Cr\u00e9er & de Stein, un cinqui\u00e8me": 1, "Lequel \u00e9tait Mr.": 1, "Fischer": 1, "Ambassade & Mr. de Salomon": 1, "Carmina, &": 1, "Weimar": 1, "H\u00f4tel": 1, "Comte de Raffut\u00e8": 1, "Intel": 1, "G\u00e9n\u00e9ral": 1, "Gouvernement de Vienne": 1, "Imp\u00e9ratriceReine": 1, "Chat": 1, "Charles de Lorraine": 1, "Vienne": 1, "Ratisbonne": 1, "Vit": 1, "Francfort": 1, "Cologne": 1, "Princes & dans les Villes": 1, "Son Alm": 1, "Officiers & Domestiques": 1, "Saxe": 1, "Lu sac e": 1, "Puissances": 1, "Cour": 1, "du Nord": 1, "Ordonnances": 1, "\u00c9lectorat": 1, "Comme mer": 1}, "year": "1749", "month": "06", "page": "48"}