{"ents_info": {"Cl e": {"label": "LOC", "kb_qid": null, "url_wikidata": null}, "Cabinet 398 dans le Golfe de Honduras": {"label": "MISC", "kb_qid": null, "url_wikidata": null}, "Espagnols": {"label": "LOC", "kb_qid": "Q80702", "url_wikidata": "https://www.wikidata.org/wiki/Q80702"}, "Anglais": {"label": "MISC", "kb_qid": "Q1860", "url_wikidata": "https://www.wikidata.org/wiki/Q1860"}, "Baye de Honduras": {"label": "LOC", "kb_qid": null, "url_wikidata": null}, "Indigo & du Bois de Camp\u00eache": {"label": "ORG", "kb_qid": null, "url_wikidata": null}, "Guatemala": {"label": "LOC", "kb_qid": "Q774", "url_wikidata": "https://www.wikidata.org/wiki/Q774"}, "Isole de Rat tan": {"label": "LOC", "kb_qid": null, "url_wikidata": null}, "Mercato &": {"label": "MISC", "kb_qid": null, "url_wikidata": null}, "Sud-Est": {"label": "LOC", "kb_qid": "Q11708", "url_wikidata": "https://www.wikidata.org/wiki/Q11708"}, "IA Am\u00e9rique": {"label": "LOC", "kb_qid": null, "url_wikidata": null}, "VI": {"label": "PER", "kb_qid": "Q24950490", "url_wikidata": "https://www.wikidata.org/wiki/Q24950490"}, "Arthur Fillettes": {"label": "MISC", "kb_qid": null, "url_wikidata": null}, "Roi": {"label": "PER", "kb_qid": "Q12097", "url_wikidata": "https://www.wikidata.org/wiki/Q12097"}, "Suisse": {"label": "LOC", "kb_qid": "Q39", "url_wikidata": "https://www.wikidata.org/wiki/Q39"}, "Mr. Lova": {"label": "PER", "kb_qid": null, "url_wikidata": null}, "Lord": {"label": "PER", "kb_qid": "Q192114", "url_wikidata": "https://www.wikidata.org/wiki/Q192114"}, "\u00c9cosse": {"label": "LOC", "kb_qid": "Q230791", "url_wikidata": "https://www.wikidata.org/wiki/Q230791"}, "Comte de Kelly": {"label": "PER", "kb_qid": null, "url_wikidata": null}, "Mrs Cameron de Bungalow": {"label": "PER", "kb_qid": null, "url_wikidata": null}, "Murray de Glencarnoch": {"label": "PER", "kb_qid": null, "url_wikidata": null}, "Macdonald de Bengalie": {"label": "PER", "kb_qid": null, "url_wikidata": null}, "Macdonald de Glace": {"label": "PER", "kb_qid": null, "url_wikidata": null}, "Chefs de Tribus": {"label": "MISC", "kb_qid": "Q6445772", "url_wikidata": "https://www.wikidata.org/wiki/Q6445772"}, "Ch\u00e2teau d'\u00c9dimbourg": {"label": "LOC", "kb_qid": "Q212065", "url_wikidata": "https://www.wikidata.org/wiki/Q212065"}, "Ile": {"label": "LOC", "kb_qid": "Q23442", "url_wikidata": "https://www.wikidata.org/wiki/Q23442"}}, "ents_freq": {"Cl e": 1, "Cabinet 398 dans le Golfe de Honduras": 1, "Espagnols": 3, "Anglais": 1, "Baye de Honduras": 1, "Indigo & du Bois de Camp\u00eache": 1, "Guatemala": 1, "Isole de Rat tan": 1, "Mercato &": 1, "Sud-Est": 1, "IA Am\u00e9rique": 1, "VI": 1, "Arthur Fillettes": 1, "Roi": 1, "Suisse": 1, "Mr. Lova": 1, "Lord": 1, "\u00c9cosse": 1, "Comte de Kelly": 1, "Mrs Cameron de Bungalow": 1, "Murray de Glencarnoch": 1, "Macdonald de Bengalie": 1, "Macdonald de Glace": 1, "Chefs de Tribus": 1, "Ch\u00e2teau d'\u00c9dimbourg": 1, "Ile": 1}, "year": "1749", "month": "12", "page": "31"}