{"ents_info": {"Cl e": {"label": "LOC", "kb_qid": null, "url_wikidata": null}, "Cabine 6": {"label": "MISC", "kb_qid": null, "url_wikidata": null}, "Cilicie": {"label": "LOC", "kb_qid": null, "url_wikidata": null}, "Auteurs": {"label": "MISC", "kb_qid": null, "url_wikidata": null}, "Tasmanie": {"label": "LOC", "kb_qid": null, "url_wikidata": null}, "Rare noir & Man Maison": {"label": "ORG", "kb_qid": null, "url_wikidata": null}, "l'Auteur": {"label": "PER", "kb_qid": null, "url_wikidata": null}, "Mol las": {"label": "LOC", "kb_qid": null, "url_wikidata": null}, "Ronnie": {"label": "LOC", "kb_qid": null, "url_wikidata": null}, "Iranien": {"label": "LOC", "kb_qid": null, "url_wikidata": null}, "Car\u00eame des Mahom\u00e9tans,": {"label": "MISC", "kb_qid": null, "url_wikidata": null}, "L'Auteur": {"label": "PER", "kb_qid": null, "url_wikidata": null}, "Ambassadeur": {"label": "PER", "kb_qid": null, "url_wikidata": null}, "Turque": {"label": "LOC", "kb_qid": null, "url_wikidata": null}, "Seigneur": {"label": "PER", "kb_qid": null, "url_wikidata": null}, "Grands": {"label": "LOC", "kb_qid": null, "url_wikidata": null}, "D'octets: mais on croit": {"label": "MISC", "kb_qid": null, "url_wikidata": null}}, "ents_freq": {"Cl e": 1, "Cabine 6": 1, "Cilicie": 1, "Auteurs": 1, "Tasmanie": 1, "Rare noir & Man Maison": 1, "l'Auteur": 1, "Mol las": 2, "Ronnie": 1, "Iranien": 1, "Car\u00eame des Mahom\u00e9tans,": 1, "L'Auteur": 1, "Ambassadeur": 1, "Turque": 1, "Seigneur": 1, "Grands": 1, "D'octets: mais on croit": 1}, "year": "1749", "month": "02", "page": "5"}