{"ents_info": {"Prunes": {"label": "LOC", "kb_qid": "Q12372598", "url_wikidata": "https://www.wikidata.org/wiki/Q12372598"}, "Plaisant": {"label": "LOC", "kb_qid": "Q743824", "url_wikidata": "https://www.wikidata.org/wiki/Q743824"}, "Commissaire": {"label": "MISC", "kb_qid": "Q524778", "url_wikidata": "https://www.wikidata.org/wiki/Q524778"}, "Plaisance": {"label": "LOC", "kb_qid": "Q13329", "url_wikidata": "https://www.wikidata.org/wiki/Q13329"}, "More": {"label": "PER", "kb_qid": "Q42544", "url_wikidata": "https://www.wikidata.org/wiki/Q42544"}, "Cour &": {"label": "ORG", "kb_qid": null, "url_wikidata": null}, "Espagne": {"label": "LOC", "kb_qid": "Q29", "url_wikidata": "https://www.wikidata.org/wiki/Q29"}, "Duc": {"label": "PER", "kb_qid": "Q166886", "url_wikidata": "https://www.wikidata.org/wiki/Q166886"}, "Infante Marie-Antoinette": {"label": "PER", "kb_qid": null, "url_wikidata": null}, "Roi d'Espagne": {"label": "PER", "kb_qid": "Q36234", "url_wikidata": "https://www.wikidata.org/wiki/Q36234"}, "Cours": {"label": "MISC", "kb_qid": "Q24725", "url_wikidata": "https://www.wikidata.org/wiki/Q24725"}, "Trait\u00e9 d'alliance": {"label": "MISC", "kb_qid": "Q3536739", "url_wikidata": "https://www.wikidata.org/wiki/Q3536739"}, "Test\u00e9 &": {"label": "ORG", "kb_qid": null, "url_wikidata": null}, "Firme": {"label": "ORG", "kb_qid": "Q6881511", "url_wikidata": "https://www.wikidata.org/wiki/Q6881511"}, "R\u00e9publique": {"label": "LOC", "kb_qid": "Q7270", "url_wikidata": "https://www.wikidata.org/wiki/Q7270"}, "Jess": {"label": "PER", "kb_qid": "Q522516", "url_wikidata": "https://www.wikidata.org/wiki/Q522516"}, "mer Adriatique": {"label": "LOC", "kb_qid": "Q13924", "url_wikidata": "https://www.wikidata.org/wiki/Q13924"}, "Conseils": {"label": "MISC", "kb_qid": "Q243652", "url_wikidata": "https://www.wikidata.org/wiki/Q243652"}, "Cour Imp\u00e9riale & la R\u00e9publique": {"label": "ORG", "kb_qid": null, "url_wikidata": null}, "Vaisseaux V\u00e9nitiens": {"label": "MISC", "kb_qid": null, "url_wikidata": null}, "Corsaires de Barbarie": {"label": "MISC", "kb_qid": null, "url_wikidata": null}, "mer M\u00e9diterran\u00e9e": {"label": "LOC", "kb_qid": "Q4918", "url_wikidata": "https://www.wikidata.org/wiki/Q4918"}, "Archipel &": {"label": "ORG", "kb_qid": null, "url_wikidata": null}, "Vaisseaux de guerre Espagnols": {"label": "MISC", "kb_qid": null, "url_wikidata": null}, "M\u00e9diterran\u00e9e": {"label": "LOC", "kb_qid": "Q4918", "url_wikidata": "https://www.wikidata.org/wiki/Q4918"}, "Alger": {"label": "LOC", "kb_qid": "Q3561", "url_wikidata": "https://www.wikidata.org/wiki/Q3561"}, "B\u00e2timent": {"label": "LOC", "kb_qid": "Q3333739", "url_wikidata": "https://www.wikidata.org/wiki/Q3333739"}, "Port": {"label": "LOC", "kb_qid": "Q44782", "url_wikidata": "https://www.wikidata.org/wiki/Q44782"}, "Ren\u00e9gat": {"label": "MISC", "kb_qid": "Q1415358", "url_wikidata": "https://www.wikidata.org/wiki/Q1415358"}, "R3": {"label": "MISC", "kb_qid": "Q2113761", "url_wikidata": "https://www.wikidata.org/wiki/Q2113761"}}, "ents_freq": {"Prunes": 1, "Plaisant": 1, "Commissaire": 1, "Plaisance": 1, "More": 1, "Cour &": 1, "Espagne": 1, "Duc": 1, "Infante Marie-Antoinette": 1, "Roi d'Espagne": 1, "Cours": 1, "Trait\u00e9 d'alliance": 1, "Test\u00e9 &": 1, "Firme": 1, "R\u00e9publique": 1, "Jess": 1, "mer Adriatique": 2, "Conseils": 1, "Cour Imp\u00e9riale & la R\u00e9publique": 1, "Vaisseaux V\u00e9nitiens": 1, "Corsaires de Barbarie": 1, "mer M\u00e9diterran\u00e9e": 1, "Archipel &": 1, "Vaisseaux de guerre Espagnols": 1, "M\u00e9diterran\u00e9e": 1, "Alger": 1, "B\u00e2timent": 1, "Port": 1, "Ren\u00e9gat": 1, "R3": 1}, "year": "1749", "month": "10", "page": "20"}