{"ents_info": {"La Clef du Cabinet I2 mer": {"label": "MISC", "kb_qid": null, "url_wikidata": null}, "Am\u00e9rique": {"label": "LOC", "kb_qid": null, "url_wikidata": null}, "Pots du Royaume": {"label": "MISC", "kb_qid": null, "url_wikidata": null}, "de France": {"label": "LOC", "kb_qid": null, "url_wikidata": null}, "\u201e quelques d\u00e9maries": {"label": "MISC", "kb_qid": null, "url_wikidata": null}, "Port": {"label": "LOC", "kb_qid": null, "url_wikidata": null}, "N\u00e9gociant de cette": {"label": "MISC", "kb_qid": null, "url_wikidata": null}, "Vaisseaux": {"label": "MISC", "kb_qid": null, "url_wikidata": null}, "D\u00e9put\u00e9s": {"label": "ORG", "kb_qid": null, "url_wikidata": null}, "Ville": {"label": "LOC", "kb_qid": null, "url_wikidata": null}, "Bunker\u201e": {"label": "LOC", "kb_qid": null, "url_wikidata": null}, "Vox\u201e": {"label": "ORG", "kb_qid": null, "url_wikidata": null}, "Tabacs \u201e": {"label": "ORG", "kb_qid": null, "url_wikidata": null}, "\u00c9nigme": {"label": "MISC", "kb_qid": null, "url_wikidata": null}, "Avis": {"label": "ORG", "kb_qid": null, "url_wikidata": null}, "Naissances, des Morts & Mariages": {"label": "MISC", "kb_qid": null, "url_wikidata": null}, "\u00c9nigme du mois dernier": {"label": "MISC", "kb_qid": null, "url_wikidata": null}, "Maladie": {"label": "MISC", "kb_qid": null, "url_wikidata": null}}, "ents_freq": {"La Clef du Cabinet I2 mer": 1, "Am\u00e9rique": 2, "Pots du Royaume": 1, "de France": 1, "\u201e quelques d\u00e9maries": 1, "Port": 1, "N\u00e9gociant de cette": 1, "Vaisseaux": 1, "D\u00e9put\u00e9s": 1, "Ville": 1, "Bunker\u201e": 1, "Vox\u201e": 1, "Tabacs \u201e": 1, "\u00c9nigme": 1, "Avis": 1, "Naissances, des Morts & Mariages": 1, "\u00c9nigme du mois dernier": 1, "Maladie": 1}, "year": "1749", "month": "10", "page": "77"}