{"ents_info": {"Princes": {"label": "LOC", "kb_qid": "Q2747456", "url_wikidata": "https://www.wikidata.org/wiki/Q2747456"}, "Corses": {"label": "LOC", "kb_qid": "Q607289", "url_wikidata": "https://www.wikidata.org/wiki/Q607289"}, "R\u00e9publique de Gene": {"label": "LOC", "kb_qid": null, "url_wikidata": null}, "Royaume": {"label": "LOC", "kb_qid": "Q145", "url_wikidata": "https://www.wikidata.org/wiki/Q145"}, "Bastia": {"label": "LOC", "kb_qid": "Q134698", "url_wikidata": "https://www.wikidata.org/wiki/Q134698"}, "sen I46": {"label": "MISC", "kb_qid": null, "url_wikidata": null}, "R\u00e9publique": {"label": "MISC", "kb_qid": "Q7270", "url_wikidata": "https://www.wikidata.org/wiki/Q7270"}, "Marquis de Murray": {"label": "PER", "kb_qid": null, "url_wikidata": null}, "Isole": {"label": "LOC", "kb_qid": "Q1364549", "url_wikidata": "https://www.wikidata.org/wiki/Q1364549"}, "Ajaccio": {"label": "LOC", "kb_qid": "Q40104", "url_wikidata": "https://www.wikidata.org/wiki/Q40104"}, "Saint Boniface": {"label": "LOC", "kb_qid": "Q1174361", "url_wikidata": "https://www.wikidata.org/wiki/Q1174361"}, "San-Lorenzo.": {"label": "MISC", "kb_qid": null, "url_wikidata": null}, "Murray & les antres": {"label": "ORG", "kb_qid": null, "url_wikidata": null}, "G\u00e9n\u00e9raux & Ministres employ\u00e9s": {"label": "ORG", "kb_qid": null, "url_wikidata": null}, "la France": {"label": "LOC", "kb_qid": "Q3209208", "url_wikidata": "https://www.wikidata.org/wiki/Q3209208"}, "Comte de Mousseux": {"label": "PER", "kb_qid": null, "url_wikidata": null}, "Mar\u00e9chal de Maille bois": {"label": "PER", "kb_qid": null, "url_wikidata": null}, "Royaume de Corse": {"label": "LOC", "kb_qid": "Q83444", "url_wikidata": "https://www.wikidata.org/wiki/Q83444"}, "G\u00e9n\u00e9raux du feu": {"label": "MISC", "kb_qid": null, "url_wikidata": null}, "Charles VI": {"label": "PER", "kb_qid": "Q160349", "url_wikidata": "https://www.wikidata.org/wiki/Q160349"}, "Baron de Vachtendonch": {"label": "MISC", "kb_qid": null, "url_wikidata": null}, "Louis de Wurtemberg": {"label": "PER", "kb_qid": "Q678605", "url_wikidata": "https://www.wikidata.org/wiki/Q678605"}, "Corse": {"label": "LOC", "kb_qid": "Q14112", "url_wikidata": "https://www.wikidata.org/wiki/Q14112"}, "Commissaire Fran\u00e7ois": {"label": "PER", "kb_qid": null, "url_wikidata": null}, "Un Vaisseau de guerre Anglais": {"label": "MISC", "kb_qid": null, "url_wikidata": null}, "Lisbonne": {"label": "LOC", "kb_qid": "Q597", "url_wikidata": "https://www.wikidata.org/wiki/Q597"}, "Gene": {"label": "PER", "kb_qid": "Q1370701", "url_wikidata": "https://www.wikidata.org/wiki/Q1370701"}, "Portugal": {"label": "LOC", "kb_qid": "Q45670", "url_wikidata": "https://www.wikidata.org/wiki/Q45670"}, "N\u00e9gociant de la R\u00e9publique": {"label": "MISC", "kb_qid": null, "url_wikidata": null}, "Vaisseau": {"label": "PER", "kb_qid": "Q739957", "url_wikidata": "https://www.wikidata.org/wiki/Q739957"}, "Gares le commerce": {"label": "LOC", "kb_qid": null, "url_wikidata": null}}, "ents_freq": {"Princes": 1, "Corses": 1, "R\u00e9publique de Gene": 1, "Royaume": 1, "Bastia": 1, "sen I46": 1, "R\u00e9publique": 1, "Marquis de Murray": 1, "Isole": 1, "Ajaccio": 1, "Saint Boniface": 1, "San-Lorenzo.": 1, "Murray & les antres": 1, "G\u00e9n\u00e9raux & Ministres employ\u00e9s": 1, "la France": 1, "Comte de Mousseux": 1, "Mar\u00e9chal de Maille bois": 1, "Royaume de Corse": 1, "G\u00e9n\u00e9raux du feu": 1, "Charles VI": 1, "Baron de Vachtendonch": 1, "Louis de Wurtemberg": 1, "Corse": 1, "Commissaire Fran\u00e7ois": 1, "Un Vaisseau de guerre Anglais": 1, "Lisbonne": 1, "Gene": 1, "Portugal": 1, "N\u00e9gociant de la R\u00e9publique": 1, "Vaisseau": 1, "Gares le commerce": 1}, "year": "1749", "month": "04", "page": "34"}