{"ents_info": {"Cl du Cabine 1 sure r": {"label": "LOC", "kb_qid": null, "url_wikidata": null}, "M\u00e9ridien": {"label": "LOC", "kb_qid": null, "url_wikidata": null}, "D. Jorge Juan & D. Antonio Alloua Capitaines de Frelate": {"label": "PER", "kb_qid": null, "url_wikidata": null}, "Premi\u00e8re Partie 2 Tomes in 4": {"label": "MISC", "kb_qid": null, "url_wikidata": null}, "Madrid": {"label": "LOC", "kb_qid": null, "url_wikidata": null}, "Sa Majest\u00e9": {"label": "PER", "kb_qid": null, "url_wikidata": null}, "Antoine Marin": {"label": "PER", "kb_qid": null, "url_wikidata": null}, "M. DCC": {"label": "MISC", "kb_qid": null, "url_wikidata": null}, "Arden de S. Mai": {"label": "LOC", "kb_qid": null, "url_wikidata": null}, "Los Renoms rel": {"label": "LOC", "kb_qid": null, "url_wikidata": null}, "D. Jorge Juan": {"label": "PER", "kb_qid": null, "url_wikidata": null}, "D. Antonio de Alloua": {"label": "PER", "kb_qid": null, "url_wikidata": null}, "Royaumes du P\u00e9rou": {"label": "MISC", "kb_qid": null, "url_wikidata": null}, "D.": {"label": "PER", "kb_qid": null, "url_wikidata": null}, "Juan D. Antonio": {"label": "PER", "kb_qid": null, "url_wikidata": null}, "Sa Maj": {"label": "PER", "kb_qid": null, "url_wikidata": null}, "Jean de Ludwig M.": {"label": "PER", "kb_qid": null, "url_wikidata": null}, "MM. Jorge Juan & Antoine de Alloua": {"label": "PER", "kb_qid": null, "url_wikidata": null}, "Cadix": {"label": "LOC", "kb_qid": null, "url_wikidata": null}, "Province de Quito": {"label": "LOC", "kb_qid": null, "url_wikidata": null}, "Auteurs": {"label": "MISC", "kb_qid": null, "url_wikidata": null}, "Lima &": {"label": "ORG", "kb_qid": null, "url_wikidata": null}, "Chili": {"label": "LOC", "kb_qid": null, "url_wikidata": null}, "Espagnols": {"label": "LOC", "kb_qid": null, "url_wikidata": null}, "Calao": {"label": "LOC", "kb_qid": null, "url_wikidata": null}, "Europe": {"label": "LOC", "kb_qid": null, "url_wikidata": null}, "Chronologie des Souverains du Perdu": {"label": "MISC", "kb_qid": null, "url_wikidata": null}}, "ents_freq": {"Cl du Cabine 1 sure r": 1, "M\u00e9ridien": 2, "D. Jorge Juan & D. Antonio Alloua Capitaines de Frelate": 1, "Premi\u00e8re Partie 2 Tomes in 4": 1, "Madrid": 2, "Sa Majest\u00e9": 1, "Antoine Marin": 1, "M. DCC": 1, "Arden de S. Mai": 1, "Los Renoms rel": 1, "D. Jorge Juan": 1, "D. Antonio de Alloua": 1, "Royaumes du P\u00e9rou": 1, "D.": 1, "Juan D. Antonio": 1, "Sa Maj": 1, "Jean de Ludwig M.": 1, "MM. Jorge Juan & Antoine de Alloua": 1, "Cadix": 1, "Province de Quito": 1, "Auteurs": 1, "Lima &": 1, "Chili": 1, "Espagnols": 1, "Calao": 1, "Europe": 1, "Chronologie des Souverains du Perdu": 1}, "year": "1749", "month": "05", "page": "7"}