{"ents_info": {"La Clef du Cabine 35 ion": {"label": "MISC", "kb_qid": null, "url_wikidata": null}, "R\u00e9publique": {"label": "LOC", "kb_qid": "Q7270", "url_wikidata": "https://www.wikidata.org/wiki/Q7270"}, "Conseil du S\u00e9nat": {"label": "ORG", "kb_qid": "Q3510854", "url_wikidata": "https://www.wikidata.org/wiki/Q3510854"}, "Loi, ars le mauvais succ\u00e8s": {"label": "MISC", "kb_qid": null, "url_wikidata": null}, "Dettes": {"label": "MISC", "kb_qid": "Q3196867", "url_wikidata": "https://www.wikidata.org/wiki/Q3196867"}, "Nous convoquons": {"label": "MISC", "kb_qid": null, "url_wikidata": null}, "Dette": {"label": "MISC", "kb_qid": "Q1279250", "url_wikidata": "https://www.wikidata.org/wiki/Q1279250"}, "dole": {"label": "LOC", "kb_qid": "Q311255", "url_wikidata": "https://www.wikidata.org/wiki/Q311255"}, "\u00c9tats": {"label": "LOC", "kb_qid": "Q35657", "url_wikidata": "https://www.wikidata.org/wiki/Q35657"}, "st": {"label": "PER", "kb_qid": null, "url_wikidata": null}, "Royaume": {"label": "LOC", "kb_qid": "Q106782", "url_wikidata": "https://www.wikidata.org/wiki/Q106782"}, "Nation Polonaise": {"label": "MISC", "kb_qid": "Q36", "url_wikidata": "https://www.wikidata.org/wiki/Q36"}, "Chars & Fid\u00e8les": {"label": "MISC", "kb_qid": null, "url_wikidata": null}, "Patrie": {"label": "MISC", "kb_qid": "Q642555", "url_wikidata": "https://www.wikidata.org/wiki/Q642555"}, "Colonne": {"label": "LOC", "kb_qid": "Q1234920", "url_wikidata": "https://www.wikidata.org/wiki/Q1234920"}, "Bion": {"label": "PER", "kb_qid": "Q25283", "url_wikidata": "https://www.wikidata.org/wiki/Q25283"}}, "ents_freq": {"La Clef du Cabine 35 ion": 1, "R\u00e9publique": 1, "Conseil du S\u00e9nat": 1, "Loi, ars le mauvais succ\u00e8s": 1, "Dettes": 1, "Nous convoquons": 1, "Dette": 1, "dole": 1, "\u00c9tats": 1, "st": 1, "Royaume": 2, "Nation Polonaise": 1, "Chars & Fid\u00e8les": 1, "Patrie": 1, "Colonne": 1, "Bion": 1}, "year": "1749", "month": "05", "page": "19"}