{"ents_info": {"Princes oc": {"label": "LOC", "kb_qid": null, "url_wikidata": null}, "France &": {"label": "ORG", "kb_qid": null, "url_wikidata": null}, "Membres": {"label": "MISC", "kb_qid": null, "url_wikidata": null}, "Acad\u00e9mie des Sciences": {"label": "ORG", "kb_qid": null, "url_wikidata": null}, "Acad\u00e9mie Royale des Sciences de Berlin": {"label": "ORG", "kb_qid": null, "url_wikidata": null}, "prix de l'an\u00e9miai": {"label": "MISC", "kb_qid": null, "url_wikidata": null}, "Morale": {"label": "LOC", "kb_qid": null, "url_wikidata": null}, "Savais": {"label": "MISC", "kb_qid": null, "url_wikidata": null}, "Programme.": {"label": "ORG", "kb_qid": null, "url_wikidata": null}, "Acad\u00e9mie": {"label": "ORG", "kb_qid": null, "url_wikidata": null}, "Allemand": {"label": "LOC", "kb_qid": null, "url_wikidata": null}, "Fran\u00e7ois": {"label": "LOC", "kb_qid": null, "url_wikidata": null}, "Gazette de Berlin": {"label": "LOC", "kb_qid": null, "url_wikidata": null}, "Le prix d\u00e9cern\u00e9 \u00e0 celui": {"label": "MISC", "kb_qid": null, "url_wikidata": null}, "Dissertation": {"label": "MISC", "kb_qid": null, "url_wikidata": null}, "Mr. Pieter": {"label": "PER", "kb_qid": null, "url_wikidata": null}, "Docteur en M\u00e9decine \u00e0 Mansarde,": {"label": "MISC", "kb_qid": null, "url_wikidata": null}, "L'explication de la": {"label": "MISC", "kb_qid": null, "url_wikidata": null}, "G\u00e9n\u00e9ral du Nitre": {"label": "PER", "kb_qid": null, "url_wikidata": null}, "Conseiller Priv\u00e9 d'Arr\u00eat": {"label": "MISC", "kb_qid": null, "url_wikidata": null}, "M\u00e9moire des M\u0153urs": {"label": "MISC", "kb_qid": null, "url_wikidata": null}, "Industrie & des progr\u00e8s de l'esprit humain": {"label": "ORG", "kb_qid": null, "url_wikidata": null}, "Arts &": {"label": "ORG", "kb_qid": null, "url_wikidata": null}, "Tauperais": {"label": "PER", "kb_qid": null, "url_wikidata": null}, "IV": {"label": "PER", "kb_qid": null, "url_wikidata": null}}, "ents_freq": {"Princes oc": 1, "France &": 1, "Membres": 1, "Acad\u00e9mie des Sciences": 1, "Acad\u00e9mie Royale des Sciences de Berlin": 1, "prix de l'an\u00e9miai": 1, "Morale": 1, "Savais": 1, "Programme.": 1, "Acad\u00e9mie": 4, "Allemand": 1, "Fran\u00e7ois": 1, "Gazette de Berlin": 1, "Le prix d\u00e9cern\u00e9 \u00e0 celui": 1, "Dissertation": 1, "Mr. Pieter": 1, "Docteur en M\u00e9decine \u00e0 Mansarde,": 1, "L'explication de la": 1, "G\u00e9n\u00e9ral du Nitre": 1, "Conseiller Priv\u00e9 d'Arr\u00eat": 1, "M\u00e9moire des M\u0153urs": 1, "Industrie & des progr\u00e8s de l'esprit humain": 1, "Arts &": 1, "Tauperais": 1, "IV": 1}, "year": "1749", "month": "09", "page": "16"}