{"ents_info": {"Prises e. d\u00e9cembre 1749": {"label": "MISC", "kb_qid": null, "url_wikidata": null}, "437": {"label": "MISC", "kb_qid": "Q31154", "url_wikidata": "https://www.wikidata.org/wiki/Q31154"}, "Gouverneur": {"label": "PER", "kb_qid": "Q132050", "url_wikidata": "https://www.wikidata.org/wiki/Q132050"}, "Caraques": {"label": "MISC", "kb_qid": "Q220635", "url_wikidata": "https://www.wikidata.org/wiki/Q220635"}, "Compagnie": {"label": "ORG", "kb_qid": "Q213663", "url_wikidata": "https://www.wikidata.org/wiki/Q213663"}, "Lettres que le Clerg\u00e9 des": {"label": "MISC", "kb_qid": null, "url_wikidata": null}, "Cour": {"label": "LOC", "kb_qid": "Q3001001", "url_wikidata": "https://www.wikidata.org/wiki/Q3001001"}, "Clerg\u00e9": {"label": "LOC", "kb_qid": "Q234081", "url_wikidata": "https://www.wikidata.org/wiki/Q234081"}, "Peut": {"label": "MISC", "kb_qid": null, "url_wikidata": null}, "Royaume": {"label": "LOC", "kb_qid": "Q145", "url_wikidata": "https://www.wikidata.org/wiki/Q145"}, "Minist\u00e8re": {"label": "ORG", "kb_qid": "Q192350", "url_wikidata": "https://www.wikidata.org/wiki/Q192350"}, "IV": {"label": "MISC", "kb_qid": "Q12186", "url_wikidata": "https://www.wikidata.org/wiki/Q12186"}, "Madrid": {"label": "LOC", "kb_qid": "Q2807", "url_wikidata": "https://www.wikidata.org/wiki/Q2807"}, "Infante Don": {"label": "PER", "kb_qid": null, "url_wikidata": null}, "Marie-Antoinette": {"label": "PER", "kb_qid": "Q47365", "url_wikidata": "https://www.wikidata.org/wiki/Q47365"}, "Duc": {"label": "PER", "kb_qid": "Q166886", "url_wikidata": "https://www.wikidata.org/wiki/Q166886"}, "Madame Infante Duchesse de Parme": {"label": "PER", "kb_qid": null, "url_wikidata": null}, "Infante Isabelle": {"label": "PER", "kb_qid": "Q158256", "url_wikidata": "https://www.wikidata.org/wiki/Q158256"}, "Paris": {"label": "LOC", "kb_qid": "Q90", "url_wikidata": "https://www.wikidata.org/wiki/Q90"}, "Les Vaisseaux des Indes-Occidentales": {"label": "MISC", "kb_qid": null, "url_wikidata": null}, "Vera-Cru": {"label": "PER", "kb_qid": null, "url_wikidata": null}}, "ents_freq": {"Prises e. d\u00e9cembre 1749": 1, "437": 1, "Gouverneur": 1, "Caraques": 3, "Compagnie": 1, "Lettres que le Clerg\u00e9 des": 1, "Cour": 4, "Clerg\u00e9": 1, "Peut": 1, "Royaume": 1, "Minist\u00e8re": 1, "IV": 1, "Madrid": 1, "Infante Don": 1, "Marie-Antoinette": 1, "Duc": 1, "Madame Infante Duchesse de Parme": 1, "Infante Isabelle": 1, "Paris": 1, "Les Vaisseaux des Indes-Occidentales": 1, "Vera-Cru": 1}, "year": "1749", "month": "12", "page": "70"}