{"ents_info": {"Princes": {"label": "LOC", "kb_qid": "Q2747456", "url_wikidata": "https://www.wikidata.org/wiki/Q2747456"}, "I51": {"label": "LOC", "kb_qid": "Q18159369", "url_wikidata": "https://www.wikidata.org/wiki/Q18159369"}, "De-l\u00e0": {"label": "PER", "kb_qid": null, "url_wikidata": null}, "le V\u00e9n\u00e9rable": {"label": "MISC", "kb_qid": "Q51619", "url_wikidata": "https://www.wikidata.org/wiki/Q51619"}, "la Ville": {"label": "LOC", "kb_qid": "Q3278475", "url_wikidata": "https://www.wikidata.org/wiki/Q3278475"}, "trompettes & des t'emballes,": {"label": "ORG", "kb_qid": null, "url_wikidata": null}, "Eg": {"label": "PER", "kb_qid": "Q236910", "url_wikidata": "https://www.wikidata.org/wiki/Q236910"}, "PP": {"label": "ORG", "kb_qid": "Q185088", "url_wikidata": "https://www.wikidata.org/wiki/Q185088"}, "pt M. l'Abb\u00e9 de SaAintMaximin": {"label": "PER", "kb_qid": null, "url_wikidata": null}, "Profession en habits Pontificaux": {"label": "MISC", "kb_qid": null, "url_wikidata": null}, "Tour": {"label": "MISC", "kb_qid": "Q12518", "url_wikidata": "https://www.wikidata.org/wiki/Q12518"}, "Son Excellence le Comte de N\u00e9pal": {"label": "PER", "kb_qid": null, "url_wikidata": null}, "Province": {"label": "LOC", "kb_qid": "Q83116", "url_wikidata": "https://www.wikidata.org/wiki/Q83116"}, "Conseil & le Magistrat": {"label": "ORG", "kb_qid": null, "url_wikidata": null}, "la Noblesse": {"label": "MISC", "kb_qid": "Q83665375", "url_wikidata": "https://www.wikidata.org/wiki/Q83665375"}, "Gand": {"label": "LOC", "kb_qid": "Q1296", "url_wikidata": "https://www.wikidata.org/wiki/Q1296"}, "Officiers": {"label": "ORG", "kb_qid": "Q163700", "url_wikidata": "https://www.wikidata.org/wiki/Q163700"}, "\u00c9coles du Coll\u00e8ge": {"label": "ORG", "kb_qid": null, "url_wikidata": null}, "Kia": {"label": "ORG", "kb_qid": "Q35349", "url_wikidata": "https://www.wikidata.org/wiki/Q35349"}, "All\u00e8le Lux": {"label": "PER", "kb_qid": null, "url_wikidata": null}, "Dieu": {"label": "MISC", "kb_qid": "Q190", "url_wikidata": "https://www.wikidata.org/wiki/Q190"}, "ARTICLE VI": {"label": "PER", "kb_qid": null, "url_wikidata": null}, "RUSSIE": {"label": "ORG", "kb_qid": null, "url_wikidata": null}, "Cour": {"label": "ORG", "kb_qid": "Q3001001", "url_wikidata": "https://www.wikidata.org/wiki/Q3001001"}, "Moscou": {"label": "LOC", "kb_qid": "Q649", "url_wikidata": "https://www.wikidata.org/wiki/Q649"}, "Empire": {"label": "LOC", "kb_qid": "Q71084", "url_wikidata": "https://www.wikidata.org/wiki/Q71084"}}, "ents_freq": {"Princes": 1, "I51": 1, "De-l\u00e0": 1, "le V\u00e9n\u00e9rable": 1, "la Ville": 1, "trompettes & des t'emballes,": 1, "Eg": 1, "PP": 1, "pt M. l'Abb\u00e9 de SaAintMaximin": 1, "Profession en habits Pontificaux": 1, "Tour": 1, "Son Excellence le Comte de N\u00e9pal": 1, "Province": 1, "Conseil & le Magistrat": 1, "la Noblesse": 1, "Gand": 1, "Officiers": 1, "\u00c9coles du Coll\u00e8ge": 1, "Kia": 1, "All\u00e8le Lux": 1, "Dieu": 1, "ARTICLE VI": 1, "RUSSIE": 1, "Cour": 1, "Moscou": 1, "Empire": 1}, "year": "1749", "month": "02", "page": "70"}