{"ents_info": {"YT": {"label": "MISC", "kb_qid": null, "url_wikidata": null}, "Paola": {"label": "PER", "kb_qid": null, "url_wikidata": null}, "Public": {"label": "MISC", "kb_qid": null, "url_wikidata": null}, "L'outres & Paquets": {"label": "MISC", "kb_qid": null, "url_wikidata": null}, "H\u00e9riti\u00e8re de feu": {"label": "MISC", "kb_qid": null, "url_wikidata": null}, "Sr": {"label": "PER", "kb_qid": null, "url_wikidata": null}, "Ouvrage mental": {"label": "MISC", "kb_qid": null, "url_wikidata": null}, "Livres de tous Pays": {"label": "MISC", "kb_qid": null, "url_wikidata": null}, "Journaux historiques, Politiques & Litt\u00e9raires, entre-autres M\u00e9moires des Arts & des Sciences de Travaux: M\u00e9moires": {"label": "MISC", "kb_qid": null, "url_wikidata": null}, "Histoire des Hommes Illustres": {"label": "MISC", "kb_qid": null, "url_wikidata": null}, "Pare Cic\u00e9ron": {"label": "LOC", "kb_qid": null, "url_wikidata": null}, "La Haye": {"label": "LOC", "kb_qid": null, "url_wikidata": null}, "Paix d'Utrecht,": {"label": "MISC", "kb_qid": null, "url_wikidata": null}, "Biblioth\u00e8que Italique": {"label": "LOC", "kb_qid": null, "url_wikidata": null}, "Histoire Litt\u00e9raire de l'Italie": {"label": "MISC", "kb_qid": null, "url_wikidata": null}, "Ouvrages des Sa vans,": {"label": "MISC", "kb_qid": null, "url_wikidata": null}, "Mr. de Beaumarchais": {"label": "PER", "kb_qid": null, "url_wikidata": null}, "I2": {"label": "ORG", "kb_qid": null, "url_wikidata": null}, "Mr. de Amus\u00e2t": {"label": "PER", "kb_qid": null, "url_wikidata": null}, "Journal": {"label": "MISC", "kb_qid": null, "url_wikidata": null}, "Bibliste": {"label": "ORG", "kb_qid": null, "url_wikidata": null}, "Italique": {"label": "LOC", "kb_qid": null, "url_wikidata": null}, "t & des M\u00e9moires du P. Cic\u00e9ron": {"label": "MISC", "kb_qid": null, "url_wikidata": null}, "Biblioth\u00e8que": {"label": "LOC", "kb_qid": null, "url_wikidata": null}, "Biblioth\u00e8que Germanique": {"label": "LOC", "kb_qid": null, "url_wikidata": null}}, "ents_freq": {"YT": 1, "Paola": 1, "Public": 1, "L'outres & Paquets": 1, "H\u00e9riti\u00e8re de feu": 1, "Sr": 1, "Ouvrage mental": 1, "Livres de tous Pays": 1, "Journaux historiques, Politiques & Litt\u00e9raires, entre-autres M\u00e9moires des Arts & des Sciences de Travaux: M\u00e9moires": 1, "Histoire des Hommes Illustres": 1, "Pare Cic\u00e9ron": 1, "La Haye": 1, "Paix d'Utrecht,": 1, "Biblioth\u00e8que Italique": 1, "Histoire Litt\u00e9raire de l'Italie": 1, "Ouvrages des Sa vans,": 1, "Mr. de Beaumarchais": 1, "I2": 1, "Mr. de Amus\u00e2t": 1, "Journal": 1, "Bibliste": 1, "Italique": 1, "t & des M\u00e9moires du P. Cic\u00e9ron": 1, "Biblioth\u00e8que": 1, "Biblioth\u00e8que Germanique": 1}, "year": "1749", "month": "11", "page": "1"}