{"ents_info": {"Glu du Cabine 39": {"label": "LOC", "kb_qid": null, "url_wikidata": null}, "\u00celes": {"label": "LOC", "kb_qid": "Q18655787", "url_wikidata": "https://www.wikidata.org/wiki/Q18655787"}, "Cour": {"label": "LOC", "kb_qid": "Q122880", "url_wikidata": "https://www.wikidata.org/wiki/Q122880"}, "Alg\u00e9riens": {"label": "LOC", "kb_qid": "Q3149088", "url_wikidata": "https://www.wikidata.org/wiki/Q3149088"}, "Paquebot le Prince-Fr\u00e9d\u00e9ric": {"label": "MISC", "kb_qid": null, "url_wikidata": null}, "Ur": {"label": "MISC", "kb_qid": "Q5699", "url_wikidata": "https://www.wikidata.org/wiki/Q5699"}, "Journaux de Septembre & d'Octobre": {"label": "MISC", "kb_qid": null, "url_wikidata": null}, "Sept Vaisseaux": {"label": "MISC", "kb_qid": null, "url_wikidata": null}, "Mr. Rappel, Chef d'Escadre": {"label": "MISC", "kb_qid": null, "url_wikidata": null}, "De g. Ao\u00fbt": {"label": "PER", "kb_qid": null, "url_wikidata": null}, "Baye d'Alger": {"label": "LOC", "kb_qid": null, "url_wikidata": null}, "Chef d'Escadre": {"label": "ORG", "kb_qid": "Q2961980", "url_wikidata": "https://www.wikidata.org/wiki/Q2961980"}, "Capitaines & autres Officiers": {"label": "ORG", "kb_qid": null, "url_wikidata": null}, "Vaisseaux": {"label": "MISC", "kb_qid": "Q3553318", "url_wikidata": "https://www.wikidata.org/wiki/Q3553318"}, "Dey": {"label": "PER", "kb_qid": "Q447293", "url_wikidata": "https://www.wikidata.org/wiki/Q447293"}, "Lettre de cr\u00e9ance du Roi": {"label": "MISC", "kb_qid": null, "url_wikidata": null}, "Mr.": {"label": "PER", "kb_qid": null, "url_wikidata": null}, "Paquebot": {"label": "MISC", "kb_qid": "Q928960", "url_wikidata": "https://www.wikidata.org/wiki/Q928960"}, "Passeport \u201e": {"label": "MISC", "kb_qid": null, "url_wikidata": null}, "Vaisseaux Anglais": {"label": "MISC", "kb_qid": null, "url_wikidata": null}, "Trait\u00e9s": {"label": "MISC", "kb_qid": "Q131569", "url_wikidata": "https://www.wikidata.org/wiki/Q131569"}, "R\u00e9gence d'Alger": {"label": "PER", "kb_qid": "Q3045696", "url_wikidata": "https://www.wikidata.org/wiki/Q3045696"}, "Paquebots": {"label": "LOC", "kb_qid": "Q697196", "url_wikidata": "https://www.wikidata.org/wiki/Q697196"}, "Armateurs Al": {"label": "ORG", "kb_qid": null, "url_wikidata": null}, "Capitaine": {"label": "MISC", "kb_qid": "Q849424", "url_wikidata": "https://www.wikidata.org/wiki/Q849424"}, "\u201e &": {"label": "MISC", "kb_qid": null, "url_wikidata": null}}, "ents_freq": {"Glu du Cabine 39": 1, "\u00celes": 1, "Cour": 1, "Alg\u00e9riens": 1, "Paquebot le Prince-Fr\u00e9d\u00e9ric": 1, "Ur": 1, "Journaux de Septembre & d'Octobre": 1, "Sept Vaisseaux": 1, "Mr. Rappel, Chef d'Escadre": 1, "De g. Ao\u00fbt": 1, "Baye d'Alger": 1, "Chef d'Escadre": 1, "Capitaines & autres Officiers": 1, "Vaisseaux": 1, "Dey": 2, "Lettre de cr\u00e9ance du Roi": 1, "Mr.": 1, "Paquebot": 1, "Passeport \u201e": 1, "Vaisseaux Anglais": 1, "Trait\u00e9s": 1, "R\u00e9gence d'Alger": 1, "Paquebots": 1, "Armateurs Al": 1, "Capitaine": 1, "\u201e &": 1}, "year": "1749", "month": "12", "page": "27"}