{"ents_info": {"CLIVE TT": {"label": "MISC", "kb_qid": null, "url_wikidata": null}, "TT I": {"label": "MISC", "kb_qid": null, "url_wikidata": null}, "Ou Recueil Historique & Politique sur les Mati\u00e8res du tees": {"label": "MISC", "kb_qid": null, "url_wikidata": null}, "Gl": {"label": "MISC", "kb_qid": "Q1045111", "url_wikidata": "https://www.wikidata.org/wiki/Q1045111"}, "Yl": {"label": "PER", "kb_qid": null, "url_wikidata": null}, "H\u00e9riti\u00e8res d'ANDREW' CHEVALIER,": {"label": "MISC", "kb_qid": null, "url_wikidata": null}, "Imprimeur de Sa Majest\u00e9 l'Imp\u00e9ratrice & Reine": {"label": "PER", "kb_qid": null, "url_wikidata": null}, "M. DCC": {"label": "MISC", "kb_qid": null, "url_wikidata": null}, "Privil\u00e8ge de Sa Sacr\u00e9e M'ajuste Imp\u00e9riale": {"label": "MISC", "kb_qid": null, "url_wikidata": null}, "Et Approbation du Commissaire Examinateur": {"label": "MISC", "kb_qid": null, "url_wikidata": null}}, "ents_freq": {"CLIVE TT": 1, "TT I": 1, "Ou Recueil Historique & Politique sur les Mati\u00e8res du tees": 1, "Gl": 1, "Yl": 1, "H\u00e9riti\u00e8res d'ANDREW' CHEVALIER,": 1, "Imprimeur de Sa Majest\u00e9 l'Imp\u00e9ratrice & Reine": 1, "M. DCC": 1, "Privil\u00e8ge de Sa Sacr\u00e9e M'ajuste Imp\u00e9riale": 1, "Et Approbation du Commissaire Examinateur": 1}, "year": "1749", "month": "01", "page": "0"}