{"ents_info": {"AT": {"label": "LOC", "kb_qid": "Q202712", "url_wikidata": "https://www.wikidata.org/wiki/Q202712"}, "Public": {"label": "MISC", "kb_qid": "Q211198", "url_wikidata": "https://www.wikidata.org/wiki/Q211198"}, "L'\u00e9tron & Paquets": {"label": "MISC", "kb_qid": null, "url_wikidata": null}, "H\u00e9riti\u00e8res de feu le Sr": {"label": "MISC", "kb_qid": null, "url_wikidata": null}, "Ouvrage mental": {"label": "MISC", "kb_qid": null, "url_wikidata": null}, "Livres de tous Pays": {"label": "MISC", "kb_qid": null, "url_wikidata": null}, "Journaux historiques, Politiques &\u0303 Litt\u00e9raires, entre-autres,": {"label": "MISC", "kb_qid": null, "url_wikidata": null}, "M\u00e9moires des Arts & des Sciences de Travaux: M\u00e9moires": {"label": "MISC", "kb_qid": null, "url_wikidata": null}, "Histoire des Hommes": {"label": "MISC", "kb_qid": "Q309", "url_wikidata": "https://www.wikidata.org/wiki/Q309"}, "Pare Cic\u00e9ron": {"label": "LOC", "kb_qid": null, "url_wikidata": null}, "La Haye": {"label": "LOC", "kb_qid": "Q36600", "url_wikidata": "https://www.wikidata.org/wiki/Q36600"}, "Paix d'Utrecht": {"label": "MISC", "kb_qid": "Q154674", "url_wikidata": "https://www.wikidata.org/wiki/Q154674"}, "Biblioth\u00e8que Italique": {"label": "LOC", "kb_qid": null, "url_wikidata": null}, "Histoire Litt\u00e9raire de l'Italie": {"label": "MISC", "kb_qid": null, "url_wikidata": null}, "Ouvrages des Sa vans,": {"label": "MISC", "kb_qid": null, "url_wikidata": null}, "Mr. de Beaumarchais": {"label": "PER", "kb_qid": null, "url_wikidata": null}, "I2": {"label": "ORG", "kb_qid": "Q2064483", "url_wikidata": "https://www.wikidata.org/wiki/Q2064483"}, "Mr. de Amus\u00e2t": {"label": "PER", "kb_qid": null, "url_wikidata": null}, "Ernie Journal": {"label": "PER", "kb_qid": null, "url_wikidata": null}, "H\u00e9riti\u00e8res": {"label": "MISC", "kb_qid": "Q675316", "url_wikidata": "https://www.wikidata.org/wiki/Q675316"}, "Bibliste": {"label": "ORG", "kb_qid": "Q373665", "url_wikidata": "https://www.wikidata.org/wiki/Q373665"}, "M\u00e9moires du P. Cic\u00e9ron": {"label": "MISC", "kb_qid": null, "url_wikidata": null}, "Biblioth\u00e8que": {"label": "LOC", "kb_qid": "Q7075", "url_wikidata": "https://www.wikidata.org/wiki/Q7075"}, "Biblioth\u00e8que Germanique": {"label": "LOC", "kb_qid": null, "url_wikidata": null}}, "ents_freq": {"AT": 1, "Public": 1, "L'\u00e9tron & Paquets": 1, "H\u00e9riti\u00e8res de feu le Sr": 1, "Ouvrage mental": 1, "Livres de tous Pays": 1, "Journaux historiques, Politiques &\u0303 Litt\u00e9raires, entre-autres,": 1, "M\u00e9moires des Arts & des Sciences de Travaux: M\u00e9moires": 1, "Histoire des Hommes": 1, "Pare Cic\u00e9ron": 1, "La Haye": 1, "Paix d'Utrecht": 1, "Biblioth\u00e8que Italique": 1, "Histoire Litt\u00e9raire de l'Italie": 1, "Ouvrages des Sa vans,": 1, "Mr. de Beaumarchais": 1, "I2": 1, "Mr. de Amus\u00e2t": 1, "Ernie Journal": 1, "H\u00e9riti\u00e8res": 1, "Bibliste": 1, "M\u00e9moires du P. Cic\u00e9ron": 1, "Biblioth\u00e8que": 1, "Biblioth\u00e8que Germanique": 1}, "year": "1749", "month": "03", "page": "1"}