{"ents_info": {"Princes": {"label": "LOC", "kb_qid": "Q1405556", "url_wikidata": "https://www.wikidata.org/wiki/Q1405556"}, "Port": {"label": "LOC", "kb_qid": "Q956943", "url_wikidata": "https://www.wikidata.org/wiki/Q956943"}, "Dunkerque": {"label": "LOC", "kb_qid": "Q45797", "url_wikidata": "https://www.wikidata.org/wiki/Q45797"}, "Cap-Breton": {"label": "LOC", "kb_qid": "Q188489", "url_wikidata": "https://www.wikidata.org/wiki/Q188489"}, "u": {"label": "PER", "kb_qid": "Q483261", "url_wikidata": "https://www.wikidata.org/wiki/Q483261"}, "Trait\u00e9 de Paix": {"label": "MISC", "kb_qid": "Q322943", "url_wikidata": "https://www.wikidata.org/wiki/Q322943"}, "Trait\u00e9s": {"label": "MISC", "kb_qid": "Q131569", "url_wikidata": "https://www.wikidata.org/wiki/Q131569"}, "Trait\u00e9 concernant la d\u00e9molition des ouvrages de Dunkerque": {"label": "MISC", "kb_qid": null, "url_wikidata": null}, "Utrecht": {"label": "LOC", "kb_qid": "Q803", "url_wikidata": "https://www.wikidata.org/wiki/Q803"}, "ICI": {"label": "LOC", "kb_qid": "Q621607", "url_wikidata": "https://www.wikidata.org/wiki/Q621607"}, "IX": {"label": "MISC", "kb_qid": "Q3147021", "url_wikidata": "https://www.wikidata.org/wiki/Q3147021"}, "Que le Roi": {"label": "MISC", "kb_qid": null, "url_wikidata": null}, "Par conclue &": {"label": "MISC", "kb_qid": null, "url_wikidata": null}, "ter r": {"label": "ORG", "kb_qid": null, "url_wikidata": null}, "Ports & \u00e9cluses": {"label": "MISC", "kb_qid": null, "url_wikidata": null}, "Roi": {"label": "PER", "kb_qid": "Q13592862", "url_wikidata": "https://www.wikidata.org/wiki/Q13592862"}, "Trait\u00e9": {"label": "MISC", "kb_qid": "Q2268427", "url_wikidata": "https://www.wikidata.org/wiki/Q2268427"}, "Port de Dunkerque": {"label": "LOC", "kb_qid": "Q3114755", "url_wikidata": "https://www.wikidata.org/wiki/Q3114755"}, "Commissaires Anglais": {"label": "MISC", "kb_qid": null, "url_wikidata": null}, "\u00e9cluse de Berges": {"label": "LOC", "kb_qid": null, "url_wikidata": null}, "Pays": {"label": "LOC", "kb_qid": "Q43702", "url_wikidata": "https://www.wikidata.org/wiki/Q43702"}, "Nation Anglaise": {"label": "ORG", "kb_qid": "Q179876", "url_wikidata": "https://www.wikidata.org/wiki/Q179876"}, "Reine Anne": {"label": "PER", "kb_qid": "Q228642", "url_wikidata": "https://www.wikidata.org/wiki/Q228642"}, "Mr. Armstrong": {"label": "PER", "kb_qid": null, "url_wikidata": null}}, "ents_freq": {"Princes": 1, "Port": 2, "Dunkerque": 2, "Cap-Breton": 1, "u": 1, "Trait\u00e9 de Paix": 1, "Trait\u00e9s": 1, "Trait\u00e9 concernant la d\u00e9molition des ouvrages de Dunkerque": 1, "Utrecht": 1, "ICI": 1, "IX": 1, "Que le Roi": 1, "Par conclue &": 1, "ter r": 1, "Ports & \u00e9cluses": 1, "Roi": 1, "Trait\u00e9": 1, "Port de Dunkerque": 1, "Commissaires Anglais": 1, "\u00e9cluse de Berges": 1, "Pays": 1, "Nation Anglaise": 1, "Reine Anne": 1, "Mr. Armstrong": 1}, "year": "1749", "month": "04", "page": "22"}