{"ents_info": {"Dieu": {"label": "MISC", "kb_qid": "Q190", "url_wikidata": "https://www.wikidata.org/wiki/Q190"}, "Pontifes Romains": {"label": "LOC", "kb_qid": "Q13365614", "url_wikidata": "https://www.wikidata.org/wiki/Q13365614"}, "Fid\u00e8les Chr\u00e9tiens": {"label": "MISC", "kb_qid": null, "url_wikidata": null}, "Successeurs": {"label": "MISC", "kb_qid": "Q15994062", "url_wikidata": "https://www.wikidata.org/wiki/Q15994062"}, "Jubil\u00e9": {"label": "LOC", "kb_qid": "Q15955568", "url_wikidata": "https://www.wikidata.org/wiki/Q15955568"}, "Familles": {"label": "MISC", "kb_qid": "Q35409", "url_wikidata": "https://www.wikidata.org/wiki/Q35409"}, "gr ace": {"label": "PER", "kb_qid": null, "url_wikidata": null}, "Eg": {"label": "MISC", "kb_qid": "Q236910", "url_wikidata": "https://www.wikidata.org/wiki/Q236910"}, "Sainte, &": {"label": "MISC", "kb_qid": null, "url_wikidata": null}, "Solstice de l'hiver": {"label": "ORG", "kb_qid": null, "url_wikidata": null}, "Nous vous annon\u00e7ons, \u00e0 vous tous qui port\u00e9s le nom de": {"label": "MISC", "kb_qid": null, "url_wikidata": null}, "Catholiques, &": {"label": "MISC", "kb_qid": null, "url_wikidata": null}, "Nous vous exhortons de ne point": {"label": "MISC", "kb_qid": null, "url_wikidata": null}, "gr ace du Seigneur, &": {"label": "MISC", "kb_qid": null, "url_wikidata": null}, "Apostolique": {"label": "MISC", "kb_qid": "Q1147274", "url_wikidata": "https://www.wikidata.org/wiki/Q1147274"}, "Notre Seigneur J\u00e9sus-Christ": {"label": "MISC", "kb_qid": "Q302", "url_wikidata": "https://www.wikidata.org/wiki/Q302"}}, "ents_freq": {"Dieu": 1, "Pontifes Romains": 1, "Fid\u00e8les Chr\u00e9tiens": 1, "Successeurs": 1, "Jubil\u00e9": 1, "Familles": 1, "gr ace": 1, "Eg": 2, "Sainte, &": 1, "Solstice de l'hiver": 1, "Nous vous annon\u00e7ons, \u00e0 vous tous qui port\u00e9s le nom de": 1, "Catholiques, &": 1, "Nous vous exhortons de ne point": 1, "gr ace du Seigneur, &": 1, "Apostolique": 1, "Notre Seigneur J\u00e9sus-Christ": 1}, "year": "1749", "month": "10", "page": "5"}