{"ents_info": {"Clx du Cabine 6": {"label": "LOC", "kb_qid": null, "url_wikidata": null}, "Duch\u00e9": {"label": "LOC", "kb_qid": "Q154547", "url_wikidata": "https://www.wikidata.org/wiki/Q154547"}, "\u00c9lection": {"label": "MISC", "kb_qid": "Q2250551", "url_wikidata": "https://www.wikidata.org/wiki/Q2250551"}, "Duc": {"label": "PER", "kb_qid": "Q71747", "url_wikidata": "https://www.wikidata.org/wiki/Q71747"}, "Du, &": {"label": "MISC", "kb_qid": null, "url_wikidata": null}, "L'ironie, o\u00f9 se": {"label": "MISC", "kb_qid": null, "url_wikidata": null}, "Corps": {"label": "MISC", "kb_qid": "Q519313", "url_wikidata": "https://www.wikidata.org/wiki/Q519313"}, "Retie de la Cour lande": {"label": "MISC", "kb_qid": null, "url_wikidata": null}, "Laponie": {"label": "LOC", "kb_qid": "Q5700", "url_wikidata": "https://www.wikidata.org/wiki/Q5700"}, "Provinces": {"label": "LOC", "kb_qid": "Q83116", "url_wikidata": "https://www.wikidata.org/wiki/Q83116"}, "Ports de mer": {"label": "LOC", "kb_qid": "Q44782", "url_wikidata": "https://www.wikidata.org/wiki/Q44782"}, "R\u00e9giment": {"label": "LOC", "kb_qid": "Q52371", "url_wikidata": "https://www.wikidata.org/wiki/Q52371"}, "Finlande": {"label": "LOC", "kb_qid": "Q33", "url_wikidata": "https://www.wikidata.org/wiki/Q33"}, "Province": {"label": "LOC", "kb_qid": "Q83116", "url_wikidata": "https://www.wikidata.org/wiki/Q83116"}, "G\u00e9n\u00e9ral Comte de Lac": {"label": "PER", "kb_qid": null, "url_wikidata": null}, "Imp\u00e9ratrice": {"label": "PER", "kb_qid": "Q157130", "url_wikidata": "https://www.wikidata.org/wiki/Q157130"}, "Cherbourg & Riga": {"label": "LOC", "kb_qid": null, "url_wikidata": null}, "Cour": {"label": "LOC", "kb_qid": "Q122880", "url_wikidata": "https://www.wikidata.org/wiki/Q122880"}, "Moscou": {"label": "LOC", "kb_qid": "Q649", "url_wikidata": "https://www.wikidata.org/wiki/Q649"}, "Mai": {"label": "PER", "kb_qid": "Q119", "url_wikidata": "https://www.wikidata.org/wiki/Q119"}, "Amiraut\u00e9": {"label": "ORG", "kb_qid": "Q396266", "url_wikidata": "https://www.wikidata.org/wiki/Q396266"}, "Flotte": {"label": "LOC", "kb_qid": "Q11602409", "url_wikidata": "https://www.wikidata.org/wiki/Q11602409"}, "Conseil": {"label": "ORG", "kb_qid": "Q2993894", "url_wikidata": "https://www.wikidata.org/wiki/Q2993894"}, "Corps de troupes": {"label": "ORG", "kb_qid": "Q17176654", "url_wikidata": "https://www.wikidata.org/wiki/Q17176654"}, "Des cottes, afin d'\u00eatre": {"label": "MISC", "kb_qid": null, "url_wikidata": null}, "Galeries &": {"label": "ORG", "kb_qid": null, "url_wikidata": null}, "B\u00e2timent": {"label": "LOC", "kb_qid": "Q3333739", "url_wikidata": "https://www.wikidata.org/wiki/Q3333739"}, "las Marine": {"label": "MISC", "kb_qid": null, "url_wikidata": null}, "Vaisseaux": {"label": "MISC", "kb_qid": "Q3553318", "url_wikidata": "https://www.wikidata.org/wiki/Q3553318"}, "Chantiers de l'Amiraut\u00e9": {"label": "ORG", "kb_qid": null, "url_wikidata": null}, "Membres": {"label": "MISC", "kb_qid": "Q16707842", "url_wikidata": "https://www.wikidata.org/wiki/Q16707842"}}, "ents_freq": {"Clx du Cabine 6": 1, "Duch\u00e9": 1, "\u00c9lection": 1, "Duc": 1, "Du, &": 1, "L'ironie, o\u00f9 se": 1, "Corps": 1, "Retie de la Cour lande": 1, "Laponie": 1, "Provinces": 1, "Ports de mer": 1, "R\u00e9giment": 1, "Finlande": 1, "Province": 1, "G\u00e9n\u00e9ral Comte de Lac": 1, "Imp\u00e9ratrice": 1, "Cherbourg & Riga": 1, "Cour": 1, "Moscou": 1, "Mai": 1, "Amiraut\u00e9": 1, "Flotte": 1, "Conseil": 1, "Corps de troupes": 1, "Des cottes, afin d'\u00eatre": 1, "Galeries &": 1, "B\u00e2timent": 1, "las Marine": 1, "Vaisseaux": 1, "Chantiers de l'Amiraut\u00e9": 1, "Membres": 1}, "year": "1749", "month": "07", "page": "65"}