{"ents_info": {"La Clef du Cabinet 324": {"label": "MISC", "kb_qid": null, "url_wikidata": null}, "aF": {"label": "MISC", "kb_qid": "Q11223", "url_wikidata": "https://www.wikidata.org/wiki/Q11223"}, "raison.0": {"label": "PER", "kb_qid": null, "url_wikidata": null}, "Paris": {"label": "LOC", "kb_qid": "Q90", "url_wikidata": "https://www.wikidata.org/wiki/Q90"}, "H\u00f4tel de Bourgogne": {"label": "LOC", "kb_qid": "Q1643111", "url_wikidata": "https://www.wikidata.org/wiki/Q1643111"}, "Mr. P\u00e9p\u00e8re": {"label": "PER", "kb_qid": null, "url_wikidata": null}, "Mr. Taylor": {"label": "PER", "kb_qid": null, "url_wikidata": null}, "Anglais": {"label": "MISC", "kb_qid": "Q21", "url_wikidata": "https://www.wikidata.org/wiki/Q21"}, "Oculiste": {"label": "MISC", "kb_qid": "Q161437", "url_wikidata": "https://www.wikidata.org/wiki/Q161437"}, "M\u00e9moires": {"label": "MISC", "kb_qid": "Q649013", "url_wikidata": "https://www.wikidata.org/wiki/Q649013"}, "Taylor st Oculiste": {"label": "PER", "kb_qid": null, "url_wikidata": null}, "Roi de la Grande Bretagne": {"label": "PER", "kb_qid": null, "url_wikidata": null}, "Bovines Unies": {"label": "LOC", "kb_qid": null, "url_wikidata": null}, "Direct &": {"label": "ORG", "kb_qid": null, "url_wikidata": null}, "La Haye": {"label": "LOC", "kb_qid": "Q36600", "url_wikidata": "https://www.wikidata.org/wiki/Q36600"}, "Bruxelles": {"label": "LOC", "kb_qid": "Q9005", "url_wikidata": "https://www.wikidata.org/wiki/Q9005"}, "Angleterre": {"label": "LOC", "kb_qid": "Q21", "url_wikidata": "https://www.wikidata.org/wiki/Q21"}, "IV": {"label": "MISC", "kb_qid": "Q12186", "url_wikidata": "https://www.wikidata.org/wiki/Q12186"}, "Marquise Ca\u0308tanoAgnesi": {"label": "PER", "kb_qid": null, "url_wikidata": null}, "Maison du Bilanez, &": {"label": "MISC", "kb_qid": null, "url_wikidata": null}, "Acad\u00e9mie des Sciences de Bologne": {"label": "ORG", "kb_qid": null, "url_wikidata": null}, "Ouvrage intitul\u00e9": {"label": "MISC", "kb_qid": null, "url_wikidata": null}, "Instructions Analytiques,": {"label": "MISC", "kb_qid": null, "url_wikidata": null}}, "ents_freq": {"La Clef du Cabinet 324": 1, "aF": 1, "raison.0": 1, "Paris": 2, "H\u00f4tel de Bourgogne": 1, "Mr. P\u00e9p\u00e8re": 1, "Mr. Taylor": 1, "Anglais": 1, "Oculiste": 1, "M\u00e9moires": 1, "Taylor st Oculiste": 1, "Roi de la Grande Bretagne": 1, "Bovines Unies": 1, "Direct &": 1, "La Haye": 1, "Bruxelles": 1, "Angleterre": 1, "IV": 1, "Marquise Ca\u0308tanoAgnesi": 1, "Maison du Bilanez, &": 1, "Acad\u00e9mie des Sciences de Bologne": 1, "Ouvrage intitul\u00e9": 1, "Instructions Analytiques,": 1}, "year": "1749", "month": "11", "page": "21"}