{"ents_info": {"Sacrement": {"label": "MISC", "kb_qid": "Q49703", "url_wikidata": "https://www.wikidata.org/wiki/Q49703"}, "Clef du Cabinet 198 dan t": {"label": "MISC", "kb_qid": null, "url_wikidata": null}, "Sa Maj": {"label": "PER", "kb_qid": null, "url_wikidata": null}, "li r": {"label": "LOC", "kb_qid": null, "url_wikidata": null}, "Exit": {"label": "PER", "kb_qid": "Q3061979", "url_wikidata": "https://www.wikidata.org/wiki/Q3061979"}, "Arr\u00eat bec": {"label": "MISC", "kb_qid": null, "url_wikidata": null}, "Mr. Coffin": {"label": "MISC", "kb_qid": null, "url_wikidata": null}, "Recteur": {"label": "PER", "kb_qid": "Q52769526", "url_wikidata": "https://www.wikidata.org/wiki/Q52769526"}, "Universit\u00e9 de Paris": {"label": "ORG", "kb_qid": "Q2845896", "url_wikidata": "https://www.wikidata.org/wiki/Q2845896"}, "Me": {"label": "PER", "kb_qid": "Q484892", "url_wikidata": "https://www.wikidata.org/wiki/Q484892"}, "Cur\u00e9 de St. Etienne du Mont": {"label": "PER", "kb_qid": null, "url_wikidata": null}, "Bulle": {"label": "LOC", "kb_qid": "Q189867", "url_wikidata": "https://www.wikidata.org/wiki/Q189867"}, "Universit\u00e9": {"label": "ORG", "kb_qid": "Q2845896", "url_wikidata": "https://www.wikidata.org/wiki/Q2845896"}, "Concile g\u00e9n\u00e9ral:": {"label": "MISC", "kb_qid": null, "url_wikidata": null}, "autorit\u00e9 Royale": {"label": "ORG", "kb_qid": null, "url_wikidata": null}, "Parlement de Paris": {"label": "ORG", "kb_qid": "Q1242473", "url_wikidata": "https://www.wikidata.org/wiki/Q1242473"}, "Chambres de ce Parlement": {"label": "ORG", "kb_qid": null, "url_wikidata": null}, "Messieurs": {"label": "PER", "kb_qid": "Q1104153", "url_wikidata": "https://www.wikidata.org/wiki/Q1104153"}, "Paris": {"label": "LOC", "kb_qid": "Q90", "url_wikidata": "https://www.wikidata.org/wiki/Q90"}, "Parlement": {"label": "ORG", "kb_qid": "Q11010", "url_wikidata": "https://www.wikidata.org/wiki/Q11010"}, "Mr. Archambault": {"label": "MISC", "kb_qid": null, "url_wikidata": null}, "Archidiacre d'Auxerre": {"label": "PER", "kb_qid": null, "url_wikidata": null}, "Rue": {"label": "LOC", "kb_qid": "Q629405", "url_wikidata": "https://www.wikidata.org/wiki/Q629405"}, "Lyon": {"label": "LOC", "kb_qid": "Q456", "url_wikidata": "https://www.wikidata.org/wiki/Q456"}, "Versailles": {"label": "LOC", "kb_qid": "Q621", "url_wikidata": "https://www.wikidata.org/wiki/Q621"}, "apyres": {"label": "PER", "kb_qid": null, "url_wikidata": null}, "Schisme, &": {"label": "MISC", "kb_qid": null, "url_wikidata": null}}, "ents_freq": {"Sacrement": 4, "Clef du Cabinet 198 dan t": 1, "Sa Maj": 1, "li r": 1, "Exit": 1, "Arr\u00eat bec": 1, "Mr. Coffin": 2, "Recteur": 1, "Universit\u00e9 de Paris": 1, "Me": 1, "Cur\u00e9 de St. Etienne du Mont": 1, "Bulle": 1, "Universit\u00e9": 1, "Concile g\u00e9n\u00e9ral:": 1, "autorit\u00e9 Royale": 1, "Parlement de Paris": 1, "Chambres de ce Parlement": 1, "Messieurs": 1, "Paris": 2, "Parlement": 1, "Mr. Archambault": 1, "Archidiacre d'Auxerre": 1, "Rue": 1, "Lyon": 1, "Versailles": 1, "apyres": 1, "Schisme, &": 1}, "year": "1749", "month": "09", "page": "41"}