{"ents_info": {"Prises": {"label": "MISC", "kb_qid": null, "url_wikidata": null}, "B\u00e9thune": {"label": "LOC", "kb_qid": null, "url_wikidata": null}, "J\u00e9rusalem": {"label": "LOC", "kb_qid": null, "url_wikidata": null}, "Arm\u00e9e d'aulof\u00e9e": {"label": "ORG", "kb_qid": null, "url_wikidata": null}, "Lieux": {"label": "LOC", "kb_qid": null, "url_wikidata": null}, "Dieu": {"label": "MISC", "kb_qid": null, "url_wikidata": null}, "Peuple": {"label": "MISC", "kb_qid": null, "url_wikidata": null}, "ayez toujours le Seigneur": {"label": "MISC", "kb_qid": null, "url_wikidata": null}, "Dia": {"label": "PER", "kb_qid": null, "url_wikidata": null}, "Foi": {"label": "MISC", "kb_qid": null, "url_wikidata": null}, "Gitter": {"label": "LOC", "kb_qid": null, "url_wikidata": null}, "Place de Grever": {"label": "LOC", "kb_qid": null, "url_wikidata": null}, "Temple de la Paix": {"label": "LOC", "kb_qid": null, "url_wikidata": null}, "Roi": {"label": "PER", "kb_qid": null, "url_wikidata": null}, "la France": {"label": "LOC", "kb_qid": null, "url_wikidata": null}, "Ifs": {"label": "LOC", "kb_qid": null, "url_wikidata": null}, "place de Grever": {"label": "LOC", "kb_qid": null, "url_wikidata": null}, "R": {"label": "LOC", "kb_qid": null, "url_wikidata": null}}, "ents_freq": {"Prises": 1, "B\u00e9thune": 1, "J\u00e9rusalem": 1, "Arm\u00e9e d'aulof\u00e9e": 1, "Lieux": 1, "Dieu": 1, "Peuple": 1, "ayez toujours le Seigneur": 1, "Dia": 1, "Foi": 1, "Gitter": 1, "Place de Grever": 1, "Temple de la Paix": 1, "Roi": 1, "la France": 1, "Ifs": 1, "place de Grever": 1, "R": 1}, "year": "1749", "month": "04", "page": "18"}