{"ents_info": {"La Clef du Cabine 164": {"label": "MISC", "kb_qid": null, "url_wikidata": null}, "Dieu": {"label": "MISC", "kb_qid": null, "url_wikidata": null}, "Trait\u00e9 de Morale": {"label": "MISC", "kb_qid": null, "url_wikidata": null}, "Mr.": {"label": "PER", "kb_qid": null, "url_wikidata": null}, "Mr. Varan": {"label": "PER", "kb_qid": null, "url_wikidata": null}, "M\u00e9decine Chirurgie": {"label": "MISC", "kb_qid": null, "url_wikidata": null}, "M\u00e9decins & Chirurgiens": {"label": "ORG", "kb_qid": null, "url_wikidata": null}, "strangule": {"label": "PER", "kb_qid": null, "url_wikidata": null}, "Modernes &": {"label": "MISC", "kb_qid": null, "url_wikidata": null}, "Charlatanerie": {"label": "LOC", "kb_qid": null, "url_wikidata": null}, "Par\u00e9 & d'autres modernes": {"label": "MISC", "kb_qid": null, "url_wikidata": null}}, "ents_freq": {"La Clef du Cabine 164": 1, "Dieu": 2, "Trait\u00e9 de Morale": 1, "Mr.": 1, "Mr. Varan": 2, "M\u00e9decine Chirurgie": 1, "M\u00e9decins & Chirurgiens": 1, "strangule": 1, "Modernes &": 1, "Charlatanerie": 1, "Par\u00e9 & d'autres modernes": 1}, "year": "1749", "month": "09", "page": "7"}