{"ents_info": {"L Clx du Cabinet 50": {"label": "MISC", "kb_qid": null, "url_wikidata": null}, "Eg": {"label": "MISC", "kb_qid": null, "url_wikidata": null}, "Capitale &": {"label": "ORG", "kb_qid": null, "url_wikidata": null}, "Royaume": {"label": "LOC", "kb_qid": null, "url_wikidata": null}, "saint Janvier": {"label": "PER", "kb_qid": null, "url_wikidata": null}, "Co\u00eftes": {"label": "ORG", "kb_qid": null, "url_wikidata": null}, "Corsaires Alg\u00e9riens": {"label": "LOC", "kb_qid": null, "url_wikidata": null}, "B\u00e2timent": {"label": "LOC", "kb_qid": null, "url_wikidata": null}, "Constantinople": {"label": "LOC", "kb_qid": null, "url_wikidata": null}, "Porte": {"label": "LOC", "kb_qid": null, "url_wikidata": null}, "Turquie": {"label": "LOC", "kb_qid": null, "url_wikidata": null}, "la Porte": {"label": "LOC", "kb_qid": null, "url_wikidata": null}, "Perse": {"label": "LOC", "kb_qid": null, "url_wikidata": null}, "\u00c9tats": {"label": "LOC", "kb_qid": null, "url_wikidata": null}, "Mures": {"label": "LOC", "kb_qid": null, "url_wikidata": null}}, "ents_freq": {"L Clx du Cabinet 50": 1, "Eg": 1, "Capitale &": 1, "Royaume": 2, "saint Janvier": 1, "Co\u00eftes": 1, "Corsaires Alg\u00e9riens": 1, "B\u00e2timent": 2, "Constantinople": 1, "Porte": 1, "Turquie": 1, "la Porte": 1, "Perse": 1, "\u00c9tats": 1, "Mures": 1}, "year": "1749", "month": "07", "page": "49"}