{"ents_info": {"La Clef du Cabine 6 Dans une place": {"label": "MISC", "kb_qid": null, "url_wikidata": null}, "Temple": {"label": "MISC", "kb_qid": null, "url_wikidata": null}, "Fus\u00e9es & autres sortes d'ratifi\u00e9": {"label": "MISC", "kb_qid": null, "url_wikidata": null}, "Girandole": {"label": "PER", "kb_qid": null, "url_wikidata": null}, "Renomm\u00e9e": {"label": "MISC", "kb_qid": null, "url_wikidata": null}, "Soleil": {"label": "LOC", "kb_qid": null, "url_wikidata": null}, "I2": {"label": "ORG", "kb_qid": null, "url_wikidata": null}, "Secret, la Religion, la Sagesse, la Libert\u00e9, la Force": {"label": "MISC", "kb_qid": null, "url_wikidata": null}, "Science, les Arts, IA Prosp\u00e9rit\u00e9 de l'Ekat &": {"label": "ORG", "kb_qid": null, "url_wikidata": null}, "& Illumin\u00e9s": {"label": "ORG", "kb_qid": null, "url_wikidata": null}, "Aix": {"label": "LOC", "kb_qid": null, "url_wikidata": null}, "Ciel": {"label": "PER", "kb_qid": null, "url_wikidata": null}, "Tableau": {"label": "MISC", "kb_qid": null, "url_wikidata": null}, "\u00c9tats G\u00e9n\u00e9raux": {"label": "LOC", "kb_qid": null, "url_wikidata": null}, "Grec": {"label": "MISC", "kb_qid": null, "url_wikidata": null}, "Mgr": {"label": "PER", "kb_qid": null, "url_wikidata": null}, "le Stadhouder": {"label": "LOC", "kb_qid": null, "url_wikidata": null}, "aF": {"label": "MISC", "kb_qid": null, "url_wikidata": null}, "H\u00e9ros habill\u00e9 \u00e0 la Romaine;": {"label": "MISC", "kb_qid": null, "url_wikidata": null}, "Neptune": {"label": "LOC", "kb_qid": null, "url_wikidata": null}, "Pavillon de la droite": {"label": "LOC", "kb_qid": null, "url_wikidata": null}, "Arm\u00e9e Russienne": {"label": "ORG", "kb_qid": null, "url_wikidata": null}, "Mercure": {"label": "LOC", "kb_qid": null, "url_wikidata": null}, "Tableaux \u00e9taient la": {"label": "MISC", "kb_qid": null, "url_wikidata": null}, "Religion & la Libert\u00e9": {"label": "ORG", "kb_qid": null, "url_wikidata": null}, "Stathoud\u00e9rat": {"label": "LOC", "kb_qid": null, "url_wikidata": null}, "Pavillon de la gan 8e": {"label": "LOC", "kb_qid": null, "url_wikidata": null}}, "ents_freq": {"La Clef du Cabine 6 Dans une place": 1, "Temple": 4, "Fus\u00e9es & autres sortes d'ratifi\u00e9": 1, "Girandole": 1, "Renomm\u00e9e": 1, "Soleil": 1, "I2": 2, "Secret, la Religion, la Sagesse, la Libert\u00e9, la Force": 1, "Science, les Arts, IA Prosp\u00e9rit\u00e9 de l'Ekat &": 1, "& Illumin\u00e9s": 1, "Aix": 1, "Ciel": 1, "Tableau": 1, "\u00c9tats G\u00e9n\u00e9raux": 1, "Grec": 1, "Mgr": 1, "le Stadhouder": 1, "aF": 1, "H\u00e9ros habill\u00e9 \u00e0 la Romaine;": 1, "Neptune": 1, "Pavillon de la droite": 1, "Arm\u00e9e Russienne": 1, "Mercure": 1, "Tableaux \u00e9taient la": 1, "Religion & la Libert\u00e9": 1, "Stathoud\u00e9rat": 1, "Pavillon de la gan 8e": 1}, "year": "1749", "month": "08", "page": "17"}