{"ents_info": {"La Clef du Canot Long": {"label": "MISC", "kb_qid": null, "url_wikidata": null}, "Oleg Ordonnances du Roi": {"label": "PER", "kb_qid": null, "url_wikidata": null}, "Iain": {"label": "PER", "kb_qid": "Q2757690", "url_wikidata": "https://www.wikidata.org/wiki/Q2757690"}, "Provinces & Places fronti\u00e8res": {"label": "LOC", "kb_qid": null, "url_wikidata": null}, "La seconde": {"label": "MISC", "kb_qid": "Q846889", "url_wikidata": "https://www.wikidata.org/wiki/Q846889"}, "Accor": {"label": "ORG", "kb_qid": "Q212599", "url_wikidata": "https://www.wikidata.org/wiki/Q212599"}, "Navires Marchands": {"label": "MISC", "kb_qid": "Q2035668", "url_wikidata": "https://www.wikidata.org/wiki/Q2035668"}, "Louisiane": {"label": "LOC", "kb_qid": "Q1588", "url_wikidata": "https://www.wikidata.org/wiki/Q1588"}, "Volontaires de Gantes": {"label": "ORG", "kb_qid": null, "url_wikidata": null}, "Compagnies de Chasseurs": {"label": "ORG", "kb_qid": null, "url_wikidata": null}, "S'abattiez & de Colonne, ensemble": {"label": "MISC", "kb_qid": null, "url_wikidata": null}, "Compagnie des Volontaires e Rancis,": {"label": "ORG", "kb_qid": null, "url_wikidata": null}, "Corps": {"label": "ORG", "kb_qid": "Q1060535", "url_wikidata": "https://www.wikidata.org/wiki/Q1060535"}, "Volontaires du Dauphin\u00e9": {"label": "LOC", "kb_qid": null, "url_wikidata": null}, "Je Corps des Volontaires Royal 646": {"label": "MISC", "kb_qid": null, "url_wikidata": null}, "Bataillon de Fusiliers": {"label": "MISC", "kb_qid": "Q1483744", "url_wikidata": "https://www.wikidata.org/wiki/Q1483744"}, "Compagnie d'Arquebusiers d'Argon": {"label": "ORG", "kb_qid": null, "url_wikidata": null}, "Fusiliers": {"label": "LOC", "kb_qid": "Q1483744", "url_wikidata": "https://www.wikidata.org/wiki/Q1483744"}, "Roi": {"label": "PER", "kb_qid": "Q13592862", "url_wikidata": "https://www.wikidata.org/wiki/Q13592862"}, "aC ana": {"label": "PER", "kb_qid": null, "url_wikidata": null}, "Armet": {"label": "MISC", "kb_qid": "Q686479", "url_wikidata": "https://www.wikidata.org/wiki/Q686479"}, "Conseil d'Ekat": {"label": "ORG", "kb_qid": null, "url_wikidata": null}, "Capitation": {"label": "PER", "kb_qid": "Q15054442", "url_wikidata": "https://www.wikidata.org/wiki/Q15054442"}, "Errer;.": {"label": "LOC", "kb_qid": null, "url_wikidata": null}, "& Sa Maj.": {"label": "LOC", "kb_qid": null, "url_wikidata": null}, "Pr\u00e9v\u00f4t des Marchands & les \u00c9chevins": {"label": "PER", "kb_qid": null, "url_wikidata": null}, "Receveurs": {"label": "ORG", "kb_qid": "Q918224", "url_wikidata": "https://www.wikidata.org/wiki/Q918224"}}, "ents_freq": {"La Clef du Canot Long": 1, "Oleg Ordonnances du Roi": 1, "Iain": 1, "Provinces & Places fronti\u00e8res": 1, "La seconde": 1, "Accor": 1, "Navires Marchands": 1, "Louisiane": 1, "Volontaires de Gantes": 1, "Compagnies de Chasseurs": 1, "S'abattiez & de Colonne, ensemble": 1, "Compagnie des Volontaires e Rancis,": 1, "Corps": 1, "Volontaires du Dauphin\u00e9": 1, "Je Corps des Volontaires Royal 646": 1, "Bataillon de Fusiliers": 1, "Compagnie d'Arquebusiers d'Argon": 1, "Fusiliers": 1, "Roi": 1, "aC ana": 1, "Armet": 1, "Conseil d'Ekat": 1, "Capitation": 2, "Errer;.": 1, "& Sa Maj.": 1, "Pr\u00e9v\u00f4t des Marchands & les \u00c9chevins": 1, "Receveurs": 1}, "year": "1749", "month": "02", "page": "27"}