{"ents_info": {"Pr\u00f4n\u00e9es": {"label": "LOC", "kb_qid": null, "url_wikidata": null}, "25 Mr. Mahaut": {"label": "MISC", "kb_qid": null, "url_wikidata": null}, "G\u00e9n\u00e9ral des Finances": {"label": "PER", "kb_qid": "Q2250551", "url_wikidata": "https://www.wikidata.org/wiki/Q2250551"}, "Roi": {"label": "PER", "kb_qid": "Q12097", "url_wikidata": "https://www.wikidata.org/wiki/Q12097"}, "Ministre \u00c9tat": {"label": "ORG", "kb_qid": null, "url_wikidata": null}, "Chevalier de Guiche": {"label": "PER", "kb_qid": null, "url_wikidata": null}, "R\u00e9giment de Cavalerie de Cond\u00e9": {"label": "ORG", "kb_qid": null, "url_wikidata": null}, "Mr. Moreau de Seychelles": {"label": "PER", "kb_qid": null, "url_wikidata": null}, "Conseiller d'Ekat": {"label": "LOC", "kb_qid": null, "url_wikidata": null}, "Ilya": {"label": "PER", "kb_qid": "Q183509", "url_wikidata": "https://www.wikidata.org/wiki/Q183509"}, "Intendances": {"label": "LOC", "kb_qid": "Q3153026", "url_wikidata": "https://www.wikidata.org/wiki/Q3153026"}, "Billy de Frioulan": {"label": "LOC", "kb_qid": null, "url_wikidata": null}, "Ambassadeur de la Religion de Marthe": {"label": "PER", "kb_qid": null, "url_wikidata": null}, "Roi les Bulles du Pape": {"label": "MISC", "kb_qid": null, "url_wikidata": null}, "Prince de Conti": {"label": "PER", "kb_qid": "Q464674", "url_wikidata": "https://www.wikidata.org/wiki/Q464674"}, "Grand Prieur\u00e9 de France": {"label": "LOC", "kb_qid": null, "url_wikidata": null}, "Chevalier d'Orl\u00e9ans": {"label": "PER", "kb_qid": null, "url_wikidata": null}, "Comte de Sussex": {"label": "LOC", "kb_qid": "Q1232864", "url_wikidata": "https://www.wikidata.org/wiki/Q1232864"}, "Lord Catchent": {"label": "PER", "kb_qid": null, "url_wikidata": null}, "Paris": {"label": "LOC", "kb_qid": "Q90", "url_wikidata": "https://www.wikidata.org/wiki/Q90"}, "Grande- Bretagne": {"label": "LOC", "kb_qid": "Q23666", "url_wikidata": "https://www.wikidata.org/wiki/Q23666"}, "Jour en jour, la nouvelle que": {"label": "MISC", "kb_qid": null, "url_wikidata": null}, "Cap-Breton": {"label": "LOC", "kb_qid": "Q188489", "url_wikidata": "https://www.wikidata.org/wiki/Q188489"}, "la Rochelle": {"label": "LOC", "kb_qid": "Q82185", "url_wikidata": "https://www.wikidata.org/wiki/Q82185"}, "Flotte Ur": {"label": "LOC", "kb_qid": null, "url_wikidata": null}, "Taobao": {"label": "ORG", "kb_qid": "Q2117484", "url_wikidata": "https://www.wikidata.org/wiki/Q2117484"}, "Versailles": {"label": "LOC", "kb_qid": "Q2946", "url_wikidata": "https://www.wikidata.org/wiki/Q2946"}, "Marquis de Landry,": {"label": "PER", "kb_qid": null, "url_wikidata": null}, "Ambassadeur du Roi": {"label": "PER", "kb_qid": "Q24928431", "url_wikidata": "https://www.wikidata.org/wiki/Q24928431"}, "Cour de Sue": {"label": "LOC", "kb_qid": null, "url_wikidata": null}, "Sa Maj.": {"label": "MISC", "kb_qid": null, "url_wikidata": null}, "Courrier": {"label": "MISC", "kb_qid": "Q1393399", "url_wikidata": "https://www.wikidata.org/wiki/Q1393399"}, "La Haye": {"label": "LOC", "kb_qid": "Q36600", "url_wikidata": "https://www.wikidata.org/wiki/Q36600"}, "Marquis d'Havrincour": {"label": "PER", "kb_qid": null, "url_wikidata": null}, "Angleterre": {"label": "LOC", "kb_qid": "Q179876", "url_wikidata": "https://www.wikidata.org/wiki/Q179876"}, "Stockholm": {"label": "LOC", "kb_qid": "Q1754", "url_wikidata": "https://www.wikidata.org/wiki/Q1754"}}, "ents_freq": {"Pr\u00f4n\u00e9es": 1, "25 Mr. Mahaut": 1, "G\u00e9n\u00e9ral des Finances": 1, "Roi": 2, "Ministre \u00c9tat": 1, "Chevalier de Guiche": 1, "R\u00e9giment de Cavalerie de Cond\u00e9": 1, "Mr. Moreau de Seychelles": 1, "Conseiller d'Ekat": 1, "Ilya": 1, "Intendances": 1, "Billy de Frioulan": 1, "Ambassadeur de la Religion de Marthe": 1, "Roi les Bulles du Pape": 1, "Prince de Conti": 1, "Grand Prieur\u00e9 de France": 1, "Chevalier d'Orl\u00e9ans": 1, "Comte de Sussex": 1, "Lord Catchent": 1, "Paris": 1, "Grande- Bretagne": 1, "Jour en jour, la nouvelle que": 1, "Cap-Breton": 1, "la Rochelle": 1, "Flotte Ur": 1, "Taobao": 1, "Versailles": 1, "Marquis de Landry,": 1, "Ambassadeur du Roi": 1, "Cour de Sue": 1, "Sa Maj.": 1, "Courrier": 1, "La Haye": 1, "Marquis d'Havrincour": 1, "Angleterre": 1, "Stockholm": 1}, "year": "1749", "month": "07", "page": "24"}