{"ents_info": {"Comte de Maures": {"label": "PER", "kb_qid": null, "url_wikidata": null}, "Cl e": {"label": "LOC", "kb_qid": null, "url_wikidata": null}, "Cabinet 420": {"label": "MISC", "kb_qid": null, "url_wikidata": null}, "Anglais": {"label": "LOC", "kb_qid": "Q1860", "url_wikidata": "https://www.wikidata.org/wiki/Q1860"}, "Tabagie, nous": {"label": "MISC", "kb_qid": null, "url_wikidata": null}, "Roi": {"label": "PER", "kb_qid": "Q12097", "url_wikidata": "https://www.wikidata.org/wiki/Q12097"}, "Ministre & Secr\u00e9taire d'Ekat": {"label": "ORG", "kb_qid": null, "url_wikidata": null}, "Maurepas": {"label": "PER", "kb_qid": "Q1684865", "url_wikidata": "https://www.wikidata.org/wiki/Q1684865"}, "Comte d'Argentin": {"label": "PER", "kb_qid": null, "url_wikidata": null}, "S'\u00e9tant rendu chez": {"label": "MISC", "kb_qid": null, "url_wikidata": null}, "Lettre de cachet": {"label": "MISC", "kb_qid": "Q772128", "url_wikidata": "https://www.wikidata.org/wiki/Q772128"}, "Sa Maj": {"label": "PER", "kb_qid": null, "url_wikidata": null}, "Comte de Maurepas": {"label": "PER", "kb_qid": "Q1684865", "url_wikidata": "https://www.wikidata.org/wiki/Q1684865"}, "Issoire": {"label": "LOC", "kb_qid": "Q133824", "url_wikidata": "https://www.wikidata.org/wiki/Q133824"}, "Auvergne": {"label": "LOC", "kb_qid": "Q1152", "url_wikidata": "https://www.wikidata.org/wiki/Q1152"}, "Bourges": {"label": "LOC", "kb_qid": "Q132404", "url_wikidata": "https://www.wikidata.org/wiki/Q132404"}, "Berry": {"label": "LOC", "kb_qid": "Q827169", "url_wikidata": "https://www.wikidata.org/wiki/Q827169"}, "Terre de Pont": {"label": "LOC", "kb_qid": null, "url_wikidata": null}, "Cour": {"label": "LOC", "kb_qid": "Q41487", "url_wikidata": "https://www.wikidata.org/wiki/Q41487"}, "d\u00e9partement de Paris": {"label": "LOC", "kb_qid": "Q90", "url_wikidata": "https://www.wikidata.org/wiki/Q90"}, "Comte d'AR": {"label": "PER", "kb_qid": null, "url_wikidata": null}, "Emplois": {"label": "PER", "kb_qid": "Q656365", "url_wikidata": "https://www.wikidata.org/wiki/Q656365"}, "Isole de France": {"label": "LOC", "kb_qid": null, "url_wikidata": null}, "Brie": {"label": "LOC", "kb_qid": "Q914050", "url_wikidata": "https://www.wikidata.org/wiki/Q914050"}, "S'oiselons,": {"label": "MISC", "kb_qid": null, "url_wikidata": null}, "Orl\u00e9ans": {"label": "LOC", "kb_qid": "Q6548", "url_wikidata": "https://www.wikidata.org/wiki/Q6548"}, "Perche": {"label": "LOC", "kb_qid": "Q21007830", "url_wikidata": "https://www.wikidata.org/wiki/Q21007830"}}, "ents_freq": {"Comte de Maures": 1, "Cl e": 1, "Cabinet 420": 1, "Anglais": 1, "Tabagie, nous": 1, "Roi": 4, "Ministre & Secr\u00e9taire d'Ekat": 2, "Maurepas": 1, "Comte d'Argentin": 2, "S'\u00e9tant rendu chez": 1, "Lettre de cachet": 1, "Sa Maj": 1, "Comte de Maurepas": 2, "Issoire": 1, "Auvergne": 1, "Bourges": 2, "Berry": 1, "Terre de Pont": 1, "Cour": 1, "d\u00e9partement de Paris": 1, "Comte d'AR": 1, "Emplois": 1, "Isole de France": 1, "Brie": 1, "S'oiselons,": 1, "Orl\u00e9ans": 1, "Perche": 1}, "year": "1749", "month": "06", "page": "25"}