{"ents_info": {"Prenants c.": {"label": "LOC", "kb_qid": null, "url_wikidata": null}, "Militaire": {"label": "LOC", "kb_qid": null, "url_wikidata": null}, "Minist\u00e8re": {"label": "ORG", "kb_qid": null, "url_wikidata": null}, "Couronne": {"label": "ORG", "kb_qid": null, "url_wikidata": null}, "Roi": {"label": "PER", "kb_qid": null, "url_wikidata": null}, "Rome": {"label": "LOC", "kb_qid": null, "url_wikidata": null}, "Armateurs & les": {"label": "ORG", "kb_qid": null, "url_wikidata": null}, "saki sana": {"label": "PER", "kb_qid": null, "url_wikidata": null}, "\u00celes Fran\u00e7aises de l'Am\u00e9lie": {"label": "LOC", "kb_qid": null, "url_wikidata": null}, "Ri": {"label": "MISC", "kb_qid": null, "url_wikidata": null}, "& Colonie:s": {"label": "LOC", "kb_qid": null, "url_wikidata": null}, "Sa Maj.": {"label": "MISC", "kb_qid": null, "url_wikidata": null}, "Nettes": {"label": "MISC", "kb_qid": null, "url_wikidata": null}, "N\u00e9goci\u00e9s": {"label": "MISC", "kb_qid": null, "url_wikidata": null}, "Navires": {"label": "MISC", "kb_qid": null, "url_wikidata": null}, "L'Arr\u00eat du Roi": {"label": "MISC", "kb_qid": null, "url_wikidata": null}, "Janvier": {"label": "PER", "kb_qid": null, "url_wikidata": null}, "Janvier 52": {"label": "MISC", "kb_qid": null, "url_wikidata": null}, "l'Arr\u00eat": {"label": "MISC", "kb_qid": null, "url_wikidata": null}, "Sa Majest\u00e9": {"label": "PER", "kb_qid": null, "url_wikidata": null}, "Am\u00e9rique": {"label": "LOC", "kb_qid": null, "url_wikidata": null}, "Holmes": {"label": "PER", "kb_qid": null, "url_wikidata": null}, "pat": {"label": "ORG", "kb_qid": null, "url_wikidata": null}}, "ents_freq": {"Prenants c.": 1, "Militaire": 1, "Minist\u00e8re": 1, "Couronne": 1, "Roi": 1, "Rome": 1, "Armateurs & les": 1, "saki sana": 1, "\u00celes Fran\u00e7aises de l'Am\u00e9lie": 1, "Ri": 1, "& Colonie:s": 1, "Sa Maj.": 1, "Nettes": 1, "N\u00e9goci\u00e9s": 2, "Navires": 1, "L'Arr\u00eat du Roi": 1, "Janvier": 1, "Janvier 52": 1, "l'Arr\u00eat": 1, "Sa Majest\u00e9": 1, "Am\u00e9rique": 1, "Holmes": 1, "pat": 1}, "year": "1749", "month": "03", "page": "30"}