{"ents_info": {"Cl du Cabinet 3 40": {"label": "LOC", "kb_qid": null, "url_wikidata": null}, "R\u00e9publique": {"label": "LOC", "kb_qid": "Q7270", "url_wikidata": "https://www.wikidata.org/wiki/Q7270"}, "Cursus": {"label": "MISC", "kb_qid": "Q3699661", "url_wikidata": "https://www.wikidata.org/wiki/Q3699661"}, "Mr. de Chauve": {"label": "PER", "kb_qid": null, "url_wikidata": null}, "Lieutenant-G\u00e9n\u00e9ral & M'": {"label": "PER", "kb_qid": null, "url_wikidata": null}, "Massa-": {"label": "LOC", "kb_qid": null, "url_wikidata": null}, "Mrs": {"label": "PER", "kb_qid": "Q924501", "url_wikidata": "https://www.wikidata.org/wiki/Q924501"}, "Giulia": {"label": "PER", "kb_qid": "Q1423569", "url_wikidata": "https://www.wikidata.org/wiki/Q1423569"}, "Chefs": {"label": "MISC", "kb_qid": "Q48352", "url_wikidata": "https://www.wikidata.org/wiki/Q48352"}, "Corse": {"label": "LOC", "kb_qid": "Q14112", "url_wikidata": "https://www.wikidata.org/wiki/Q14112"}, "Gene": {"label": "PER", "kb_qid": "Q207197", "url_wikidata": "https://www.wikidata.org/wiki/Q207197"}, "Billets s\u00e9ditieux": {"label": "MISC", "kb_qid": null, "url_wikidata": null}, "Int\u00e9rieur de la R\u00e9publique": {"label": "ORG", "kb_qid": null, "url_wikidata": null}, "La Noblesse": {"label": "MISC", "kb_qid": "Q83665375", "url_wikidata": "https://www.wikidata.org/wiki/Q83665375"}, "Je Gouvernement": {"label": "MISC", "kb_qid": null, "url_wikidata": null}, "Inattention": {"label": "PER", "kb_qid": "Q6501338", "url_wikidata": "https://www.wikidata.org/wiki/Q6501338"}}, "ents_freq": {"Cl du Cabinet 3 40": 1, "R\u00e9publique": 2, "Cursus": 1, "Mr. de Chauve": 2, "Lieutenant-G\u00e9n\u00e9ral & M'": 1, "Massa-": 1, "Mrs": 1, "Giulia": 1, "Chefs": 1, "Corse": 1, "Gene": 1, "Billets s\u00e9ditieux": 1, "Int\u00e9rieur de la R\u00e9publique": 1, "La Noblesse": 1, "Je Gouvernement": 1, "Inattention": 1}, "year": "1749", "month": "11", "page": "37"}