{"ents_info": {"Pneu": {"label": "ORG", "kb_qid": "Q169545", "url_wikidata": "https://www.wikidata.org/wiki/Q169545"}, "Samedi": {"label": "LOC", "kb_qid": "Q131", "url_wikidata": "https://www.wikidata.org/wiki/Q131"}, "noire Ao\u00fbt": {"label": "MISC", "kb_qid": null, "url_wikidata": null}, "Soldat Romain": {"label": "MISC", "kb_qid": "Q1114493", "url_wikidata": "https://www.wikidata.org/wiki/Q1114493"}, "Jokari": {"label": "PER", "kb_qid": "Q389567", "url_wikidata": "https://www.wikidata.org/wiki/Q389567"}, "Chantres": {"label": "LOC", "kb_qid": null, "url_wikidata": null}, "S\u00e9ance XXIIIe": {"label": "MISC", "kb_qid": null, "url_wikidata": null}, "Reddit": {"label": "ORG", "kb_qid": "Q1136", "url_wikidata": "https://www.wikidata.org/wiki/Q1136"}, "Erg": {"label": "LOC", "kb_qid": "Q319120", "url_wikidata": "https://www.wikidata.org/wiki/Q319120"}, "P\u00e9riode susdite: &": {"label": "MISC", "kb_qid": null, "url_wikidata": null}, "Ab": {"label": "MISC", "kb_qid": "Q1956793", "url_wikidata": "https://www.wikidata.org/wiki/Q1956793"}, "S'indague,": {"label": "MISC", "kb_qid": null, "url_wikidata": null}, "L\u00e9o": {"label": "MISC", "kb_qid": "Q650951", "url_wikidata": "https://www.wikidata.org/wiki/Q650951"}, "Samedi 4": {"label": "MISC", "kb_qid": null, "url_wikidata": null}, "Eue": {"label": "LOC", "kb_qid": "Q571831", "url_wikidata": "https://www.wikidata.org/wiki/Q571831"}, "Inde": {"label": "LOC", "kb_qid": "Q668", "url_wikidata": "https://www.wikidata.org/wiki/Q668"}, "IL": {"label": "ORG", "kb_qid": "Q1204", "url_wikidata": "https://www.wikidata.org/wiki/Q1204"}, "Domine": {"label": "PER", "kb_qid": null, "url_wikidata": null}, "Ire g\u00e9orgienne vous": {"label": "MISC", "kb_qid": null, "url_wikidata": null}, "Dominicale G.": {"label": "MISC", "kb_qid": null, "url_wikidata": null}}, "ents_freq": {"Pneu": 1, "Samedi": 1, "noire Ao\u00fbt": 1, "Soldat Romain": 1, "Jokari": 1, "Chantres": 1, "S\u00e9ance XXIIIe": 1, "Reddit": 1, "Erg": 1, "P\u00e9riode susdite: &": 1, "Ab": 2, "S'indague,": 1, "L\u00e9o": 1, "Samedi 4": 1, "Eue": 3, "Inde": 1, "IL": 1, "Domine": 2, "Ire g\u00e9orgienne vous": 1, "Dominicale G.": 1}, "year": "1749", "month": "12", "page": "4"}