{"ents_info": {"La Clef du Cabinet 352 Mions": {"label": "MISC", "kb_qid": null, "url_wikidata": null}, "Roi": {"label": "PER", "kb_qid": "Q12097", "url_wikidata": "https://www.wikidata.org/wiki/Q12097"}, "Rescrits": {"label": "LOC", "kb_qid": "Q1418386", "url_wikidata": "https://www.wikidata.org/wiki/Q1418386"}, "aF": {"label": "MISC", "kb_qid": "Q11223", "url_wikidata": "https://www.wikidata.org/wiki/Q11223"}, "Cour": {"label": "LOC", "kb_qid": "Q3001001", "url_wikidata": "https://www.wikidata.org/wiki/Q3001001"}, "G\u00e9n\u00e9ral": {"label": "PER", "kb_qid": "Q83460", "url_wikidata": "https://www.wikidata.org/wiki/Q83460"}, "Extraordinaire \u00e0 la Cour de Russie": {"label": "MISC", "kb_qid": null, "url_wikidata": null}, "Comte de Lemming": {"label": "PER", "kb_qid": null, "url_wikidata": null}, "Londres": {"label": "LOC", "kb_qid": "Q84", "url_wikidata": "https://www.wikidata.org/wiki/Q84"}, "Feuerbach": {"label": "PER", "kb_qid": "Q250194", "url_wikidata": "https://www.wikidata.org/wiki/Q250194"}, "Vienne": {"label": "LOC", "kb_qid": "Q26849", "url_wikidata": "https://www.wikidata.org/wiki/Q26849"}, "Sa Maj": {"label": "PER", "kb_qid": null, "url_wikidata": null}, "Ministre": {"label": "ORG", "kb_qid": "Q2139657", "url_wikidata": "https://www.wikidata.org/wiki/Q2139657"}, "Comte de Loos;": {"label": "PER", "kb_qid": null, "url_wikidata": null}, "Chambellan de Monica": {"label": "PER", "kb_qid": null, "url_wikidata": null}, "Ratisbonne le Comte de Sch\u00f6nberg": {"label": "PER", "kb_qid": null, "url_wikidata": null}, "Ministre du Roi": {"label": "ORG", "kb_qid": null, "url_wikidata": null}, "l'Empire": {"label": "LOC", "kb_qid": "Q71084", "url_wikidata": "https://www.wikidata.org/wiki/Q71084"}, "Trait\u00e9": {"label": "MISC", "kb_qid": "Q165755", "url_wikidata": "https://www.wikidata.org/wiki/Q165755"}, "Roi des Branches de la Maison d'Achat": {"label": "PER", "kb_qid": null, "url_wikidata": null}, "Grande Bretagne": {"label": "LOC", "kb_qid": "Q145", "url_wikidata": "https://www.wikidata.org/wiki/Q145"}, "\u00c9lecteur \u201e de Brunswick-Luxembourg": {"label": "MISC", "kb_qid": null, "url_wikidata": null}, "\u00c9tats & possessions": {"label": "ORG", "kb_qid": null, "url_wikidata": null}, "Britannique": {"label": "LOC", "kb_qid": "Q145", "url_wikidata": "https://www.wikidata.org/wiki/Q145"}, "Allemagne": {"label": "LOC", "kb_qid": "Q43287", "url_wikidata": "https://www.wikidata.org/wiki/Q43287"}, "Tram\u00e9": {"label": "LOC", "kb_qid": null, "url_wikidata": null}, "Maison d'Achat": {"label": "MISC", "kb_qid": null, "url_wikidata": null}, "Princes d'Achat": {"label": "LOC", "kb_qid": null, "url_wikidata": null}, "Achat-Sarrebourg": {"label": "MISC", "kb_qid": null, "url_wikidata": null}, "AnhaltDessu": {"label": "LOC", "kb_qid": null, "url_wikidata": null}, "AnhaltZerbst": {"label": "MISC", "kb_qid": null, "url_wikidata": null}, "Dette de l'Empire des Protestations": {"label": "MISC", "kb_qid": null, "url_wikidata": null}, "Duch\u00e9 de Luxembourg": {"label": "LOC", "kb_qid": "Q1759014", "url_wikidata": "https://www.wikidata.org/wiki/Q1759014"}, "Maison \u00c9lectorale d'Hanovre": {"label": "LOC", "kb_qid": null, "url_wikidata": null}}, "ents_freq": {"La Clef du Cabinet 352 Mions": 1, "Roi": 2, "Rescrits": 1, "aF": 1, "Cour": 1, "G\u00e9n\u00e9ral": 1, "Extraordinaire \u00e0 la Cour de Russie": 1, "Comte de Lemming": 1, "Londres": 1, "Feuerbach": 1, "Vienne": 1, "Sa Maj": 2, "Ministre": 1, "Comte de Loos;": 1, "Chambellan de Monica": 1, "Ratisbonne le Comte de Sch\u00f6nberg": 1, "Ministre du Roi": 1, "l'Empire": 1, "Trait\u00e9": 1, "Roi des Branches de la Maison d'Achat": 1, "Grande Bretagne": 1, "\u00c9lecteur \u201e de Brunswick-Luxembourg": 1, "\u00c9tats & possessions": 1, "Britannique": 1, "Allemagne": 1, "Tram\u00e9": 1, "Maison d'Achat": 1, "Princes d'Achat": 1, "Achat-Sarrebourg": 1, "AnhaltDessu": 1, "AnhaltZerbst": 1, "Dette de l'Empire des Protestations": 1, "Duch\u00e9 de Luxembourg": 1, "Maison \u00c9lectorale d'Hanovre": 1}, "year": "1749", "month": "05", "page": "35"}