{"ents_info": {"La Clef du Cabine 2": {"label": "MISC", "kb_qid": null, "url_wikidata": null}, "Paris ilion an": {"label": "LOC", "kb_qid": null, "url_wikidata": null}, "Th\u00e9orie des sentiment agr\u00e9ables,": {"label": "MISC", "kb_qid": null, "url_wikidata": null}, "Philosophie Mariale": {"label": "MISC", "kb_qid": null, "url_wikidata": null}}, "ents_freq": {"La Clef du Cabine 2": 1, "Paris ilion an": 1, "Th\u00e9orie des sentiment agr\u00e9ables,": 1, "Philosophie Mariale": 1}, "year": "1749", "month": "04", "page": "3"}