{"ents_info": {"Prince": {"label": "PER", "kb_qid": "Q7542", "url_wikidata": "https://www.wikidata.org/wiki/Q7542"}, "Janvier": {"label": "PER", "kb_qid": "Q682983", "url_wikidata": "https://www.wikidata.org/wiki/Q682983"}, "aF": {"label": "MISC", "kb_qid": "Q11223", "url_wikidata": "https://www.wikidata.org/wiki/Q11223"}, "Pays": {"label": "LOC", "kb_qid": "Q43702", "url_wikidata": "https://www.wikidata.org/wiki/Q43702"}, "FErans": {"label": "MISC", "kb_qid": null, "url_wikidata": null}, "Places": {"label": "LOC", "kb_qid": "Q16670320", "url_wikidata": "https://www.wikidata.org/wiki/Q16670320"}, "Ur": {"label": "LOC", "kb_qid": "Q5699", "url_wikidata": "https://www.wikidata.org/wiki/Q5699"}, "Gand": {"label": "LOC", "kb_qid": "Q1296", "url_wikidata": "https://www.wikidata.org/wiki/Q1296"}, "Lego": {"label": "MISC", "kb_qid": "Q170484", "url_wikidata": "https://www.wikidata.org/wiki/Q170484"}, "Sar": {"label": "PER", "kb_qid": "Q3473235", "url_wikidata": "https://www.wikidata.org/wiki/Q3473235"}, "Bruxelles": {"label": "LOC", "kb_qid": "Q240", "url_wikidata": "https://www.wikidata.org/wiki/Q240"}, "onen": {"label": "PER", "kb_qid": "Q2850093", "url_wikidata": "https://www.wikidata.org/wiki/Q2850093"}, "Pays-Bas": {"label": "LOC", "kb_qid": "Q29999", "url_wikidata": "https://www.wikidata.org/wiki/Q29999"}, "Consonne d'Angleterre": {"label": "LOC", "kb_qid": null, "url_wikidata": null}, "Paris": {"label": "LOC", "kb_qid": "Q90", "url_wikidata": "https://www.wikidata.org/wiki/Q90"}, "Seigneurs & les Gentilhomme": {"label": "MISC", "kb_qid": null, "url_wikidata": null}, "Journal": {"label": "MISC", "kb_qid": "Q3223697", "url_wikidata": "https://www.wikidata.org/wiki/Q3223697"}, "Chapeau de Vincennes": {"label": "LOC", "kb_qid": null, "url_wikidata": null}, "Marseille": {"label": "LOC", "kb_qid": "Q132885", "url_wikidata": "https://www.wikidata.org/wiki/Q132885"}, "Cive": {"label": "LOC", "kb_qid": "Q6456821", "url_wikidata": "https://www.wikidata.org/wiki/Q6456821"}, "ARTICLE VII": {"label": "MISC", "kb_qid": null, "url_wikidata": null}, "Naissances": {"label": "MISC", "kb_qid": "Q6883875", "url_wikidata": "https://www.wikidata.org/wiki/Q6883875"}, "Mariages & Arts de Princes & autres personnes illustres": {"label": "MISC", "kb_qid": null, "url_wikidata": null}, "LV": {"label": "PER", "kb_qid": "Q1455196", "url_wikidata": "https://www.wikidata.org/wiki/Q1455196"}, "Comte": {"label": "PER", "kb_qid": "Q12718", "url_wikidata": "https://www.wikidata.org/wiki/Q12718"}, "Chambellan de l'Imp\u00e9ratrice de Russie": {"label": "PER", "kb_qid": null, "url_wikidata": null}, "& Pr\u00e9sident de l'": {"label": "ORG", "kb_qid": null, "url_wikidata": null}, "Sciences de Paeterslbourg": {"label": "ORG", "kb_qid": null, "url_wikidata": null}}, "ents_freq": {"Prince": 2, "Janvier": 1, "aF": 1, "Pays": 1, "FErans": 1, "Places": 1, "Ur": 1, "Gand": 1, "Lego": 1, "Sar": 1, "Bruxelles": 1, "onen": 1, "Pays-Bas": 1, "Consonne d'Angleterre": 1, "Paris": 1, "Seigneurs & les Gentilhomme": 1, "Journal": 1, "Chapeau de Vincennes": 1, "Marseille": 1, "Cive": 1, "ARTICLE VII": 1, "Naissances": 1, "Mariages & Arts de Princes & autres personnes illustres": 1, "LV": 1, "Comte": 1, "Chambellan de l'Imp\u00e9ratrice de Russie": 1, "& Pr\u00e9sident de l'": 1, "Sciences de Paeterslbourg": 1}, "year": "1749", "month": "01", "page": "76"}