{"ents_info": {"Priants e. Novembre": {"label": "LOC", "kb_qid": null, "url_wikidata": null}, "\u00c9tats": {"label": "LOC", "kb_qid": "Q35657", "url_wikidata": "https://www.wikidata.org/wiki/Q35657"}, "Sa": {"label": "PER", "kb_qid": "Q181620", "url_wikidata": "https://www.wikidata.org/wiki/Q181620"}, "Comte de Ro\u0302nigsegg": {"label": "PER", "kb_qid": null, "url_wikidata": null}, "Mar\u00e9chal": {"label": "PER", "kb_qid": "Q474485", "url_wikidata": "https://www.wikidata.org/wiki/Q474485"}, "Ves": {"label": "LOC", "kb_qid": "Q3553807", "url_wikidata": "https://www.wikidata.org/wiki/Q3553807"}, "Votre Majest\u00e9": {"label": "PER", "kb_qid": "Q1415029", "url_wikidata": "https://www.wikidata.org/wiki/Q1415029"}, "Auguste": {"label": "PER", "kb_qid": "Q211804", "url_wikidata": "https://www.wikidata.org/wiki/Q211804"}, "Autriche": {"label": "LOC", "kb_qid": "Q298750", "url_wikidata": "https://www.wikidata.org/wiki/Q298750"}, "En ns": {"label": "MISC", "kb_qid": null, "url_wikidata": null}, "S. M.": {"label": "PER", "kb_qid": "Q669458", "url_wikidata": "https://www.wikidata.org/wiki/Q669458"}, "Ratification de": {"label": "ORG", "kb_qid": null, "url_wikidata": null}}, "ents_freq": {"Priants e. Novembre": 1, "\u00c9tats": 4, "Sa": 1, "Comte de Ro\u0302nigsegg": 1, "Mar\u00e9chal": 1, "Ves": 1, "Votre Majest\u00e9": 1, "Auguste": 1, "Autriche": 1, "En ns": 1, "S. M.": 1, "Ratification de": 1}, "year": "1749", "month": "11", "page": "60"}