{"ents_info": {"La Clef dus C\u00e2bles": {"label": "MISC", "kb_qid": null, "url_wikidata": null}, "Royaume": {"label": "LOC", "kb_qid": null, "url_wikidata": null}, "Cour": {"label": "ORG", "kb_qid": null, "url_wikidata": null}, "Avril": {"label": "LOC", "kb_qid": null, "url_wikidata": null}, "Norv\u00e8ge": {"label": "LOC", "kb_qid": null, "url_wikidata": null}, "Roi": {"label": "PER", "kb_qid": null, "url_wikidata": null}, "Sa Majest\u00e9": {"label": "PER", "kb_qid": null, "url_wikidata": null}, "Ministre": {"label": "ORG", "kb_qid": null, "url_wikidata": null}, "Cour de Su": {"label": "LOC", "kb_qid": null, "url_wikidata": null}, "les Garnisons": {"label": "ORG", "kb_qid": null, "url_wikidata": null}, "Sa Maj.": {"label": "MISC", "kb_qid": null, "url_wikidata": null}, "Stockholm": {"label": "LOC", "kb_qid": null, "url_wikidata": null}, "Minist\u00e8re": {"label": "ORG", "kb_qid": null, "url_wikidata": null}, "Rus &": {"label": "ORG", "kb_qid": null, "url_wikidata": null}, "Su": {"label": "PER", "kb_qid": null, "url_wikidata": null}, "Cour lande": {"label": "LOC", "kb_qid": null, "url_wikidata": null}, "Holost\u00e9en": {"label": "ORG", "kb_qid": null, "url_wikidata": null}, "Corps de Marine;": {"label": "ORG", "kb_qid": null, "url_wikidata": null}, "Nord": {"label": "LOC", "kb_qid": null, "url_wikidata": null}}, "ents_freq": {"La Clef dus C\u00e2bles": 1, "Royaume": 2, "Cour": 1, "Avril": 1, "Norv\u00e8ge": 3, "Roi": 3, "Sa Majest\u00e9": 1, "Ministre": 1, "Cour de Su": 1, "les Garnisons": 1, "Sa Maj.": 1, "Stockholm": 1, "Minist\u00e8re": 1, "Rus &": 1, "Su": 1, "Cour lande": 1, "Holost\u00e9en": 1, "Corps de Marine;": 1, "Nord": 1}, "year": "1749", "month": "03", "page": "67"}