{"ents_info": {"Prises": {"label": "MISC", "kb_qid": null, "url_wikidata": null}, "Janvier": {"label": "PER", "kb_qid": "Q3162186", "url_wikidata": "https://www.wikidata.org/wiki/Q3162186"}, "Madrid": {"label": "LOC", "kb_qid": "Q2807", "url_wikidata": "https://www.wikidata.org/wiki/Q2807"}, "Cour": {"label": "LOC", "kb_qid": "Q122880", "url_wikidata": "https://www.wikidata.org/wiki/Q122880"}, "D\u00e9tachement de Mousquetaires": {"label": "ORG", "kb_qid": null, "url_wikidata": null}, "Sur la fronti\u00e8re du Royaume": {"label": "MISC", "kb_qid": null, "url_wikidata": null}, "D\u00e9cembre pour l'aller recevoir.": {"label": "MISC", "kb_qid": null, "url_wikidata": null}, "Duc d'Queer": {"label": "MISC", "kb_qid": null, "url_wikidata": null}, "Ambassadeur du Roi d'Espagne": {"label": "PER", "kb_qid": null, "url_wikidata": null}, "Jours": {"label": "MISC", "kb_qid": "Q573", "url_wikidata": "https://www.wikidata.org/wiki/Q573"}, "TE Comte de Nouilles": {"label": "PER", "kb_qid": null, "url_wikidata": null}, "Roi": {"label": "PER", "kb_qid": "Q13592862", "url_wikidata": "https://www.wikidata.org/wiki/Q13592862"}, "France": {"label": "LOC", "kb_qid": "Q142", "url_wikidata": "https://www.wikidata.org/wiki/Q142"}, "Madame Infante": {"label": "PER", "kb_qid": "Q230868", "url_wikidata": "https://www.wikidata.org/wiki/Q230868"}, "Novembre": {"label": "PER", "kb_qid": "Q3345461", "url_wikidata": "https://www.wikidata.org/wiki/Q3345461"}, "Bayonne": {"label": "LOC", "kb_qid": "Q134674", "url_wikidata": "https://www.wikidata.org/wiki/Q134674"}, "Dames & Officiers": {"label": "ORG", "kb_qid": null, "url_wikidata": null}, "Paris": {"label": "LOC", "kb_qid": "Q90", "url_wikidata": "https://www.wikidata.org/wiki/Q90"}, "Princesse": {"label": "PER", "kb_qid": "Q2747456", "url_wikidata": "https://www.wikidata.org/wiki/Q2747456"}, "Gardes du Roi": {"label": "ORG", "kb_qid": "Q442404", "url_wikidata": "https://www.wikidata.org/wiki/Q442404"}, "Berge": {"label": "LOC", "kb_qid": "Q2897058", "url_wikidata": "https://www.wikidata.org/wiki/Q2897058"}, "Vitoria &.St": {"label": "ORG", "kb_qid": null, "url_wikidata": null}, "Jean de": {"label": "PER", "kb_qid": "Q49496", "url_wikidata": "https://www.wikidata.org/wiki/Q49496"}, "Madame Infant": {"label": "PER", "kb_qid": null, "url_wikidata": null}, "apyres": {"label": "PER", "kb_qid": null, "url_wikidata": null}, "Reine & de la": {"label": "ORG", "kb_qid": null, "url_wikidata": null}, "IA Reine & de la Reine Douairi\u00e8re": {"label": "MISC", "kb_qid": null, "url_wikidata": null}, "Toit": {"label": "MISC", "kb_qid": "Q83180", "url_wikidata": "https://www.wikidata.org/wiki/Q83180"}, "Ch\u00e2teau de St. Alphonse": {"label": "LOC", "kb_qid": null, "url_wikidata": null}, "Cour de France": {"label": "LOC", "kb_qid": "Q3001001", "url_wikidata": "https://www.wikidata.org/wiki/Q3001001"}, "Italie": {"label": "LOC", "kb_qid": "Q172579", "url_wikidata": "https://www.wikidata.org/wiki/Q172579"}, "Alicante": {"label": "LOC", "kb_qid": "Q11959", "url_wikidata": "https://www.wikidata.org/wiki/Q11959"}, "Gens.": {"label": "MISC", "kb_qid": null, "url_wikidata": null}}, "ents_freq": {"Prises": 1, "Janvier": 1, "Madrid": 2, "Cour": 1, "D\u00e9tachement de Mousquetaires": 1, "Sur la fronti\u00e8re du Royaume": 1, "D\u00e9cembre pour l'aller recevoir.": 1, "Duc d'Queer": 1, "Ambassadeur du Roi d'Espagne": 1, "Jours": 1, "TE Comte de Nouilles": 1, "Roi": 3, "France": 1, "Madame Infante": 1, "Novembre": 1, "Bayonne": 2, "Dames & Officiers": 1, "Paris": 1, "Princesse": 2, "Gardes du Roi": 1, "Berge": 1, "Vitoria &.St": 1, "Jean de": 1, "Madame Infant": 1, "apyres": 1, "Reine & de la": 1, "IA Reine & de la Reine Douairi\u00e8re": 1, "Toit": 1, "Ch\u00e2teau de St. Alphonse": 1, "Cour de France": 1, "Italie": 1, "Alicante": 1, "Gens.": 1}, "year": "1749", "month": "01", "page": "60"}