{"ents_info": {"Princes": {"label": "LOC", "kb_qid": "Q2747456", "url_wikidata": "https://www.wikidata.org/wiki/Q2747456"}, "c. Juin": {"label": "PER", "kb_qid": null, "url_wikidata": null}, "Prince de Bornes": {"label": "PER", "kb_qid": null, "url_wikidata": null}, "8 Les Archers de la Noble Garde &": {"label": "MISC", "kb_qid": null, "url_wikidata": null}, "Garde Royale des Hallebardiers": {"label": "ORG", "kb_qid": null, "url_wikidata": null}, "Doyens des M\u00e9tiers": {"label": "ORG", "kb_qid": null, "url_wikidata": null}, "S. A. R.": {"label": "PER", "kb_qid": "Q1252328", "url_wikidata": "https://www.wikidata.org/wiki/Q1252328"}, "Palefreniers": {"label": "PER", "kb_qid": "Q1455520", "url_wikidata": "https://www.wikidata.org/wiki/Q1455520"}, "Ile": {"label": "LOC", "kb_qid": "Q484940", "url_wikidata": "https://www.wikidata.org/wiki/Q484940"}, "& un Escadron de Ligne": {"label": "ORG", "kb_qid": null, "url_wikidata": null}, "la Ville": {"label": "LOC", "kb_qid": "Q220", "url_wikidata": "https://www.wikidata.org/wiki/Q220"}, "Compagnie": {"label": "ORG", "kb_qid": "Q102538", "url_wikidata": "https://www.wikidata.org/wiki/Q102538"}, "Magistrat": {"label": "LOC", "kb_qid": "Q4594605", "url_wikidata": "https://www.wikidata.org/wiki/Q4594605"}, "Corps la complimenta, le Conseiller.": {"label": "ORG", "kb_qid": null, "url_wikidata": null}, "& un Bourgmestre": {"label": "MISC", "kb_qid": null, "url_wikidata": null}, "Trompettes & les Timbales,": {"label": "ORG", "kb_qid": null, "url_wikidata": null}, "Le Prince": {"label": "PER", "kb_qid": "Q65684108", "url_wikidata": "https://www.wikidata.org/wiki/Q65684108"}, "Enlises": {"label": "LOC", "kb_qid": null, "url_wikidata": null}, "Compagnies Bourgeoises": {"label": "ORG", "kb_qid": null, "url_wikidata": null}, "Haye": {"label": "LOC", "kb_qid": "Q36600", "url_wikidata": "https://www.wikidata.org/wiki/Q36600"}, "Prince": {"label": "PER", "kb_qid": "Q2747456", "url_wikidata": "https://www.wikidata.org/wiki/Q2747456"}, "Lou": {"label": "PER", "kb_qid": "Q3260121", "url_wikidata": "https://www.wikidata.org/wiki/Q3260121"}, "Arc de triomphe, d\u00e9cor\u00e9": {"label": "MISC", "kb_qid": null, "url_wikidata": null}, "S.A.R.": {"label": "PER", "kb_qid": "Q1252328", "url_wikidata": "https://www.wikidata.org/wiki/Q1252328"}, "Eg": {"label": "LOC", "kb_qid": "Q236910", "url_wikidata": "https://www.wikidata.org/wiki/Q236910"}, "St. Michel & de Se": {"label": "ORG", "kb_qid": null, "url_wikidata": null}, "Arc de trio": {"label": "LOC", "kb_qid": null, "url_wikidata": null}}, "ents_freq": {"Princes": 1, "c. Juin": 1, "Prince de Bornes": 1, "8 Les Archers de la Noble Garde &": 1, "Garde Royale des Hallebardiers": 1, "Doyens des M\u00e9tiers": 1, "S. A. R.": 2, "Palefreniers": 1, "Ile": 1, "& un Escadron de Ligne": 1, "la Ville": 1, "Compagnie": 1, "Magistrat": 2, "Corps la complimenta, le Conseiller.": 1, "& un Bourgmestre": 1, "Trompettes & les Timbales,": 1, "Le Prince": 1, "Enlises": 1, "Compagnies Bourgeoises": 1, "Haye": 1, "Prince": 1, "Lou": 1, "Arc de triomphe, d\u00e9cor\u00e9": 1, "S.A.R.": 1, "Eg": 1, "St. Michel & de Se": 1, "Arc de trio": 1}, "year": "1749", "month": "06", "page": "72"}