{"ents_info": {"Pineras e. Juillet": {"label": "LOC", "kb_qid": null, "url_wikidata": null}, "notre Royaume": {"label": "LOC", "kb_qid": "Q476920", "url_wikidata": "https://www.wikidata.org/wiki/Q476920"}, "Terres & Seigneuries": {"label": "MISC", "kb_qid": null, "url_wikidata": null}, "Royaume": {"label": "LOC", "kb_qid": "Q70972", "url_wikidata": "https://www.wikidata.org/wiki/Q70972"}, "Princes & \u00c9tats": {"label": "MISC", "kb_qid": null, "url_wikidata": null}, "ferre &&": {"label": "ORG", "kb_qid": null, "url_wikidata": null}, "Lestes": {"label": "ORG", "kb_qid": "Q2649380", "url_wikidata": "https://www.wikidata.org/wiki/Q2649380"}, "ds initi\u00e9 &": {"label": "ORG", "kb_qid": null, "url_wikidata": null}, "Les Capitaux desdites rentes soirent": {"label": "MISC", "kb_qid": null, "url_wikidata": null}, "I75": {"label": "LOC", "kb_qid": "Q3788345", "url_wikidata": "https://www.wikidata.org/wiki/Q3788345"}, "& las": {"label": "LOC", "kb_qid": null, "url_wikidata": null}, "Capitaux": {"label": "MISC", "kb_qid": "Q8137", "url_wikidata": "https://www.wikidata.org/wiki/Q8137"}, "Ordonnance du Roi": {"label": "PER", "kb_qid": "Q3355475", "url_wikidata": "https://www.wikidata.org/wiki/Q3355475"}, "De m\u00eame": {"label": "MISC", "kb_qid": "Q1106343", "url_wikidata": "https://www.wikidata.org/wiki/Q1106343"}, "Ordonnances des Rois ses Pr\u00e9d\u00e9cesseurs, me me celles": {"label": "MISC", "kb_qid": null, "url_wikidata": null}, "Sa Majest\u00e9": {"label": "PER", "kb_qid": "Q7732", "url_wikidata": "https://www.wikidata.org/wiki/Q7732"}}, "ents_freq": {"Pineras e. Juillet": 1, "notre Royaume": 1, "Terres & Seigneuries": 1, "Royaume": 1, "Princes & \u00c9tats": 1, "ferre &&": 1, "Lestes": 1, "ds initi\u00e9 &": 1, "Les Capitaux desdites rentes soirent": 1, "I75": 1, "& las": 1, "Capitaux": 1, "Ordonnance du Roi": 1, "De m\u00eame": 1, "Ordonnances des Rois ses Pr\u00e9d\u00e9cesseurs, me me celles": 1, "Sa Majest\u00e9": 1}, "year": "1749", "month": "07", "page": "32"}