{"ents_info": {"La Clef du Cabines 252": {"label": "MISC", "kb_qid": null, "url_wikidata": null}, "I1": {"label": "ORG", "kb_qid": "Q26156377", "url_wikidata": "https://www.wikidata.org/wiki/Q26156377"}, "Chambre des Communes": {"label": "LOC", "kb_qid": "Q11005", "url_wikidata": "https://www.wikidata.org/wiki/Q11005"}, "Adresse au Roi": {"label": "MISC", "kb_qid": null, "url_wikidata": null}, "Sa MJ": {"label": "MISC", "kb_qid": null, "url_wikidata": null}, "Hana": {"label": "MISC", "kb_qid": "Q1652717", "url_wikidata": "https://www.wikidata.org/wiki/Q1652717"}, "Empereur Charles VII": {"label": "PER", "kb_qid": null, "url_wikidata": null}, "I746": {"label": "LOC", "kb_qid": null, "url_wikidata": null}, "Minist\u00e8re du Lord Carterez": {"label": "ORG", "kb_qid": null, "url_wikidata": null}, "Comte de Granville": {"label": "PER", "kb_qid": "Q502503", "url_wikidata": "https://www.wikidata.org/wiki/Q502503"}, "Ypres": {"label": "LOC", "kb_qid": "Q102728", "url_wikidata": "https://www.wikidata.org/wiki/Q102728"}, "Parlement": {"label": "ORG", "kb_qid": "Q35749", "url_wikidata": "https://www.wikidata.org/wiki/Q35749"}, "EEST": {"label": "ORG", "kb_qid": "Q1109976", "url_wikidata": "https://www.wikidata.org/wiki/Q1109976"}, "ter": {"label": "ORG", "kb_qid": "Q2825406", "url_wikidata": "https://www.wikidata.org/wiki/Q2825406"}, "Grande-Bretagne": {"label": "LOC", "kb_qid": "Q23666", "url_wikidata": "https://www.wikidata.org/wiki/Q23666"}, "IG": {"label": "ORG", "kb_qid": "Q481356", "url_wikidata": "https://www.wikidata.org/wiki/Q481356"}, "S57": {"label": "PER", "kb_qid": "Q5630510", "url_wikidata": "https://www.wikidata.org/wiki/Q5630510"}, "IS5 Invalides &": {"label": "MISC", "kb_qid": null, "url_wikidata": null}, "Officiers": {"label": "ORG", "kb_qid": "Q163700", "url_wikidata": "https://www.wikidata.org/wiki/Q163700"}, "Cour": {"label": "LOC", "kb_qid": "Q3001001", "url_wikidata": "https://www.wikidata.org/wiki/Q3001001"}, "Trait\u00e9": {"label": "MISC", "kb_qid": "Q131569", "url_wikidata": "https://www.wikidata.org/wiki/Q131569"}, "l'Europe": {"label": "LOC", "kb_qid": "Q27468", "url_wikidata": "https://www.wikidata.org/wiki/Q27468"}, "Grande- Bretagne": {"label": "LOC", "kb_qid": "Q23666", "url_wikidata": "https://www.wikidata.org/wiki/Q23666"}, "Nation": {"label": "ORG", "kb_qid": "Q6266", "url_wikidata": "https://www.wikidata.org/wiki/Q6266"}}, "ents_freq": {"La Clef du Cabines 252": 1, "I1": 1, "Chambre des Communes": 1, "Adresse au Roi": 1, "Sa MJ": 1, "Hana": 1, "Empereur Charles VII": 1, "I746": 1, "Minist\u00e8re du Lord Carterez": 1, "Comte de Granville": 1, "Ypres": 1, "Parlement": 1, "EEST": 1, "ter": 1, "Grande-Bretagne": 2, "IG": 1, "S57": 1, "IS5 Invalides &": 1, "Officiers": 1, "Cour": 1, "Trait\u00e9": 1, "l'Europe": 1, "Grande- Bretagne": 1, "Nation": 1}, "year": "1749", "month": "03", "page": "71"}