{"ents_info": {"Voue": {"label": "MISC", "kb_qid": "Q937133", "url_wikidata": "https://www.wikidata.org/wiki/Q937133"}, "Cours de l'Eu": {"label": "MISC", "kb_qid": null, "url_wikidata": null}, "Co2e de auniez": {"label": "LOC", "kb_qid": null, "url_wikidata": null}, "Conseiller d'Ekat Intime": {"label": "MISC", "kb_qid": null, "url_wikidata": null}, "& Ministre des Conf\u00e9rences": {"label": "ORG", "kb_qid": null, "url_wikidata": null}, "de France": {"label": "LOC", "kb_qid": "Q70972", "url_wikidata": "https://www.wikidata.org/wiki/Q70972"}, "Chevalier de la Toison d'or": {"label": "MISC", "kb_qid": "Q465774", "url_wikidata": "https://www.wikidata.org/wiki/Q465774"}, "Cour d'Espagne": {"label": "LOC", "kb_qid": "Q29", "url_wikidata": "https://www.wikidata.org/wiki/Q29"}, "Comte Antoine de Colorado": {"label": "PER", "kb_qid": null, "url_wikidata": null}, "Grand Bailli": {"label": "PER", "kb_qid": "Q10970991", "url_wikidata": "https://www.wikidata.org/wiki/Q10970991"}, "Ordre de Malte": {"label": "ORG", "kb_qid": "Q3594171", "url_wikidata": "https://www.wikidata.org/wiki/Q3594171"}, "Turin": {"label": "LOC", "kb_qid": "Q495", "url_wikidata": "https://www.wikidata.org/wiki/Q495"}, "Comte de auniez": {"label": "PER", "kb_qid": null, "url_wikidata": null}, "Ambassade, &": {"label": "MISC", "kb_qid": null, "url_wikidata": null}, "Paris": {"label": "LOC", "kb_qid": "Q90", "url_wikidata": "https://www.wikidata.org/wiki/Q90"}, "Marquis de Haute": {"label": "PER", "kb_qid": null, "url_wikidata": null}, "nov\u00e9 Ambassadeur de France": {"label": "PER", "kb_qid": null, "url_wikidata": null}, "Cour": {"label": "LOC", "kb_qid": "Q122880", "url_wikidata": "https://www.wikidata.org/wiki/Q122880"}, "Prince d'Est\u00e9rase": {"label": "PER", "kb_qid": null, "url_wikidata": null}, "Madrid": {"label": "LOC", "kb_qid": "Q2807", "url_wikidata": "https://www.wikidata.org/wiki/Q2807"}, "Mouscron": {"label": "LOC", "kb_qid": "Q220145", "url_wikidata": "https://www.wikidata.org/wiki/Q220145"}, "Ambassadeur du Roi": {"label": "PER", "kb_qid": "Q24928431", "url_wikidata": "https://www.wikidata.org/wiki/Q24928431"}, "Vienne": {"label": "LOC", "kb_qid": "Q26849", "url_wikidata": "https://www.wikidata.org/wiki/Q26849"}, "Comte Chr\u00e9tien de o\u0302nigsegg": {"label": "PER", "kb_qid": null, "url_wikidata": null}, "Ministre de l'Imp\u00e9ratrice-Reine": {"label": "ORG", "kb_qid": null, "url_wikidata": null}, "\u00c9lecteur de Cologne": {"label": "LOC", "kb_qid": "Q7904317", "url_wikidata": "https://www.wikidata.org/wiki/Q7904317"}, "Juillet": {"label": "PER", "kb_qid": "Q121", "url_wikidata": "https://www.wikidata.org/wiki/Q121"}, "Marquis de Blainville": {"label": "PER", "kb_qid": null, "url_wikidata": null}, "l'Empereur": {"label": "PER", "kb_qid": "Q7721", "url_wikidata": "https://www.wikidata.org/wiki/Q7721"}, "Prince de Craon": {"label": "PER", "kb_qid": null, "url_wikidata": null}, "Pr\u00e9sident": {"label": "PER", "kb_qid": "Q30461", "url_wikidata": "https://www.wikidata.org/wiki/Q30461"}, "Florence": {"label": "LOC", "kb_qid": "Q148540", "url_wikidata": "https://www.wikidata.org/wiki/Q148540"}, "Marquis de Blainville st": {"label": "PER", "kb_qid": null, "url_wikidata": null}, "Ministre de Lorraine": {"label": "ORG", "kb_qid": null, "url_wikidata": null}, "Ministre de Toscan": {"label": "ORG", "kb_qid": null, "url_wikidata": null}, "Majest\u00e9s Imp\u00e9riales": {"label": "PER", "kb_qid": null, "url_wikidata": null}, "Baron de Brellasse": {"label": "MISC", "kb_qid": null, "url_wikidata": null}, "ut Conseiller Priv\u00e9": {"label": "MISC", "kb_qid": null, "url_wikidata": null}, "Commissions": {"label": "MISC", "kb_qid": "Q2986700", "url_wikidata": "https://www.wikidata.org/wiki/Q2986700"}, "Russie": {"label": "LOC", "kb_qid": "Q159", "url_wikidata": "https://www.wikidata.org/wiki/Q159"}, "Majest\u00e9s": {"label": "PER", "kb_qid": null, "url_wikidata": null}, "Comte": {"label": "PER", "kb_qid": "Q3519259", "url_wikidata": "https://www.wikidata.org/wiki/Q3519259"}, "Steiner": {"label": "PER", "kb_qid": "Q216690", "url_wikidata": "https://www.wikidata.org/wiki/Q216690"}, "Prague": {"label": "PER", "kb_qid": "Q1085", "url_wikidata": "https://www.wikidata.org/wiki/Q1085"}}, "ents_freq": {"Voue": 1, "Cours de l'Eu": 1, "Co2e de auniez": 1, "Conseiller d'Ekat Intime": 1, "& Ministre des Conf\u00e9rences": 1, "de France": 1, "Chevalier de la Toison d'or": 1, "Cour d'Espagne": 1, "Comte Antoine de Colorado": 1, "Grand Bailli": 1, "Ordre de Malte": 1, "Turin": 1, "Comte de auniez": 1, "Ambassade, &": 1, "Paris": 2, "Marquis de Haute": 1, "nov\u00e9 Ambassadeur de France": 1, "Cour": 1, "Prince d'Est\u00e9rase": 1, "Madrid": 1, "Mouscron": 1, "Ambassadeur du Roi": 1, "Vienne": 2, "Comte Chr\u00e9tien de o\u0302nigsegg": 1, "Ministre de l'Imp\u00e9ratrice-Reine": 1, "\u00c9lecteur de Cologne": 1, "Juillet": 1, "Marquis de Blainville": 1, "l'Empereur": 1, "Prince de Craon": 1, "Pr\u00e9sident": 1, "Florence": 1, "Marquis de Blainville st": 1, "Ministre de Lorraine": 1, "Ministre de Toscan": 1, "Majest\u00e9s Imp\u00e9riales": 1, "Baron de Brellasse": 1, "ut Conseiller Priv\u00e9": 1, "Commissions": 1, "Russie": 1, "Majest\u00e9s": 1, "Comte": 1, "Steiner": 1, "Prague": 1}, "year": "1749", "month": "08", "page": "56"}