{"ents_info": {"La Clan du Cabines 74": {"label": "MISC", "kb_qid": null, "url_wikidata": null}, "Capitaine": {"label": "MISC", "kb_qid": "Q19100", "url_wikidata": "https://www.wikidata.org/wiki/Q19100"}, "Commandant": {"label": "PER", "kb_qid": "Q560680", "url_wikidata": "https://www.wikidata.org/wiki/Q560680"}, "Alger": {"label": "LOC", "kb_qid": "Q3561", "url_wikidata": "https://www.wikidata.org/wiki/Q3561"}, "Navire": {"label": "MISC", "kb_qid": "Q11446", "url_wikidata": "https://www.wikidata.org/wiki/Q11446"}, "Pilote": {"label": "MISC", "kb_qid": "Q1929868", "url_wikidata": "https://www.wikidata.org/wiki/Q1929868"}, "les Pirates": {"label": "MISC", "kb_qid": "Q3234730", "url_wikidata": "https://www.wikidata.org/wiki/Q3234730"}, "B\u00e2timent V\u00e9nitien": {"label": "MISC", "kb_qid": null, "url_wikidata": null}, "Mars": {"label": "LOC", "kb_qid": "Q111", "url_wikidata": "https://www.wikidata.org/wiki/Q111"}, "C\u00e9t\u00e8ne du Port": {"label": "LOC", "kb_qid": null, "url_wikidata": null}, "Air\u00e9": {"label": "LOC", "kb_qid": null, "url_wikidata": null}, "Capitaine Anglais": {"label": "MISC", "kb_qid": null, "url_wikidata": null}, "Navires \u00e9trangers": {"label": "MISC", "kb_qid": null, "url_wikidata": null}, "Chebecs": {"label": "MISC", "kb_qid": "Q837491", "url_wikidata": "https://www.wikidata.org/wiki/Q837491"}, "Bastions Chr\u00e9tiens": {"label": "MISC", "kb_qid": null, "url_wikidata": null}, "Vaisseaux": {"label": "MISC", "kb_qid": "Q3553318", "url_wikidata": "https://www.wikidata.org/wiki/Q3553318"}}, "ents_freq": {"La Clan du Cabines 74": 1, "Capitaine": 1, "Commandant": 1, "Alger": 4, "Navire": 2, "Pilote": 1, "les Pirates": 1, "B\u00e2timent V\u00e9nitien": 1, "Mars": 1, "C\u00e9t\u00e8ne du Port": 1, "Air\u00e9": 1, "Capitaine Anglais": 1, "Navires \u00e9trangers": 1, "Chebecs": 1, "Bastions Chr\u00e9tiens": 1, "Vaisseaux": 1}, "year": "1749", "month": "07", "page": "73"}