{"ents_info": {"La Clef du Cabinet": {"label": "MISC", "kb_qid": null, "url_wikidata": null}, "Mr. Laboristes": {"label": "PER", "kb_qid": null, "url_wikidata": null}, "Chambre, &": {"label": "ORG", "kb_qid": null, "url_wikidata": null}, "Nonces d'Oran": {"label": "ORG", "kb_qid": null, "url_wikidata": null}, "Mt": {"label": "LOC", "kb_qid": "Q392302", "url_wikidata": "https://www.wikidata.org/wiki/Q392302"}, "Nonces de Lituanie": {"label": "ORG", "kb_qid": null, "url_wikidata": null}, "Mr. Laborovsli": {"label": "MISC", "kb_qid": null, "url_wikidata": null}, "Chambre &": {"label": "ORG", "kb_qid": null, "url_wikidata": null}, "Nonce": {"label": "ORG", "kb_qid": "Q157037", "url_wikidata": "https://www.wikidata.org/wiki/Q157037"}, "Palatinat": {"label": "LOC", "kb_qid": "Q22880", "url_wikidata": "https://www.wikidata.org/wiki/Q22880"}, "Amazonie": {"label": "LOC", "kb_qid": "Q2841453", "url_wikidata": "https://www.wikidata.org/wiki/Q2841453"}, "Grand- Mar\u00e9chal de la Ce huronne.": {"label": "LOC", "kb_qid": null, "url_wikidata": null}, "Chambre": {"label": "ORG", "kb_qid": "Q1347545", "url_wikidata": "https://www.wikidata.org/wiki/Q1347545"}, "D\u00e9put\u00e9s, qui d'\u00e9clatement: Que Mr. Colloque, persuad\u00e9": {"label": "MISC", "kb_qid": null, "url_wikidata": null}, "Ves": {"label": "LOC", "kb_qid": "Q56349362", "url_wikidata": "https://www.wikidata.org/wiki/Q56349362"}, "aF": {"label": "MISC", "kb_qid": "Q11223", "url_wikidata": "https://www.wikidata.org/wiki/Q11223"}, "Unes de Mins": {"label": "ORG", "kb_qid": null, "url_wikidata": null}, "ZLaboroslei": {"label": "MISC", "kb_qid": null, "url_wikidata": null}, "Chine": {"label": "LOC", "kb_qid": "Q148", "url_wikidata": "https://www.wikidata.org/wiki/Q148"}, "Lee Majest\u00e9": {"label": "PER", "kb_qid": null, "url_wikidata": null}, "Mar\u00e9chal": {"label": "PER", "kb_qid": "Q111837", "url_wikidata": "https://www.wikidata.org/wiki/Q111837"}}, "ents_freq": {"La Clef du Cabinet": 1, "Mr. Laboristes": 1, "Chambre, &": 1, "Nonces d'Oran": 2, "Mt": 1, "Nonces de Lituanie": 1, "Mr. Laborovsli": 1, "Chambre &": 1, "Nonce": 1, "Palatinat": 1, "Amazonie": 1, "Grand- Mar\u00e9chal de la Ce huronne.": 1, "Chambre": 2, "D\u00e9put\u00e9s, qui d'\u00e9clatement: Que Mr. Colloque, persuad\u00e9": 1, "Ves": 1, "aF": 1, "Unes de Mins": 1, "ZLaboroslei": 1, "Chine": 1, "Lee Majest\u00e9": 1, "Mar\u00e9chal": 1}, "year": "1749", "month": "01", "page": "21"}