{"ents_info": {"Clx du Cabinet 14": {"label": "LOC", "kb_qid": null, "url_wikidata": null}, "Extraordinaire de cette Cour": {"label": "MISC", "kb_qid": null, "url_wikidata": null}, "Berlin": {"label": "LOC", "kb_qid": "Q64", "url_wikidata": "https://www.wikidata.org/wiki/Q64"}, "Comte de Cahoter": {"label": "PER", "kb_qid": null, "url_wikidata": null}, "Courrier": {"label": "MISC", "kb_qid": "Q1393399", "url_wikidata": "https://www.wikidata.org/wiki/Q1393399"}, "Constantinople": {"label": "LOC", "kb_qid": "Q406", "url_wikidata": "https://www.wikidata.org/wiki/Q406"}, "Porte Ottomane": {"label": "LOC", "kb_qid": "Q12560", "url_wikidata": "https://www.wikidata.org/wiki/Q12560"}, "Turquie": {"label": "LOC", "kb_qid": "Q43", "url_wikidata": "https://www.wikidata.org/wiki/Q43"}, "Grand Seigneur": {"label": "MISC", "kb_qid": "Q199481", "url_wikidata": "https://www.wikidata.org/wiki/Q199481"}, "Empereur & l'Imp\u00e9ratrice": {"label": "MISC", "kb_qid": null, "url_wikidata": null}, "Sa Hautesse": {"label": "PER", "kb_qid": null, "url_wikidata": null}, "Trait\u00e9 de paix": {"label": "MISC", "kb_qid": "Q8736", "url_wikidata": "https://www.wikidata.org/wiki/Q8736"}, "R\u00e9gences d'Aller, de Tunis": {"label": "LOC", "kb_qid": null, "url_wikidata": null}, "Tripoli": {"label": "LOC", "kb_qid": "Q3579", "url_wikidata": "https://www.wikidata.org/wiki/Q3579"}, "Allemagne": {"label": "LOC", "kb_qid": "Q43287", "url_wikidata": "https://www.wikidata.org/wiki/Q43287"}, "Baron de Pencher": {"label": "MISC", "kb_qid": null, "url_wikidata": null}, "R\u00e9sident": {"label": "PER", "kb_qid": "Q572927", "url_wikidata": "https://www.wikidata.org/wiki/Q572927"}, "Ministre": {"label": "ORG", "kb_qid": "Q83307", "url_wikidata": "https://www.wikidata.org/wiki/Q83307"}, "Hautesse": {"label": "PER", "kb_qid": null, "url_wikidata": null}, "Commissaire": {"label": "MISC", "kb_qid": "Q524778", "url_wikidata": "https://www.wikidata.org/wiki/Q524778"}, "Vienne": {"label": "LOC", "kb_qid": "Q26849", "url_wikidata": "https://www.wikidata.org/wiki/Q26849"}, "L. M. IP": {"label": "PER", "kb_qid": null, "url_wikidata": null}, "Bijoutier": {"label": "LOC", "kb_qid": "Q2005554", "url_wikidata": "https://www.wikidata.org/wiki/Q2005554"}, "Mat\u00e9chalOG\u00e9n\u00e9ral des Arm\u00e9es du Roi de France": {"label": "LOC", "kb_qid": null, "url_wikidata": null}}, "ents_freq": {"Clx du Cabinet 14": 1, "Extraordinaire de cette Cour": 1, "Berlin": 1, "Comte de Cahoter": 1, "Courrier": 2, "Constantinople": 1, "Porte Ottomane": 1, "Turquie": 1, "Grand Seigneur": 2, "Empereur & l'Imp\u00e9ratrice": 1, "Sa Hautesse": 1, "Trait\u00e9 de paix": 1, "R\u00e9gences d'Aller, de Tunis": 1, "Tripoli": 1, "Allemagne": 1, "Baron de Pencher": 1, "R\u00e9sident": 1, "Ministre": 1, "Hautesse": 1, "Commissaire": 1, "Vienne": 1, "L. M. IP": 1, "Bijoutier": 1, "Mat\u00e9chalOG\u00e9n\u00e9ral des Arm\u00e9es du Roi de France": 1}, "year": "1749", "month": "09", "page": "57"}