{"ents_info": {"212 La Clef du Cabines ARTICLE VI": {"label": "MISC", "kb_qid": null, "url_wikidata": null}, "Contenance": {"label": "MISC", "kb_qid": null, "url_wikidata": null}, "HOLLANDE & u PAS-BAS": {"label": "ORG", "kb_qid": null, "url_wikidata": null}, "Trait\u00e9": {"label": "MISC", "kb_qid": null, "url_wikidata": null}, "Londres": {"label": "LOC", "kb_qid": null, "url_wikidata": null}, "Cour": {"label": "LOC", "kb_qid": null, "url_wikidata": null}, "Nord": {"label": "LOC", "kb_qid": null, "url_wikidata": null}, "Que malgr\u00e9 incident": {"label": "MISC", "kb_qid": null, "url_wikidata": null}, "Colonel Gardiens": {"label": "PER", "kb_qid": null, "url_wikidata": null}, "Envoy\u00e9 \u00e0 la": {"label": "MISC", "kb_qid": null, "url_wikidata": null}, "Cour e Se": {"label": "ORG", "kb_qid": null, "url_wikidata": null}, "Roi": {"label": "PER", "kb_qid": null, "url_wikidata": null}, "Ministre": {"label": "ORG", "kb_qid": null, "url_wikidata": null}, "Puissances": {"label": "MISC", "kb_qid": null, "url_wikidata": null}, "Paries": {"label": "LOC", "kb_qid": null, "url_wikidata": null}, "du Nord": {"label": "LOC", "kb_qid": null, "url_wikidata": null}, "Journal": {"label": "MISC", "kb_qid": null, "url_wikidata": null}, "Ministre autres du": {"label": "MISC", "kb_qid": null, "url_wikidata": null}, "Roi de Prusse": {"label": "PER", "kb_qid": null, "url_wikidata": null}, "Imp\u00e9ratrice de Russie": {"label": "PER", "kb_qid": null, "url_wikidata": null}, "Providence": {"label": "LOC", "kb_qid": null, "url_wikidata": null}, "Sa Maj.": {"label": "MISC", "kb_qid": null, "url_wikidata": null}, "Brittany": {"label": "PER", "kb_qid": null, "url_wikidata": null}}, "ents_freq": {"212 La Clef du Cabines ARTICLE VI": 1, "Contenance": 1, "HOLLANDE & u PAS-BAS": 1, "Trait\u00e9": 2, "Londres": 1, "Cour": 1, "Nord": 2, "Que malgr\u00e9 incident": 1, "Colonel Gardiens": 1, "Envoy\u00e9 \u00e0 la": 1, "Cour e Se": 1, "Roi": 1, "Ministre": 1, "Puissances": 1, "Paries": 1, "du Nord": 2, "Journal": 1, "Ministre autres du": 1, "Roi de Prusse": 1, "Imp\u00e9ratrice de Russie": 1, "Providence": 1, "Sa Maj.": 1, "Brittany": 1}, "year": "1749", "month": "04", "page": "59"}