{"ents_info": {"La Clef du Cabine 340": {"label": "MISC", "kb_qid": null, "url_wikidata": null}, "Trait\u00e9 de Paix": {"label": "MISC", "kb_qid": "Q322943", "url_wikidata": "https://www.wikidata.org/wiki/Q322943"}, "Abd;": {"label": "MISC", "kb_qid": null, "url_wikidata": null}, "Su\u00e9dois": {"label": "LOC", "kb_qid": "Q9027", "url_wikidata": "https://www.wikidata.org/wiki/Q9027"}, "Province de Roland": {"label": "LOC", "kb_qid": null, "url_wikidata": null}, "Pays": {"label": "LOC", "kb_qid": "Q43702", "url_wikidata": "https://www.wikidata.org/wiki/Q43702"}, "Imp\u00e9ratrice CE": {"label": "PER", "kb_qid": null, "url_wikidata": null}, "Sue": {"label": "PER", "kb_qid": "Q1514294", "url_wikidata": "https://www.wikidata.org/wiki/Q1514294"}, "Sa Majest\u00e9 IP": {"label": "PER", "kb_qid": null, "url_wikidata": null}, "At": {"label": "LOC", "kb_qid": "Q999", "url_wikidata": "https://www.wikidata.org/wiki/Q999"}, "Puissance": {"label": "MISC", "kb_qid": "Q25342", "url_wikidata": "https://www.wikidata.org/wiki/Q25342"}, "De r\u00e8glement des limites.": {"label": "MISC", "kb_qid": null, "url_wikidata": null}, "Arm\u00e9es se for ment": {"label": "ORG", "kb_qid": null, "url_wikidata": null}, "les Mieux": {"label": "MISC", "kb_qid": null, "url_wikidata": null}, "Finlande": {"label": "LOC", "kb_qid": "Q33", "url_wikidata": "https://www.wikidata.org/wiki/Q33"}, "Mar\u00e9chal de Lac": {"label": "PER", "kb_qid": null, "url_wikidata": null}, "L'ironie;": {"label": "MISC", "kb_qid": null, "url_wikidata": null}, "Commandant des autres": {"label": "MISC", "kb_qid": null, "url_wikidata": null}, "L'Imp\u00e9ratrice": {"label": "PER", "kb_qid": "Q1143019", "url_wikidata": "https://www.wikidata.org/wiki/Q1143019"}, "Bettembourg": {"label": "LOC", "kb_qid": "Q832342", "url_wikidata": "https://www.wikidata.org/wiki/Q832342"}, "Ambassade Persane": {"label": "LOC", "kb_qid": null, "url_wikidata": null}}, "ents_freq": {"La Clef du Cabine 340": 1, "Trait\u00e9 de Paix": 1, "Abd;": 1, "Su\u00e9dois": 1, "Province de Roland": 1, "Pays": 1, "Imp\u00e9ratrice CE": 1, "Sue": 1, "Sa Majest\u00e9 IP": 1, "At": 1, "Puissance": 2, "De r\u00e8glement des limites.": 1, "Arm\u00e9es se for ment": 1, "les Mieux": 1, "Finlande": 1, "Mar\u00e9chal de Lac": 1, "L'ironie;": 1, "Commandant des autres": 1, "L'Imp\u00e9ratrice": 1, "Bettembourg": 1, "Ambassade Persane": 1}, "year": "1749", "month": "05", "page": "23"}