{"ents_info": {"Princes": {"label": "LOC", "kb_qid": "Q2747456", "url_wikidata": "https://www.wikidata.org/wiki/Q2747456"}, "45 L'Auteur": {"label": "MISC", "kb_qid": null, "url_wikidata": null}, "Angleterre": {"label": "LOC", "kb_qid": "Q378628", "url_wikidata": "https://www.wikidata.org/wiki/Q378628"}, "\u00c9crits politiques": {"label": "MISC", "kb_qid": null, "url_wikidata": null}, "du Nord": {"label": "LOC", "kb_qid": "Q2413257", "url_wikidata": "https://www.wikidata.org/wiki/Q2413257"}, "Puissances de": {"label": "MISC", "kb_qid": "Q1667469", "url_wikidata": "https://www.wikidata.org/wiki/Q1667469"}, "l'Europe": {"label": "LOC", "kb_qid": "Q46", "url_wikidata": "https://www.wikidata.org/wiki/Q46"}, "Des int\u00e9r\u00eats pressens & futurs de chacun": {"label": "MISC", "kb_qid": null, "url_wikidata": null}, "Nord": {"label": "LOC", "kb_qid": "Q12661", "url_wikidata": "https://www.wikidata.org/wiki/Q12661"}, "l'Auteur": {"label": "PER", "kb_qid": "Q7311", "url_wikidata": "https://www.wikidata.org/wiki/Q7311"}, "Chevalier d'Airer": {"label": "MISC", "kb_qid": null, "url_wikidata": null}, "Londres": {"label": "LOC", "kb_qid": "Q84", "url_wikidata": "https://www.wikidata.org/wiki/Q84"}, "Secr\u00e9taire de l'Ambassade d'Espagne": {"label": "ORG", "kb_qid": null, "url_wikidata": null}, "LI": {"label": "LOC", "kb_qid": "Q212712", "url_wikidata": "https://www.wikidata.org/wiki/Q212712"}, "Mr. Val": {"label": "MISC", "kb_qid": null, "url_wikidata": null}, "Courriers de Madrid, & d'avoir des conf\u00e9rences": {"label": "MISC", "kb_qid": null, "url_wikidata": null}, "Duc de Belfort": {"label": "PER", "kb_qid": null, "url_wikidata": null}, "Secr\u00e9taire d'Ekat": {"label": "ORG", "kb_qid": null, "url_wikidata": null}, "Convention": {"label": "MISC", "kb_qid": "Q219825", "url_wikidata": "https://www.wikidata.org/wiki/Q219825"}, "Article d'Espagne de ce Journal": {"label": "MISC", "kb_qid": null, "url_wikidata": null}, "Madrid": {"label": "LOC", "kb_qid": "Q2807", "url_wikidata": "https://www.wikidata.org/wiki/Q2807"}, "Mr. Reine": {"label": "PER", "kb_qid": null, "url_wikidata": null}, "Comte de Maurepas": {"label": "PER", "kb_qid": "Q1684865", "url_wikidata": "https://www.wikidata.org/wiki/Q1684865"}, "France": {"label": "LOC", "kb_qid": "Q47774", "url_wikidata": "https://www.wikidata.org/wiki/Q47774"}, "Ministres de la Cour: & c'est l\u00e0 tout": {"label": "LOC", "kb_qid": null, "url_wikidata": null}, "Roi": {"label": "PER", "kb_qid": "Q18384454", "url_wikidata": "https://www.wikidata.org/wiki/Q18384454"}, "Suisse": {"label": "LOC", "kb_qid": "Q165141", "url_wikidata": "https://www.wikidata.org/wiki/Q165141"}, "Mr. Barnab\u00e9": {"label": "PER", "kb_qid": null, "url_wikidata": null}, "Sa Maj.": {"label": "PER", "kb_qid": null, "url_wikidata": null}, "Mr.": {"label": "PER", "kb_qid": null, "url_wikidata": null}, "Vell\u00e9it\u00e9s": {"label": "MISC", "kb_qid": null, "url_wikidata": null}, "Ministre": {"label": "ORG", "kb_qid": "Q83307", "url_wikidata": "https://www.wikidata.org/wiki/Q83307"}, "Cour de Turin": {"label": "LOC", "kb_qid": null, "url_wikidata": null}, "Borne": {"label": "LOC", "kb_qid": "Q166901", "url_wikidata": "https://www.wikidata.org/wiki/Q166901"}, "Comte": {"label": "PER", "kb_qid": "Q3519259", "url_wikidata": "https://www.wikidata.org/wiki/Q3519259"}}, "ents_freq": {"Princes": 1, "45 L'Auteur": 1, "Angleterre": 2, "\u00c9crits politiques": 1, "du Nord": 1, "Puissances de": 1, "l'Europe": 1, "Des int\u00e9r\u00eats pressens & futurs de chacun": 1, "Nord": 1, "l'Auteur": 1, "Chevalier d'Airer": 1, "Londres": 1, "Secr\u00e9taire de l'Ambassade d'Espagne": 1, "LI": 1, "Mr. Val": 1, "Courriers de Madrid, & d'avoir des conf\u00e9rences": 1, "Duc de Belfort": 1, "Secr\u00e9taire d'Ekat": 1, "Convention": 2, "Article d'Espagne de ce Journal": 1, "Madrid": 1, "Mr. Reine": 1, "Comte de Maurepas": 1, "France": 1, "Ministres de la Cour: & c'est l\u00e0 tout": 1, "Roi": 1, "Suisse": 1, "Mr. Barnab\u00e9": 1, "Sa Maj.": 1, "Mr.": 1, "Vell\u00e9it\u00e9s": 1, "Ministre": 1, "Cour de Turin": 1, "Borne": 1, "Comte": 1}, "year": "1749", "month": "06", "page": "64"}