{"ents_info": {"T11": {"label": "MISC", "kb_qid": "Q589184", "url_wikidata": "https://www.wikidata.org/wiki/Q589184"}, "Tailla I": {"label": "ORG", "kb_qid": null, "url_wikidata": null}, "AMD'": {"label": "MISC", "kb_qid": null, "url_wikidata": null}, "DES RT": {"label": "MISC", "kb_qid": null, "url_wikidata": null}, "Ou Recueil": {"label": "MISC", "kb_qid": null, "url_wikidata": null}, "DIVIN": {"label": "MISC", "kb_qid": "Q178885", "url_wikidata": "https://www.wikidata.org/wiki/Q178885"}, "ARTICLE": {"label": "MISC", "kb_qid": null, "url_wikidata": null}, "Litt\u00e9rature Que": {"label": "MISC", "kb_qid": null, "url_wikidata": null}, "Arabes": {"label": "MISC", "kb_qid": "Q184138", "url_wikidata": "https://www.wikidata.org/wiki/Q184138"}, "Mahomet": {"label": "PER", "kb_qid": "Q9458", "url_wikidata": "https://www.wikidata.org/wiki/Q9458"}, "Historiens exacts &": {"label": "ORG", "kb_qid": null, "url_wikidata": null}, "\u00c9vaine": {"label": "PER", "kb_qid": null, "url_wikidata": null}, "Grecs": {"label": "MISC", "kb_qid": "Q539051", "url_wikidata": "https://www.wikidata.org/wiki/Q539051"}, "CC 1": {"label": "MISC", "kb_qid": null, "url_wikidata": null}}, "ents_freq": {"T11": 1, "Tailla I": 1, "AMD'": 1, "DES RT": 1, "Ou Recueil": 1, "DIVIN": 1, "ARTICLE": 1, "Litt\u00e9rature Que": 1, "Arabes": 1, "Mahomet": 1, "Historiens exacts &": 1, "\u00c9vaine": 1, "Grecs": 1, "CC 1": 1}, "year": "1749", "month": "06", "page": "2"}