{"ents_info": {"Princes oc": {"label": "LOC", "kb_qid": null, "url_wikidata": null}, "MP": {"label": "MISC", "kb_qid": "Q2976198", "url_wikidata": "https://www.wikidata.org/wiki/Q2976198"}, "Lettres de cr\u00e9ance": {"label": "MISC", "kb_qid": "Q1758647", "url_wikidata": "https://www.wikidata.org/wiki/Q1758647"}, "R\u00e9publique & l R\u00e9gence de Tripoli": {"label": "ORG", "kb_qid": null, "url_wikidata": null}, "Pr\u00e9sident": {"label": "PER", "kb_qid": "Q11696", "url_wikidata": "https://www.wikidata.org/wiki/Q11696"}, "Ambassadeur": {"label": "PER", "kb_qid": "Q121998", "url_wikidata": "https://www.wikidata.org/wiki/Q121998"}, "Directeurs de la": {"label": "ORG", "kb_qid": null, "url_wikidata": null}, "Compagnie des Indes-Orient": {"label": "ORG", "kb_qid": null, "url_wikidata": null}, "D\u00e9partement des XVII, & les D\u00e9put\u00e9s": {"label": "LOC", "kb_qid": null, "url_wikidata": null}, "Compagnie": {"label": "ORG", "kb_qid": "Q102538", "url_wikidata": "https://www.wikidata.org/wiki/Q102538"}, "Prince Stadhouder": {"label": "PER", "kb_qid": null, "url_wikidata": null}, "Acte": {"label": "PER", "kb_qid": "Q764479", "url_wikidata": "https://www.wikidata.org/wiki/Q764479"}, "agnathe": {"label": "MISC", "kb_qid": "Q161095", "url_wikidata": "https://www.wikidata.org/wiki/Q161095"}, "Directeur & Gouverneur g\u00e9n\u00e9ral de cette": {"label": "ORG", "kb_qid": null, "url_wikidata": null}, "\u00c9tablissement": {"label": "MISC", "kb_qid": "Q3178599", "url_wikidata": "https://www.wikidata.org/wiki/Q3178599"}, "Joyce": {"label": "MISC", "kb_qid": "Q6882", "url_wikidata": "https://www.wikidata.org/wiki/Q6882"}, "\u00c9tats G\u00e9n\u00e9raux": {"label": "MISC", "kb_qid": "Q1463941", "url_wikidata": "https://www.wikidata.org/wiki/Q1463941"}, "Ordonnance": {"label": "MISC", "kb_qid": "Q3355475", "url_wikidata": "https://www.wikidata.org/wiki/Q3355475"}}, "ents_freq": {"Princes oc": 1, "MP": 1, "Lettres de cr\u00e9ance": 1, "R\u00e9publique & l R\u00e9gence de Tripoli": 1, "Pr\u00e9sident": 1, "Ambassadeur": 1, "Directeurs de la": 1, "Compagnie des Indes-Orient": 1, "D\u00e9partement des XVII, & les D\u00e9put\u00e9s": 1, "Compagnie": 3, "Prince Stadhouder": 1, "Acte": 2, "agnathe": 1, "Directeur & Gouverneur g\u00e9n\u00e9ral de cette": 1, "\u00c9tablissement": 1, "Joyce": 1, "\u00c9tats G\u00e9n\u00e9raux": 1, "Ordonnance": 1}, "year": "1749", "month": "05", "page": "74"}