{"ents_info": {"Clx du Cabinet 2": {"label": "LOC", "kb_qid": null, "url_wikidata": null}, "Paris": {"label": "LOC", "kb_qid": "Q90", "url_wikidata": "https://www.wikidata.org/wiki/Q90"}, "Trait\u00e9": {"label": "MISC", "kb_qid": "Q131569", "url_wikidata": "https://www.wikidata.org/wiki/Q131569"}, "\u00c9dition de I756": {"label": "MISC", "kb_qid": null, "url_wikidata": null}, "L'Auteur": {"label": "PER", "kb_qid": "Q3013870", "url_wikidata": "https://www.wikidata.org/wiki/Q3013870"}, "Recueil": {"label": "PER", "kb_qid": "Q3422588", "url_wikidata": "https://www.wikidata.org/wiki/Q3422588"}, "Amex": {"label": "ORG", "kb_qid": "Q194360", "url_wikidata": "https://www.wikidata.org/wiki/Q194360"}, "\u00c9rasme: IA": {"label": "MISC", "kb_qid": null, "url_wikidata": null}, "Cresson": {"label": "PER", "kb_qid": "Q2026132", "url_wikidata": "https://www.wikidata.org/wiki/Q2026132"}, "Jules C\u00e9sar Escalier": {"label": "PER", "kb_qid": null, "url_wikidata": null}, "Li\u00e8vre": {"label": "LOC", "kb_qid": "Q46076", "url_wikidata": "https://www.wikidata.org/wiki/Q46076"}, "Renard": {"label": "PER", "kb_qid": "Q8331", "url_wikidata": "https://www.wikidata.org/wiki/Q8331"}, "p\u00e2mer Thym-bray\u00e9:": {"label": "PER", "kb_qid": null, "url_wikidata": null}, "\u00c9clipses de Lune": {"label": "LOC", "kb_qid": "Q44235", "url_wikidata": "https://www.wikidata.org/wiki/Q44235"}, "Chancelier de Bacon": {"label": "PER", "kb_qid": null, "url_wikidata": null}, "Itou": {"label": "PER", "kb_qid": null, "url_wikidata": null}, "Chevalier Boule": {"label": "MISC", "kb_qid": null, "url_wikidata": null}, "Mr. Demandes": {"label": "MISC", "kb_qid": null, "url_wikidata": null}}, "ents_freq": {"Clx du Cabinet 2": 1, "Paris": 1, "Trait\u00e9": 1, "\u00c9dition de I756": 1, "L'Auteur": 1, "Recueil": 1, "Amex": 1, "\u00c9rasme: IA": 1, "Cresson": 1, "Jules C\u00e9sar Escalier": 1, "Li\u00e8vre": 1, "Renard": 1, "p\u00e2mer Thym-bray\u00e9:": 1, "\u00c9clipses de Lune": 1, "Chancelier de Bacon": 1, "Itou": 1, "Chevalier Boule": 1, "Mr. Demandes": 1}, "year": "1749", "month": "08", "page": "3"}