{"ents_info": {"Princes": {"label": "PER", "kb_qid": "Q1753066", "url_wikidata": "https://www.wikidata.org/wiki/Q1753066"}, "Tel me reclape & je le fuis,": {"label": "MISC", "kb_qid": null, "url_wikidata": null}, "Tel me chasse, & je le poursuis": {"label": "MISC", "kb_qid": null, "url_wikidata": null}, "OCo": {"label": "PER", "kb_qid": "Q1086610", "url_wikidata": "https://www.wikidata.org/wiki/Q1086610"}, "Et j'accable des mis\u00e9rables": {"label": "MISC", "kb_qid": null, "url_wikidata": null}, "COO": {"label": "ORG", "kb_qid": "Q623279", "url_wikidata": "https://www.wikidata.org/wiki/Q623279"}, "Reine": {"label": "PER", "kb_qid": "Q47365", "url_wikidata": "https://www.wikidata.org/wiki/Q47365"}, "Je prostitue": {"label": "MISC", "kb_qid": null, "url_wikidata": null}, "Je suis cher \u00e0 des gens": {"label": "MISC", "kb_qid": null, "url_wikidata": null}, "Chers": {"label": "PER", "kb_qid": null, "url_wikidata": null}, "Si je m'effrois \u00e0 vous, suivez": {"label": "MISC", "kb_qid": null, "url_wikidata": null}, "Et de me perdre en me cherchant.": {"label": "MISC", "kb_qid": null, "url_wikidata": null}, "E Sr": {"label": "PER", "kb_qid": null, "url_wikidata": null}, "Organiste de Son Altesse": {"label": "ORG", "kb_qid": null, "url_wikidata": null}, "Charles de Lorraine": {"label": "PER", "kb_qid": "Q158232", "url_wikidata": "https://www.wikidata.org/wiki/Q158232"}, "Cour de Bruxelles": {"label": "LOC", "kb_qid": null, "url_wikidata": null}, "Souscription": {"label": "PER", "kb_qid": "Q56315709", "url_wikidata": "https://www.wikidata.org/wiki/Q56315709"}, "Pi\u00e8ces de Clavecin, consistant en six suites": {"label": "MISC", "kb_qid": null, "url_wikidata": null}, "Exemplaire": {"label": "MISC", "kb_qid": null, "url_wikidata": null}, "Brabant": {"label": "LOC", "kb_qid": "Q159856", "url_wikidata": "https://www.wikidata.org/wiki/Q159856"}, "Eus": {"label": "LOC", "kb_qid": "Q919415", "url_wikidata": "https://www.wikidata.org/wiki/Q919415"}, "Souscripteurs": {"label": "ORG", "kb_qid": "Q56315709", "url_wikidata": "https://www.wikidata.org/wiki/Q56315709"}, "Mars": {"label": "PER", "kb_qid": "Q111", "url_wikidata": "https://www.wikidata.org/wiki/Q111"}, "Souscriptions": {"label": "LOC", "kb_qid": "Q56315709", "url_wikidata": "https://www.wikidata.org/wiki/Q56315709"}, "Bruxelles": {"label": "LOC", "kb_qid": "Q239", "url_wikidata": "https://www.wikidata.org/wiki/Q239"}, "Auteur": {"label": "PER", "kb_qid": "Q482980", "url_wikidata": "https://www.wikidata.org/wiki/Q482980"}, "Boucherie": {"label": "LOC", "kb_qid": "Q13164546", "url_wikidata": "https://www.wikidata.org/wiki/Q13164546"}, "Malines": {"label": "LOC", "kb_qid": "Q162022", "url_wikidata": "https://www.wikidata.org/wiki/Q162022"}}, "ents_freq": {"Princes": 1, "Tel me reclape & je le fuis,": 1, "Tel me chasse, & je le poursuis": 1, "OCo": 1, "Et j'accable des mis\u00e9rables": 1, "COO": 1, "Reine": 1, "Je prostitue": 1, "Je suis cher \u00e0 des gens": 1, "Chers": 1, "Si je m'effrois \u00e0 vous, suivez": 1, "Et de me perdre en me cherchant.": 1, "E Sr": 1, "Organiste de Son Altesse": 1, "Charles de Lorraine": 1, "Cour de Bruxelles": 1, "Souscription": 1, "Pi\u00e8ces de Clavecin, consistant en six suites": 1, "Exemplaire": 1, "Brabant": 1, "Eus": 1, "Souscripteurs": 1, "Mars": 1, "Souscriptions": 1, "Bruxelles": 1, "Auteur": 1, "Boucherie": 1, "Malines": 1}, "year": "1749", "month": "03", "page": "26"}