{"ents_info": {"La Clef du Cabines": {"label": "MISC", "kb_qid": null, "url_wikidata": null}, "M\u00e9diter": {"label": "ORG", "kb_qid": "Q108458", "url_wikidata": "https://www.wikidata.org/wiki/Q108458"}, "Trait\u00e9s": {"label": "MISC", "kb_qid": "Q131569", "url_wikidata": "https://www.wikidata.org/wiki/Q131569"}, "R\u00e9gences d'Afrique": {"label": "LOC", "kb_qid": null, "url_wikidata": null}, "Cour": {"label": "LOC", "kb_qid": "Q122880", "url_wikidata": "https://www.wikidata.org/wiki/Q122880"}, "Canal de Combine": {"label": "LOC", "kb_qid": null, "url_wikidata": null}, "Ch\u00e9becs Alg\u00e9riens": {"label": "LOC", "kb_qid": null, "url_wikidata": null}, "Tartanes Napolitaines": {"label": "LOC", "kb_qid": null, "url_wikidata": null}, "B\u00e2timent V\u00e9nitiens & un": {"label": "ORG", "kb_qid": null, "url_wikidata": null}, "B\u00e2timent": {"label": "LOC", "kb_qid": "Q3333739", "url_wikidata": "https://www.wikidata.org/wiki/Q3333739"}, "Perrons": {"label": "MISC", "kb_qid": "Q814853", "url_wikidata": "https://www.wikidata.org/wiki/Q814853"}, "Ch\u00e9bec": {"label": "LOC", "kb_qid": "Q837491", "url_wikidata": "https://www.wikidata.org/wiki/Q837491"}, "B\u00e2timent V\u00e9nitien": {"label": "PER", "kb_qid": null, "url_wikidata": null}, "Lisbonne": {"label": "LOC", "kb_qid": "Q597", "url_wikidata": "https://www.wikidata.org/wiki/Q597"}, "l\u00e9": {"label": "LOC", "kb_qid": null, "url_wikidata": null}, "Ch\u00e9bec De": {"label": "LOC", "kb_qid": null, "url_wikidata": null}, "Corsaire": {"label": "MISC", "kb_qid": "Q201559", "url_wikidata": "https://www.wikidata.org/wiki/Q201559"}, "Gibraltar": {"label": "LOC", "kb_qid": "Q1410", "url_wikidata": "https://www.wikidata.org/wiki/Q1410"}, "Vaisseau V\u00e9nitien": {"label": "PER", "kb_qid": null, "url_wikidata": null}, "Capitaine": {"label": "MISC", "kb_qid": "Q849424", "url_wikidata": "https://www.wikidata.org/wiki/Q849424"}, "Alg\u00e9riens": {"label": "LOC", "kb_qid": "Q3149088", "url_wikidata": "https://www.wikidata.org/wiki/Q3149088"}, "\u00c9v\u00eaque de Rennes, Ambassadeur de France": {"label": "LOC", "kb_qid": null, "url_wikidata": null}, "Roi": {"label": "PER", "kb_qid": "Q13592862", "url_wikidata": "https://www.wikidata.org/wiki/Q13592862"}, "la Reine": {"label": "MISC", "kb_qid": "Q9682", "url_wikidata": "https://www.wikidata.org/wiki/Q9682"}, "Pr\u00e9lat": {"label": "PER", "kb_qid": "Q17305527", "url_wikidata": "https://www.wikidata.org/wiki/Q17305527"}, "Paris": {"label": "LOC", "kb_qid": "Q90", "url_wikidata": "https://www.wikidata.org/wiki/Q90"}, "Comte de Gangrenant": {"label": "PER", "kb_qid": null, "url_wikidata": null}, "Madrid": {"label": "LOC", "kb_qid": "Q2807", "url_wikidata": "https://www.wikidata.org/wiki/Q2807"}, "M'acquis": {"label": "LOC", "kb_qid": null, "url_wikidata": null}}, "ents_freq": {"La Clef du Cabines": 1, "M\u00e9diter": 1, "Trait\u00e9s": 1, "R\u00e9gences d'Afrique": 1, "Cour": 1, "Canal de Combine": 1, "Ch\u00e9becs Alg\u00e9riens": 1, "Tartanes Napolitaines": 1, "B\u00e2timent V\u00e9nitiens & un": 1, "B\u00e2timent": 2, "Perrons": 1, "Ch\u00e9bec": 1, "B\u00e2timent V\u00e9nitien": 1, "Lisbonne": 1, "l\u00e9": 1, "Ch\u00e9bec De": 1, "Corsaire": 1, "Gibraltar": 1, "Vaisseau V\u00e9nitien": 1, "Capitaine": 1, "Alg\u00e9riens": 1, "\u00c9v\u00eaque de Rennes, Ambassadeur de France": 1, "Roi": 1, "la Reine": 1, "Pr\u00e9lat": 1, "Paris": 1, "Comte de Gangrenant": 1, "Madrid": 1, "M'acquis": 1}, "year": "1749", "month": "06", "page": "33"}