{"ents_info": {"Prises e. Juillet": {"label": "MISC", "kb_qid": null, "url_wikidata": null}, "Royaume": {"label": "LOC", "kb_qid": "Q70972", "url_wikidata": "https://www.wikidata.org/wiki/Q70972"}, "Manufactures": {"label": "MISC", "kb_qid": "Q380342", "url_wikidata": "https://www.wikidata.org/wiki/Q380342"}, "Tours": {"label": "LOC", "kb_qid": "Q288", "url_wikidata": "https://www.wikidata.org/wiki/Q288"}, "Lyon": {"label": "LOC", "kb_qid": "Q704", "url_wikidata": "https://www.wikidata.org/wiki/Q704"}, "L'Auteur": {"label": "PER", "kb_qid": "Q7311", "url_wikidata": "https://www.wikidata.org/wiki/Q7311"}, "Lee Physiciens gouteront": {"label": "PER", "kb_qid": null, "url_wikidata": null}, "Aptes": {"label": "LOC", "kb_qid": null, "url_wikidata": null}, "Align\u00e9es &": {"label": "ORG", "kb_qid": null, "url_wikidata": null}, "l'Auteur": {"label": "PER", "kb_qid": "Q7311", "url_wikidata": "https://www.wikidata.org/wiki/Q7311"}, "Itou": {"label": "MISC", "kb_qid": null, "url_wikidata": null}, "gomine": {"label": "LOC", "kb_qid": null, "url_wikidata": null}, "& apyres": {"label": "ORG", "kb_qid": null, "url_wikidata": null}, "Cardeurs": {"label": "MISC", "kb_qid": "Q1411858", "url_wikidata": "https://www.wikidata.org/wiki/Q1411858"}, "Beatles": {"label": "ORG", "kb_qid": "Q1299", "url_wikidata": "https://www.wikidata.org/wiki/Q1299"}, "Faiseurs de bas": {"label": "MISC", "kb_qid": null, "url_wikidata": null}}, "ents_freq": {"Prises e. Juillet": 1, "Royaume": 1, "Manufactures": 1, "Tours": 1, "Lyon": 1, "L'Auteur": 1, "Lee Physiciens gouteront": 1, "Aptes": 1, "Align\u00e9es &": 1, "l'Auteur": 1, "Itou": 1, "gomine": 1, "& apyres": 1, "Cardeurs": 1, "Beatles": 1, "Faiseurs de bas": 1}, "year": "1749", "month": "07", "page": "6"}