{"ents_info": {"Princes": {"label": "LOC", "kb_qid": "Q2747456", "url_wikidata": "https://www.wikidata.org/wiki/Q2747456"}, "Vaisseau de guerre le Paraisse": {"label": "MISC", "kb_qid": null, "url_wikidata": null}, "Les Batteries": {"label": "MISC", "kb_qid": null, "url_wikidata": null}, "Asie": {"label": "LOC", "kb_qid": "Q48", "url_wikidata": "https://www.wikidata.org/wiki/Q48"}, "A": {"label": "LOC", "kb_qid": "Q9659", "url_wikidata": "https://www.wikidata.org/wiki/Q9659"}, "Con 2": {"label": "MISC", "kb_qid": null, "url_wikidata": null}, "aF": {"label": "MISC", "kb_qid": "Q11223", "url_wikidata": "https://www.wikidata.org/wiki/Q11223"}, "St. David": {"label": "LOC", "kb_qid": "Q648732", "url_wikidata": "https://www.wikidata.org/wiki/Q648732"}, "Anglaises": {"label": "MISC", "kb_qid": "Q204204", "url_wikidata": "https://www.wikidata.org/wiki/Q204204"}, "Aria": {"label": "PER", "kb_qid": "Q178122", "url_wikidata": "https://www.wikidata.org/wiki/Q178122"}, "Pondich\u00e9ry": {"label": "LOC", "kb_qid": "Q639421", "url_wikidata": "https://www.wikidata.org/wiki/Q639421"}, "Europ\u00e9ens": {"label": "LOC", "kb_qid": "Q394067", "url_wikidata": "https://www.wikidata.org/wiki/Q394067"}, "Anglais": {"label": "LOC", "kb_qid": "Q1860", "url_wikidata": "https://www.wikidata.org/wiki/Q1860"}, "y757": {"label": "LOC", "kb_qid": null, "url_wikidata": null}, "L65": {"label": "LOC", "kb_qid": "Q2830832", "url_wikidata": "https://www.wikidata.org/wiki/Q2830832"}, "Mate lots & 43 hommes": {"label": "MISC", "kb_qid": null, "url_wikidata": null}, "Corps d'artillerie": {"label": "ORG", "kb_qid": "Q64418", "url_wikidata": "https://www.wikidata.org/wiki/Q64418"}, "Fran\u00e7ois": {"label": "PER", "kb_qid": "Q130834", "url_wikidata": "https://www.wikidata.org/wiki/Q130834"}}, "ents_freq": {"Princes": 1, "Vaisseau de guerre le Paraisse": 1, "Les Batteries": 1, "Asie": 1, "A": 1, "Con 2": 1, "aF": 1, "St. David": 1, "Anglaises": 1, "Aria": 1, "Pondich\u00e9ry": 1, "Europ\u00e9ens": 1, "Anglais": 1, "y757": 1, "L65": 1, "Mate lots & 43 hommes": 1, "Corps d'artillerie": 1, "Fran\u00e7ois": 1}, "year": "1749", "month": "05", "page": "58"}