{"ents_info": {"Cl e": {"label": "LOC", "kb_qid": null, "url_wikidata": null}, "Cabinet 96": {"label": "MISC", "kb_qid": null, "url_wikidata": null}, "Long-tees": {"label": "MISC", "kb_qid": null, "url_wikidata": null}, "Arm\u00e9e & la Marine": {"label": "ORG", "kb_qid": null, "url_wikidata": null}, "Cour": {"label": "ORG", "kb_qid": "Q3001001", "url_wikidata": "https://www.wikidata.org/wiki/Q3001001"}, "Vienne": {"label": "LOC", "kb_qid": "Q1741", "url_wikidata": "https://www.wikidata.org/wiki/Q1741"}, "Courriers": {"label": "MISC", "kb_qid": "Q9158", "url_wikidata": "https://www.wikidata.org/wiki/Q9158"}, "Pologne": {"label": "LOC", "kb_qid": "Q36", "url_wikidata": "https://www.wikidata.org/wiki/Q36"}, "Conf\u00e9d\u00e9ration": {"label": "MISC", "kb_qid": "Q81931", "url_wikidata": "https://www.wikidata.org/wiki/Q81931"}, "Sa Majest\u00e9": {"label": "LOC", "kb_qid": "Q9439", "url_wikidata": "https://www.wikidata.org/wiki/Q9439"}, "Ministre": {"label": "ORG", "kb_qid": "Q83307", "url_wikidata": "https://www.wikidata.org/wiki/Q83307"}, "Pays": {"label": "LOC", "kb_qid": "Q43702", "url_wikidata": "https://www.wikidata.org/wiki/Q43702"}, "Royaume": {"label": "LOC", "kb_qid": "Q70972", "url_wikidata": "https://www.wikidata.org/wiki/Q70972"}, "Nation Polonaise": {"label": "MISC", "kb_qid": "Q36", "url_wikidata": "https://www.wikidata.org/wiki/Q36"}, "Puissances amies & voisines de la R\u00e9publique": {"label": "MISC", "kb_qid": null, "url_wikidata": null}, "Imp\u00e9ratrice": {"label": "PER", "kb_qid": "Q171480", "url_wikidata": "https://www.wikidata.org/wiki/Q171480"}, "Casa": {"label": "LOC", "kb_qid": "Q1991755", "url_wikidata": "https://www.wikidata.org/wiki/Q1991755"}, "Princesse": {"label": "PER", "kb_qid": "Q2747456", "url_wikidata": "https://www.wikidata.org/wiki/Q2747456"}, "Ville": {"label": "LOC", "kb_qid": "Q515", "url_wikidata": "https://www.wikidata.org/wiki/Q515"}, "Tr\u00e9sorier de la": {"label": "PER", "kb_qid": null, "url_wikidata": null}, "Roi": {"label": "PER", "kb_qid": "Q12097", "url_wikidata": "https://www.wikidata.org/wiki/Q12097"}, "\u00c9lecteur de Voyez": {"label": "PER", "kb_qid": null, "url_wikidata": null}}, "ents_freq": {"Cl e": 1, "Cabinet 96": 1, "Long-tees": 1, "Arm\u00e9e & la Marine": 1, "Cour": 2, "Vienne": 1, "Courriers": 1, "Pologne": 2, "Conf\u00e9d\u00e9ration": 1, "Sa Majest\u00e9": 1, "Ministre": 1, "Pays": 1, "Royaume": 1, "Nation Polonaise": 1, "Puissances amies & voisines de la R\u00e9publique": 1, "Imp\u00e9ratrice": 1, "Casa": 1, "Princesse": 1, "Ville": 1, "Tr\u00e9sorier de la": 1, "Roi": 1, "\u00c9lecteur de Voyez": 1}, "year": "1749", "month": "10", "page": "61"}