{"ents_info": {"Parme": {"label": "LOC", "kb_qid": "Q2683", "url_wikidata": "https://www.wikidata.org/wiki/Q2683"}, "Lhn\u00e9giance": {"label": "LOC", "kb_qid": null, "url_wikidata": null}, "\u00c9tats de Paris & de Plaisance": {"label": "LOC", "kb_qid": null, "url_wikidata": null}, "Gene s. D'autres": {"label": "PER", "kb_qid": null, "url_wikidata": null}, "Roi d'Espagne": {"label": "PER", "kb_qid": "Q183226", "url_wikidata": "https://www.wikidata.org/wiki/Q183226"}, "Maison de M\u00e9dicis": {"label": "MISC", "kb_qid": "Q170022", "url_wikidata": "https://www.wikidata.org/wiki/Q170022"}, "Monarque": {"label": "PER", "kb_qid": "Q212398", "url_wikidata": "https://www.wikidata.org/wiki/Q212398"}, "Lorraine": {"label": "LOC", "kb_qid": "Q155019", "url_wikidata": "https://www.wikidata.org/wiki/Q155019"}, "Toscane": {"label": "LOC", "kb_qid": "Q154849", "url_wikidata": "https://www.wikidata.org/wiki/Q154849"}, "M\u00e9dicis": {"label": "PER", "kb_qid": "Q58352", "url_wikidata": "https://www.wikidata.org/wiki/Q58352"}, "Maison de Lorraine": {"label": "MISC", "kb_qid": "Q2638011", "url_wikidata": "https://www.wikidata.org/wiki/Q2638011"}, "l'Espagne": {"label": "LOC", "kb_qid": "Q80702", "url_wikidata": "https://www.wikidata.org/wiki/Q80702"}, "Duch\u00e9s": {"label": "MISC", "kb_qid": "Q154547", "url_wikidata": "https://www.wikidata.org/wiki/Q154547"}, "Bar": {"label": "LOC", "kb_qid": "Q185721", "url_wikidata": "https://www.wikidata.org/wiki/Q185721"}, "Palais": {"label": "LOC", "kb_qid": "Q128745", "url_wikidata": "https://www.wikidata.org/wiki/Q128745"}, "Terres": {"label": "LOC", "kb_qid": "Q327076", "url_wikidata": "https://www.wikidata.org/wiki/Q327076"}, "Fiefs": {"label": "LOC", "kb_qid": "Q372216", "url_wikidata": "https://www.wikidata.org/wiki/Q372216"}, "Pape": {"label": "PER", "kb_qid": "Q19546", "url_wikidata": "https://www.wikidata.org/wiki/Q19546"}, "Jubil\u00e9 de l'Ann\u00e9e Sainte": {"label": "MISC", "kb_qid": null, "url_wikidata": null}, "Princes de la Catholicit\u00e9, un": {"label": "LOC", "kb_qid": null, "url_wikidata": null}, "Pr": {"label": "PER", "kb_qid": "Q121594", "url_wikidata": "https://www.wikidata.org/wiki/Q121594"}, "G2": {"label": "ORG", "kb_qid": "Q16040273", "url_wikidata": "https://www.wikidata.org/wiki/Q16040273"}}, "ents_freq": {"Parme": 1, "Lhn\u00e9giance": 1, "\u00c9tats de Paris & de Plaisance": 1, "Gene s. D'autres": 1, "Roi d'Espagne": 1, "Maison de M\u00e9dicis": 2, "Monarque": 1, "Lorraine": 2, "Toscane": 2, "M\u00e9dicis": 1, "Maison de Lorraine": 1, "l'Espagne": 1, "Duch\u00e9s": 1, "Bar": 1, "Palais": 1, "Terres": 1, "Fiefs": 1, "Pape": 1, "Jubil\u00e9 de l'Ann\u00e9e Sainte": 1, "Princes de la Catholicit\u00e9, un": 1, "Pr": 1, "G2": 1}, "year": "1749", "month": "12", "page": "66"}