{"ents_info": {"Prince ds": {"label": "PER", "kb_qid": null, "url_wikidata": null}, "Novembre": {"label": "PER", "kb_qid": "Q3345467", "url_wikidata": "https://www.wikidata.org/wiki/Q3345467"}, "Russie": {"label": "LOC", "kb_qid": "Q34266", "url_wikidata": "https://www.wikidata.org/wiki/Q34266"}, "Constantinople": {"label": "LOC", "kb_qid": "Q16869", "url_wikidata": "https://www.wikidata.org/wiki/Q16869"}, "Cour de Berlin": {"label": "LOC", "kb_qid": null, "url_wikidata": null}, "Cour de Russie": {"label": "LOC", "kb_qid": "Q34266", "url_wikidata": "https://www.wikidata.org/wiki/Q34266"}, "Isa": {"label": "PER", "kb_qid": "Q15736", "url_wikidata": "https://www.wikidata.org/wiki/Q15736"}, "du Nord": {"label": "LOC", "kb_qid": "Q49", "url_wikidata": "https://www.wikidata.org/wiki/Q49"}, "Comtesse de Rainiez Rythmer": {"label": "PER", "kb_qid": null, "url_wikidata": null}, "Comte": {"label": "PER", "kb_qid": "Q12718", "url_wikidata": "https://www.wikidata.org/wiki/Q12718"}, "Ambassadeur de Empereur": {"label": "PER", "kb_qid": null, "url_wikidata": null}, "Romains": {"label": "LOC", "kb_qid": "Q1747689", "url_wikidata": "https://www.wikidata.org/wiki/Q1747689"}, "Roi de France": {"label": "PER", "kb_qid": "Q18384454", "url_wikidata": "https://www.wikidata.org/wiki/Q18384454"}, "Hurwitz": {"label": "PER", "kb_qid": "Q58809", "url_wikidata": "https://www.wikidata.org/wiki/Q58809"}, "Seigneur": {"label": "PER", "kb_qid": "Q1550557", "url_wikidata": "https://www.wikidata.org/wiki/Q1550557"}, "Guy de Schoenberg": {"label": "PER", "kb_qid": null, "url_wikidata": null}, "Mar\u00e9chal des Camps & Arm\u00e9es": {"label": "PER", "kb_qid": null, "url_wikidata": null}, "Paris": {"label": "LOC", "kb_qid": "Q90", "url_wikidata": "https://www.wikidata.org/wiki/Q90"}, "Dame Louise-Madelaine de Harla": {"label": "PER", "kb_qid": null, "url_wikidata": null}, "CristianLou\u0308is": {"label": "MISC", "kb_qid": null, "url_wikidata": null}, "Montmorency Luxembourg": {"label": "PER", "kb_qid": "Q663367", "url_wikidata": "https://www.wikidata.org/wiki/Q663367"}, "Prince de Tigre": {"label": "PER", "kb_qid": null, "url_wikidata": null}, "Mar\u00e9chal de France": {"label": "PER", "kb_qid": "Q474485", "url_wikidata": "https://www.wikidata.org/wiki/Q474485"}, "Marquise du Ch\u00e2telet": {"label": "PER", "kb_qid": "Q7286", "url_wikidata": "https://www.wikidata.org/wiki/Q7286"}, "Safi": {"label": "LOC", "kb_qid": "Q183405", "url_wikidata": "https://www.wikidata.org/wiki/Q183405"}, "L\u00e9o": {"label": "PER", "kb_qid": "Q109043100", "url_wikidata": "https://www.wikidata.org/wiki/Q109043100"}, "Lun\u00e9ville": {"label": "LOC", "kb_qid": "Q208794", "url_wikidata": "https://www.wikidata.org/wiki/Q208794"}, "Emilie le Tonnelier": {"label": "PER", "kb_qid": null, "url_wikidata": null}, "& \u00e9tait fille du feu": {"label": "MISC", "kb_qid": null, "url_wikidata": null}, "Baron de Bretteur, Introducteur des Ambassadeurs \u00e0 la Cour de France": {"label": "MISC", "kb_qid": null, "url_wikidata": null}, "Marquis": {"label": "PER", "kb_qid": "Q209726", "url_wikidata": "https://www.wikidata.org/wiki/Q209726"}, "Ministre & Secr\u00e9taire d'Ekat": {"label": "ORG", "kb_qid": null, "url_wikidata": null}, "D\u00e9partement de la Guerre de la m\u00eame Cour": {"label": "ORG", "kb_qid": null, "url_wikidata": null}, "Marquis du Ch\u00e2telet-": {"label": "PER", "kb_qid": null, "url_wikidata": null}, "Lieutenant--": {"label": "MISC", "kb_qid": null, "url_wikidata": null}, "G\u00e9n\u00e9ral des Arm\u00e9es de France": {"label": "PER", "kb_qid": null, "url_wikidata": null}, "Grand Billy d'Aixois": {"label": "LOC", "kb_qid": null, "url_wikidata": null}}, "ents_freq": {"Prince ds": 1, "Novembre": 1, "Russie": 1, "Constantinople": 1, "Cour de Berlin": 1, "Cour de Russie": 1, "Isa": 1, "du Nord": 1, "Comtesse de Rainiez Rythmer": 1, "Comte": 2, "Ambassadeur de Empereur": 1, "Romains": 1, "Roi de France": 1, "Hurwitz": 1, "Seigneur": 1, "Guy de Schoenberg": 1, "Mar\u00e9chal des Camps & Arm\u00e9es": 1, "Paris": 1, "Dame Louise-Madelaine de Harla": 1, "CristianLou\u0308is": 1, "Montmorency Luxembourg": 1, "Prince de Tigre": 1, "Mar\u00e9chal de France": 1, "Marquise du Ch\u00e2telet": 1, "Safi": 1, "L\u00e9o": 1, "Lun\u00e9ville": 1, "Emilie le Tonnelier": 1, "& \u00e9tait fille du feu": 1, "Baron de Bretteur, Introducteur des Ambassadeurs \u00e0 la Cour de France": 1, "Marquis": 1, "Ministre & Secr\u00e9taire d'Ekat": 1, "D\u00e9partement de la Guerre de la m\u00eame Cour": 1, "Marquis du Ch\u00e2telet-": 1, "Lieutenant--": 1, "G\u00e9n\u00e9ral des Arm\u00e9es de France": 1, "Grand Billy d'Aixois": 1}, "year": "1749", "month": "11", "page": "76"}