{"ents_info": {"Cabine 1 \u00e9pous\u00e9 une Princesse Lubomirslei": {"label": "MISC", "kb_qid": null, "url_wikidata": null}, "Constantinople": {"label": "LOC", "kb_qid": "Q16869", "url_wikidata": "https://www.wikidata.org/wiki/Q16869"}, "Seigneur": {"label": "PER", "kb_qid": "Q1550557", "url_wikidata": "https://www.wikidata.org/wiki/Q1550557"}, "Ambassadeur": {"label": "PER", "kb_qid": "Q121998", "url_wikidata": "https://www.wikidata.org/wiki/Q121998"}, "Marquis de Croiseur-Beaupr\u00e9": {"label": "PER", "kb_qid": null, "url_wikidata": null}, "Paris": {"label": "LOC", "kb_qid": "Q90", "url_wikidata": "https://www.wikidata.org/wiki/Q90"}, "Mr. Ralliement de Metz": {"label": "MISC", "kb_qid": null, "url_wikidata": null}, "Conseiller du Roi & Fermier": {"label": "MISC", "kb_qid": null, "url_wikidata": null}, "Comte de Riche": {"label": "PER", "kb_qid": null, "url_wikidata": null}, "Ministre Pl\u00e9nipotentiaire de l'Imp\u00e9ratrice": {"label": "ORG", "kb_qid": null, "url_wikidata": null}, "Roi de Sardaigne": {"label": "PER", "kb_qid": "Q3932080", "url_wikidata": "https://www.wikidata.org/wiki/Q3932080"}, "Turin": {"label": "LOC", "kb_qid": "Q495", "url_wikidata": "https://www.wikidata.org/wiki/Q495"}, "Comtesse de C'\u00e9gale, veuve du": {"label": "LOC", "kb_qid": null, "url_wikidata": null}, "Compte": {"label": "ORG", "kb_qid": "Q247154", "url_wikidata": "https://www.wikidata.org/wiki/Q247154"}, "Versailles": {"label": "LOC", "kb_qid": "Q2946", "url_wikidata": "https://www.wikidata.org/wiki/Q2946"}, "Prince de Cond\u00e9": {"label": "PER", "kb_qid": "Q3403534", "url_wikidata": "https://www.wikidata.org/wiki/Q3403534"}, "Infante Isabelle": {"label": "PER", "kb_qid": "Q158256", "url_wikidata": "https://www.wikidata.org/wiki/Q158256"}, "Infant Due": {"label": "ORG", "kb_qid": null, "url_wikidata": null}, "Princesse": {"label": "PER", "kb_qid": "Q2747456", "url_wikidata": "https://www.wikidata.org/wiki/Q2747456"}, "France": {"label": "LOC", "kb_qid": "Q47774", "url_wikidata": "https://www.wikidata.org/wiki/Q47774"}, "Mars": {"label": "PER", "kb_qid": "Q112", "url_wikidata": "https://www.wikidata.org/wiki/Q112"}, "Bat on de": {"label": "MISC", "kb_qid": null, "url_wikidata": null}, "G\u00e9n\u00e9ral- Major": {"label": "PER", "kb_qid": null, "url_wikidata": null}, "R\u00e9publique des Provinces-Ures des Pays Bas": {"label": "LOC", "kb_qid": null, "url_wikidata": null}, "La Haye": {"label": "LOC", "kb_qid": "Q36600", "url_wikidata": "https://www.wikidata.org/wiki/Q36600"}, "Comtesse de Nassa": {"label": "PER", "kb_qid": null, "url_wikidata": null}, "Comte": {"label": "PER", "kb_qid": "Q12718", "url_wikidata": "https://www.wikidata.org/wiki/Q12718"}, "Guillaume-Henri de Nassa": {"label": "PER", "kb_qid": null, "url_wikidata": null}, "Lieutenant G\u00e9n\u00e9ral": {"label": "PER", "kb_qid": "Q152951", "url_wikidata": "https://www.wikidata.org/wiki/Q152951"}, "R\u00e9publique": {"label": "LOC", "kb_qid": "Q7270", "url_wikidata": "https://www.wikidata.org/wiki/Q7270"}, "Lei 5": {"label": "MISC", "kb_qid": null, "url_wikidata": null}, "Saint Michael": {"label": "PER", "kb_qid": "Q45581", "url_wikidata": "https://www.wikidata.org/wiki/Q45581"}, "Lori": {"label": "PER", "kb_qid": "Q200350", "url_wikidata": "https://www.wikidata.org/wiki/Q200350"}, "Fran\u00e7ois-Bernard Baron de Porto": {"label": "PER", "kb_qid": null, "url_wikidata": null}, "Ingelmunster": {"label": "LOC", "kb_qid": "Q822748", "url_wikidata": "https://www.wikidata.org/wiki/Q822748"}, "ErnestBenard Baron de Plateau d'Ingelmunster": {"label": "PER", "kb_qid": null, "url_wikidata": null}, "Maison": {"label": "LOC", "kb_qid": "Q3947", "url_wikidata": "https://www.wikidata.org/wiki/Q3947"}, "Flandres": {"label": "LOC", "kb_qid": "Q157070", "url_wikidata": "https://www.wikidata.org/wiki/Q157070"}, "Allemagne": {"label": "LOC", "kb_qid": "Q43287", "url_wikidata": "https://www.wikidata.org/wiki/Q43287"}, "Anc\u00eatres": {"label": "MISC", "kb_qid": null, "url_wikidata": null}, "R\u00e9giment de Cavalerie": {"label": "ORG", "kb_qid": "Q2815921", "url_wikidata": "https://www.wikidata.org/wiki/Q2815921"}, "Rois de France": {"label": "MISC", "kb_qid": "Q476920", "url_wikidata": "https://www.wikidata.org/wiki/Q476920"}, "Henri Il": {"label": "PER", "kb_qid": "Q132545", "url_wikidata": "https://www.wikidata.org/wiki/Q132545"}, "Henri": {"label": "PER", "kb_qid": "Q936976", "url_wikidata": "https://www.wikidata.org/wiki/Q936976"}, "Capitulations faites en 574 &": {"label": "MISC", "kb_qid": null, "url_wikidata": null}, "Catherine de M\u00e9dicis": {"label": "PER", "kb_qid": "Q131552", "url_wikidata": "https://www.wikidata.org/wiki/Q131552"}, "Henri III": {"label": "PER", "kb_qid": "Q53448", "url_wikidata": "https://www.wikidata.org/wiki/Q53448"}}, "ents_freq": {"Cabine 1 \u00e9pous\u00e9 une Princesse Lubomirslei": 1, "Constantinople": 1, "Seigneur": 2, "Ambassadeur": 1, "Marquis de Croiseur-Beaupr\u00e9": 1, "Paris": 1, "Mr. Ralliement de Metz": 1, "Conseiller du Roi & Fermier": 1, "Comte de Riche": 1, "Ministre Pl\u00e9nipotentiaire de l'Imp\u00e9ratrice": 1, "Roi de Sardaigne": 1, "Turin": 1, "Comtesse de C'\u00e9gale, veuve du": 1, "Compte": 1, "Versailles": 1, "Prince de Cond\u00e9": 1, "Infante Isabelle": 1, "Infant Due": 1, "Princesse": 1, "France": 2, "Mars": 1, "Bat on de": 1, "G\u00e9n\u00e9ral- Major": 1, "R\u00e9publique des Provinces-Ures des Pays Bas": 1, "La Haye": 1, "Comtesse de Nassa": 1, "Comte": 1, "Guillaume-Henri de Nassa": 1, "Lieutenant G\u00e9n\u00e9ral": 1, "R\u00e9publique": 1, "Lei 5": 1, "Saint Michael": 1, "Lori": 1, "Fran\u00e7ois-Bernard Baron de Porto": 1, "Ingelmunster": 1, "ErnestBenard Baron de Plateau d'Ingelmunster": 1, "Maison": 1, "Flandres": 1, "Allemagne": 1, "Anc\u00eatres": 1, "R\u00e9giment de Cavalerie": 1, "Rois de France": 1, "Henri Il": 1, "Henri": 1, "Capitulations faites en 574 &": 1, "Catherine de M\u00e9dicis": 1, "Henri III": 1}, "year": "1749", "month": "04", "page": "75"}