{"ents_info": {"Clx du Cabinet II2 Sa Majest\u00e9 Catholique": {"label": "LOC", "kb_qid": null, "url_wikidata": null}, "Conf\u00e9rences d'Ailla.": {"label": "MISC", "kb_qid": null, "url_wikidata": null}, "Cour": {"label": "LOC", "kb_qid": "Q3001001", "url_wikidata": "https://www.wikidata.org/wiki/Q3001001"}, "Marius": {"label": "PER", "kb_qid": "Q1634668", "url_wikidata": "https://www.wikidata.org/wiki/Q1634668"}, "VI": {"label": "PER", "kb_qid": "Q24950490", "url_wikidata": "https://www.wikidata.org/wiki/Q24950490"}, "Roi": {"label": "PER", "kb_qid": "Q12097", "url_wikidata": "https://www.wikidata.org/wiki/Q12097"}, "Officiers-G\u00e9n\u00e9raux": {"label": "ORG", "kb_qid": "Q83460", "url_wikidata": "https://www.wikidata.org/wiki/Q83460"}, "S": {"label": "LOC", "kb_qid": "Q9956", "url_wikidata": "https://www.wikidata.org/wiki/Q9956"}, "Mar\u00e9chaux de Camp": {"label": "PER", "kb_qid": "Q2579265", "url_wikidata": "https://www.wikidata.org/wiki/Q2579265"}, "Brigades d'Infanterie": {"label": "ORG", "kb_qid": null, "url_wikidata": null}, "Brigadiers": {"label": "LOC", "kb_qid": "Q41685", "url_wikidata": "https://www.wikidata.org/wiki/Q41685"}, "Cavalerie & de Dragons": {"label": "ORG", "kb_qid": null, "url_wikidata": null}, "st trop \u00e9tendue pour la donnerie-VIe": {"label": "MISC", "kb_qid": null, "url_wikidata": null}, "ns os ornerons x": {"label": "MISC", "kb_qid": null, "url_wikidata": null}, "Lieutenant-f\u00e9raux": {"label": "MISC", "kb_qid": null, "url_wikidata": null}, "Mr. la Fameck, Gouverneur de la Citadelle": {"label": "MISC", "kb_qid": null, "url_wikidata": null}, "Mr. ft Brun": {"label": "MISC", "kb_qid": null, "url_wikidata": null}, "Commandant": {"label": "PER", "kb_qid": "Q11247470", "url_wikidata": "https://www.wikidata.org/wiki/Q11247470"}, "Languedoc": {"label": "LOC", "kb_qid": "Q206221", "url_wikidata": "https://www.wikidata.org/wiki/Q206221"}, "Mr. u": {"label": "PER", "kb_qid": null, "url_wikidata": null}, "Aide Major": {"label": "ORG", "kb_qid": null, "url_wikidata": null}, "G\u00e9nomes de la": {"label": "ORG", "kb_qid": null, "url_wikidata": null}, "Garde du Roi": {"label": "ORG", "kb_qid": "Q3095413", "url_wikidata": "https://www.wikidata.org/wiki/Q3095413"}, "Mr. Vivier": {"label": "PER", "kb_qid": null, "url_wikidata": null}, "Colonel d'un R\u00e9giment Suisse": {"label": "PER", "kb_qid": null, "url_wikidata": null}, "Clavi\u00e8re": {"label": "LOC", "kb_qid": "Q289550", "url_wikidata": "https://www.wikidata.org/wiki/Q289550"}, "Lieu": {"label": "LOC", "kb_qid": "Q69546", "url_wikidata": "https://www.wikidata.org/wiki/Q69546"}, "Coup unies des Gardes du Cors;": {"label": "ORG", "kb_qid": null, "url_wikidata": null}, "Comte": {"label": "PER", "kb_qid": "Q2192649", "url_wikidata": "https://www.wikidata.org/wiki/Q2192649"}, "Bataillon du R\u00e9giment des Gardes-Iran": {"label": "ORG", "kb_qid": null, "url_wikidata": null}, "Chaumont": {"label": "LOC", "kb_qid": "Q193880", "url_wikidata": "https://www.wikidata.org/wiki/Q193880"}, "Co2e de \u00c9lingue;": {"label": "LOC", "kb_qid": null, "url_wikidata": null}, "Comte de Saint Andr\u00e9": {"label": "PER", "kb_qid": null, "url_wikidata": null}, "Marquis de Foug\u00e8res,": {"label": "PER", "kb_qid": null, "url_wikidata": null}, "Compagnies des Gardes du": {"label": "ORG", "kb_qid": null, "url_wikidata": null}, "Marquis de Croiseur-Beaupr\u00e9": {"label": "PER", "kb_qid": null, "url_wikidata": null}, "Comte de Log4j-Montmorency": {"label": "PER", "kb_qid": null, "url_wikidata": null}, "Brigade du R\u00e9giment-Royal des Carabiniers;": {"label": "MISC", "kb_qid": null, "url_wikidata": null}, "Marquis de M": {"label": "PER", "kb_qid": null, "url_wikidata": null}, "Comte de Tressant;": {"label": "PER", "kb_qid": null, "url_wikidata": null}, "Comte de Balan\u00e7oire": {"label": "PER", "kb_qid": null, "url_wikidata": null}, "Compagnies des Gardes du Corps;": {"label": "ORG", "kb_qid": null, "url_wikidata": null}, "Montesquieu": {"label": "PER", "kb_qid": "Q15975", "url_wikidata": "https://www.wikidata.org/wiki/Q15975"}, "Compagnie des Mousquetaires de la Gade du Roi": {"label": "ORG", "kb_qid": null, "url_wikidata": null}, "Marquis de Croque": {"label": "PER", "kb_qid": null, "url_wikidata": null}, "R\u00e9giment-Royal des Carabin": {"label": "ORG", "kb_qid": null, "url_wikidata": null}}, "ents_freq": {"Clx du Cabinet II2 Sa Majest\u00e9 Catholique": 1, "Conf\u00e9rences d'Ailla.": 1, "Cour": 1, "Marius": 1, "VI": 1, "Roi": 1, "Officiers-G\u00e9n\u00e9raux": 1, "S": 1, "Mar\u00e9chaux de Camp": 1, "Brigades d'Infanterie": 1, "Brigadiers": 1, "Cavalerie & de Dragons": 1, "st trop \u00e9tendue pour la donnerie-VIe": 1, "ns os ornerons x": 1, "Lieutenant-f\u00e9raux": 1, "Mr. la Fameck, Gouverneur de la Citadelle": 1, "Mr. ft Brun": 1, "Commandant": 1, "Languedoc": 1, "Mr. u": 1, "Aide Major": 1, "G\u00e9nomes de la": 1, "Garde du Roi": 1, "Mr. Vivier": 1, "Colonel d'un R\u00e9giment Suisse": 2, "Clavi\u00e8re": 1, "Lieu": 1, "Coup unies des Gardes du Cors;": 1, "Comte": 1, "Bataillon du R\u00e9giment des Gardes-Iran": 1, "Chaumont": 1, "Co2e de \u00c9lingue;": 1, "Comte de Saint Andr\u00e9": 1, "Marquis de Foug\u00e8res,": 1, "Compagnies des Gardes du": 1, "Marquis de Croiseur-Beaupr\u00e9": 1, "Comte de Log4j-Montmorency": 1, "Brigade du R\u00e9giment-Royal des Carabiniers;": 1, "Marquis de M": 1, "Comte de Tressant;": 1, "Comte de Balan\u00e7oire": 1, "Compagnies des Gardes du Corps;": 1, "Montesquieu": 1, "Compagnie des Mousquetaires de la Gade du Roi": 1, "Marquis de Croque": 1, "R\u00e9giment-Royal des Carabin": 1}, "year": "1749", "month": "02", "page": "31"}