{"ents_info": {"Clio": {"label": "MISC", "kb_qid": "Q3680826", "url_wikidata": "https://www.wikidata.org/wiki/Q3680826"}, "C\u00e2blot": {"label": "ORG", "kb_qid": null, "url_wikidata": null}, "Trait\u00e9 d'\u00e9vacuation sign\u00e9 dans la m\u00eame": {"label": "MISC", "kb_qid": null, "url_wikidata": null}, "Ville, & ra pell\u00e9": {"label": "MISC", "kb_qid": null, "url_wikidata": null}, "Bade": {"label": "LOC", "kb_qid": "Q186320", "url_wikidata": "https://www.wikidata.org/wiki/Q186320"}, "Trait\u00e9": {"label": "MISC", "kb_qid": "Q131569", "url_wikidata": "https://www.wikidata.org/wiki/Q131569"}, "Vienne": {"label": "LOC", "kb_qid": "Q26849", "url_wikidata": "https://www.wikidata.org/wiki/Q26849"}, "Charles VI": {"label": "PER", "kb_qid": "Q150665", "url_wikidata": "https://www.wikidata.org/wiki/Q150665"}, "Philippe V. Roi d'Espagne": {"label": "PER", "kb_qid": null, "url_wikidata": null}, "Italie": {"label": "LOC", "kb_qid": "Q172579", "url_wikidata": "https://www.wikidata.org/wiki/Q172579"}, "I726": {"label": "LOC", "kb_qid": null, "url_wikidata": null}, "Sa Maj.": {"label": "LOC", "kb_qid": null, "url_wikidata": null}, "Maison \u00c9lectorale": {"label": "LOC", "kb_qid": "Q152909", "url_wikidata": "https://www.wikidata.org/wiki/Q152909"}, "Bavi\u00e8re": {"label": "LOC", "kb_qid": "Q154195", "url_wikidata": "https://www.wikidata.org/wiki/Q154195"}, "oit 20": {"label": "MISC", "kb_qid": null, "url_wikidata": null}, "Duch\u00e9 de la Mirandole & le Marquisat de Con 2\u201e": {"label": "LOC", "kb_qid": null, "url_wikidata": null}, "Province": {"label": "LOC", "kb_qid": "Q2879", "url_wikidata": "https://www.wikidata.org/wiki/Q2879"}, "Inde": {"label": "LOC", "kb_qid": "Q668", "url_wikidata": "https://www.wikidata.org/wiki/Q668"}, "Duc de la Mirandole,": {"label": "PER", "kb_qid": null, "url_wikidata": null}, "S. A. E.": {"label": "PER", "kb_qid": null, "url_wikidata": null}, "Elle charg\u00e9 le Baron de Son": {"label": "MISC", "kb_qid": null, "url_wikidata": null}, "Aix la Chapelle": {"label": "LOC", "kb_qid": "Q1017", "url_wikidata": "https://www.wikidata.org/wiki/Q1017"}, "Actes": {"label": "MISC", "kb_qid": "Q40309", "url_wikidata": "https://www.wikidata.org/wiki/Q40309"}, "S\u00e9r\u00e9nissime": {"label": "PER", "kb_qid": "Q4948", "url_wikidata": "https://www.wikidata.org/wiki/Q4948"}}, "ents_freq": {"Clio": 1, "C\u00e2blot": 1, "Trait\u00e9 d'\u00e9vacuation sign\u00e9 dans la m\u00eame": 1, "Ville, & ra pell\u00e9": 1, "Bade": 1, "Trait\u00e9": 2, "Vienne": 1, "Charles VI": 1, "Philippe V. Roi d'Espagne": 1, "Italie": 1, "I726": 1, "Sa Maj.": 1, "Maison \u00c9lectorale": 1, "Bavi\u00e8re": 1, "oit 20": 1, "Duch\u00e9 de la Mirandole & le Marquisat de Con 2\u201e": 1, "Province": 1, "Inde": 1, "Duc de la Mirandole,": 1, "S. A. E.": 1, "Elle charg\u00e9 le Baron de Son": 1, "Aix la Chapelle": 1, "Actes": 1, "S\u00e9r\u00e9nissime": 1}, "year": "1749", "month": "01", "page": "37"}