{"ents_info": {"Prince": {"label": "PER", "kb_qid": "Q2747456", "url_wikidata": "https://www.wikidata.org/wiki/Q2747456"}, "Londres": {"label": "LOC", "kb_qid": "Q84", "url_wikidata": "https://www.wikidata.org/wiki/Q84"}, "Mr. N\u00e9n\u00e9": {"label": "PER", "kb_qid": null, "url_wikidata": null}, "Ministre d'Angleterre": {"label": "ORG", "kb_qid": null, "url_wikidata": null}, "Madrid": {"label": "LOC", "kb_qid": "Q2807", "url_wikidata": "https://www.wikidata.org/wiki/Q2807"}, "Roi": {"label": "PER", "kb_qid": "Q13592862", "url_wikidata": "https://www.wikidata.org/wiki/Q13592862"}, "IV": {"label": "PER", "kb_qid": "Q12186", "url_wikidata": "https://www.wikidata.org/wiki/Q12186"}, "Un Vaisseau": {"label": "MISC", "kb_qid": null, "url_wikidata": null}, "Mars": {"label": "LOC", "kb_qid": "Q111", "url_wikidata": "https://www.wikidata.org/wiki/Q111"}, "mer du Sud": {"label": "LOC", "kb_qid": "Q351668", "url_wikidata": "https://www.wikidata.org/wiki/Q351668"}, "Cadix": {"label": "LOC", "kb_qid": "Q15682", "url_wikidata": "https://www.wikidata.org/wiki/Q15682"}, "Villes": {"label": "LOC", "kb_qid": "Q515", "url_wikidata": "https://www.wikidata.org/wiki/Q515"}, "Eu ope": {"label": "LOC", "kb_qid": null, "url_wikidata": null}, "Expr\u00e8s d\u00e9": {"label": "MISC", "kb_qid": null, "url_wikidata": null}, "N\u00e9gociant": {"label": "ORG", "kb_qid": "Q601401", "url_wikidata": "https://www.wikidata.org/wiki/Q601401"}, "Pays": {"label": "LOC", "kb_qid": "Q43702", "url_wikidata": "https://www.wikidata.org/wiki/Q43702"}, "Cond\u00e9": {"label": "PER", "kb_qid": "Q316913", "url_wikidata": "https://www.wikidata.org/wiki/Q316913"}, "Vaisseau, & c'est le 24": {"label": "MISC", "kb_qid": null, "url_wikidata": null}, "Cella de Lima": {"label": "LOC", "kb_qid": null, "url_wikidata": null}, "Europe": {"label": "LOC", "kb_qid": "Q46", "url_wikidata": "https://www.wikidata.org/wiki/Q46"}, "Vaisseaux": {"label": "MISC", "kb_qid": "Q2003852", "url_wikidata": "https://www.wikidata.org/wiki/Q2003852"}, "Baye": {"label": "LOC", "kb_qid": "Q1106721", "url_wikidata": "https://www.wikidata.org/wiki/Q1106721"}, "Vera-Cru &": {"label": "LOC", "kb_qid": null, "url_wikidata": null}, "Neuf Vaisseaux": {"label": "MISC", "kb_qid": null, "url_wikidata": null}, "Vera": {"label": "LOC", "kb_qid": "Q4336346", "url_wikidata": "https://www.wikidata.org/wiki/Q4336346"}, "Flottille": {"label": "MISC", "kb_qid": "Q549276", "url_wikidata": "https://www.wikidata.org/wiki/Q549276"}, "Indes-Occidentales": {"label": "LOC", "kb_qid": null, "url_wikidata": null}, "les Lettres d'un Laisse d'avide la Haine": {"label": "MISC", "kb_qid": null, "url_wikidata": null}, "Amiral Regain": {"label": "PER", "kb_qid": null, "url_wikidata": null}, "la Havane": {"label": "LOC", "kb_qid": "Q1563", "url_wikidata": "https://www.wikidata.org/wiki/Q1563"}, "Vaisseau": {"label": "LOC", "kb_qid": "Q739957", "url_wikidata": "https://www.wikidata.org/wiki/Q739957"}, "Verra- Cru": {"label": "MISC", "kb_qid": null, "url_wikidata": null}, "Vaisseau d'avis la Cour": {"label": "MISC", "kb_qid": null, "url_wikidata": null}}, "ents_freq": {"Prince": 1, "Londres": 1, "Mr. N\u00e9n\u00e9": 1, "Ministre d'Angleterre": 1, "Madrid": 2, "Roi": 1, "IV": 1, "Un Vaisseau": 1, "Mars": 1, "mer du Sud": 1, "Cadix": 4, "Villes": 1, "Eu ope": 1, "Expr\u00e8s d\u00e9": 1, "N\u00e9gociant": 1, "Pays": 1, "Cond\u00e9": 2, "Vaisseau, & c'est le 24": 1, "Cella de Lima": 1, "Europe": 2, "Vaisseaux": 1, "Baye": 1, "Vera-Cru &": 1, "Neuf Vaisseaux": 1, "Vera": 1, "Flottille": 1, "Indes-Occidentales": 1, "les Lettres d'un Laisse d'avide la Haine": 1, "Amiral Regain": 1, "la Havane": 1, "Vaisseau": 1, "Verra- Cru": 1, "Vaisseau d'avis la Cour": 1}, "year": "1749", "month": "05", "page": "62"}