{"ents_info": {"Princes": {"label": "LOC", "kb_qid": "Q1753066", "url_wikidata": "https://www.wikidata.org/wiki/Q1753066"}, "Bruxelles": {"label": "LOC", "kb_qid": "Q240", "url_wikidata": "https://www.wikidata.org/wiki/Q240"}, "Trait\u00e9": {"label": "MISC", "kb_qid": "Q131569", "url_wikidata": "https://www.wikidata.org/wiki/Q131569"}, "Aix-la-Chapelle": {"label": "LOC", "kb_qid": "Q1017", "url_wikidata": "https://www.wikidata.org/wiki/Q1017"}, "Convention": {"label": "MISC", "kb_qid": "Q183191", "url_wikidata": "https://www.wikidata.org/wiki/Q183191"}, "D\u00e9cembre dernier": {"label": "MISC", "kb_qid": "Q59414", "url_wikidata": "https://www.wikidata.org/wiki/Q59414"}, "Commises": {"label": "LOC", "kb_qid": null, "url_wikidata": null}, "Ixia-Chapelle-le": {"label": "LOC", "kb_qid": null, "url_wikidata": null}, "las Ambassadeurs": {"label": "LOC", "kb_qid": null, "url_wikidata": null}, "Roi Tr\u00e8s-Chr\u00e9tienne": {"label": "PER", "kb_qid": null, "url_wikidata": null}, "Contions": {"label": "LOC", "kb_qid": null, "url_wikidata": null}, "De mer": {"label": "LOC", "kb_qid": "Q159354", "url_wikidata": "https://www.wikidata.org/wiki/Q159354"}, "Tirlemont": {"label": "LOC", "kb_qid": "Q456550", "url_wikidata": "https://www.wikidata.org/wiki/Q456550"}, "Ghettos": {"label": "LOC", "kb_qid": "Q152018", "url_wikidata": "https://www.wikidata.org/wiki/Q152018"}, "Ville de Louvain": {"label": "LOC", "kb_qid": null, "url_wikidata": null}, "Kyle la Seigneurie de Malines": {"label": "MISC", "kb_qid": null, "url_wikidata": null}, "Brabant Vallon": {"label": "LOC", "kb_qid": null, "url_wikidata": null}, "Vilvorde": {"label": "LOC", "kb_qid": "Q2565945", "url_wikidata": "https://www.wikidata.org/wiki/Q2565945"}, "Flandres": {"label": "LOC", "kb_qid": "Q157070", "url_wikidata": "https://www.wikidata.org/wiki/Q157070"}, "Hollandaise": {"label": "LOC", "kb_qid": "Q102911", "url_wikidata": "https://www.wikidata.org/wiki/Q102911"}, "D\u00e9vergond\u00e9": {"label": "LOC", "kb_qid": null, "url_wikidata": null}, "Ch\u00e2tellenie": {"label": "LOC", "kb_qid": "Q2749147", "url_wikidata": "https://www.wikidata.org/wiki/Q2749147"}, "Alost": {"label": "LOC", "kb_qid": "Q13121", "url_wikidata": "https://www.wikidata.org/wiki/Q13121"}, "Denver": {"label": "LOC", "kb_qid": "Q16554", "url_wikidata": "https://www.wikidata.org/wiki/Q16554"}, "Lessines": {"label": "LOC", "kb_qid": "Q667790", "url_wikidata": "https://www.wikidata.org/wiki/Q667790"}, "La Ville": {"label": "LOC", "kb_qid": "Q3213809", "url_wikidata": "https://www.wikidata.org/wiki/Q3213809"}, "Gand": {"label": "LOC", "kb_qid": "Q1296", "url_wikidata": "https://www.wikidata.org/wiki/Q1296"}, "Bruges": {"label": "LOC", "kb_qid": "Q12994", "url_wikidata": "https://www.wikidata.org/wiki/Q12994"}, "Ville d Maastricht": {"label": "LOC", "kb_qid": null, "url_wikidata": null}, "Ville d'Ostende": {"label": "LOC", "kb_qid": null, "url_wikidata": null}, "Audenarde": {"label": "LOC", "kb_qid": "Q12992", "url_wikidata": "https://www.wikidata.org/wiki/Q12992"}, "la Ville": {"label": "LOC", "kb_qid": "Q220", "url_wikidata": "https://www.wikidata.org/wiki/Q220"}, "Tourne-y": {"label": "LOC", "kb_qid": null, "url_wikidata": null}, "Ville de Courtrai": {"label": "LOC", "kb_qid": null, "url_wikidata": null}, "Nieuport": {"label": "LOC", "kb_qid": "Q623310", "url_wikidata": "https://www.wikidata.org/wiki/Q623310"}, "Menin": {"label": "LOC", "kb_qid": "Q213224", "url_wikidata": "https://www.wikidata.org/wiki/Q213224"}, "Villes de Namur": {"label": "MISC", "kb_qid": null, "url_wikidata": null}, "Ypres": {"label": "LOC", "kb_qid": "Q102728", "url_wikidata": "https://www.wikidata.org/wiki/Q102728"}, "Fort de la socque & Furnes": {"label": "LOC", "kb_qid": null, "url_wikidata": null}, "For Ier": {"label": "PER", "kb_qid": null, "url_wikidata": null}, "Villes de": {"label": "MISC", "kb_qid": null, "url_wikidata": null}, "Mons": {"label": "LOC", "kb_qid": "Q83407", "url_wikidata": "https://www.wikidata.org/wiki/Q83407"}, "Saint Ghislain": {"label": "LOC", "kb_qid": "Q668950", "url_wikidata": "https://www.wikidata.org/wiki/Q668950"}, "Charleroi": {"label": "LOC", "kb_qid": "Q81046", "url_wikidata": "https://www.wikidata.org/wiki/Q81046"}}, "ents_freq": {"Princes": 1, "Bruxelles": 2, "Trait\u00e9": 1, "Aix-la-Chapelle": 1, "Convention": 1, "D\u00e9cembre dernier": 1, "Commises": 1, "Ixia-Chapelle-le": 1, "las Ambassadeurs": 1, "Roi Tr\u00e8s-Chr\u00e9tienne": 1, "Contions": 1, "De mer": 1, "Tirlemont": 1, "Ghettos": 1, "Ville de Louvain": 1, "Kyle la Seigneurie de Malines": 1, "Brabant Vallon": 1, "Vilvorde": 1, "Flandres": 1, "Hollandaise": 1, "D\u00e9vergond\u00e9": 1, "Ch\u00e2tellenie": 1, "Alost": 1, "Denver": 1, "Lessines": 1, "La Ville": 1, "Gand": 1, "Bruges": 1, "Ville d Maastricht": 1, "Ville d'Ostende": 1, "Audenarde": 1, "la Ville": 1, "Tourne-y": 1, "Ville de Courtrai": 1, "Nieuport": 1, "Menin": 1, "Villes de Namur": 1, "Ypres": 1, "Fort de la socque & Furnes": 1, "For Ier": 1, "Villes de": 1, "Mons": 1, "Saint Ghislain": 1, "Charleroi": 1}, "year": "1749", "month": "02", "page": "66"}