{"ents_info": {"La Clef d\u00fb Cabinet 226 Gouvernement sans foi": {"label": "MISC", "kb_qid": null, "url_wikidata": null}, "la France": {"label": "LOC", "kb_qid": null, "url_wikidata": null}, "Autriche": {"label": "LOC", "kb_qid": null, "url_wikidata": null}, "R\u00e9gion": {"label": "LOC", "kb_qid": null, "url_wikidata": null}, "St. Paul": {"label": "PER", "kb_qid": null, "url_wikidata": null}, "Idoles": {"label": "PER", "kb_qid": null, "url_wikidata": null}, "Rois &": {"label": "MISC", "kb_qid": null, "url_wikidata": null}, "Serviteurs de Du puissant": {"label": "MISC", "kb_qid": null, "url_wikidata": null}, "Puissances de l'Europe & nous flattons-nous trop": {"label": "MISC", "kb_qid": null, "url_wikidata": null}, "Souverain Ma\u00eetre": {"label": "PER", "kb_qid": null, "url_wikidata": null}, "Trait\u00e9": {"label": "MISC", "kb_qid": null, "url_wikidata": null}, "D\u00e9": {"label": "PER", "kb_qid": null, "url_wikidata": null}, "\u00c9tats": {"label": "LOC", "kb_qid": null, "url_wikidata": null}, "Franca": {"label": "MISC", "kb_qid": null, "url_wikidata": null}, "Co\u00eftes, &": {"label": "ORG", "kb_qid": null, "url_wikidata": null}, "Am\u00e9rique": {"label": "LOC", "kb_qid": null, "url_wikidata": null}, "Allemagne": {"label": "LOC", "kb_qid": null, "url_wikidata": null}, "Sa Majest\u00e9 & Imp\u00e9ratrice-Rein": {"label": "MISC", "kb_qid": null, "url_wikidata": null}, "Laos": {"label": "LOC", "kb_qid": null, "url_wikidata": null}, "Fran\u00e7aises & Autrichiens": {"label": "ORG", "kb_qid": null, "url_wikidata": null}, "ns la Lettre": {"label": "MISC", "kb_qid": null, "url_wikidata": null}}, "ents_freq": {"La Clef d\u00fb Cabinet 226 Gouvernement sans foi": 1, "la France": 1, "Autriche": 1, "R\u00e9gion": 1, "St. Paul": 1, "Idoles": 1, "Rois &": 1, "Serviteurs de Du puissant": 1, "Puissances de l'Europe & nous flattons-nous trop": 1, "Souverain Ma\u00eetre": 1, "Trait\u00e9": 2, "D\u00e9": 1, "\u00c9tats": 1, "Franca": 1, "Co\u00eftes, &": 1, "Am\u00e9rique": 1, "Allemagne": 2, "Sa Majest\u00e9 & Imp\u00e9ratrice-Rein": 1, "Laos": 1, "Fran\u00e7aises & Autrichiens": 1, "ns la Lettre": 1}, "year": "1757", "month": "09", "page": "67"}