{"ents_info": {"Arm\u00e9es": {"label": "LOC", "kb_qid": "Q209507", "url_wikidata": "https://www.wikidata.org/wiki/Q209507"}, "Givrassent des combats": {"label": "MISC", "kb_qid": null, "url_wikidata": null}, "Fran\u00e7ois & tan rot du cor\u00e9 des Hanovriens": {"label": "MISC", "kb_qid": null, "url_wikidata": null}, "R\u00e9giment Prussiens": {"label": "ORG", "kb_qid": null, "url_wikidata": null}, "Arm\u00e9e du Duc": {"label": "ORG", "kb_qid": null, "url_wikidata": null}, "Magdebourg": {"label": "LOC", "kb_qid": "Q1733", "url_wikidata": "https://www.wikidata.org/wiki/Q1733"}, "Arm\u00e9e": {"label": "ORG", "kb_qid": "Q162513", "url_wikidata": "https://www.wikidata.org/wiki/Q162513"}, "Gauss": {"label": "PER", "kb_qid": "Q6722", "url_wikidata": "https://www.wikidata.org/wiki/Q6722"}, "Pattas Fran\u00e7ois": {"label": "MISC", "kb_qid": null, "url_wikidata": null}, "ILe s Chasseurs du Pays de Brun sotch": {"label": "MISC", "kb_qid": null, "url_wikidata": null}, "Mar\u00e9chal d'Et": {"label": "PER", "kb_qid": null, "url_wikidata": null}, "Fort & sur l'endort": {"label": "MISC", "kb_qid": null, "url_wikidata": null}, "Hamel": {"label": "PER", "kb_qid": "Q1246770", "url_wikidata": "https://www.wikidata.org/wiki/Q1246770"}, "Bataille au Duc de Cumberland": {"label": "MISC", "kb_qid": null, "url_wikidata": null}, "D\u00e9tachement": {"label": "ORG", "kb_qid": "Q1201097", "url_wikidata": "https://www.wikidata.org/wiki/Q1201097"}, "Mar\u00e9chal": {"label": "PER", "kb_qid": "Q111837", "url_wikidata": "https://www.wikidata.org/wiki/Q111837"}, "Lei": {"label": "MISC", "kb_qid": "Q131645", "url_wikidata": "https://www.wikidata.org/wiki/Q131645"}, "Limbe &": {"label": "MISC", "kb_qid": null, "url_wikidata": null}, "Baillis": {"label": "PER", "kb_qid": "Q10970991", "url_wikidata": "https://www.wikidata.org/wiki/Q10970991"}, "Campagne & les petites Villes": {"label": "MISC", "kb_qid": null, "url_wikidata": null}, "D\u00e9put\u00e9s": {"label": "MISC", "kb_qid": "Q3044918", "url_wikidata": "https://www.wikidata.org/wiki/Q3044918"}, "Ville d'Honneur": {"label": "ORG", "kb_qid": null, "url_wikidata": null}, "Arm\u00e9e du": {"label": "ORG", "kb_qid": null, "url_wikidata": null}}, "ents_freq": {"Arm\u00e9es": 1, "Givrassent des combats": 1, "Fran\u00e7ois & tan rot du cor\u00e9 des Hanovriens": 1, "R\u00e9giment Prussiens": 1, "Arm\u00e9e du Duc": 1, "Magdebourg": 1, "Arm\u00e9e": 1, "Gauss": 1, "Pattas Fran\u00e7ois": 1, "ILe s Chasseurs du Pays de Brun sotch": 1, "Mar\u00e9chal d'Et": 1, "Fort & sur l'endort": 1, "Hamel": 1, "Bataille au Duc de Cumberland": 1, "D\u00e9tachement": 1, "Mar\u00e9chal": 1, "Lei": 1, "Limbe &": 1, "Baillis": 1, "Campagne & les petites Villes": 1, "D\u00e9put\u00e9s": 1, "Ville d'Honneur": 1, "Arm\u00e9e du": 1}, "year": "1757", "month": "09", "page": "26"}