{"ents_info": {"Princes oc": {"label": "LOC", "kb_qid": null, "url_wikidata": null}, "I75": {"label": "LOC", "kb_qid": "Q3788345", "url_wikidata": "https://www.wikidata.org/wiki/Q3788345"}, "Sa Majest\u00e9 l'Imp\u00e9ratrice": {"label": "PER", "kb_qid": null, "url_wikidata": null}, "Roi": {"label": "PER", "kb_qid": "Q18384454", "url_wikidata": "https://www.wikidata.org/wiki/Q18384454"}, "Puissances de l'Europe": {"label": "MISC", "kb_qid": null, "url_wikidata": null}, "V. Etc": {"label": "PER", "kb_qid": null, "url_wikidata": null}, "Sa Maj.": {"label": "PER", "kb_qid": null, "url_wikidata": null}, "Corps en g\u00e9n\u00e9ral": {"label": "ORG", "kb_qid": null, "url_wikidata": null}, "Imp\u00e9ratrice": {"label": "PER", "kb_qid": "Q171480", "url_wikidata": "https://www.wikidata.org/wiki/Q171480"}, "A": {"label": "LOC", "kb_qid": "Q9659", "url_wikidata": "https://www.wikidata.org/wiki/Q9659"}, "R\u00e9publique": {"label": "LOC", "kb_qid": "Q7270", "url_wikidata": "https://www.wikidata.org/wiki/Q7270"}, "Zele &": {"label": "MISC", "kb_qid": null, "url_wikidata": null}, "Votre Excellence c.": {"label": "MISC", "kb_qid": null, "url_wikidata": null}, "Corps de troupes": {"label": "ORG", "kb_qid": "Q17176654", "url_wikidata": "https://www.wikidata.org/wiki/Q17176654"}, "Lettre,": {"label": "MISC", "kb_qid": null, "url_wikidata": null}, "Arm\u00e9e": {"label": "ORG", "kb_qid": "Q162513", "url_wikidata": "https://www.wikidata.org/wiki/Q162513"}, "Comte d'Apraxie": {"label": "PER", "kb_qid": null, "url_wikidata": null}, "Riga": {"label": "LOC", "kb_qid": "Q1773", "url_wikidata": "https://www.wikidata.org/wiki/Q1773"}, "De Plan": {"label": "MISC", "kb_qid": null, "url_wikidata": null}, "L'ironie-Russienne": {"label": "MISC", "kb_qid": null, "url_wikidata": null}, "rivi\u00e8re d Raina": {"label": "LOC", "kb_qid": null, "url_wikidata": null}, "Lituanie": {"label": "LOC", "kb_qid": "Q37", "url_wikidata": "https://www.wikidata.org/wiki/Q37"}, "Palatinat": {"label": "LOC", "kb_qid": "Q326359", "url_wikidata": "https://www.wikidata.org/wiki/Q326359"}, "I\u00e9na": {"label": "LOC", "kb_qid": "Q154426", "url_wikidata": "https://www.wikidata.org/wiki/Q154426"}, "Trop": {"label": "LOC", "kb_qid": null, "url_wikidata": null}, "Pologne": {"label": "LOC", "kb_qid": "Q36", "url_wikidata": "https://www.wikidata.org/wiki/Q36"}, "Panache": {"label": "LOC", "kb_qid": "Q3817528", "url_wikidata": "https://www.wikidata.org/wiki/Q3817528"}, "Vistule": {"label": "LOC", "kb_qid": "Q548", "url_wikidata": "https://www.wikidata.org/wiki/Q548"}, "Course": {"label": "LOC", "kb_qid": "Q201559", "url_wikidata": "https://www.wikidata.org/wiki/Q201559"}, "Palatinars": {"label": "LOC", "kb_qid": null, "url_wikidata": null}, "Lanciez": {"label": "LOC", "kb_qid": null, "url_wikidata": null}, "S'irradie, &": {"label": "MISC", "kb_qid": null, "url_wikidata": null}, "Corps d'Arm\u00e9e": {"label": "ORG", "kb_qid": "Q2808350", "url_wikidata": "https://www.wikidata.org/wiki/Q2808350"}}, "ents_freq": {"Princes oc": 1, "I75": 1, "Sa Majest\u00e9 l'Imp\u00e9ratrice": 1, "Roi": 2, "Puissances de l'Europe": 1, "V. Etc": 1, "Sa Maj.": 2, "Corps en g\u00e9n\u00e9ral": 1, "Imp\u00e9ratrice": 1, "A": 1, "R\u00e9publique": 1, "Zele &": 1, "Votre Excellence c.": 1, "Corps de troupes": 1, "Lettre,": 1, "Arm\u00e9e": 1, "Comte d'Apraxie": 1, "Riga": 1, "De Plan": 1, "L'ironie-Russienne": 1, "rivi\u00e8re d Raina": 1, "Lituanie": 1, "Palatinat": 1, "I\u00e9na": 1, "Trop": 1, "Pologne": 1, "Panache": 1, "Vistule": 1, "Course": 1, "Palatinars": 1, "Lanciez": 1, "S'irradie, &": 1, "Corps d'Arm\u00e9e": 1}, "year": "1757", "month": "02", "page": "40"}