{"ents_info": {"Princes de": {"label": "LOC", "kb_qid": "Q16641916", "url_wikidata": "https://www.wikidata.org/wiki/Q16641916"}, "Discours pr\u00e9liminaires": {"label": "MISC", "kb_qid": null, "url_wikidata": null}, "Comte": {"label": "PER", "kb_qid": "Q3519259", "url_wikidata": "https://www.wikidata.org/wiki/Q3519259"}, "\u00c9v\u00eaques des Mon astres;": {"label": "MISC", "kb_qid": null, "url_wikidata": null}, "Celles": {"label": "LOC", "kb_qid": "Q2373653", "url_wikidata": "https://www.wikidata.org/wiki/Q2373653"}, "Accoles des Mon astres": {"label": "LOC", "kb_qid": null, "url_wikidata": null}, "Juridictions de l'Abbaye & de la Ville de St. Milieu": {"label": "MISC", "kb_qid": null, "url_wikidata": null}, "Histoire l'Abrog\u00e9": {"label": "MISC", "kb_qid": null, "url_wikidata": null}, "Cardinal de Retz": {"label": "PER", "kb_qid": "Q353879", "url_wikidata": "https://www.wikidata.org/wiki/Q353879"}, "Hommes": {"label": "LOC", "kb_qid": "Q742609", "url_wikidata": "https://www.wikidata.org/wiki/Q742609"}, "P. Don": {"label": "PER", "kb_qid": null, "url_wikidata": null}, "Joseph de l'Esse": {"label": "PER", "kb_qid": null, "url_wikidata": null}, "Abb\u00e9 de S. L\u00e9opold de Nancy & Prieur de l'Abbaye de St. Milieu": {"label": "PER", "kb_qid": null, "url_wikidata": null}, "Ordre de S. Benoit": {"label": "ORG", "kb_qid": null, "url_wikidata": null}, "Nancy": {"label": "LOC", "kb_qid": "Q19523", "url_wikidata": "https://www.wikidata.org/wiki/Q19523"}, "Sieur Horner": {"label": "PER", "kb_qid": null, "url_wikidata": null}, "Imprimeur du Roi": {"label": "PER", "kb_qid": "Q3149494", "url_wikidata": "https://www.wikidata.org/wiki/Q3149494"}, "Soci\u00e9t\u00e9 des Sciences de la m\u00eame Ville": {"label": "ORG", "kb_qid": null, "url_wikidata": null}, "Ouvrage": {"label": "PER", "kb_qid": "Q1171840", "url_wikidata": "https://www.wikidata.org/wiki/Q1171840"}, "Savant Abb\u00e9 de St. L\u00e9opold de Nancy": {"label": "LOC", "kb_qid": null, "url_wikidata": null}, "Trait\u00e9": {"label": "MISC", "kb_qid": "Q384515", "url_wikidata": "https://www.wikidata.org/wiki/Q384515"}, "D\u00e9fense du Martyre": {"label": "PER", "kb_qid": null, "url_wikidata": null}, "L\u00e9gion Th\u00e9ba\u00efne": {"label": "ORG", "kb_qid": null, "url_wikidata": null}, "St. Maurice & de ses Compagnons": {"label": "LOC", "kb_qid": null, "url_wikidata": null}, "Livres": {"label": "MISC", "kb_qid": "Q571", "url_wikidata": "https://www.wikidata.org/wiki/Q571"}, "IV": {"label": "MISC", "kb_qid": "Q69829", "url_wikidata": "https://www.wikidata.org/wiki/Q69829"}, "Avril dernier": {"label": "MISC", "kb_qid": "Q604696", "url_wikidata": "https://www.wikidata.org/wiki/Q604696"}, "Tome ixi\u00e8me de l'Histoire de Lorraine": {"label": "MISC", "kb_qid": null, "url_wikidata": null}, "R\u00e9v\u00e9rendissime": {"label": "ORG", "kb_qid": null, "url_wikidata": null}, "Don Calme de l'Ordre de St. Benoit": {"label": "MISC", "kb_qid": null, "url_wikidata": null}, "Abb\u00e9 de S'": {"label": "PER", "kb_qid": null, "url_wikidata": null}, "Antoine": {"label": "PER", "kb_qid": "Q369811", "url_wikidata": "https://www.wikidata.org/wiki/Q369811"}, "Imprimeur ordinaire du Roi": {"label": "MISC", "kb_qid": "Q3149494", "url_wikidata": "https://www.wikidata.org/wiki/Q3149494"}, "Histoire": {"label": "MISC", "kb_qid": "Q309", "url_wikidata": "https://www.wikidata.org/wiki/Q309"}, "Juillet": {"label": "PER", "kb_qid": "Q3188227", "url_wikidata": "https://www.wikidata.org/wiki/Q3188227"}}, "ents_freq": {"Princes de": 1, "Discours pr\u00e9liminaires": 1, "Comte": 1, "\u00c9v\u00eaques des Mon astres;": 1, "Celles": 1, "Accoles des Mon astres": 1, "Juridictions de l'Abbaye & de la Ville de St. Milieu": 1, "Histoire l'Abrog\u00e9": 1, "Cardinal de Retz": 1, "Hommes": 1, "P. Don": 1, "Joseph de l'Esse": 1, "Abb\u00e9 de S. L\u00e9opold de Nancy & Prieur de l'Abbaye de St. Milieu": 1, "Ordre de S. Benoit": 1, "Nancy": 2, "Sieur Horner": 1, "Imprimeur du Roi": 1, "Soci\u00e9t\u00e9 des Sciences de la m\u00eame Ville": 1, "Ouvrage": 2, "Savant Abb\u00e9 de St. L\u00e9opold de Nancy": 1, "Trait\u00e9": 1, "D\u00e9fense du Martyre": 1, "L\u00e9gion Th\u00e9ba\u00efne": 1, "St. Maurice & de ses Compagnons": 1, "Livres": 1, "IV": 1, "Avril dernier": 1, "Tome ixi\u00e8me de l'Histoire de Lorraine": 1, "R\u00e9v\u00e9rendissime": 1, "Don Calme de l'Ordre de St. Benoit": 1, "Abb\u00e9 de S'": 1, "Antoine": 1, "Imprimeur ordinaire du Roi": 1, "Histoire": 1, "Juillet": 1}, "year": "1757", "month": "10", "page": "10"}