{"ents_info": {"Princes de": {"label": "LOC", "kb_qid": "Q16641916", "url_wikidata": "https://www.wikidata.org/wiki/Q16641916"}, "Te Dlm": {"label": "LOC", "kb_qid": null, "url_wikidata": null}, "Mr.": {"label": "PER", "kb_qid": null, "url_wikidata": null}, "Miami": {"label": "LOC", "kb_qid": "Q8652", "url_wikidata": "https://www.wikidata.org/wiki/Q8652"}, "Archev\u00eaque": {"label": "LOC", "kb_qid": "Q49476", "url_wikidata": "https://www.wikidata.org/wiki/Q49476"}, "L'Imp\u00e9ratrice": {"label": "PER", "kb_qid": "Q1143019", "url_wikidata": "https://www.wikidata.org/wiki/Q1143019"}, "Officiers": {"label": "ORG", "kb_qid": "Q3113100", "url_wikidata": "https://www.wikidata.org/wiki/Q3113100"}, "Bataille": {"label": "PER", "kb_qid": "Q3292502", "url_wikidata": "https://www.wikidata.org/wiki/Q3292502"}, "Ba-Officiers & Soldats": {"label": "LOC", "kb_qid": null, "url_wikidata": null}, "Les Chevaux que les Officiers": {"label": "MISC", "kb_qid": null, "url_wikidata": null}, "Grenadiers": {"label": "LOC", "kb_qid": "Q313303", "url_wikidata": "https://www.wikidata.org/wiki/Q313303"}, "bataille du e. Mai": {"label": "MISC", "kb_qid": null, "url_wikidata": null}, "Promise douze c": {"label": "MISC", "kb_qid": null, "url_wikidata": null}, "Imp\u00e9ratrice": {"label": "PER", "kb_qid": "Q157130", "url_wikidata": "https://www.wikidata.org/wiki/Q157130"}, "Mar\u00e9chal Da": {"label": "PER", "kb_qid": null, "url_wikidata": null}, "Son Excellence": {"label": "PER", "kb_qid": "Q1067610", "url_wikidata": "https://www.wikidata.org/wiki/Q1067610"}, "Arm\u00e9e": {"label": "ORG", "kb_qid": "Q162513", "url_wikidata": "https://www.wikidata.org/wiki/Q162513"}, "Infanterie, Mrs": {"label": "MISC", "kb_qid": null, "url_wikidata": null}, "Nicolas Est\u00e9rase": {"label": "PER", "kb_qid": null, "url_wikidata": null}, "& Anges: Lieutenant-G\u00e9n\u00e9raux de Cavalerie, Mrs": {"label": "MISC", "kb_qid": null, "url_wikidata": null}, "Traurmansdorsf &": {"label": "ORG", "kb_qid": null, "url_wikidata": null}, "Louis de Schoenberg:": {"label": "PER", "kb_qid": null, "url_wikidata": null}, "Sicltoicle &": {"label": "ORG", "kb_qid": null, "url_wikidata": null}, "Potsdam": {"label": "LOC", "kb_qid": "Q151187", "url_wikidata": "https://www.wikidata.org/wiki/Q151187"}, "Martini, & Tronel: Colonels d'Infanterie, Mrs": {"label": "ORG", "kb_qid": null, "url_wikidata": null}, "Paul": {"label": "PER", "kb_qid": "Q15189", "url_wikidata": "https://www.wikidata.org/wiki/Q15189"}, "Eppendorf, & Eilenberg: Colonels de Cavalerie, Mr. Sanofi": {"label": "MISC", "kb_qid": null, "url_wikidata": null}, "Belgioioso & Pompent: Mr. Schwytz": {"label": "ORG", "kb_qid": null, "url_wikidata": null}, "Aide-de-Camp": {"label": "LOC", "kb_qid": "Q369894", "url_wikidata": "https://www.wikidata.org/wiki/Q369894"}, "R\u00e9giment": {"label": "ORG", "kb_qid": "Q52371", "url_wikidata": "https://www.wikidata.org/wiki/Q52371"}, "Mar\u00e9chal de Brun": {"label": "PER", "kb_qid": null, "url_wikidata": null}, "Imp\u00e9ratif Reine": {"label": "PER", "kb_qid": null, "url_wikidata": null}, "G\u00e9n\u00e9ral-Major": {"label": "PER", "kb_qid": "Q157148", "url_wikidata": "https://www.wikidata.org/wiki/Q157148"}, "Comtesse de Brun": {"label": "PER", "kb_qid": null, "url_wikidata": null}, "Allemagne": {"label": "LOC", "kb_qid": "Q43287", "url_wikidata": "https://www.wikidata.org/wiki/Q43287"}, "Pays": {"label": "LOC", "kb_qid": "Q43702", "url_wikidata": "https://www.wikidata.org/wiki/Q43702"}, "R\u00e9giment de Fesseriez": {"label": "ORG", "kb_qid": null, "url_wikidata": null}, "Comte de C\u00e8lent": {"label": "PER", "kb_qid": null, "url_wikidata": null}, "Vienne": {"label": "LOC", "kb_qid": "Q26849", "url_wikidata": "https://www.wikidata.org/wiki/Q26849"}, "Corps de troupes Hongroises": {"label": "ORG", "kb_qid": null, "url_wikidata": null}, "Arm\u00e9es Imp\u00e9riales": {"label": "ORG", "kb_qid": "Q1721681", "url_wikidata": "https://www.wikidata.org/wiki/Q1721681"}, "Des derniers avis": {"label": "MISC", "kb_qid": null, "url_wikidata": null}, "Roi de Prusse": {"label": "PER", "kb_qid": "Q150652", "url_wikidata": "https://www.wikidata.org/wiki/Q150652"}, "Arm\u00e9e;": {"label": "ORG", "kb_qid": null, "url_wikidata": null}, "G\u00e9n\u00e9ral Fadasse": {"label": "PER", "kb_qid": null, "url_wikidata": null}}, "ents_freq": {"Princes de": 1, "Te Dlm": 1, "Mr.": 1, "Miami": 1, "Archev\u00eaque": 1, "L'Imp\u00e9ratrice": 1, "Officiers": 2, "Bataille": 1, "Ba-Officiers & Soldats": 1, "Les Chevaux que les Officiers": 1, "Grenadiers": 1, "bataille du e. Mai": 1, "Promise douze c": 1, "Imp\u00e9ratrice": 1, "Mar\u00e9chal Da": 1, "Son Excellence": 1, "Arm\u00e9e": 1, "Infanterie, Mrs": 1, "Nicolas Est\u00e9rase": 1, "& Anges: Lieutenant-G\u00e9n\u00e9raux de Cavalerie, Mrs": 1, "Traurmansdorsf &": 1, "Louis de Schoenberg:": 1, "Sicltoicle &": 1, "Potsdam": 1, "Martini, & Tronel: Colonels d'Infanterie, Mrs": 1, "Paul": 1, "Eppendorf, & Eilenberg: Colonels de Cavalerie, Mr. Sanofi": 1, "Belgioioso & Pompent: Mr. Schwytz": 1, "Aide-de-Camp": 1, "R\u00e9giment": 1, "Mar\u00e9chal de Brun": 1, "Imp\u00e9ratif Reine": 1, "G\u00e9n\u00e9ral-Major": 2, "Comtesse de Brun": 1, "Allemagne": 1, "Pays": 1, "R\u00e9giment de Fesseriez": 1, "Comte de C\u00e8lent": 1, "Vienne": 1, "Corps de troupes Hongroises": 1, "Arm\u00e9es Imp\u00e9riales": 1, "Des derniers avis": 1, "Roi de Prusse": 1, "Arm\u00e9e;": 1, "G\u00e9n\u00e9ral Fadasse": 1}, "year": "1757", "month": "08", "page": "70"}