{"ents_info": {"La Clef du Cabinet": {"label": "MISC", "kb_qid": null, "url_wikidata": null}, "L'usasse & de la Sil\u00e9sie": {"label": "MISC", "kb_qid": null, "url_wikidata": null}, "Ezra": {"label": "PER", "kb_qid": "Q191787", "url_wikidata": "https://www.wikidata.org/wiki/Q191787"}, "Sa MJ": {"label": "MISC", "kb_qid": null, "url_wikidata": null}, "Prussienne": {"label": "LOC", "kb_qid": "Q38872", "url_wikidata": "https://www.wikidata.org/wiki/Q38872"}, "ale": {"label": "MISC", "kb_qid": "Q3044285", "url_wikidata": "https://www.wikidata.org/wiki/Q3044285"}, "Boh\u00e8me": {"label": "LOC", "kb_qid": "Q39193", "url_wikidata": "https://www.wikidata.org/wiki/Q39193"}, "Fert Mar\u00e9chal Comte de Schwerin": {"label": "LOC", "kb_qid": null, "url_wikidata": null}, "Saxe": {"label": "LOC", "kb_qid": "Q164092", "url_wikidata": "https://www.wikidata.org/wiki/Q164092"}, "Icelle": {"label": "LOC", "kb_qid": null, "url_wikidata": null}, "Prussiennes": {"label": "LOC", "kb_qid": "Q38872", "url_wikidata": "https://www.wikidata.org/wiki/Q38872"}, "levs &": {"label": "ORG", "kb_qid": null, "url_wikidata": null}, "Colonnes": {"label": "LOC", "kb_qid": "Q4817", "url_wikidata": "https://www.wikidata.org/wiki/Q4817"}, "Corps": {"label": "MISC", "kb_qid": "Q1060535", "url_wikidata": "https://www.wikidata.org/wiki/Q1060535"}, "Comte de Schwerin": {"label": "PER", "kb_qid": null, "url_wikidata": null}, "Arm\u00e9e": {"label": "ORG", "kb_qid": "Q2818118", "url_wikidata": "https://www.wikidata.org/wiki/Q2818118"}, "Principaut\u00e9 de Chemnitz": {"label": "LOC", "kb_qid": null, "url_wikidata": null}, "Landau, d'": {"label": "MISC", "kb_qid": null, "url_wikidata": null}, "Gorges": {"label": "LOC", "kb_qid": "Q749819", "url_wikidata": "https://www.wikidata.org/wiki/Q749819"}, "Sil\u00e9sie": {"label": "LOC", "kb_qid": "Q81720", "url_wikidata": "https://www.wikidata.org/wiki/Q81720"}, "Royaume": {"label": "LOC", "kb_qid": "Q70972", "url_wikidata": "https://www.wikidata.org/wiki/Q70972"}, "Cavalerie &": {"label": "ORG", "kb_qid": null, "url_wikidata": null}, "Ducats,": {"label": "MISC", "kb_qid": null, "url_wikidata": null}, "Autrichiens": {"label": "LOC", "kb_qid": "Q131964", "url_wikidata": "https://www.wikidata.org/wiki/Q131964"}, "Ypres": {"label": "LOC", "kb_qid": "Q102728", "url_wikidata": "https://www.wikidata.org/wiki/Q102728"}}, "ents_freq": {"La Clef du Cabinet": 1, "L'usasse & de la Sil\u00e9sie": 1, "Ezra": 1, "Sa MJ": 1, "Prussienne": 1, "ale": 1, "Boh\u00e8me": 3, "Fert Mar\u00e9chal Comte de Schwerin": 1, "Saxe": 1, "Icelle": 1, "Prussiennes": 1, "levs &": 1, "Colonnes": 1, "Corps": 1, "Comte de Schwerin": 1, "Arm\u00e9e": 1, "Principaut\u00e9 de Chemnitz": 1, "Landau, d'": 1, "Gorges": 1, "Sil\u00e9sie": 1, "Royaume": 1, "Cavalerie &": 1, "Ducats,": 1, "Autrichiens": 1, "Ypres": 1}, "year": "1757", "month": "06", "page": "15"}