{"ents_info": {"Prises": {"label": "MISC", "kb_qid": null, "url_wikidata": null}, "Janvier": {"label": "PER", "kb_qid": null, "url_wikidata": null}, "Mondiaux, de": {"label": "MISC", "kb_qid": null, "url_wikidata": null}, "Plans de la Reine": {"label": "MISC", "kb_qid": null, "url_wikidata": null}, "de Broglie": {"label": "PER", "kb_qid": null, "url_wikidata": null}, "Lieutenant-Colonel Coccus": {"label": "LOC", "kb_qid": null, "url_wikidata": null}, "Officiers & des soldats Prussiens": {"label": "ORG", "kb_qid": null, "url_wikidata": null}, "Reine": {"label": "PER", "kb_qid": null, "url_wikidata": null}, "Ministre, &": {"label": "ORG", "kb_qid": null, "url_wikidata": null}, "Envoy\u00e9 de Danemark": {"label": "MISC", "kb_qid": null, "url_wikidata": null}, "Lieutenant- Colonel": {"label": "LOC", "kb_qid": null, "url_wikidata": null}, "Roi de Prusse": {"label": "PER", "kb_qid": null, "url_wikidata": null}, "Mr. de Broglie": {"label": "PER", "kb_qid": null, "url_wikidata": null}, "Roi": {"label": "PER", "kb_qid": null, "url_wikidata": null}, "Secr\u00e9taire Hennin": {"label": "PER", "kb_qid": null, "url_wikidata": null}, "Dresde": {"label": "LOC", "kb_qid": null, "url_wikidata": null}, "Soldats dans une Maison": {"label": "MISC", "kb_qid": null, "url_wikidata": null}, "Ministres": {"label": "MISC", "kb_qid": null, "url_wikidata": null}, "Lieutenant-Colonel Cocci": {"label": "LOC", "kb_qid": null, "url_wikidata": null}, "S1": {"label": "MISC", "kb_qid": null, "url_wikidata": null}, "Prussienne": {"label": "LOC", "kb_qid": null, "url_wikidata": null}, "Comte de Broglie": {"label": "PER", "kb_qid": null, "url_wikidata": null}, "Soldats": {"label": "MISC", "kb_qid": null, "url_wikidata": null}, "Maison d Son Excellence": {"label": "MISC", "kb_qid": null, "url_wikidata": null}, "Maisons des Ministres": {"label": "LOC", "kb_qid": null, "url_wikidata": null}, "Nestl\u00e9 I4": {"label": "ORG", "kb_qid": null, "url_wikidata": null}}, "ents_freq": {"Prises": 1, "Janvier": 1, "Mondiaux, de": 1, "Plans de la Reine": 1, "de Broglie": 1, "Lieutenant-Colonel Coccus": 1, "Officiers & des soldats Prussiens": 1, "Reine": 2, "Ministre, &": 1, "Envoy\u00e9 de Danemark": 1, "Lieutenant- Colonel": 1, "Roi de Prusse": 1, "Mr. de Broglie": 1, "Roi": 3, "Secr\u00e9taire Hennin": 1, "Dresde": 2, "Soldats dans une Maison": 1, "Ministres": 1, "Lieutenant-Colonel Cocci": 1, "S1": 1, "Prussienne": 1, "Comte de Broglie": 1, "Soldats": 1, "Maison d Son Excellence": 1, "Maisons des Ministres": 1, "Nestl\u00e9 I4": 1}, "year": "1757", "month": "01", "page": "46"}