{"ents_info": {"La Clef du Cabinet": {"label": "MISC", "kb_qid": null, "url_wikidata": null}, "la Pologne": {"label": "LOC", "kb_qid": null, "url_wikidata": null}, "Arm\u00e9e de la Couronne": {"label": "ORG", "kb_qid": null, "url_wikidata": null}, "Roi": {"label": "PER", "kb_qid": null, "url_wikidata": null}, "Ordre de l'Aigle Blanc": {"label": "ORG", "kb_qid": null, "url_wikidata": null}, "Fert-Mar\u00e9chal Comte d'Apraxie": {"label": "LOC", "kb_qid": null, "url_wikidata": null}, "G\u00e9n\u00e9raux Alexandre & Pierre Schuvralo": {"label": "PER", "kb_qid": null, "url_wikidata": null}, "V\u00e9.f\u00e9ral": {"label": "MISC", "kb_qid": null, "url_wikidata": null}, "Arm\u00e9e Russienne": {"label": "ORG", "kb_qid": null, "url_wikidata": null}, "Prusse": {"label": "LOC", "kb_qid": null, "url_wikidata": null}, "Journaux du Sr": {"label": "MISC", "kb_qid": null, "url_wikidata": null}, "Lambert": {"label": "PER", "kb_qid": null, "url_wikidata": null}, "Tour de Varsovie": {"label": "MISC", "kb_qid": null, "url_wikidata": null}, "Roi Tr es-Chr\u00e9tien": {"label": "PER", "kb_qid": null, "url_wikidata": null}, "gr aces": {"label": "LOC", "kb_qid": null, "url_wikidata": null}, "Dieu": {"label": "MISC", "kb_qid": null, "url_wikidata": null}, "Comte de Bru": {"label": "PER", "kb_qid": null, "url_wikidata": null}, "Ministre d'Ekat du Roi": {"label": "ORG", "kb_qid": null, "url_wikidata": null}, "Comte de Bielinslei,": {"label": "PER", "kb_qid": null, "url_wikidata": null}, "Mar\u00e9chal de la Consonne": {"label": "PER", "kb_qid": null, "url_wikidata": null}, "Grands du Royaume": {"label": "LOC", "kb_qid": null, "url_wikidata": null}, "Varsovie": {"label": "LOC", "kb_qid": null, "url_wikidata": null}, "Monarque": {"label": "PER", "kb_qid": null, "url_wikidata": null}, "Maisons": {"label": "LOC", "kb_qid": null, "url_wikidata": null}, "Pologne": {"label": "LOC", "kb_qid": null, "url_wikidata": null}, "Te D'EUR & des r\u00e9jouis": {"label": "MISC", "kb_qid": null, "url_wikidata": null}}, "ents_freq": {"La Clef du Cabinet": 1, "la Pologne": 1, "Arm\u00e9e de la Couronne": 1, "Roi": 2, "Ordre de l'Aigle Blanc": 1, "Fert-Mar\u00e9chal Comte d'Apraxie": 1, "G\u00e9n\u00e9raux Alexandre & Pierre Schuvralo": 1, "V\u00e9.f\u00e9ral": 1, "Arm\u00e9e Russienne": 1, "Prusse": 1, "Journaux du Sr": 1, "Lambert": 1, "Tour de Varsovie": 1, "Roi Tr es-Chr\u00e9tien": 1, "gr aces": 1, "Dieu": 1, "Comte de Bru": 1, "Ministre d'Ekat du Roi": 1, "Comte de Bielinslei,": 1, "Mar\u00e9chal de la Consonne": 1, "Grands du Royaume": 1, "Varsovie": 1, "Monarque": 1, "Maisons": 1, "Pologne": 1, "Te D'EUR & des r\u00e9jouis": 1}, "year": "1757", "month": "04", "page": "53"}