{"ents_info": {"Princes": {"label": "LOC", "kb_qid": null, "url_wikidata": null}, "F\u00e9vrier": {"label": "LOC", "kb_qid": null, "url_wikidata": null}, "\u00c9tats": {"label": "LOC", "kb_qid": null, "url_wikidata": null}, "Religion & de Zele": {"label": "ORG", "kb_qid": null, "url_wikidata": null}, "Roi de Prusse": {"label": "PER", "kb_qid": null, "url_wikidata": null}, "Roi": {"label": "PER", "kb_qid": null, "url_wikidata": null}, "EtatsH\u00e9r\u00e9ditaires": {"label": "MISC", "kb_qid": null, "url_wikidata": null}, "Paix": {"label": "MISC", "kb_qid": null, "url_wikidata": null}, "Conseil": {"label": "ORG", "kb_qid": null, "url_wikidata": null}, "Sa Maj.": {"label": "PER", "kb_qid": null, "url_wikidata": null}, "Arm\u00e9e": {"label": "ORG", "kb_qid": null, "url_wikidata": null}, "Religion & l'humanit\u00e9": {"label": "ORG", "kb_qid": null, "url_wikidata": null}, "Reine": {"label": "PER", "kb_qid": null, "url_wikidata": null}, "auguste Famille": {"label": "PER", "kb_qid": null, "url_wikidata": null}, "Leur Capitale": {"label": "LOC", "kb_qid": null, "url_wikidata": null}, "\u00c9tats du Pays": {"label": "LOC", "kb_qid": null, "url_wikidata": null}, "Pr\u00e9lats,": {"label": "MISC", "kb_qid": null, "url_wikidata": null}, "Comtes, Barons, Nobles & Magistrats, sans exception de personne, de punition corporelle & de la brouette, 'ils": {"label": "MISC", "kb_qid": null, "url_wikidata": null}, "les Sujets": {"label": "MISC", "kb_qid": null, "url_wikidata": null}, "Commerce & des Manufactures": {"label": "ORG", "kb_qid": null, "url_wikidata": null}, "Magazine du Roi": {"label": "MISC", "kb_qid": null, "url_wikidata": null}, "\u00c9puisement des subsistances, la d\u00e9sertion forc\u00e9e des habitants, l'exportation des revenus & de l'argent": {"label": "MISC", "kb_qid": null, "url_wikidata": null}, "Se g\u00e9mit.": {"label": "MISC", "kb_qid": null, "url_wikidata": null}, "Pays": {"label": "LOC", "kb_qid": null, "url_wikidata": null}, "Lorsque la n\u00e9cessit\u00e9 r\u00e9elle ou apparente de son invasion": {"label": "MISC", "kb_qid": null, "url_wikidata": null}, "Se tons les malheurs que je sens": {"label": "MISC", "kb_qid": null, "url_wikidata": null}, "De c\u0153ur p\u00e9n\u00e9tr\u00e9 du malheur de ses Sujets;": {"label": "MISC", "kb_qid": null, "url_wikidata": null}, "Europe": {"label": "LOC", "kb_qid": null, "url_wikidata": null}, "Dieu": {"label": "MISC", "kb_qid": null, "url_wikidata": null}, "Providence": {"label": "LOC", "kb_qid": null, "url_wikidata": null}, "De c\u0153ur droit & pur": {"label": "MISC", "kb_qid": null, "url_wikidata": null}, "Majest\u00e9": {"label": "PER", "kb_qid": null, "url_wikidata": null}, "Alli\u00e9s": {"label": "MISC", "kb_qid": null, "url_wikidata": null}, "V.H. P.": {"label": "PER", "kb_qid": null, "url_wikidata": null}}, "ents_freq": {"Princes": 1, "F\u00e9vrier": 1, "\u00c9tats": 2, "Religion & de Zele": 1, "Roi de Prusse": 2, "Roi": 2, "EtatsH\u00e9r\u00e9ditaires": 1, "Paix": 1, "Conseil": 1, "Sa Maj.": 1, "Arm\u00e9e": 2, "Religion & l'humanit\u00e9": 1, "Reine": 1, "auguste Famille": 1, "Leur Capitale": 1, "\u00c9tats du Pays": 1, "Pr\u00e9lats,": 1, "Comtes, Barons, Nobles & Magistrats, sans exception de personne, de punition corporelle & de la brouette, 'ils": 1, "les Sujets": 1, "Commerce & des Manufactures": 1, "Magazine du Roi": 1, "\u00c9puisement des subsistances, la d\u00e9sertion forc\u00e9e des habitants, l'exportation des revenus & de l'argent": 1, "Se g\u00e9mit.": 1, "Pays": 1, "Lorsque la n\u00e9cessit\u00e9 r\u00e9elle ou apparente de son invasion": 1, "Se tons les malheurs que je sens": 1, "De c\u0153ur p\u00e9n\u00e9tr\u00e9 du malheur de ses Sujets;": 1, "Europe": 1, "Dieu": 1, "Providence": 2, "De c\u0153ur droit & pur": 1, "Majest\u00e9": 1, "Alli\u00e9s": 1, "V.H. P.": 1}, "year": "1757", "month": "02", "page": "56"}