{"ents_info": {"La Clef du Cabinet": {"label": "MISC", "kb_qid": null, "url_wikidata": null}, "Aim\u00e9": {"label": "PER", "kb_qid": "Q223955", "url_wikidata": "https://www.wikidata.org/wiki/Q223955"}, "Roi": {"label": "PER", "kb_qid": "Q12097", "url_wikidata": "https://www.wikidata.org/wiki/Q12097"}, "Sa Maj.": {"label": "PER", "kb_qid": null, "url_wikidata": null}, "L. H.P. Sa Maj": {"label": "PER", "kb_qid": null, "url_wikidata": null}, "L. H.P.": {"label": "PER", "kb_qid": null, "url_wikidata": null}, "Roi mon Ma\u00eetre": {"label": "PER", "kb_qid": null, "url_wikidata": null}, "l'Imp\u00e9ratrice-Reine": {"label": "PER", "kb_qid": null, "url_wikidata": null}, "Imp\u00e9ratrice-Reine": {"label": "PER", "kb_qid": null, "url_wikidata": null}, "Roi?S.": {"label": "MISC", "kb_qid": null, "url_wikidata": null}, "L. H. P.": {"label": "PER", "kb_qid": null, "url_wikidata": null}, "Parties-Bellig\u00e9rantes": {"label": "ORG", "kb_qid": null, "url_wikidata": null}, "H. P.": {"label": "PER", "kb_qid": "Q210999", "url_wikidata": "https://www.wikidata.org/wiki/Q210999"}, "de la Meuse": {"label": "LOC", "kb_qid": "Q12631", "url_wikidata": "https://www.wikidata.org/wiki/Q12631"}, "Courrier": {"label": "MISC", "kb_qid": "Q1393399", "url_wikidata": "https://www.wikidata.org/wiki/Q1393399"}, "V.H. E.": {"label": "PER", "kb_qid": null, "url_wikidata": null}, "Neutralit\u00e9": {"label": "ORG", "kb_qid": "Q185963", "url_wikidata": "https://www.wikidata.org/wiki/Q185963"}, "Neutralit\u00e9, quelques voisins jaloux": {"label": "MISC", "kb_qid": null, "url_wikidata": null}}, "ents_freq": {"La Clef du Cabinet": 1, "Aim\u00e9": 1, "Roi": 3, "Sa Maj.": 1, "L. H.P. Sa Maj": 1, "L. H.P.": 1, "Roi mon Ma\u00eetre": 1, "l'Imp\u00e9ratrice-Reine": 1, "Imp\u00e9ratrice-Reine": 1, "Roi?S.": 1, "L. H. P.": 1, "Parties-Bellig\u00e9rantes": 1, "H. P.": 1, "de la Meuse": 1, "Courrier": 1, "V.H. E.": 1, "Neutralit\u00e9": 1, "Neutralit\u00e9, quelques voisins jaloux": 1}, "year": "1757", "month": "05", "page": "29"}