{"ents_info": {"Prie": {"label": "PER", "kb_qid": "Q669658", "url_wikidata": "https://www.wikidata.org/wiki/Q669658"}, "Pays": {"label": "LOC", "kb_qid": "Q3184003", "url_wikidata": "https://www.wikidata.org/wiki/Q3184003"}, "Irlande": {"label": "LOC", "kb_qid": "Q22890", "url_wikidata": "https://www.wikidata.org/wiki/Q22890"}, "Esse de Man & des Plantations de l'Am\u00e9rique": {"label": "LOC", "kb_qid": null, "url_wikidata": null}, "Droits sur les Papiers publies & sur les Calendrier": {"label": "ORG", "kb_qid": null, "url_wikidata": null}, "Auteurs": {"label": "MISC", "kb_qid": "Q822146", "url_wikidata": "https://www.wikidata.org/wiki/Q822146"}, "Papiers p\u00e9riodiques & les Faiseurs d'Almanachs": {"label": "MISC", "kb_qid": null, "url_wikidata": null}, "Corps": {"label": "LOC", "kb_qid": "Q1060535", "url_wikidata": "https://www.wikidata.org/wiki/Q1060535"}, "Angleterre": {"label": "LOC", "kb_qid": "Q21", "url_wikidata": "https://www.wikidata.org/wiki/Q21"}, "Droits, ceux-ci": {"label": "MISC", "kb_qid": null, "url_wikidata": null}, "Parlement": {"label": "ORG", "kb_qid": "Q35749", "url_wikidata": "https://www.wikidata.org/wiki/Q35749"}, "Minist\u00e8re Britannique": {"label": "ORG", "kb_qid": null, "url_wikidata": null}, "Janvier": {"label": "PER", "kb_qid": "Q682983", "url_wikidata": "https://www.wikidata.org/wiki/Q682983"}, "Mr. Fox": {"label": "PER", "kb_qid": "Q380961", "url_wikidata": "https://www.wikidata.org/wiki/Q380961"}, "Charge de Secr\u00e9taire d'Ekat": {"label": "MISC", "kb_qid": null, "url_wikidata": null}, "d\u00e9partement du Sud": {"label": "LOC", "kb_qid": "Q936704", "url_wikidata": "https://www.wikidata.org/wiki/Q936704"}, "Roi": {"label": "PER", "kb_qid": "Q18384454", "url_wikidata": "https://www.wikidata.org/wiki/Q18384454"}, "Mr. Pite": {"label": "PER", "kb_qid": null, "url_wikidata": null}, "Duc": {"label": "PER", "kb_qid": "Q166886", "url_wikidata": "https://www.wikidata.org/wiki/Q166886"}, "Cumbetrland": {"label": "LOC", "kb_qid": null, "url_wikidata": null}, "Arm\u00e9e d'observation": {"label": "ORG", "kb_qid": "Q2862868", "url_wikidata": "https://www.wikidata.org/wiki/Q2862868"}, "Armoire Hanovrienne)'en Allemagne, & \u00e0 l'envoi d'un": {"label": "MISC", "kb_qid": null, "url_wikidata": null}, "Corps de troupes Anglaises": {"label": "ORG", "kb_qid": null, "url_wikidata": null}, "Arm\u00e9e": {"label": "ORG", "kb_qid": "Q162513", "url_wikidata": "https://www.wikidata.org/wiki/Q162513"}, "BBC": {"label": "ORG", "kb_qid": "Q9531", "url_wikidata": "https://www.wikidata.org/wiki/Q9531"}}, "ents_freq": {"Prie": 1, "Pays": 2, "Irlande": 1, "Esse de Man & des Plantations de l'Am\u00e9rique": 1, "Droits sur les Papiers publies & sur les Calendrier": 1, "Auteurs": 2, "Papiers p\u00e9riodiques & les Faiseurs d'Almanachs": 1, "Corps": 1, "Angleterre": 1, "Droits, ceux-ci": 1, "Parlement": 1, "Minist\u00e8re Britannique": 1, "Janvier": 1, "Mr. Fox": 1, "Charge de Secr\u00e9taire d'Ekat": 1, "d\u00e9partement du Sud": 1, "Roi": 1, "Mr. Pite": 1, "Duc": 1, "Cumbetrland": 1, "Arm\u00e9e d'observation": 1, "Armoire Hanovrienne)'en Allemagne, & \u00e0 l'envoi d'un": 1, "Corps de troupes Anglaises": 1, "Arm\u00e9e": 1, "BBC": 1}, "year": "1757", "month": "05", "page": "68"}