{"ents_info": {"Prises": {"label": "MISC", "kb_qid": null, "url_wikidata": null}, "Pr": {"label": "PER", "kb_qid": "Q1386", "url_wikidata": "https://www.wikidata.org/wiki/Q1386"}, "Russiennes": {"label": "LOC", "kb_qid": null, "url_wikidata": null}, "c": {"label": "MISC", "kb_qid": null, "url_wikidata": null}, "Ministre, &": {"label": "ORG", "kb_qid": null, "url_wikidata": null}, "Nation": {"label": "ORG", "kb_qid": "Q6266", "url_wikidata": "https://www.wikidata.org/wiki/Q6266"}, "Forgeurs": {"label": "ORG", "kb_qid": null, "url_wikidata": null}, "Bois": {"label": "LOC", "kb_qid": "Q287", "url_wikidata": "https://www.wikidata.org/wiki/Q287"}, "Hussards Prussiens, &": {"label": "ORG", "kb_qid": null, "url_wikidata": null}, "Russes": {"label": "MISC", "kb_qid": "Q159", "url_wikidata": "https://www.wikidata.org/wiki/Q159"}, "Chariots": {"label": "MISC", "kb_qid": "Q1063204", "url_wikidata": "https://www.wikidata.org/wiki/Q1063204"}, "Bois &": {"label": "LOC", "kb_qid": null, "url_wikidata": null}, "rai": {"label": "ORG", "kb_qid": "Q935614", "url_wikidata": "https://www.wikidata.org/wiki/Q935614"}, "Cosaques": {"label": "MISC", "kb_qid": "Q47805", "url_wikidata": "https://www.wikidata.org/wiki/Q47805"}, "Remoucha": {"label": "LOC", "kb_qid": null, "url_wikidata": null}}, "ents_freq": {"Prises": 1, "Pr": 1, "Russiennes": 1, "c": 1, "Ministre, &": 1, "Nation": 1, "Forgeurs": 1, "Bois": 1, "Hussards Prussiens, &": 1, "Russes": 1, "Chariots": 1, "Bois &": 1, "rai": 1, "Cosaques": 1, "Remoucha": 1}, "year": "1757", "month": "11", "page": "50"}