{"ents_info": {"Jacques Fontaine": {"label": "PER", "kb_qid": "Q62395698", "url_wikidata": "https://www.wikidata.org/wiki/Q62395698"}, "PP": {"label": "ORG", "kb_qid": "Q58366009", "url_wikidata": "https://www.wikidata.org/wiki/Q58366009"}, "Augustins": {"label": "LOC", "kb_qid": "Q29075", "url_wikidata": "https://www.wikidata.org/wiki/Q29075"}, "Colmar": {"label": "LOC", "kb_qid": "Q130994", "url_wikidata": "https://www.wikidata.org/wiki/Q130994"}, "prix Acad\u00e9miques": {"label": "MISC", "kb_qid": null, "url_wikidata": null}, "Bun": {"label": "MISC", "kb_qid": "Q773223", "url_wikidata": "https://www.wikidata.org/wiki/Q773223"}, "Acad\u00e9mie de Rouen": {"label": "ORG", "kb_qid": "Q2822328", "url_wikidata": "https://www.wikidata.org/wiki/Q2822328"}, "Conqu\u00eate de l'Angleterre": {"label": "MISC", "kb_qid": "Q200485", "url_wikidata": "https://www.wikidata.org/wiki/Q200485"}, "Guillaume Duc de Normandie": {"label": "PER", "kb_qid": "Q37594", "url_wikidata": "https://www.wikidata.org/wiki/Q37594"}, "Acad\u00e9mie de Londres": {"label": "ORG", "kb_qid": "Q270920", "url_wikidata": "https://www.wikidata.org/wiki/Q270920"}, "Universit\u00e9s d'Angleterre": {"label": "ORG", "kb_qid": null, "url_wikidata": null}, "La Conqu\u00eate de la France": {"label": "MISC", "kb_qid": null, "url_wikidata": null}, "\u00c9douard III": {"label": "PER", "kb_qid": "Q129247", "url_wikidata": "https://www.wikidata.org/wiki/Q129247"}, "Henri V. Roi d'Angleterre": {"label": "PER", "kb_qid": null, "url_wikidata": null}, "France": {"label": "LOC", "kb_qid": "Q142", "url_wikidata": "https://www.wikidata.org/wiki/Q142"}, "\u00c9nigme du mois pass\u00e9": {"label": "MISC", "kb_qid": null, "url_wikidata": null}, "Ris": {"label": "LOC", "kb_qid": "Q274237", "url_wikidata": "https://www.wikidata.org/wiki/Q274237"}, "Y E 1": {"label": "ORG", "kb_qid": null, "url_wikidata": null}, "ARTICLE II": {"label": "MISC", "kb_qid": null, "url_wikidata": null}, "FRANCE": {"label": "LOC", "kb_qid": "Q142", "url_wikidata": "https://www.wikidata.org/wiki/Q142"}, "Anglais": {"label": "LOC", "kb_qid": "Q21", "url_wikidata": "https://www.wikidata.org/wiki/Q21"}, "Canada": {"label": "LOC", "kb_qid": "Q16", "url_wikidata": "https://www.wikidata.org/wiki/Q16"}, "C'est ici la d\u00e9lation de la": {"label": "MISC", "kb_qid": null, "url_wikidata": null}, "Cour de": {"label": "ORG", "kb_qid": null, "url_wikidata": null}, "Fort George": {"label": "LOC", "kb_qid": "Q3077888", "url_wikidata": "https://www.wikidata.org/wiki/Q3077888"}, "Journal.": {"label": "MISC", "kb_qid": null, "url_wikidata": null}, "mer & du cont\u00e9 des terres": {"label": "MISC", "kb_qid": null, "url_wikidata": null}, "Roi": {"label": "PER", "kb_qid": "Q18384454", "url_wikidata": "https://www.wikidata.org/wiki/Q18384454"}}, "ents_freq": {"Jacques Fontaine": 1, "PP": 1, "Augustins": 1, "Colmar": 1, "prix Acad\u00e9miques": 1, "Bun": 1, "Acad\u00e9mie de Rouen": 1, "Conqu\u00eate de l'Angleterre": 1, "Guillaume Duc de Normandie": 1, "Acad\u00e9mie de Londres": 1, "Universit\u00e9s d'Angleterre": 1, "La Conqu\u00eate de la France": 1, "\u00c9douard III": 1, "Henri V. Roi d'Angleterre": 1, "France": 1, "\u00c9nigme du mois pass\u00e9": 1, "Ris": 1, "Y E 1": 1, "ARTICLE II": 1, "FRANCE": 1, "Anglais": 1, "Canada": 2, "C'est ici la d\u00e9lation de la": 1, "Cour de": 1, "Fort George": 1, "Journal.": 1, "mer & du cont\u00e9 des terres": 1, "Roi": 1}, "year": "1757", "month": "12", "page": "17"}