{"ents_info": {"Princes": {"label": "LOC", "kb_qid": "Q2747456", "url_wikidata": "https://www.wikidata.org/wiki/Q2747456"}, "Juillet": {"label": "PER", "kb_qid": "Q121", "url_wikidata": "https://www.wikidata.org/wiki/Q121"}, "29 tes Puissances autres": {"label": "MISC", "kb_qid": null, "url_wikidata": null}, "Sa Majest\u00e9": {"label": "PER", "kb_qid": "Q9439", "url_wikidata": "https://www.wikidata.org/wiki/Q9439"}, "Il recela moere": {"label": "MISC", "kb_qid": null, "url_wikidata": null}, "kn Fusil,e.": {"label": "MISC", "kb_qid": null, "url_wikidata": null}, "Amsterdam": {"label": "LOC", "kb_qid": "Q727", "url_wikidata": "https://www.wikidata.org/wiki/Q727"}, "Con": {"label": "MISC", "kb_qid": "Q109018931", "url_wikidata": "https://www.wikidata.org/wiki/Q109018931"}, "Armateur": {"label": "LOC", "kb_qid": "Q500251", "url_wikidata": "https://www.wikidata.org/wiki/Q500251"}, "Corsaire le Lion d Dunkerque": {"label": "MISC", "kb_qid": null, "url_wikidata": null}, "dT Bai": {"label": "LOC", "kb_qid": null, "url_wikidata": null}, "Anglais": {"label": "LOC", "kb_qid": "Q7976", "url_wikidata": "https://www.wikidata.org/wiki/Q7976"}, "Catherine de la Nouvelle": {"label": "PER", "kb_qid": null, "url_wikidata": null}, "Sa Maj": {"label": "PER", "kb_qid": null, "url_wikidata": null}, "Voir Excellence,": {"label": "MISC", "kb_qid": null, "url_wikidata": null}, "\u00c9ts-V\u00e9": {"label": "LOC", "kb_qid": null, "url_wikidata": null}, "H\u00e0": {"label": "LOC", "kb_qid": null, "url_wikidata": null}, "ds": {"label": "MISC", "kb_qid": "Q541679", "url_wikidata": "https://www.wikidata.org/wiki/Q541679"}, "Neutralit\u00e9 & la Souverainet\u00e9 des \u00c9tats G\u00e9n\u00e9raux": {"label": "ORG", "kb_qid": null, "url_wikidata": null}, "Sa Maj.": {"label": "PER", "kb_qid": null, "url_wikidata": null}, "La r\u00e9clamation": {"label": "MISC", "kb_qid": null, "url_wikidata": null}, "V. Ex": {"label": "PER", "kb_qid": null, "url_wikidata": null}, "\u00c9tats-G\u00e9n\u00e9ral": {"label": "LOC", "kb_qid": null, "url_wikidata": null}, "arm\u00e9niens": {"label": "LOC", "kb_qid": "Q399", "url_wikidata": "https://www.wikidata.org/wiki/Q399"}, "Sujets courre les droits": {"label": "MISC", "kb_qid": null, "url_wikidata": null}, "L.H. P.": {"label": "PER", "kb_qid": null, "url_wikidata": null}, "fieu": {"label": "PER", "kb_qid": null, "url_wikidata": null}, "Drs Drs": {"label": "PER", "kb_qid": null, "url_wikidata": null}}, "ents_freq": {"Princes": 1, "Juillet": 1, "29 tes Puissances autres": 1, "Sa Majest\u00e9": 1, "Il recela moere": 1, "kn Fusil,e.": 1, "Amsterdam": 1, "Con": 1, "Armateur": 1, "Corsaire le Lion d Dunkerque": 1, "dT Bai": 1, "Anglais": 2, "Catherine de la Nouvelle": 1, "Sa Maj": 1, "Voir Excellence,": 1, "\u00c9ts-V\u00e9": 1, "H\u00e0": 1, "ds": 1, "Neutralit\u00e9 & la Souverainet\u00e9 des \u00c9tats G\u00e9n\u00e9raux": 1, "Sa Maj.": 1, "La r\u00e9clamation": 1, "V. Ex": 1, "\u00c9tats-G\u00e9n\u00e9ral": 1, "arm\u00e9niens": 1, "Sujets courre les droits": 1, "L.H. P.": 1, "fieu": 1, "Drs Drs": 1}, "year": "1757", "month": "07", "page": "38"}