{"ents_info": {"Princes de": {"label": "LOC", "kb_qid": null, "url_wikidata": null}, "ter": {"label": "ORG", "kb_qid": null, "url_wikidata": null}, "Prussiens": {"label": "LOC", "kb_qid": null, "url_wikidata": null}, "Batteries": {"label": "MISC", "kb_qid": null, "url_wikidata": null}, "Roi de Prusse": {"label": "PER", "kb_qid": null, "url_wikidata": null}, "Infanterie &": {"label": "ORG", "kb_qid": null, "url_wikidata": null}, "Cavalerie du Centre": {"label": "ORG", "kb_qid": null, "url_wikidata": null}, "Cavalerie l\u00e9g\u00e8re des Prussiens": {"label": "LOC", "kb_qid": null, "url_wikidata": null}, "Arm\u00e9e": {"label": "ORG", "kb_qid": null, "url_wikidata": null}, "Arm\u00e9e Prussienne": {"label": "ORG", "kb_qid": null, "url_wikidata": null}, "Listes imparfaites des pertes": {"label": "MISC", "kb_qid": null, "url_wikidata": null}, "Officiers G\u00e9n\u00e9raux": {"label": "MISC", "kb_qid": null, "url_wikidata": null}}, "ents_freq": {"Princes de": 1, "ter": 2, "Prussiens": 2, "Batteries": 1, "Roi de Prusse": 2, "Infanterie &": 1, "Cavalerie du Centre": 1, "Cavalerie l\u00e9g\u00e8re des Prussiens": 1, "Arm\u00e9e": 1, "Arm\u00e9e Prussienne": 1, "Listes imparfaites des pertes": 1, "Officiers G\u00e9n\u00e9raux": 1}, "year": "1757", "month": "12", "page": "56"}