{"ents_info": {"402 La Clef du Cabinet": {"label": "MISC", "kb_qid": null, "url_wikidata": null}, "Cercle de Leipzig": {"label": "MISC", "kb_qid": null, "url_wikidata": null}, "Hautelisse": {"label": "MISC", "kb_qid": null, "url_wikidata": null}, "Cercle des Montagnes": {"label": "ORG", "kb_qid": "Q1154417", "url_wikidata": "https://www.wikidata.org/wiki/Q1154417"}, "Vigilant": {"label": "PER", "kb_qid": "Q5634858", "url_wikidata": "https://www.wikidata.org/wiki/Q5634858"}, "Restait \u00e0 acon, & les Seigneuries de Sch\u00f6nberg": {"label": "MISC", "kb_qid": null, "url_wikidata": null}, "Chariots": {"label": "MISC", "kb_qid": "Q1063204", "url_wikidata": "https://www.wikidata.org/wiki/Q1063204"}, "Commissariat de guerre Prussien": {"label": "ORG", "kb_qid": null, "url_wikidata": null}, "Dresde": {"label": "LOC", "kb_qid": "Q1731", "url_wikidata": "https://www.wikidata.org/wiki/Q1731"}, "D\u00e9put\u00e9s des": {"label": "MISC", "kb_qid": null, "url_wikidata": null}, "\u00c9tats des Cercles de Leipzig": {"label": "LOC", "kb_qid": null, "url_wikidata": null}, "Mis": {"label": "PER", "kb_qid": null, "url_wikidata": null}, "Cercle \u00c9lectoral & de celui de Thuringe": {"label": "ORG", "kb_qid": null, "url_wikidata": null}, "Livrer": {"label": "MISC", "kb_qid": null, "url_wikidata": null}, "Cercle de Thuringe": {"label": "ORG", "kb_qid": "Q2308593", "url_wikidata": "https://www.wikidata.org/wiki/Q2308593"}, "VA Majest\u00e9 le Roi de Pressa": {"label": "PER", "kb_qid": null, "url_wikidata": null}, "Cercle de Leipzig & du Cercle": {"label": "ORG", "kb_qid": null, "url_wikidata": null}, "Sa Mai": {"label": "PER", "kb_qid": null, "url_wikidata": null}, "Mrs": {"label": "PER", "kb_qid": "Q924501", "url_wikidata": "https://www.wikidata.org/wiki/Q924501"}, "D\u00e9put\u00e9s": {"label": "MISC", "kb_qid": "Q1055894", "url_wikidata": "https://www.wikidata.org/wiki/Q1055894"}, "\u00c9tats de cas Cercles, de mettre": {"label": "LOC", "kb_qid": null, "url_wikidata": null}, "tout-au-plus": {"label": "PER", "kb_qid": null, "url_wikidata": null}, "Sa Maj.": {"label": "MISC", "kb_qid": null, "url_wikidata": null}, "Gauss": {"label": "PER", "kb_qid": "Q6722", "url_wikidata": "https://www.wikidata.org/wiki/Q6722"}, "Ur": {"label": "LOC", "kb_qid": "Q5699", "url_wikidata": "https://www.wikidata.org/wiki/Q5699"}, "\u00c9tats": {"label": "LOC", "kb_qid": "Q20617590", "url_wikidata": "https://www.wikidata.org/wiki/Q20617590"}}, "ents_freq": {"402 La Clef du Cabinet": 1, "Cercle de Leipzig": 1, "Hautelisse": 1, "Cercle des Montagnes": 1, "Vigilant": 1, "Restait \u00e0 acon, & les Seigneuries de Sch\u00f6nberg": 1, "Chariots": 2, "Commissariat de guerre Prussien": 1, "Dresde": 2, "D\u00e9put\u00e9s des": 1, "\u00c9tats des Cercles de Leipzig": 1, "Mis": 1, "Cercle \u00c9lectoral & de celui de Thuringe": 1, "Livrer": 1, "Cercle de Thuringe": 1, "VA Majest\u00e9 le Roi de Pressa": 1, "Cercle de Leipzig & du Cercle": 1, "Sa Mai": 1, "Mrs": 2, "D\u00e9put\u00e9s": 1, "\u00c9tats de cas Cercles, de mettre": 1, "tout-au-plus": 1, "Sa Maj.": 1, "Gauss": 1, "Ur": 1, "\u00c9tats": 1}, "year": "1757", "month": "06", "page": "9"}