{"ents_info": {"La Clef du Cabinet pas fort go\u00fbt\u00e9es du": {"label": "MISC", "kb_qid": null, "url_wikidata": null}, "Minist\u00e8re": {"label": "ORG", "kb_qid": null, "url_wikidata": null}, "Pays-Bas": {"label": "LOC", "kb_qid": null, "url_wikidata": null}, "Boh\u00e8me": {"label": "LOC", "kb_qid": null, "url_wikidata": null}, "Corps": {"label": "MISC", "kb_qid": null, "url_wikidata": null}, "Arm\u00e9e de Moravie": {"label": "ORG", "kb_qid": null, "url_wikidata": null}, "Imp\u00e9ratrice": {"label": "PER", "kb_qid": null, "url_wikidata": null}, "Combattants": {"label": "MISC", "kb_qid": null, "url_wikidata": null}, "Arm\u00e9es": {"label": "ORG", "kb_qid": null, "url_wikidata": null}, "Automne": {"label": "LOC", "kb_qid": null, "url_wikidata": null}, "Haute & la Basse-Autriche": {"label": "ORG", "kb_qid": null, "url_wikidata": null}, "Provinces": {"label": "LOC", "kb_qid": null, "url_wikidata": null}, "Rats H\u00e9r\u00e9ditaires": {"label": "ORG", "kb_qid": null, "url_wikidata": null}, "\u00c9tats le vent": {"label": "MISC", "kb_qid": null, "url_wikidata": null}, "Arm\u00e9e": {"label": "ORG", "kb_qid": null, "url_wikidata": null}, "Imp\u00e9ratrice de Russie": {"label": "PER", "kb_qid": null, "url_wikidata": null}, "Imp\u00e9ratrice des Romains": {"label": "PER", "kb_qid": null, "url_wikidata": null}, "Roi de Pologne": {"label": "PER", "kb_qid": null, "url_wikidata": null}, "\u00c9lecteur de Saxe": {"label": "PER", "kb_qid": null, "url_wikidata": null}, "Pologne": {"label": "LOC", "kb_qid": null, "url_wikidata": null}}, "ents_freq": {"La Clef du Cabinet pas fort go\u00fbt\u00e9es du": 1, "Minist\u00e8re": 1, "Pays-Bas": 1, "Boh\u00e8me": 1, "Corps": 1, "Arm\u00e9e de Moravie": 1, "Imp\u00e9ratrice": 1, "Combattants": 1, "Arm\u00e9es": 3, "Automne": 1, "Haute & la Basse-Autriche": 1, "Provinces": 1, "Rats H\u00e9r\u00e9ditaires": 1, "\u00c9tats le vent": 1, "Arm\u00e9e": 2, "Imp\u00e9ratrice de Russie": 1, "Imp\u00e9ratrice des Romains": 1, "Roi de Pologne": 1, "\u00c9lecteur de Saxe": 1, "Pologne": 1}, "year": "1757", "month": "03", "page": "41"}