{"ents_info": {"Princes": {"label": "LOC", "kb_qid": "Q2747456", "url_wikidata": "https://www.wikidata.org/wiki/Q2747456"}, "Donnaient": {"label": "LOC", "kb_qid": null, "url_wikidata": null}, "Allemagne": {"label": "LOC", "kb_qid": "Q183", "url_wikidata": "https://www.wikidata.org/wiki/Q183"}, "Le Rhin": {"label": "LOC", "kb_qid": "Q1248539", "url_wikidata": "https://www.wikidata.org/wiki/Q1248539"}, "l'Europe": {"label": "LOC", "kb_qid": "Q46", "url_wikidata": "https://www.wikidata.org/wiki/Q46"}, "Eaux": {"label": "LOC", "kb_qid": "Q283", "url_wikidata": "https://www.wikidata.org/wiki/Q283"}, "Courriers": {"label": "MISC", "kb_qid": "Q9158", "url_wikidata": "https://www.wikidata.org/wiki/Q9158"}, "Ville": {"label": "LOC", "kb_qid": "Q515", "url_wikidata": "https://www.wikidata.org/wiki/Q515"}, "mi-F\u00e9vrier": {"label": "LOC", "kb_qid": "Q109", "url_wikidata": "https://www.wikidata.org/wiki/Q109"}, "Londres": {"label": "LOC", "kb_qid": "Q84", "url_wikidata": "https://www.wikidata.org/wiki/Q84"}, "Dresde": {"label": "LOC", "kb_qid": "Q17594", "url_wikidata": "https://www.wikidata.org/wiki/Q17594"}, "Minist\u00e8re Prussien": {"label": "ORG", "kb_qid": null, "url_wikidata": null}, "G\u00e9n\u00e9ral Schmectai": {"label": "PER", "kb_qid": null, "url_wikidata": null}, "R\u00e9gence": {"label": "MISC", "kb_qid": "Q1362712", "url_wikidata": "https://www.wikidata.org/wiki/Q1362712"}, "Arm\u00e9e": {"label": "ORG", "kb_qid": "Q162513", "url_wikidata": "https://www.wikidata.org/wiki/Q162513"}, "Imp\u00e9ratrice-Reine": {"label": "PER", "kb_qid": null, "url_wikidata": null}, "Westphalie": {"label": "MISC", "kb_qid": "Q153943", "url_wikidata": "https://www.wikidata.org/wiki/Q153943"}, "Mr. Michel": {"label": "PER", "kb_qid": null, "url_wikidata": null}, "Roi": {"label": "PER", "kb_qid": "Q12097", "url_wikidata": "https://www.wikidata.org/wiki/Q12097"}, "Cour de Berlin": {"label": "LOC", "kb_qid": null, "url_wikidata": null}, "Brunswick": {"label": "LOC", "kb_qid": "Q2773", "url_wikidata": "https://www.wikidata.org/wiki/Q2773"}, "Hanovre": {"label": "LOC", "kb_qid": "Q1715", "url_wikidata": "https://www.wikidata.org/wiki/Q1715"}, "Berlin": {"label": "LOC", "kb_qid": "Q64", "url_wikidata": "https://www.wikidata.org/wiki/Q64"}, "Mr. Dos": {"label": "PER", "kb_qid": null, "url_wikidata": null}, "Fert-Varech": {"label": "LOC", "kb_qid": null, "url_wikidata": null}, "Arm\u00e9es Prussiennes": {"label": "ORG", "kb_qid": "Q706042", "url_wikidata": "https://www.wikidata.org/wiki/Q706042"}, "Ve": {"label": "LOC", "kb_qid": "Q8095", "url_wikidata": "https://www.wikidata.org/wiki/Q8095"}, "Comte de Syrie": {"label": "LOC", "kb_qid": null, "url_wikidata": null}, "Riedisheim": {"label": "LOC", "kb_qid": "Q148775", "url_wikidata": "https://www.wikidata.org/wiki/Q148775"}, "Castro": {"label": "PER", "kb_qid": "Q11256", "url_wikidata": "https://www.wikidata.org/wiki/Q11256"}, "Rammstein LieutenansG\u00e9n\u00e9raux": {"label": "PER", "kb_qid": null, "url_wikidata": null}, "\u00c9lectorat": {"label": "ORG", "kb_qid": "Q22722", "url_wikidata": "https://www.wikidata.org/wiki/Q22722"}, "Parlement de la Grande-Bretagne": {"label": "ORG", "kb_qid": "Q11010", "url_wikidata": "https://www.wikidata.org/wiki/Q11010"}, "Continent": {"label": "LOC", "kb_qid": "Q5107", "url_wikidata": "https://www.wikidata.org/wiki/Q5107"}, "Hanovriennes": {"label": "MISC", "kb_qid": "Q157217", "url_wikidata": "https://www.wikidata.org/wiki/Q157217"}, "Angleterre": {"label": "LOC", "kb_qid": "Q21", "url_wikidata": "https://www.wikidata.org/wiki/Q21"}, "Pays": {"label": "LOC", "kb_qid": "Q43702", "url_wikidata": "https://www.wikidata.org/wiki/Q43702"}, "Re\u00e7ois": {"label": "LOC", "kb_qid": null, "url_wikidata": null}}, "ents_freq": {"Princes": 1, "Donnaient": 1, "Allemagne": 1, "Le Rhin": 1, "l'Europe": 1, "Eaux": 1, "Courriers": 1, "Ville": 1, "mi-F\u00e9vrier": 1, "Londres": 1, "Dresde": 1, "Minist\u00e8re Prussien": 1, "G\u00e9n\u00e9ral Schmectai": 1, "R\u00e9gence": 1, "Arm\u00e9e": 1, "Imp\u00e9ratrice-Reine": 1, "Westphalie": 1, "Mr. Michel": 1, "Roi": 1, "Cour de Berlin": 1, "Brunswick": 1, "Hanovre": 2, "Berlin": 1, "Mr. Dos": 1, "Fert-Varech": 1, "Arm\u00e9es Prussiennes": 1, "Ve": 1, "Comte de Syrie": 1, "Riedisheim": 1, "Castro": 1, "Rammstein LieutenansG\u00e9n\u00e9raux": 1, "\u00c9lectorat": 1, "Parlement de la Grande-Bretagne": 1, "Continent": 1, "Hanovriennes": 1, "Angleterre": 1, "Pays": 1, "Re\u00e7ois": 1}, "year": "1757", "month": "04", "page": "28"}