{"ents_info": {"Club du Cabinet": {"label": "ORG", "kb_qid": null, "url_wikidata": null}, "\u00c9difices &": {"label": "MISC", "kb_qid": null, "url_wikidata": null}, "Prince": {"label": "PER", "kb_qid": "Q131719", "url_wikidata": "https://www.wikidata.org/wiki/Q131719"}, "Prague": {"label": "LOC", "kb_qid": "Q1085", "url_wikidata": "https://www.wikidata.org/wiki/Q1085"}, "Alarm\u00e9e": {"label": "MISC", "kb_qid": null, "url_wikidata": null}, "Mar\u00e9chal de Da": {"label": "PER", "kb_qid": null, "url_wikidata": null}, "Place": {"label": "LOC", "kb_qid": "Q174782", "url_wikidata": "https://www.wikidata.org/wiki/Q174782"}, "Lieu \u00e0 une plus grande": {"label": "MISC", "kb_qid": null, "url_wikidata": null}, "Arm\u00e9e": {"label": "ORG", "kb_qid": "Q162513", "url_wikidata": "https://www.wikidata.org/wiki/Q162513"}, "I5": {"label": "LOC", "kb_qid": "Q3562416", "url_wikidata": "https://www.wikidata.org/wiki/Q3562416"}, "Artillerie des l'russiens": {"label": "ORG", "kb_qid": null, "url_wikidata": null}, "S\u00e9r\u00e9nissime Duc Charles de Lorraine": {"label": "PER", "kb_qid": null, "url_wikidata": null}, "Da": {"label": "MISC", "kb_qid": "Q483261", "url_wikidata": "https://www.wikidata.org/wiki/Q483261"}, "Corps Prussien": {"label": "MISC", "kb_qid": "Q706042", "url_wikidata": "https://www.wikidata.org/wiki/Q706042"}, "Duc de Brunswick Beveren": {"label": "PER", "kb_qid": null, "url_wikidata": null}, "Comte de Da": {"label": "PER", "kb_qid": "Q1156369", "url_wikidata": "https://www.wikidata.org/wiki/Q1156369"}, "Caine de Bois": {"label": "MISC", "kb_qid": null, "url_wikidata": null}, "Brad, celui de": {"label": "MISC", "kb_qid": null, "url_wikidata": null}, "Cauris &": {"label": "MISC", "kb_qid": null, "url_wikidata": null}}, "ents_freq": {"Club du Cabinet": 1, "\u00c9difices &": 1, "Prince": 1, "Prague": 3, "Alarm\u00e9e": 1, "Mar\u00e9chal de Da": 1, "Place": 1, "Lieu \u00e0 une plus grande": 1, "Arm\u00e9e": 2, "I5": 1, "Artillerie des l'russiens": 1, "S\u00e9r\u00e9nissime Duc Charles de Lorraine": 1, "Da": 1, "Corps Prussien": 1, "Duc de Brunswick Beveren": 1, "Comte de Da": 1, "Caine de Bois": 1, "Brad, celui de": 1, "Cauris &": 1}, "year": "1757", "month": "07", "page": "55"}