{"ents_info": {"DE 5 Sale & ogvuuuoule": {"label": "MISC", "kb_qid": null, "url_wikidata": null}, "LACEZ TE I": {"label": "MISC", "kb_qid": null, "url_wikidata": null}, "OCTOBRE": {"label": "MISC", "kb_qid": null, "url_wikidata": null}, "ARTICLE": {"label": "MISC", "kb_qid": null, "url_wikidata": null}, "Pie": {"label": "MISC", "kb_qid": "Q83198", "url_wikidata": "https://www.wikidata.org/wiki/Q83198"}, "EN": {"label": "MISC", "kb_qid": "Q32059", "url_wikidata": "https://www.wikidata.org/wiki/Q32059"}, "Et al glissement nouveau": {"label": "MISC", "kb_qid": null, "url_wikidata": null}, "Bretagne": {"label": "LOC", "kb_qid": "Q71747", "url_wikidata": "https://www.wikidata.org/wiki/Q71747"}, "S": {"label": "LOC", "kb_qid": "Q9956", "url_wikidata": "https://www.wikidata.org/wiki/Q9956"}, "\u00c9tablissement d'une Soci\u00e9t\u00e9": {"label": "ORG", "kb_qid": null, "url_wikidata": null}, "Ys": {"label": "MISC", "kb_qid": "Q1048500", "url_wikidata": "https://www.wikidata.org/wiki/Q1048500"}, "Agriculture": {"label": "LOC", "kb_qid": "Q11451", "url_wikidata": "https://www.wikidata.org/wiki/Q11451"}, "\u00c9tats de Bretagne": {"label": "LOC", "kb_qid": "Q3591893", "url_wikidata": "https://www.wikidata.org/wiki/Q3591893"}, "Etan balise enta, & au Roi Tr\u00e8s-Chr\u00e9tien": {"label": "MISC", "kb_qid": null, "url_wikidata": null}, "Q2 auto": {"label": "MISC", "kb_qid": null, "url_wikidata": null}}, "ents_freq": {"DE 5 Sale & ogvuuuoule": 1, "LACEZ TE I": 1, "OCTOBRE": 1, "ARTICLE": 1, "Pie": 1, "EN": 1, "Et al glissement nouveau": 1, "Bretagne": 1, "S": 1, "\u00c9tablissement d'une Soci\u00e9t\u00e9": 1, "Ys": 1, "Agriculture": 1, "\u00c9tats de Bretagne": 1, "Etan balise enta, & au Roi Tr\u00e8s-Chr\u00e9tien": 1, "Q2 auto": 1}, "year": "1757", "month": "10", "page": "2"}