{"ents_info": {"La Clebs du Cabinet nable": {"label": "MISC", "kb_qid": null, "url_wikidata": null}, "ter": {"label": "ORG", "kb_qid": "Q2825406", "url_wikidata": "https://www.wikidata.org/wiki/Q2825406"}, "Due Charles de Lorraine": {"label": "LOC", "kb_qid": null, "url_wikidata": null}, "Arm\u00e9e": {"label": "ORG", "kb_qid": "Q162513", "url_wikidata": "https://www.wikidata.org/wiki/Q162513"}, "Comte de Da": {"label": "PER", "kb_qid": "Q1156369", "url_wikidata": "https://www.wikidata.org/wiki/Q1156369"}, "G\u00e9n\u00e9ral Rebellons": {"label": "PER", "kb_qid": null, "url_wikidata": null}, "G\u00e9n\u00e9ral Ouches": {"label": "LOC", "kb_qid": null, "url_wikidata": null}, "Prince de Deux-Ponts": {"label": "PER", "kb_qid": null, "url_wikidata": null}, "Mannheim": {"label": "LOC", "kb_qid": "Q2119", "url_wikidata": "https://www.wikidata.org/wiki/Q2119"}, "Comte de Causiez Rythmer": {"label": "PER", "kb_qid": null, "url_wikidata": null}, "Vienne": {"label": "LOC", "kb_qid": "Q1741", "url_wikidata": "https://www.wikidata.org/wiki/Q1741"}, "Leurs Maj.": {"label": "MISC", "kb_qid": null, "url_wikidata": null}, "Duc Charles": {"label": "PER", "kb_qid": "Q52928", "url_wikidata": "https://www.wikidata.org/wiki/Q52928"}, "Aval & Brandies": {"label": "MISC", "kb_qid": null, "url_wikidata": null}, "Prague": {"label": "LOC", "kb_qid": "Q1085", "url_wikidata": "https://www.wikidata.org/wiki/Q1085"}, "Arm\u00e9e &": {"label": "ORG", "kb_qid": null, "url_wikidata": null}, "Roi de Prusse": {"label": "PER", "kb_qid": "Q150652", "url_wikidata": "https://www.wikidata.org/wiki/Q150652"}, "Corps d'Arm\u00e9e du Fert-Mar\u00e9chal Schwerin": {"label": "ORG", "kb_qid": null, "url_wikidata": null}, "Bataille donn\u00e9e, &": {"label": "MISC", "kb_qid": null, "url_wikidata": null}, "Cour": {"label": "ORG", "kb_qid": "Q3001001", "url_wikidata": "https://www.wikidata.org/wiki/Q3001001"}, "Prussienne": {"label": "LOC", "kb_qid": "Q38872", "url_wikidata": "https://www.wikidata.org/wiki/Q38872"}, "Prussiens": {"label": "LOC", "kb_qid": "Q38872", "url_wikidata": "https://www.wikidata.org/wiki/Q38872"}, "Mar\u00e9chal de Brun": {"label": "PER", "kb_qid": null, "url_wikidata": null}, "Le Combat": {"label": "MISC", "kb_qid": "Q3228029", "url_wikidata": "https://www.wikidata.org/wiki/Q3228029"}, "Arm\u00e9e de l'Imp\u00e9ratrice": {"label": "ORG", "kb_qid": null, "url_wikidata": null}}, "ents_freq": {"La Clebs du Cabinet nable": 1, "ter": 2, "Due Charles de Lorraine": 1, "Arm\u00e9e": 4, "Comte de Da": 1, "G\u00e9n\u00e9ral Rebellons": 1, "G\u00e9n\u00e9ral Ouches": 1, "Prince de Deux-Ponts": 1, "Mannheim": 1, "Comte de Causiez Rythmer": 1, "Vienne": 1, "Leurs Maj.": 1, "Duc Charles": 1, "Aval & Brandies": 1, "Prague": 1, "Arm\u00e9e &": 1, "Roi de Prusse": 1, "Corps d'Arm\u00e9e du Fert-Mar\u00e9chal Schwerin": 1, "Bataille donn\u00e9e, &": 1, "Cour": 1, "Prussienne": 1, "Prussiens": 1, "Mar\u00e9chal de Brun": 1, "Le Combat": 1, "Arm\u00e9e de l'Imp\u00e9ratrice": 1}, "year": "1757", "month": "06", "page": "39"}