{"ents_info": {"La Clef du Cabinet 2": {"label": "MISC", "kb_qid": null, "url_wikidata": null}, "Pr\u00eateurs, des billets": {"label": "MISC", "kb_qid": null, "url_wikidata": null}, "sen r1": {"label": "ORG", "kb_qid": null, "url_wikidata": null}, "& divise sen r1": {"label": "MISC", "kb_qid": null, "url_wikidata": null}, "Desdits": {"label": "LOC", "kb_qid": null, "url_wikidata": null}, "Loterie": {"label": "MISC", "kb_qid": "Q189409", "url_wikidata": "https://www.wikidata.org/wiki/Q189409"}, "Parlement de Paris": {"label": "ORG", "kb_qid": "Q1242473", "url_wikidata": "https://www.wikidata.org/wiki/Q1242473"}, "Roi": {"label": "PER", "kb_qid": "Q12097", "url_wikidata": "https://www.wikidata.org/wiki/Q12097"}, "Bourdon": {"label": "PER", "kb_qid": "Q832132", "url_wikidata": "https://www.wikidata.org/wiki/Q832132"}, "Intendant de la Province": {"label": "ORG", "kb_qid": "Q3153026", "url_wikidata": "https://www.wikidata.org/wiki/Q3153026"}, "Compagnie": {"label": "ORG", "kb_qid": "Q102538", "url_wikidata": "https://www.wikidata.org/wiki/Q102538"}, "Intendant": {"label": "ORG", "kb_qid": "Q3153026", "url_wikidata": "https://www.wikidata.org/wiki/Q3153026"}, "Cour Souveraine": {"label": "LOC", "kb_qid": "Q155019", "url_wikidata": "https://www.wikidata.org/wiki/Q155019"}, "Parlement de Toulouse": {"label": "ORG", "kb_qid": "Q3365529", "url_wikidata": "https://www.wikidata.org/wiki/Q3365529"}, "Chambres": {"label": "ORG", "kb_qid": "Q249449", "url_wikidata": "https://www.wikidata.org/wiki/Q249449"}, "Pr\u00e9sident": {"label": "PER", "kb_qid": "Q11696", "url_wikidata": "https://www.wikidata.org/wiki/Q11696"}, "Assembl\u00e9e des Chambres": {"label": "ORG", "kb_qid": "Q684719", "url_wikidata": "https://www.wikidata.org/wiki/Q684719"}, "Duc de Berry": {"label": "PER", "kb_qid": "Q464657", "url_wikidata": "https://www.wikidata.org/wiki/Q464657"}, "de France": {"label": "LOC", "kb_qid": "Q70972", "url_wikidata": "https://www.wikidata.org/wiki/Q70972"}, "Grand Maitre des Ordres Royaux & Militaires": {"label": "PER", "kb_qid": null, "url_wikidata": null}, "Notre-Dame du Mont-Carmel & de St. Lazare de J\u00e9rusalem": {"label": "LOC", "kb_qid": null, "url_wikidata": null}, "Chapitre": {"label": "MISC", "kb_qid": "Q3184737", "url_wikidata": "https://www.wikidata.org/wiki/Q3184737"}, "au Louvre": {"label": "LOC", "kb_qid": "Q19675", "url_wikidata": "https://www.wikidata.org/wiki/Q19675"}, "Paris": {"label": "LOC", "kb_qid": "Q90", "url_wikidata": "https://www.wikidata.org/wiki/Q90"}, "Chevaliers": {"label": "MISC", "kb_qid": "Q187549", "url_wikidata": "https://www.wikidata.org/wiki/Q187549"}, "Cour": {"label": "LOC", "kb_qid": "Q3001001", "url_wikidata": "https://www.wikidata.org/wiki/Q3001001"}, "Croix & le Cordon de": {"label": "ORG", "kb_qid": null, "url_wikidata": null}}, "ents_freq": {"La Clef du Cabinet 2": 1, "Pr\u00eateurs, des billets": 1, "sen r1": 1, "& divise sen r1": 1, "Desdits": 1, "Loterie": 1, "Parlement de Paris": 1, "Roi": 3, "Bourdon": 1, "Intendant de la Province": 1, "Compagnie": 1, "Intendant": 1, "Cour Souveraine": 1, "Parlement de Toulouse": 1, "Chambres": 1, "Pr\u00e9sident": 1, "Assembl\u00e9e des Chambres": 1, "Duc de Berry": 1, "de France": 1, "Grand Maitre des Ordres Royaux & Militaires": 1, "Notre-Dame du Mont-Carmel & de St. Lazare de J\u00e9rusalem": 1, "Chapitre": 1, "au Louvre": 1, "Paris": 1, "Chevaliers": 1, "Cour": 1, "Croix & le Cordon de": 1}, "year": "1757", "month": "08", "page": "31"}