{"ents_info": {"Princes": {"label": "LOC", "kb_qid": "Q1753066", "url_wikidata": "https://www.wikidata.org/wiki/Q1753066"}, "R\u00e9mi\u201e n'encres": {"label": "MISC", "kb_qid": null, "url_wikidata": null}, "Fiefs": {"label": "LOC", "kb_qid": "Q372216", "url_wikidata": "https://www.wikidata.org/wiki/Q372216"}, "Fisse": {"label": "LOC", "kb_qid": null, "url_wikidata": null}, "Allemagne": {"label": "LOC", "kb_qid": "Q43287", "url_wikidata": "https://www.wikidata.org/wiki/Q43287"}, "Roi de Su\u00e9e": {"label": "LOC", "kb_qid": null, "url_wikidata": null}, "Dette": {"label": "MISC", "kb_qid": "Q1550762", "url_wikidata": "https://www.wikidata.org/wiki/Q1550762"}, "Rot de France": {"label": "LOC", "kb_qid": null, "url_wikidata": null}, "Couronnes": {"label": "ORG", "kb_qid": "Q21941952", "url_wikidata": "https://www.wikidata.org/wiki/Q21941952"}, "Trait\u00e9 de Westphalie, &": {"label": "MISC", "kb_qid": null, "url_wikidata": null}, "Su\u00e9doise": {"label": "LOC", "kb_qid": "Q34", "url_wikidata": "https://www.wikidata.org/wiki/Q34"}, "D\u00e9claration que le Baron de Macao": {"label": "MISC", "kb_qid": null, "url_wikidata": null}, "Ministre de France": {"label": "ORG", "kb_qid": null, "url_wikidata": null}, "Baron de Greiffenhain,": {"label": "MISC", "kb_qid": null, "url_wikidata": null}, "Ministre de Su\u00e9e": {"label": "ORG", "kb_qid": null, "url_wikidata": null}, "Trait\u00e9": {"label": "MISC", "kb_qid": "Q2268427", "url_wikidata": "https://www.wikidata.org/wiki/Q2268427"}, "ZTE Roi": {"label": "MISC", "kb_qid": null, "url_wikidata": null}, "\u00c9tats": {"label": "LOC", "kb_qid": "Q35657", "url_wikidata": "https://www.wikidata.org/wiki/Q35657"}, "Loi & les Constitution Germaniques": {"label": "MISC", "kb_qid": null, "url_wikidata": null}, "Trait\u00e9s de Westphalie": {"label": "MISC", "kb_qid": "Q150995", "url_wikidata": "https://www.wikidata.org/wiki/Q150995"}, "isthme de l'Empire": {"label": "LOC", "kb_qid": null, "url_wikidata": null}, "\u00c9tats des plus": {"label": "MISC", "kb_qid": null, "url_wikidata": null}, "l'Empire": {"label": "LOC", "kb_qid": "Q71084", "url_wikidata": "https://www.wikidata.org/wiki/Q71084"}, "la France": {"label": "LOC", "kb_qid": "Q70972", "url_wikidata": "https://www.wikidata.org/wiki/Q70972"}, "Puissances": {"label": "LOC", "kb_qid": "Q26051996", "url_wikidata": "https://www.wikidata.org/wiki/Q26051996"}, "\u00c9tats de l'Empire": {"label": "LOC", "kb_qid": "Q12548", "url_wikidata": "https://www.wikidata.org/wiki/Q12548"}, "Germanique": {"label": "MISC", "kb_qid": "Q22633", "url_wikidata": "https://www.wikidata.org/wiki/Q22633"}, "Relie.ions": {"label": "MISC", "kb_qid": null, "url_wikidata": null}, "A3": {"label": "MISC", "kb_qid": "Q788719", "url_wikidata": "https://www.wikidata.org/wiki/Q788719"}}, "ents_freq": {"Princes": 1, "R\u00e9mi\u201e n'encres": 1, "Fiefs": 1, "Fisse": 1, "Allemagne": 3, "Roi de Su\u00e9e": 1, "Dette": 1, "Rot de France": 1, "Couronnes": 1, "Trait\u00e9 de Westphalie, &": 1, "Su\u00e9doise": 1, "D\u00e9claration que le Baron de Macao": 1, "Ministre de France": 1, "Baron de Greiffenhain,": 1, "Ministre de Su\u00e9e": 1, "Trait\u00e9": 1, "ZTE Roi": 1, "\u00c9tats": 1, "Loi & les Constitution Germaniques": 1, "Trait\u00e9s de Westphalie": 2, "isthme de l'Empire": 1, "\u00c9tats des plus": 1, "l'Empire": 1, "la France": 1, "Puissances": 1, "\u00c9tats de l'Empire": 1, "Germanique": 1, "Relie.ions": 1, "A3": 1}, "year": "1757", "month": "05", "page": "52"}