{"ents_info": {"La Clef du Cabine 288": {"label": "MISC", "kb_qid": null, "url_wikidata": null}, "G\u00e9n\u00e9ral de Interf\u00e8re": {"label": "PER", "kb_qid": null, "url_wikidata": null}, "Compagnies de Grenadiers": {"label": "ORG", "kb_qid": null, "url_wikidata": null}, "Prussiens": {"label": "MISC", "kb_qid": "Q27306", "url_wikidata": "https://www.wikidata.org/wiki/Q27306"}, "Grenadiers Autrichiens": {"label": "LOC", "kb_qid": null, "url_wikidata": null}, "Canons, trois Drapeaux, &": {"label": "MISC", "kb_qid": null, "url_wikidata": null}, "G\u00e9n\u00e9ral": {"label": "PER", "kb_qid": "Q2042", "url_wikidata": "https://www.wikidata.org/wiki/Q2042"}, "Grenadiers Imp\u00e9riaux": {"label": "MISC", "kb_qid": null, "url_wikidata": null}, "Pays-Bas": {"label": "LOC", "kb_qid": "Q29999", "url_wikidata": "https://www.wikidata.org/wiki/Q29999"}, "Officiers": {"label": "MISC", "kb_qid": "Q3113100", "url_wikidata": "https://www.wikidata.org/wiki/Q3113100"}, "Comte de Colorado": {"label": "PER", "kb_qid": "Q26885", "url_wikidata": "https://www.wikidata.org/wiki/Q26885"}, "G\u00e9n\u00e9ral d'Infanterie": {"label": "PER", "kb_qid": "Q694005", "url_wikidata": "https://www.wikidata.org/wiki/Q694005"}, "G\u00e9n\u00e9ral Interf\u00e8re": {"label": "PER", "kb_qid": null, "url_wikidata": null}, "Duc d'Nuremberg": {"label": "PER", "kb_qid": null, "url_wikidata": null}, "champ de Bataille: &": {"label": "LOC", "kb_qid": null, "url_wikidata": null}, "S. A. R.": {"label": "PER", "kb_qid": "Q1252328", "url_wikidata": "https://www.wikidata.org/wiki/Q1252328"}, "Scherzo": {"label": "MISC", "kb_qid": "Q189214", "url_wikidata": "https://www.wikidata.org/wiki/Q189214"}, "Officier": {"label": "PER", "kb_qid": "Q163700", "url_wikidata": "https://www.wikidata.org/wiki/Q163700"}, "G\u00e9n\u00e9ral Hardie": {"label": "PER", "kb_qid": null, "url_wikidata": null}, "Chapeau de Base": {"label": "LOC", "kb_qid": null, "url_wikidata": null}}, "ents_freq": {"La Clef du Cabine 288": 1, "G\u00e9n\u00e9ral de Interf\u00e8re": 2, "Compagnies de Grenadiers": 1, "Prussiens": 1, "Grenadiers Autrichiens": 1, "Canons, trois Drapeaux, &": 1, "G\u00e9n\u00e9ral": 2, "Grenadiers Imp\u00e9riaux": 1, "Pays-Bas": 1, "Officiers": 1, "Comte de Colorado": 1, "G\u00e9n\u00e9ral d'Infanterie": 1, "G\u00e9n\u00e9ral Interf\u00e8re": 1, "Duc d'Nuremberg": 1, "champ de Bataille: &": 1, "S. A. R.": 1, "Scherzo": 1, "Officier": 1, "G\u00e9n\u00e9ral Hardie": 1, "Chapeau de Base": 1}, "year": "1757", "month": "10", "page": "51"}