{"ents_info": {"La Clef du Cabinet 328 public &": {"label": "MISC", "kb_qid": null, "url_wikidata": null}, "Versailles": {"label": "LOC", "kb_qid": "Q19945294", "url_wikidata": "https://www.wikidata.org/wiki/Q19945294"}, "Paris": {"label": "LOC", "kb_qid": "Q90", "url_wikidata": "https://www.wikidata.org/wiki/Q90"}, "Mars": {"label": "PER", "kb_qid": "Q111", "url_wikidata": "https://www.wikidata.org/wiki/Q111"}, "Greffe de la Cour": {"label": "LOC", "kb_qid": null, "url_wikidata": null}, "procureur-G\u00e9n\u00e9ral du Roi": {"label": "LOC", "kb_qid": null, "url_wikidata": null}, "l'Arr\u00eat du 21": {"label": "MISC", "kb_qid": null, "url_wikidata": null}, "Quidam": {"label": "MISC", "kb_qid": "Q28494975", "url_wikidata": "https://www.wikidata.org/wiki/Q28494975"}, "l'Arr\u00eat du 17": {"label": "MISC", "kb_qid": null, "url_wikidata": null}, "Robert-Fran\u00e7ois Damiers": {"label": "PER", "kb_qid": null, "url_wikidata": null}, "Process": {"label": "MISC", "kb_qid": "Q14912519", "url_wikidata": "https://www.wikidata.org/wiki/Q14912519"}, "Commissaires de la Cour": {"label": "ORG", "kb_qid": null, "url_wikidata": null}, "l'Arr\u00eat": {"label": "MISC", "kb_qid": "Q3115266", "url_wikidata": "https://www.wikidata.org/wiki/Q3115266"}, "Janvier S7": {"label": "PER", "kb_qid": null, "url_wikidata": null}, "l'Interrogatoire": {"label": "MISC", "kb_qid": "Q3204257", "url_wikidata": "https://www.wikidata.org/wiki/Q3204257"}, "Pre coureur-G\u00e9n\u00e9ral du Roi": {"label": "LOC", "kb_qid": null, "url_wikidata": null}, "Cour": {"label": "MISC", "kb_qid": "Q3001001", "url_wikidata": "https://www.wikidata.org/wiki/Q3001001"}, "Ledit": {"label": "PER", "kb_qid": null, "url_wikidata": null}, "ledit Damiers": {"label": "LOC", "kb_qid": null, "url_wikidata": null}, "out &": {"label": "MISC", "kb_qid": null, "url_wikidata": null}, "Ledit Damiers": {"label": "PER", "kb_qid": null, "url_wikidata": null}, "ledit Interrogatoire": {"label": "MISC", "kb_qid": null, "url_wikidata": null}, "r8": {"label": "ORG", "kb_qid": "Q578088", "url_wikidata": "https://www.wikidata.org/wiki/Q578088"}, "Commissaires": {"label": "ORG", "kb_qid": "Q3480428", "url_wikidata": "https://www.wikidata.org/wiki/Q3480428"}, "Arr\u00eats": {"label": "LOC", "kb_qid": null, "url_wikidata": null}, "dudit Damiers": {"label": "PER", "kb_qid": null, "url_wikidata": null}, "Interrogatoires": {"label": "MISC", "kb_qid": "Q327018", "url_wikidata": "https://www.wikidata.org/wiki/Q327018"}, "Procureur-G\u00e9n\u00e9ral du Roi": {"label": "LOC", "kb_qid": null, "url_wikidata": null}, "Requ\u00eate de plainte": {"label": "MISC", "kb_qid": null, "url_wikidata": null}, "Pr\u00e9sident & Conseillers": {"label": "ORG", "kb_qid": null, "url_wikidata": null}, "1S. Janvier": {"label": "PER", "kb_qid": null, "url_wikidata": null}, "Quentin G\u00e9rard": {"label": "PER", "kb_qid": null, "url_wikidata": null}, "Cond\u00e9": {"label": "PER", "kb_qid": "Q494533", "url_wikidata": "https://www.wikidata.org/wiki/Q494533"}, "No\u00ebl": {"label": "MISC", "kb_qid": "Q19809", "url_wikidata": "https://www.wikidata.org/wiki/Q19809"}}, "ents_freq": {"La Clef du Cabinet 328 public &": 1, "Versailles": 1, "Paris": 1, "Mars": 8, "Greffe de la Cour": 1, "procureur-G\u00e9n\u00e9ral du Roi": 2, "l'Arr\u00eat du 21": 1, "Quidam": 1, "l'Arr\u00eat du 17": 1, "Robert-Fran\u00e7ois Damiers": 1, "Process": 1, "Commissaires de la Cour": 1, "l'Arr\u00eat": 3, "Janvier S7": 1, "l'Interrogatoire": 2, "Pre coureur-G\u00e9n\u00e9ral du Roi": 1, "Cour": 2, "Ledit": 1, "ledit Damiers": 1, "out &": 1, "Ledit Damiers": 2, "ledit Interrogatoire": 1, "r8": 1, "Commissaires": 2, "Arr\u00eats": 2, "dudit Damiers": 1, "Interrogatoires": 1, "Procureur-G\u00e9n\u00e9ral du Roi": 1, "Requ\u00eate de plainte": 1, "Pr\u00e9sident & Conseillers": 1, "1S. Janvier": 1, "Quentin G\u00e9rard": 1, "Cond\u00e9": 1, "No\u00ebl": 1}, "year": "1757", "month": "05", "page": "13"}