{"ents_info": {"g\u00e9o i": {"label": "MISC", "kb_qid": null, "url_wikidata": null}, "La Clef du Cabinet": {"label": "MISC", "kb_qid": null, "url_wikidata": null}, "Jour": {"label": "MISC", "kb_qid": "Q573", "url_wikidata": "https://www.wikidata.org/wiki/Q573"}, "Peuple, &": {"label": "ORG", "kb_qid": null, "url_wikidata": null}, "Gard": {"label": "LOC", "kb_qid": "Q12515", "url_wikidata": "https://www.wikidata.org/wiki/Q12515"}, "Notion outrag\u00e9e & joint\u00e9e": {"label": "MISC", "kb_qid": null, "url_wikidata": null}, "Dacie": {"label": "LOC", "kb_qid": "Q173082", "url_wikidata": "https://www.wikidata.org/wiki/Q173082"}, "Roi": {"label": "PER", "kb_qid": "Q13592862", "url_wikidata": "https://www.wikidata.org/wiki/Q13592862"}, "Nation": {"label": "MISC", "kb_qid": "Q1573359", "url_wikidata": "https://www.wikidata.org/wiki/Q1573359"}, "Escadre": {"label": "LOC", "kb_qid": "Q955920", "url_wikidata": "https://www.wikidata.org/wiki/Q955920"}, "Exp\u00e9dition": {"label": "MISC", "kb_qid": "Q3119092", "url_wikidata": "https://www.wikidata.org/wiki/Q3119092"}, "& IA": {"label": "MISC", "kb_qid": null, "url_wikidata": null}, "Dieu": {"label": "MISC", "kb_qid": "Q190", "url_wikidata": "https://www.wikidata.org/wiki/Q190"}, "Le Juge Supr\u00eame": {"label": "MISC", "kb_qid": null, "url_wikidata": null}, "Sa Majest\u00e9 le Monarque": {"label": "PER", "kb_qid": null, "url_wikidata": null}, "Port": {"label": "LOC", "kb_qid": "Q44782", "url_wikidata": "https://www.wikidata.org/wiki/Q44782"}, "Portsmouth": {"label": "LOC", "kb_qid": "Q72259", "url_wikidata": "https://www.wikidata.org/wiki/Q72259"}, "Mars": {"label": "LOC", "kb_qid": "Q112", "url_wikidata": "https://www.wikidata.org/wiki/Q112"}}, "ents_freq": {"g\u00e9o i": 1, "La Clef du Cabinet": 1, "Jour": 1, "Peuple, &": 1, "Gard": 1, "Notion outrag\u00e9e & joint\u00e9e": 1, "Dacie": 1, "Roi": 1, "Nation": 1, "Escadre": 1, "Exp\u00e9dition": 1, "& IA": 1, "Dieu": 1, "Le Juge Supr\u00eame": 1, "Sa Majest\u00e9 le Monarque": 1, "Port": 1, "Portsmouth": 1, "Mars": 1}, "year": "1757", "month": "04", "page": "45"}