{"ents_info": {"Princes oc": {"label": "LOC", "kb_qid": null, "url_wikidata": null}, "Janvier": {"label": "PER", "kb_qid": "Q682983", "url_wikidata": "https://www.wikidata.org/wiki/Q682983"}, "G\u00e9n\u00e9ral Interf\u00e8re": {"label": "PER", "kb_qid": null, "url_wikidata": null}, "A": {"label": "LOC", "kb_qid": "Q9659", "url_wikidata": "https://www.wikidata.org/wiki/Q9659"}, "Royaume": {"label": "LOC", "kb_qid": "Q70972", "url_wikidata": "https://www.wikidata.org/wiki/Q70972"}, "Mar\u00e9chal Comte de Brun": {"label": "PER", "kb_qid": null, "url_wikidata": null}, "Prince 'iccoloimini": {"label": "PER", "kb_qid": null, "url_wikidata": null}, "Il ne se poste plus rien de remarquable": {"label": "MISC", "kb_qid": null, "url_wikidata": null}, "Prussiennes": {"label": "LOC", "kb_qid": "Q38872", "url_wikidata": "https://www.wikidata.org/wiki/Q38872"}, "us": {"label": "LOC", "kb_qid": "Q3552526", "url_wikidata": "https://www.wikidata.org/wiki/Q3552526"}, "Comme de Brun": {"label": "MISC", "kb_qid": null, "url_wikidata": null}, "Saxe": {"label": "LOC", "kb_qid": "Q1202", "url_wikidata": "https://www.wikidata.org/wiki/Q1202"}, "Soldats": {"label": "MISC", "kb_qid": "Q1216312", "url_wikidata": "https://www.wikidata.org/wiki/Q1216312"}, "Imp\u00e9ratriceReine": {"label": "LOC", "kb_qid": null, "url_wikidata": null}, "Saxons": {"label": "MISC", "kb_qid": "Q170352", "url_wikidata": "https://www.wikidata.org/wiki/Q170352"}, "Corps": {"label": "ORG", "kb_qid": "Q1060535", "url_wikidata": "https://www.wikidata.org/wiki/Q1060535"}, "Hongrie": {"label": "LOC", "kb_qid": "Q171150", "url_wikidata": "https://www.wikidata.org/wiki/Q171150"}, "Moravie": {"label": "LOC", "kb_qid": "Q43266", "url_wikidata": "https://www.wikidata.org/wiki/Q43266"}, "Italie": {"label": "LOC", "kb_qid": "Q172579", "url_wikidata": "https://www.wikidata.org/wiki/Q172579"}, "Danube": {"label": "LOC", "kb_qid": "Q1653", "url_wikidata": "https://www.wikidata.org/wiki/Q1653"}, "Passau": {"label": "LOC", "kb_qid": "Q4190", "url_wikidata": "https://www.wikidata.org/wiki/Q4190"}, "Haute-Autriche": {"label": "LOC", "kb_qid": "Q41967", "url_wikidata": "https://www.wikidata.org/wiki/Q41967"}, "Imp\u00e9riales": {"label": "MISC", "kb_qid": "Q12548", "url_wikidata": "https://www.wikidata.org/wiki/Q12548"}, "Sil\u00e9sie": {"label": "LOC", "kb_qid": "Q81720", "url_wikidata": "https://www.wikidata.org/wiki/Q81720"}, "Cartel": {"label": "ORG", "kb_qid": "Q1078091", "url_wikidata": "https://www.wikidata.org/wiki/Q1078091"}, "Caress\u00e2t": {"label": "LOC", "kb_qid": null, "url_wikidata": null}, "Petrsaludt": {"label": "LOC", "kb_qid": null, "url_wikidata": null}}, "ents_freq": {"Princes oc": 1, "Janvier": 1, "G\u00e9n\u00e9ral Interf\u00e8re": 1, "A": 1, "Royaume": 1, "Mar\u00e9chal Comte de Brun": 1, "Prince 'iccoloimini": 1, "Il ne se poste plus rien de remarquable": 1, "Prussiennes": 1, "us": 1, "Comme de Brun": 1, "Saxe": 1, "Soldats": 1, "Imp\u00e9ratriceReine": 1, "Saxons": 1, "Corps": 1, "Hongrie": 1, "Moravie": 1, "Italie": 1, "Danube": 1, "Passau": 1, "Haute-Autriche": 1, "Imp\u00e9riales": 1, "Sil\u00e9sie": 1, "Cartel": 1, "Caress\u00e2t": 1, "Petrsaludt": 1}, "year": "1757", "month": "01", "page": "50"}