{"ents_info": {"La Clef du Cabines": {"label": "MISC", "kb_qid": null, "url_wikidata": null}, "R\u00e9giment Saxons": {"label": "ORG", "kb_qid": null, "url_wikidata": null}, "Prusse": {"label": "LOC", "kb_qid": null, "url_wikidata": null}, "Ordre sp\u00e9cial & pr\u00e9cis": {"label": "ORG", "kb_qid": null, "url_wikidata": null}, "Sa Maj.": {"label": "PER", "kb_qid": null, "url_wikidata": null}, "Roi de Prusse": {"label": "PER", "kb_qid": null, "url_wikidata": null}, "\u00c9tats \u00c9lectoraux": {"label": "LOC", "kb_qid": null, "url_wikidata": null}, "Cercle": {"label": "ORG", "kb_qid": null, "url_wikidata": null}, "Sa Maj": {"label": "PER", "kb_qid": null, "url_wikidata": null}, "D\u00e9put\u00e9s des": {"label": "MISC", "kb_qid": null, "url_wikidata": null}, "\u00c9tats": {"label": "LOC", "kb_qid": null, "url_wikidata": null}, "Capitaine du Cercle": {"label": "MISC", "kb_qid": null, "url_wikidata": null}, "Commissaires de Guerre du Cercle": {"label": "MISC", "kb_qid": null, "url_wikidata": null}, "Officiers & Magistrats du Cercle": {"label": "ORG", "kb_qid": null, "url_wikidata": null}, "Contingent de chaque": {"label": "MISC", "kb_qid": null, "url_wikidata": null}, "Bailliage & Ville": {"label": "ORG", "kb_qid": null, "url_wikidata": null}, "D\u00e9put\u00e9s": {"label": "MISC", "kb_qid": null, "url_wikidata": null}, "\u00c9tats &": {"label": "ORG", "kb_qid": null, "url_wikidata": null}, "Commissaires de Guerre": {"label": "MISC", "kb_qid": null, "url_wikidata": null}, "Chefs du Cercle": {"label": "ORG", "kb_qid": null, "url_wikidata": null}}, "ents_freq": {"La Clef du Cabines": 1, "R\u00e9giment Saxons": 1, "Prusse": 1, "Ordre sp\u00e9cial & pr\u00e9cis": 1, "Sa Maj.": 1, "Roi de Prusse": 2, "\u00c9tats \u00c9lectoraux": 1, "Cercle": 1, "Sa Maj": 1, "D\u00e9put\u00e9s des": 2, "\u00c9tats": 2, "Capitaine du Cercle": 1, "Commissaires de Guerre du Cercle": 1, "Officiers & Magistrats du Cercle": 1, "Contingent de chaque": 1, "Bailliage & Ville": 1, "D\u00e9put\u00e9s": 1, "\u00c9tats &": 1, "Commissaires de Guerre": 1, "Chefs du Cercle": 1}, "year": "1757", "month": "07", "page": "43"}