{"ents_info": {"Princes": {"label": "LOC", "kb_qid": null, "url_wikidata": null}, "Elbe": {"label": "LOC", "kb_qid": null, "url_wikidata": null}, "Gutenberg": {"label": "PER", "kb_qid": null, "url_wikidata": null}, "Taureau, & je consentirai": {"label": "MISC", "kb_qid": null, "url_wikidata": null}, "Arnaquant": {"label": "PER", "kb_qid": null, "url_wikidata": null}, "Arm\u00e9e": {"label": "ORG", "kb_qid": null, "url_wikidata": null}, "Otages": {"label": "MISC", "kb_qid": null, "url_wikidata": null}, "V. M.": {"label": "PER", "kb_qid": null, "url_wikidata": null}, "\u00c9tats": {"label": "LOC", "kb_qid": null, "url_wikidata": null}, "Places": {"label": "LOC", "kb_qid": null, "url_wikidata": null}, "Saxe": {"label": "LOC", "kb_qid": null, "url_wikidata": null}, "Gouvernement-Civil": {"label": "MISC", "kb_qid": null, "url_wikidata": null}, "\u00c9tats &": {"label": "MISC", "kb_qid": null, "url_wikidata": null}, "Famille": {"label": "MISC", "kb_qid": null, "url_wikidata": null}}, "ents_freq": {"Princes": 1, "Elbe": 1, "Gutenberg": 1, "Taureau, & je consentirai": 1, "Arnaquant": 1, "Arm\u00e9e": 1, "Otages": 1, "V. M.": 4, "\u00c9tats": 1, "Places": 2, "Saxe": 1, "Gouvernement-Civil": 1, "\u00c9tats &": 1, "Famille": 1}, "year": "1757", "month": "04", "page": "12"}