{"ents_info": {"La Clef du Cabinet 214 Domination Fran\u00e7oise": {"label": "MISC", "kb_qid": null, "url_wikidata": null}, "Mandement": {"label": "PER", "kb_qid": "Q3285489", "url_wikidata": "https://www.wikidata.org/wiki/Q3285489"}, "Mr. de Hoenheim": {"label": "PER", "kb_qid": null, "url_wikidata": null}, "\u00c9v\u00eaque de Myri\u0308ophis & Suffragant de Archev\u00each\u00e9 \u00c9lectoral de Tr\u00eaves": {"label": "LOC", "kb_qid": null, "url_wikidata": null}, "JEAN-NICOLAS": {"label": "PER", "kb_qid": null, "url_wikidata": null}, "Mi J mis\u00e9ricorde Divine, & par la Grace": {"label": "MISC", "kb_qid": null, "url_wikidata": null}, "St. Sieg e": {"label": "MISC", "kb_qid": null, "url_wikidata": null}, "Apostolique \u00c9v\u00eaque de Apophis": {"label": "PER", "kb_qid": null, "url_wikidata": null}, "Suffragant": {"label": "PER", "kb_qid": "Q13426709", "url_wikidata": "https://www.wikidata.org/wiki/Q13426709"}, "S. A. \u00c9lectorale de Tr\u00eaves": {"label": "PER", "kb_qid": null, "url_wikidata": null}, "Clerg\u00e9": {"label": "LOC", "kb_qid": "Q177826", "url_wikidata": "https://www.wikidata.org/wiki/Q177826"}, "Fid\u00e8les de la partie du": {"label": "MISC", "kb_qid": null, "url_wikidata": null}, "Dioc\u00e8se de Tr\u00eaves": {"label": "LOC", "kb_qid": null, "url_wikidata": null}, "Domination": {"label": "MISC", "kb_qid": "Q1170080", "url_wikidata": "https://www.wikidata.org/wiki/Q1170080"}, "Roi Tr es-Chr\u00e9tien": {"label": "PER", "kb_qid": null, "url_wikidata": null}, "Salut & B\u00e9n\u00e9diction": {"label": "MISC", "kb_qid": null, "url_wikidata": null}, "notre Seigneur": {"label": "MISC", "kb_qid": "Q302", "url_wikidata": "https://www.wikidata.org/wiki/Q302"}, "Nous sommes p\u00e9n\u00e9tr\u00e9s de la douleur la plus , vive d'apprendre l'horrible attentat commis sur la , personne du Roi": {"label": "MISC", "kb_qid": null, "url_wikidata": null}, "S. A. E.": {"label": "PER", "kb_qid": null, "url_wikidata": null}, "Tr\u00eaves": {"label": "LOC", "kb_qid": "Q3138", "url_wikidata": "https://www.wikidata.org/wiki/Q3138"}, "Roi": {"label": "PER", "kb_qid": "Q12097", "url_wikidata": "https://www.wikidata.org/wiki/Q12097"}, "Quo": {"label": "MISC", "kb_qid": "Q369613", "url_wikidata": "https://www.wikidata.org/wiki/Q369613"}, "Autels, &": {"label": "MISC", "kb_qid": null, "url_wikidata": null}, "Souveraine": {"label": "PER", "kb_qid": "Q2304859", "url_wikidata": "https://www.wikidata.org/wiki/Q2304859"}, "Dieu": {"label": "MISC", "kb_qid": "Q190", "url_wikidata": "https://www.wikidata.org/wiki/Q190"}, "Prince": {"label": "PER", "kb_qid": "Q2747456", "url_wikidata": "https://www.wikidata.org/wiki/Q2747456"}, "Nous voulons cependant & nous ordonnons,": {"label": "MISC", "kb_qid": null, "url_wikidata": null}, "Pres": {"label": "MISC", "kb_qid": "Q3412198", "url_wikidata": "https://www.wikidata.org/wiki/Q3412198"}, "Prieras": {"label": "ORG", "kb_qid": null, "url_wikidata": null}, "Saint Sacrement": {"label": "MISC", "kb_qid": "Q207104", "url_wikidata": "https://www.wikidata.org/wiki/Q207104"}, "Fid\u00e8les": {"label": "MISC", "kb_qid": null, "url_wikidata": null}, "Tr\u00eave": {"label": "LOC", "kb_qid": "Q163730", "url_wikidata": "https://www.wikidata.org/wiki/Q163730"}, "Ier": {"label": "PER", "kb_qid": "Q25297", "url_wikidata": "https://www.wikidata.org/wiki/Q25297"}, "Janvier": {"label": "PER", "kb_qid": "Q108", "url_wikidata": "https://www.wikidata.org/wiki/Q108"}, "Sot": {"label": "PER", "kb_qid": "Q1065838", "url_wikidata": "https://www.wikidata.org/wiki/Q1065838"}, "Son Alt. \u00c9lectorale": {"label": "MISC", "kb_qid": null, "url_wikidata": null}}, "ents_freq": {"La Clef du Cabinet 214 Domination Fran\u00e7oise": 1, "Mandement": 1, "Mr. de Hoenheim": 1, "\u00c9v\u00eaque de Myri\u0308ophis & Suffragant de Archev\u00each\u00e9 \u00c9lectoral de Tr\u00eaves": 1, "JEAN-NICOLAS": 1, "Mi J mis\u00e9ricorde Divine, & par la Grace": 1, "St. Sieg e": 1, "Apostolique \u00c9v\u00eaque de Apophis": 1, "Suffragant": 1, "S. A. \u00c9lectorale de Tr\u00eaves": 1, "Clerg\u00e9": 1, "Fid\u00e8les de la partie du": 1, "Dioc\u00e8se de Tr\u00eaves": 1, "Domination": 1, "Roi Tr es-Chr\u00e9tien": 1, "Salut & B\u00e9n\u00e9diction": 1, "notre Seigneur": 1, "Nous sommes p\u00e9n\u00e9tr\u00e9s de la douleur la plus , vive d'apprendre l'horrible attentat commis sur la , personne du Roi": 1, "S. A. E.": 1, "Tr\u00eaves": 1, "Roi": 1, "Quo": 1, "Autels, &": 1, "Souveraine": 1, "Dieu": 1, "Prince": 1, "Nous voulons cependant & nous ordonnons,": 1, "Pres": 1, "Prieras": 1, "Saint Sacrement": 1, "Fid\u00e8les": 1, "Tr\u00eave": 1, "Ier": 1, "Janvier": 1, "Sot": 1, "Son Alt. \u00c9lectorale": 1}, "year": "1757", "month": "03", "page": "57"}