{"ents_info": {"Princes de": {"label": "LOC", "kb_qid": null, "url_wikidata": null}, "Pays": {"label": "LOC", "kb_qid": null, "url_wikidata": null}, "Reine": {"label": "PER", "kb_qid": null, "url_wikidata": null}, "Arm\u00e9e combin\u00e9e d'": {"label": "ORG", "kb_qid": null, "url_wikidata": null}, "Empire &": {"label": "ORG", "kb_qid": null, "url_wikidata": null}, "Prussiens": {"label": "LOC", "kb_qid": null, "url_wikidata": null}, "Arm\u00e9e": {"label": "ORG", "kb_qid": null, "url_wikidata": null}, "Reine de Pologne": {"label": "PER", "kb_qid": null, "url_wikidata": null}, "Dresde": {"label": "LOC", "kb_qid": null, "url_wikidata": null}, "Prince Royal": {"label": "ORG", "kb_qid": null, "url_wikidata": null}, "Auguste": {"label": "PER", "kb_qid": null, "url_wikidata": null}, "Chebecs Napolitains": {"label": "MISC", "kb_qid": null, "url_wikidata": null}, "Sicile": {"label": "LOC", "kb_qid": null, "url_wikidata": null}, "Pin": {"label": "LOC", "kb_qid": null, "url_wikidata": null}, "Messine": {"label": "LOC", "kb_qid": null, "url_wikidata": null}, "RUSSIE": {"label": "ORG", "kb_qid": null, "url_wikidata": null}, "Doute": {"label": "MISC", "kb_qid": null, "url_wikidata": null}, "Imp\u00e9ratrice": {"label": "PER", "kb_qid": null, "url_wikidata": null}, "Mr. Presse": {"label": "MISC", "kb_qid": null, "url_wikidata": null}, "Charg\u00e9 \u00e0 sa": {"label": "MISC", "kb_qid": null, "url_wikidata": null}, "Cour des affaires du": {"label": "ORG", "kb_qid": null, "url_wikidata": null}, "Roi de Pologne \u00c9lecteur de Saxe": {"label": "LOC", "kb_qid": null, "url_wikidata": null}, "Bore": {"label": "LOC", "kb_qid": null, "url_wikidata": null}, "Arm\u00e9e Russienne": {"label": "ORG", "kb_qid": null, "url_wikidata": null}, "Prusse": {"label": "LOC", "kb_qid": null, "url_wikidata": null}, "Bataille de Veau": {"label": "MISC", "kb_qid": null, "url_wikidata": null}}, "ents_freq": {"Princes de": 1, "Pays": 1, "Reine": 1, "Arm\u00e9e combin\u00e9e d'": 1, "Empire &": 1, "Prussiens": 1, "Arm\u00e9e": 2, "Reine de Pologne": 1, "Dresde": 1, "Prince Royal": 1, "Auguste": 1, "Chebecs Napolitains": 1, "Sicile": 1, "Pin": 1, "Messine": 1, "RUSSIE": 1, "Doute": 1, "Imp\u00e9ratrice": 1, "Mr. Presse": 1, "Charg\u00e9 \u00e0 sa": 1, "Cour des affaires du": 1, "Roi de Pologne \u00c9lecteur de Saxe": 1, "Bore": 1, "Arm\u00e9e Russienne": 1, "Prusse": 1, "Bataille de Veau": 1}, "year": "1757", "month": "12", "page": "40"}