{"ents_info": {"La Clef du Cabine!": {"label": "MISC", "kb_qid": null, "url_wikidata": null}, "Archev\u00eaque de Paris": {"label": "LOC", "kb_qid": null, "url_wikidata": null}, "Con": {"label": "LOC", "kb_qid": "Q109018931", "url_wikidata": "https://www.wikidata.org/wiki/Q109018931"}, "Pr\u00e9lats": {"label": "MISC", "kb_qid": "Q17305527", "url_wikidata": "https://www.wikidata.org/wiki/Q17305527"}, "Royaume": {"label": "LOC", "kb_qid": "Q145", "url_wikidata": "https://www.wikidata.org/wiki/Q145"}, "Mandement": {"label": "PER", "kb_qid": "Q3285489", "url_wikidata": "https://www.wikidata.org/wiki/Q3285489"}, "Instruction Pastorale": {"label": "MISC", "kb_qid": null, "url_wikidata": null}, "Paris": {"label": "LOC", "kb_qid": "Q90", "url_wikidata": "https://www.wikidata.org/wiki/Q90"}, "Mr. de Saint-Simon": {"label": "PER", "kb_qid": null, "url_wikidata": null}, "\u00c9v\u00eaque de Met, &": {"label": "LOC", "kb_qid": null, "url_wikidata": null}, "Roi": {"label": "PER", "kb_qid": "Q13592862", "url_wikidata": "https://www.wikidata.org/wiki/Q13592862"}, "I752": {"label": "LOC", "kb_qid": null, "url_wikidata": null}, "Constitution Vnigenitus": {"label": "ORG", "kb_qid": null, "url_wikidata": null}, "Versailles": {"label": "LOC", "kb_qid": "Q2946", "url_wikidata": "https://www.wikidata.org/wiki/Q2946"}, "Comte de Stahrenherg Ambassadeur": {"label": "PER", "kb_qid": null, "url_wikidata": null}, "Cour Imp\u00e9riale de Vienne": {"label": "LOC", "kb_qid": null, "url_wikidata": null}, "Vienne": {"label": "LOC", "kb_qid": "Q26849", "url_wikidata": "https://www.wikidata.org/wiki/Q26849"}, "Comte d'Et r\u00e9es Ambassadeur du Roi": {"label": "PER", "kb_qid": null, "url_wikidata": null}, "Majest\u00e9s": {"label": "PER", "kb_qid": null, "url_wikidata": null}, "Cours pour le maintien des": {"label": "MISC", "kb_qid": null, "url_wikidata": null}, "Trait\u00e9s de Westphalie: &": {"label": "MISC", "kb_qid": null, "url_wikidata": null}, "Imp\u00e9ratrice Reine": {"label": "PER", "kb_qid": null, "url_wikidata": null}, "S. M.": {"label": "PER", "kb_qid": "Q669458", "url_wikidata": "https://www.wikidata.org/wiki/Q669458"}, "l'Empire": {"label": "LOC", "kb_qid": "Q71084", "url_wikidata": "https://www.wikidata.org/wiki/Q71084"}, "Roi de Pologne": {"label": "LOC", "kb_qid": "Q53460", "url_wikidata": "https://www.wikidata.org/wiki/Q53460"}, "\u00c9lecteur de Saxe": {"label": "PER", "kb_qid": "Q53438", "url_wikidata": "https://www.wikidata.org/wiki/Q53438"}, "Trait\u00e9 de Westphalie": {"label": "MISC", "kb_qid": "Q150995", "url_wikidata": "https://www.wikidata.org/wiki/Q150995"}}, "ents_freq": {"La Clef du Cabine!": 1, "Archev\u00eaque de Paris": 1, "Con": 1, "Pr\u00e9lats": 2, "Royaume": 1, "Mandement": 2, "Instruction Pastorale": 2, "Paris": 1, "Mr. de Saint-Simon": 1, "\u00c9v\u00eaque de Met, &": 1, "Roi": 2, "I752": 1, "Constitution Vnigenitus": 1, "Versailles": 1, "Comte de Stahrenherg Ambassadeur": 1, "Cour Imp\u00e9riale de Vienne": 1, "Vienne": 1, "Comte d'Et r\u00e9es Ambassadeur du Roi": 1, "Majest\u00e9s": 1, "Cours pour le maintien des": 1, "Trait\u00e9s de Westphalie: &": 1, "Imp\u00e9ratrice Reine": 1, "S. M.": 1, "l'Empire": 1, "Roi de Pologne": 1, "\u00c9lecteur de Saxe": 1, "Trait\u00e9 de Westphalie": 1}, "year": "1757", "month": "02", "page": "17"}