{"ents_info": {"Princes de": {"label": "LOC", "kb_qid": "Q16641916", "url_wikidata": "https://www.wikidata.org/wiki/Q16641916"}, "Cont\u00e9 o": {"label": "MISC", "kb_qid": null, "url_wikidata": null}, "Ha": {"label": "MISC", "kb_qid": "Q1418467", "url_wikidata": "https://www.wikidata.org/wiki/Q1418467"}, "Maisons": {"label": "LOC", "kb_qid": "Q536986", "url_wikidata": "https://www.wikidata.org/wiki/Q536986"}, "Mai": {"label": "LOC", "kb_qid": "Q119", "url_wikidata": "https://www.wikidata.org/wiki/Q119"}, "Palais": {"label": "LOC", "kb_qid": "Q2047247", "url_wikidata": "https://www.wikidata.org/wiki/Q2047247"}, "Jardins": {"label": "LOC", "kb_qid": "Q1107656", "url_wikidata": "https://www.wikidata.org/wiki/Q1107656"}, "Eg": {"label": "MISC", "kb_qid": "Q236910", "url_wikidata": "https://www.wikidata.org/wiki/Q236910"}, "M\u00e9tropolitaine du Crachin,": {"label": "MISC", "kb_qid": null, "url_wikidata": null}, "le Tombeau de Saint Jean ln": {"label": "MISC", "kb_qid": null, "url_wikidata": null}, "Tour": {"label": "MISC", "kb_qid": "Q33881", "url_wikidata": "https://www.wikidata.org/wiki/Q33881"}, "Autels": {"label": "MISC", "kb_qid": "Q101687", "url_wikidata": "https://www.wikidata.org/wiki/Q101687"}, "Tableaux des \u00c9glises": {"label": "MISC", "kb_qid": null, "url_wikidata": null}, "Orgue de l'Eg": {"label": "MISC", "kb_qid": null, "url_wikidata": null}, "M\u00e9tropolitaine,": {"label": "MISC", "kb_qid": null, "url_wikidata": null}, "Chef-d'\u0153uvre": {"label": "MISC", "kb_qid": "Q938926", "url_wikidata": "https://www.wikidata.org/wiki/Q938926"}, "Prie s'\u00e9crouir": {"label": "MISC", "kb_qid": null, "url_wikidata": null}, "Dieu": {"label": "MISC", "kb_qid": "Q190", "url_wikidata": "https://www.wikidata.org/wiki/Q190"}, "Mar\u00e9chal de Da": {"label": "PER", "kb_qid": null, "url_wikidata": null}, "Duc Charles": {"label": "PER", "kb_qid": "Q52928", "url_wikidata": "https://www.wikidata.org/wiki/Q52928"}, "Zoom hommes d'Infanterie": {"label": "MISC", "kb_qid": null, "url_wikidata": null}, "Bataille du 6": {"label": "MISC", "kb_qid": null, "url_wikidata": null}, "Zoom homos": {"label": "MISC", "kb_qid": null, "url_wikidata": null}, "Cavalerie Allemande & mille Hussards": {"label": "ORG", "kb_qid": null, "url_wikidata": null}, "De 24": {"label": "LOC", "kb_qid": "Q2936478", "url_wikidata": "https://www.wikidata.org/wiki/Q2936478"}, "Prussiens": {"label": "MISC", "kb_qid": "Q38872", "url_wikidata": "https://www.wikidata.org/wiki/Q38872"}, "Mar\u00e9chal": {"label": "PER", "kb_qid": "Q437767", "url_wikidata": "https://www.wikidata.org/wiki/Q437767"}, "D\u00e9serteurs": {"label": "MISC", "kb_qid": "Q633339", "url_wikidata": "https://www.wikidata.org/wiki/Q633339"}, "O &": {"label": "ORG", "kb_qid": null, "url_wikidata": null}}, "ents_freq": {"Princes de": 1, "Cont\u00e9 o": 1, "Ha": 1, "Maisons": 1, "Mai": 1, "Palais": 1, "Jardins": 1, "Eg": 1, "M\u00e9tropolitaine du Crachin,": 1, "le Tombeau de Saint Jean ln": 1, "Tour": 1, "Autels": 1, "Tableaux des \u00c9glises": 1, "Orgue de l'Eg": 1, "M\u00e9tropolitaine,": 1, "Chef-d'\u0153uvre": 1, "Prie s'\u00e9crouir": 1, "Dieu": 1, "Mar\u00e9chal de Da": 1, "Duc Charles": 1, "Zoom hommes d'Infanterie": 1, "Bataille du 6": 1, "Zoom homos": 1, "Cavalerie Allemande & mille Hussards": 1, "De 24": 1, "Prussiens": 2, "Mar\u00e9chal": 1, "D\u00e9serteurs": 1, "O &": 1}, "year": "1757", "month": "08", "page": "66"}