{"ents_info": {"Princes": {"label": "LOC", "kb_qid": null, "url_wikidata": null}, "Juillet": {"label": "PER", "kb_qid": null, "url_wikidata": null}, "Dette g\u00e9n\u00e9rale de l'Empire": {"label": "MISC", "kb_qid": null, "url_wikidata": null}, "No A. S. El": {"label": "LOC", "kb_qid": null, "url_wikidata": null}, "Lors & Constitutions": {"label": "MISC", "kb_qid": null, "url_wikidata": null}, "li u": {"label": "PER", "kb_qid": null, "url_wikidata": null}, "Trait\u00e9 d Westphalie": {"label": "MISC", "kb_qid": null, "url_wikidata": null}, "En lay\u00e9": {"label": "MISC", "kb_qid": null, "url_wikidata": null}, "Paragraphe I.": {"label": "PER", "kb_qid": null, "url_wikidata": null}, "Ekat": {"label": "PER", "kb_qid": null, "url_wikidata": null}, "Co\u00e9tats": {"label": "PER", "kb_qid": null, "url_wikidata": null}, "Aure": {"label": "LOC", "kb_qid": null, "url_wikidata": null}, "\u00c9tats inf\u00e9rieurs de l'Empire": {"label": "ORG", "kb_qid": null, "url_wikidata": null}, "Loi": {"label": "MISC", "kb_qid": null, "url_wikidata": null}, "Corps Germanique": {"label": "ORG", "kb_qid": null, "url_wikidata": null}, "Constitutions": {"label": "MISC", "kb_qid": null, "url_wikidata": null}, "Loi divines & humaines": {"label": "MISC", "kb_qid": null, "url_wikidata": null}, "Roi de Prusse": {"label": "PER", "kb_qid": null, "url_wikidata": null}, "Allemagne": {"label": "LOC", "kb_qid": null, "url_wikidata": null}, "Sa Maj.": {"label": "PER", "kb_qid": null, "url_wikidata": null}, "u ais": {"label": "PER", "kb_qid": null, "url_wikidata": null}, "\u00c9tats de l'Empire": {"label": "LOC", "kb_qid": null, "url_wikidata": null}}, "ents_freq": {"Princes": 1, "Juillet": 1, "Dette g\u00e9n\u00e9rale de l'Empire": 1, "No A. S. El": 1, "Lors & Constitutions": 1, "li u": 1, "Trait\u00e9 d Westphalie": 1, "En lay\u00e9": 1, "Paragraphe I.": 1, "Ekat": 1, "Co\u00e9tats": 1, "Aure": 1, "\u00c9tats inf\u00e9rieurs de l'Empire": 1, "Loi": 1, "Corps Germanique": 1, "Constitutions": 1, "Loi divines & humaines": 1, "Roi de Prusse": 1, "Allemagne": 1, "Sa Maj.": 1, "u ais": 1, "\u00c9tats de l'Empire": 1}, "year": "1757", "month": "07", "page": "14"}