{"ents_info": {"Prises oc": {"label": "MISC", "kb_qid": null, "url_wikidata": null}, "Marine Espagnole": {"label": "ORG", "kb_qid": "Q676404", "url_wikidata": "https://www.wikidata.org/wiki/Q676404"}, "Vaisseaux": {"label": "MISC", "kb_qid": "Q3553318", "url_wikidata": "https://www.wikidata.org/wiki/Q3553318"}, "Roi": {"label": "PER", "kb_qid": "Q12097", "url_wikidata": "https://www.wikidata.org/wiki/Q12097"}, "Cadix": {"label": "LOC", "kb_qid": "Q81978", "url_wikidata": "https://www.wikidata.org/wiki/Q81978"}, "Vaisseaux de Ligne": {"label": "MISC", "kb_qid": "Q207452", "url_wikidata": "https://www.wikidata.org/wiki/Q207452"}, "Marquis d'Aube": {"label": "PER", "kb_qid": null, "url_wikidata": null}, "Ambassadeur du Roi de France": {"label": "PER", "kb_qid": null, "url_wikidata": null}, "Madrid": {"label": "LOC", "kb_qid": "Q2807", "url_wikidata": "https://www.wikidata.org/wiki/Q2807"}, "I4": {"label": "LOC", "kb_qid": "Q2380654", "url_wikidata": "https://www.wikidata.org/wiki/Q2380654"}, "Reine": {"label": "PER", "kb_qid": "Q252044", "url_wikidata": "https://www.wikidata.org/wiki/Q252044"}, "Abb\u00e9 Perchman": {"label": "PER", "kb_qid": null, "url_wikidata": null}, "de France": {"label": "LOC", "kb_qid": "Q70972", "url_wikidata": "https://www.wikidata.org/wiki/Q70972"}, "r8": {"label": "ORG", "kb_qid": "Q578088", "url_wikidata": "https://www.wikidata.org/wiki/Q578088"}, "Du de Duras, dernier": {"label": "MISC", "kb_qid": null, "url_wikidata": null}, "Ambassadeur de France": {"label": "MISC", "kb_qid": "Q2841652", "url_wikidata": "https://www.wikidata.org/wiki/Q2841652"}, "Paris": {"label": "LOC", "kb_qid": "Q90", "url_wikidata": "https://www.wikidata.org/wiki/Q90"}, "Lieur": {"label": "LOC", "kb_qid": "Q523796", "url_wikidata": "https://www.wikidata.org/wiki/Q523796"}, "Journal, &": {"label": "MISC", "kb_qid": null, "url_wikidata": null}, "Lisbonne": {"label": "LOC", "kb_qid": "Q597", "url_wikidata": "https://www.wikidata.org/wiki/Q597"}, "Lisbonne,": {"label": "MISC", "kb_qid": null, "url_wikidata": null}, "Ville": {"label": "LOC", "kb_qid": "Q515", "url_wikidata": "https://www.wikidata.org/wiki/Q515"}, "Arsenal": {"label": "LOC", "kb_qid": "Q81669", "url_wikidata": "https://www.wikidata.org/wiki/Q81669"}, "Palais": {"label": "LOC", "kb_qid": "Q128745", "url_wikidata": "https://www.wikidata.org/wiki/Q128745"}, "Rivi\u00e8re": {"label": "LOC", "kb_qid": "Q1023491", "url_wikidata": "https://www.wikidata.org/wiki/Q1023491"}}, "ents_freq": {"Prises oc": 1, "Marine Espagnole": 1, "Vaisseaux": 1, "Roi": 2, "Cadix": 1, "Vaisseaux de Ligne": 1, "Marquis d'Aube": 1, "Ambassadeur du Roi de France": 1, "Madrid": 1, "I4": 1, "Reine": 1, "Abb\u00e9 Perchman": 1, "de France": 1, "r8": 1, "Du de Duras, dernier": 1, "Ambassadeur de France": 1, "Paris": 1, "Lieur": 1, "Journal, &": 1, "Lisbonne": 1, "Lisbonne,": 1, "Ville": 1, "Arsenal": 1, "Palais": 1, "Rivi\u00e8re": 1}, "year": "1757", "month": "06", "page": "54"}