{"ents_info": {"Cabinet": {"label": "MISC", "kb_qid": "Q529012", "url_wikidata": "https://www.wikidata.org/wiki/Q529012"}, "Cl li & Autre": {"label": "MISC", "kb_qid": null, "url_wikidata": null}, "Corps": {"label": "MISC", "kb_qid": "Q519313", "url_wikidata": "https://www.wikidata.org/wiki/Q519313"}, "G\u00e9n\u00e9ral Belle": {"label": "PER", "kb_qid": null, "url_wikidata": null}, "EA": {"label": "ORG", "kb_qid": "Q1228081", "url_wikidata": "https://www.wikidata.org/wiki/Q1228081"}, "Vestes": {"label": "LOC", "kb_qid": "Q7923428", "url_wikidata": "https://www.wikidata.org/wiki/Q7923428"}, "Pecq": {"label": "LOC", "kb_qid": "Q275366", "url_wikidata": "https://www.wikidata.org/wiki/Q275366"}, "ter": {"label": "ORG", "kb_qid": "Q2825406", "url_wikidata": "https://www.wikidata.org/wiki/Q2825406"}, "Mar\u00e9chal de Da": {"label": "PER", "kb_qid": null, "url_wikidata": null}, "Ig.ie": {"label": "MISC", "kb_qid": null, "url_wikidata": null}, "SN Alitasse Royale": {"label": "ORG", "kb_qid": null, "url_wikidata": null}, "Place": {"label": "LOC", "kb_qid": "Q174782", "url_wikidata": "https://www.wikidata.org/wiki/Q174782"}, "Arm\u00e9e": {"label": "ORG", "kb_qid": "Q162513", "url_wikidata": "https://www.wikidata.org/wiki/Q162513"}, "Pain": {"label": "LOC", "kb_qid": "Q718509", "url_wikidata": "https://www.wikidata.org/wiki/Q718509"}, "Arm\u00e9e Prussienne": {"label": "MISC", "kb_qid": "Q38872", "url_wikidata": "https://www.wikidata.org/wiki/Q38872"}, "Journal": {"label": "MISC", "kb_qid": "Q6911", "url_wikidata": "https://www.wikidata.org/wiki/Q6911"}, "grande Journ\u00e9e": {"label": "MISC", "kb_qid": null, "url_wikidata": null}, "Ville de Prague": {"label": "MISC", "kb_qid": null, "url_wikidata": null}, "Roi": {"label": "PER", "kb_qid": "Q12097", "url_wikidata": "https://www.wikidata.org/wiki/Q12097"}, "Bruxelles": {"label": "LOC", "kb_qid": "Q240", "url_wikidata": "https://www.wikidata.org/wiki/Q240"}, "Te De": {"label": "LOC", "kb_qid": null, "url_wikidata": null}, "Eg": {"label": "MISC", "kb_qid": "Q236910", "url_wikidata": "https://www.wikidata.org/wiki/Q236910"}, "SS": {"label": "ORG", "kb_qid": "Q44687", "url_wikidata": "https://www.wikidata.org/wiki/Q44687"}, "Michel & Gueule, &": {"label": "ORG", "kb_qid": null, "url_wikidata": null}, "Te Doum": {"label": "MISC", "kb_qid": null, "url_wikidata": null}, "Dimanche 3": {"label": "MISC", "kb_qid": null, "url_wikidata": null}, "Juillet": {"label": "PER", "kb_qid": "Q3188227", "url_wikidata": "https://www.wikidata.org/wiki/Q3188227"}, "Villes": {"label": "LOC", "kb_qid": "Q515", "url_wikidata": "https://www.wikidata.org/wiki/Q515"}, "Pays-Bas": {"label": "LOC", "kb_qid": "Q476033", "url_wikidata": "https://www.wikidata.org/wiki/Q476033"}, "auguste Souveraine": {"label": "PER", "kb_qid": null, "url_wikidata": null}}, "ents_freq": {"Cabinet": 1, "Cl li & Autre": 1, "Corps": 1, "G\u00e9n\u00e9ral Belle": 1, "EA": 1, "Vestes": 1, "Pecq": 1, "ter": 1, "Mar\u00e9chal de Da": 2, "Ig.ie": 1, "SN Alitasse Royale": 1, "Place": 1, "Arm\u00e9e": 1, "Pain": 1, "Arm\u00e9e Prussienne": 1, "Journal": 1, "grande Journ\u00e9e": 1, "Ville de Prague": 1, "Roi": 1, "Bruxelles": 2, "Te De": 1, "Eg": 1, "SS": 1, "Michel & Gueule, &": 1, "Te Doum": 1, "Dimanche 3": 1, "Juillet": 1, "Villes": 1, "Pays-Bas": 1, "auguste Souveraine": 1}, "year": "1757", "month": "07", "page": "79"}