{"ents_info": {"La Clef du Cabinet x86": {"label": "MISC", "kb_qid": null, "url_wikidata": null}, "Des Armateurs Fran\u00e7ois": {"label": "ORG", "kb_qid": null, "url_wikidata": null}, "Angleterre": {"label": "LOC", "kb_qid": "Q21", "url_wikidata": "https://www.wikidata.org/wiki/Q21"}, "Ville": {"label": "LOC", "kb_qid": "Q515", "url_wikidata": "https://www.wikidata.org/wiki/Q515"}, "Par seilles.": {"label": "LOC", "kb_qid": null, "url_wikidata": null}, "Dunkerque": {"label": "LOC", "kb_qid": "Q45797", "url_wikidata": "https://www.wikidata.org/wiki/Q45797"}, "Port": {"label": "LOC", "kb_qid": "Q956943", "url_wikidata": "https://www.wikidata.org/wiki/Q956943"}, "N\u00e9gociant": {"label": "ORG", "kb_qid": "Q601401", "url_wikidata": "https://www.wikidata.org/wiki/Q601401"}, "B\u00e2timent": {"label": "LOC", "kb_qid": "Q41176", "url_wikidata": "https://www.wikidata.org/wiki/Q41176"}, "I2": {"label": "ORG", "kb_qid": "Q2064483", "url_wikidata": "https://www.wikidata.org/wiki/Q2064483"}, "I4 canons": {"label": "MISC", "kb_qid": null, "url_wikidata": null}, "Armateur": {"label": "ORG", "kb_qid": "Q500251", "url_wikidata": "https://www.wikidata.org/wiki/Q500251"}, "Ports du Royaume": {"label": "MISC", "kb_qid": null, "url_wikidata": null}, "Nation ennemie de IA": {"label": "MISC", "kb_qid": null, "url_wikidata": null}, "Nation Fran\u00e7oise": {"label": "ORG", "kb_qid": null, "url_wikidata": null}, "Escadres": {"label": "LOC", "kb_qid": "Q955920", "url_wikidata": "https://www.wikidata.org/wiki/Q955920"}, "Ports du Royaume, &": {"label": "MISC", "kb_qid": null, "url_wikidata": null}, "Mr. de Grammont, Chef": {"label": "MISC", "kb_qid": null, "url_wikidata": null}, "Toulon": {"label": "LOC", "kb_qid": "Q44160", "url_wikidata": "https://www.wikidata.org/wiki/Q44160"}, "Escadre": {"label": "LOC", "kb_qid": "Q955920", "url_wikidata": "https://www.wikidata.org/wiki/Q955920"}, "Vaisseaux": {"label": "MISC", "kb_qid": "Q988343", "url_wikidata": "https://www.wikidata.org/wiki/Q988343"}, "Orph\u00e9e": {"label": "PER", "kb_qid": "Q174353", "url_wikidata": "https://www.wikidata.org/wiki/Q174353"}, "Hommes": {"label": "PER", "kb_qid": "Q1621322", "url_wikidata": "https://www.wikidata.org/wiki/Q1621322"}, "Ier de 5o canons": {"label": "MISC", "kb_qid": null, "url_wikidata": null}, "Fr\u00e9gates": {"label": "MISC", "kb_qid": "Q161705", "url_wikidata": "https://www.wikidata.org/wiki/Q161705"}, "M'innerve": {"label": "LOC", "kb_qid": null, "url_wikidata": null}}, "ents_freq": {"La Clef du Cabinet x86": 1, "Des Armateurs Fran\u00e7ois": 1, "Angleterre": 1, "Ville": 1, "Par seilles.": 1, "Dunkerque": 1, "Port": 1, "N\u00e9gociant": 1, "B\u00e2timent": 2, "I2": 2, "I4 canons": 1, "Armateur": 1, "Ports du Royaume": 1, "Nation ennemie de IA": 1, "Nation Fran\u00e7oise": 1, "Escadres": 1, "Ports du Royaume, &": 1, "Mr. de Grammont, Chef": 1, "Toulon": 1, "Escadre": 1, "Vaisseaux": 1, "Orph\u00e9e": 1, "Hommes": 1, "Ier de 5o canons": 1, "Fr\u00e9gates": 1, "M'innerve": 1}, "year": "1757", "month": "08", "page": "27"}