{"ents_info": {"La Clef du Cabinet 230": {"label": "MISC", "kb_qid": null, "url_wikidata": null}, "Fort Georges": {"label": "LOC", "kb_qid": null, "url_wikidata": null}, "Cotte d'Afrique": {"label": "PER", "kb_qid": null, "url_wikidata": null}, "IL de notre Journal": {"label": "ORG", "kb_qid": null, "url_wikidata": null}, "Exp\u00e9dition": {"label": "MISC", "kb_qid": "Q16635394", "url_wikidata": "https://www.wikidata.org/wiki/Q16635394"}, "Bouvreuil": {"label": "LOC", "kb_qid": "Q843173", "url_wikidata": "https://www.wikidata.org/wiki/Q843173"}, "Chevalier de Beau": {"label": "PER", "kb_qid": null, "url_wikidata": null}, "Coffreront": {"label": "LOC", "kb_qid": null, "url_wikidata": null}, "Escadre": {"label": "LOC", "kb_qid": "Q955920", "url_wikidata": "https://www.wikidata.org/wiki/Q955920"}, "Cap Fran\u00e7ois": {"label": "LOC", "kb_qid": "Q216835", "url_wikidata": "https://www.wikidata.org/wiki/Q216835"}, "Mr. du R\u00eaves": {"label": "MISC", "kb_qid": null, "url_wikidata": null}, "Club": {"label": "ORG", "kb_qid": "Q190916", "url_wikidata": "https://www.wikidata.org/wiki/Q190916"}, "Rade de Toulon": {"label": "LOC", "kb_qid": "Q3416396", "url_wikidata": "https://www.wikidata.org/wiki/Q3416396"}, "Escadre Anglaise": {"label": "ORG", "kb_qid": null, "url_wikidata": null}, "Port": {"label": "LOC", "kb_qid": "Q44782", "url_wikidata": "https://www.wikidata.org/wiki/Q44782"}, "Escadre de l'": {"label": "ORG", "kb_qid": null, "url_wikidata": null}, "IA Cotte": {"label": "LOC", "kb_qid": null, "url_wikidata": null}, "Italie": {"label": "LOC", "kb_qid": "Q38", "url_wikidata": "https://www.wikidata.org/wiki/Q38"}, "Ports": {"label": "LOC", "kb_qid": "Q44782", "url_wikidata": "https://www.wikidata.org/wiki/Q44782"}, "Vaisseaux": {"label": "MISC", "kb_qid": "Q3553318", "url_wikidata": "https://www.wikidata.org/wiki/Q3553318"}, "Fr\u00e9gates": {"label": "MISC", "kb_qid": "Q161705", "url_wikidata": "https://www.wikidata.org/wiki/Q161705"}, "Port de Brest": {"label": "LOC", "kb_qid": "Q3398459", "url_wikidata": "https://www.wikidata.org/wiki/Q3398459"}, "Rochefort": {"label": "LOC", "kb_qid": "Q207587", "url_wikidata": "https://www.wikidata.org/wiki/Q207587"}, "le Havre": {"label": "LOC", "kb_qid": "Q42810", "url_wikidata": "https://www.wikidata.org/wiki/Q42810"}, "Carcasses": {"label": "LOC", "kb_qid": "Q2937988", "url_wikidata": "https://www.wikidata.org/wiki/Q2937988"}, "Marine de la Consonne": {"label": "ORG", "kb_qid": null, "url_wikidata": null}}, "ents_freq": {"La Clef du Cabinet 230": 1, "Fort Georges": 1, "Cotte d'Afrique": 1, "IL de notre Journal": 1, "Exp\u00e9dition": 1, "Bouvreuil": 1, "Chevalier de Beau": 1, "Coffreront": 1, "Escadre": 2, "Cap Fran\u00e7ois": 1, "Mr. du R\u00eaves": 1, "Club": 1, "Rade de Toulon": 1, "Escadre Anglaise": 1, "Port": 1, "Escadre de l'": 1, "IA Cotte": 1, "Italie": 1, "Ports": 1, "Vaisseaux": 1, "Fr\u00e9gates": 1, "Port de Brest": 1, "Rochefort": 1, "le Havre": 1, "Carcasses": 1, "Marine de la Consonne": 1}, "year": "1757", "month": "09", "page": "71"}