{"ents_info": {"L\u00e0 Clef du Cabinet": {"label": "MISC", "kb_qid": null, "url_wikidata": null}, "Camp": {"label": "LOC", "kb_qid": "Q2614518", "url_wikidata": "https://www.wikidata.org/wiki/Q2614518"}, "Roi": {"label": "PER", "kb_qid": "Q12097", "url_wikidata": "https://www.wikidata.org/wiki/Q12097"}, "Corps": {"label": "MISC", "kb_qid": "Q1060535", "url_wikidata": "https://www.wikidata.org/wiki/Q1060535"}, "L'usasse, joint": {"label": "MISC", "kb_qid": null, "url_wikidata": null}, "Prince d'Achat-D'essai": {"label": "PER", "kb_qid": null, "url_wikidata": null}, "Garnison de Dresde &": {"label": "MISC", "kb_qid": null, "url_wikidata": null}, "Convalescent": {"label": "ORG", "kb_qid": "Q1891441", "url_wikidata": "https://www.wikidata.org/wiki/Q1891441"}, "Arm\u00e9e": {"label": "ORG", "kb_qid": "Q162513", "url_wikidata": "https://www.wikidata.org/wiki/Q162513"}, "Sam": {"label": "MISC", "kb_qid": "Q219473", "url_wikidata": "https://www.wikidata.org/wiki/Q219473"}, "Dresde": {"label": "LOC", "kb_qid": "Q1731", "url_wikidata": "https://www.wikidata.org/wiki/Q1731"}, "Dragons &": {"label": "ORG", "kb_qid": null, "url_wikidata": null}, "Hussards Fran\u00e7ois": {"label": "PER", "kb_qid": null, "url_wikidata": null}, "Leipzig": {"label": "LOC", "kb_qid": "Q154804", "url_wikidata": "https://www.wikidata.org/wiki/Q154804"}, "La Garnison": {"label": "MISC", "kb_qid": null, "url_wikidata": null}, "Corps d'Infanterie &": {"label": "MISC", "kb_qid": null, "url_wikidata": null}, "Cavalerie": {"label": "ORG", "kb_qid": "Q47315", "url_wikidata": "https://www.wikidata.org/wiki/Q47315"}, "Fran\u00e7ois": {"label": "PER", "kb_qid": "Q130834", "url_wikidata": "https://www.wikidata.org/wiki/Q130834"}, "Fran\u00e7oise": {"label": "PER", "kb_qid": "Q2295006", "url_wikidata": "https://www.wikidata.org/wiki/Q2295006"}, "Saxe": {"label": "LOC", "kb_qid": "Q164092", "url_wikidata": "https://www.wikidata.org/wiki/Q164092"}, "Prince de Soumise": {"label": "PER", "kb_qid": null, "url_wikidata": null}, "d'Ao\u00fbt": {"label": "MISC", "kb_qid": "Q122", "url_wikidata": "https://www.wikidata.org/wiki/Q122"}, "la Sala": {"label": "PER", "kb_qid": null, "url_wikidata": null}, "Missile": {"label": "LOC", "kb_qid": "Q974850", "url_wikidata": "https://www.wikidata.org/wiki/Q974850"}, "Prussiens": {"label": "LOC", "kb_qid": "Q38872", "url_wikidata": "https://www.wikidata.org/wiki/Q38872"}, "De 2": {"label": "MISC", "kb_qid": "Q1445709", "url_wikidata": "https://www.wikidata.org/wiki/Q1445709"}, "D\u00e9tachement de centre": {"label": "ORG", "kb_qid": null, "url_wikidata": null}, "Hussards de Fischer": {"label": "ORG", "kb_qid": null, "url_wikidata": null}, "Halle, premi\u00e8re Ville": {"label": "MISC", "kb_qid": null, "url_wikidata": null}, "Roi de Prusse": {"label": "PER", "kb_qid": "Q33550", "url_wikidata": "https://www.wikidata.org/wiki/Q33550"}, "Hussards": {"label": "ORG", "kb_qid": "Q57722", "url_wikidata": "https://www.wikidata.org/wiki/Q57722"}}, "ents_freq": {"L\u00e0 Clef du Cabinet": 1, "Camp": 1, "Roi": 2, "Corps": 2, "L'usasse, joint": 1, "Prince d'Achat-D'essai": 1, "Garnison de Dresde &": 1, "Convalescent": 1, "Arm\u00e9e": 1, "Sam": 1, "Dresde": 1, "Dragons &": 1, "Hussards Fran\u00e7ois": 1, "Leipzig": 1, "La Garnison": 1, "Corps d'Infanterie &": 1, "Cavalerie": 1, "Fran\u00e7ois": 1, "Fran\u00e7oise": 1, "Saxe": 2, "Prince de Soumise": 1, "d'Ao\u00fbt": 1, "la Sala": 1, "Missile": 1, "Prussiens": 1, "De 2": 1, "D\u00e9tachement de centre": 1, "Hussards de Fischer": 1, "Halle, premi\u00e8re Ville": 1, "Roi de Prusse": 1, "Hussards": 1}, "year": "1757", "month": "10", "page": "47"}