{"ents_info": {"Prises e. Mai 177": {"label": "MISC", "kb_qid": null, "url_wikidata": null}, "l'Empire": {"label": "LOC", "kb_qid": "Q78994", "url_wikidata": "https://www.wikidata.org/wiki/Q78994"}, "Arm\u00e9e": {"label": "ORG", "kb_qid": "Q162513", "url_wikidata": "https://www.wikidata.org/wiki/Q162513"}, "Fran\u00e7oise": {"label": "PER", "kb_qid": "Q2295006", "url_wikidata": "https://www.wikidata.org/wiki/Q2295006"}, "Commissaires des vivres": {"label": "ORG", "kb_qid": null, "url_wikidata": null}, "R\u00e9gences": {"label": "LOC", "kb_qid": "Q501768", "url_wikidata": "https://www.wikidata.org/wiki/Q501768"}, "Fran\u00e7ois": {"label": "PER", "kb_qid": "Q129857", "url_wikidata": "https://www.wikidata.org/wiki/Q129857"}, "Claves, r\u00e9versaux,": {"label": "MISC", "kb_qid": null, "url_wikidata": null}, "paix de Westphalie": {"label": "MISC", "kb_qid": "Q150995", "url_wikidata": "https://www.wikidata.org/wiki/Q150995"}, "Roi de Prusse": {"label": "PER", "kb_qid": "Q150652", "url_wikidata": "https://www.wikidata.org/wiki/Q150652"}, "Membres": {"label": "MISC", "kb_qid": "Q16707842", "url_wikidata": "https://www.wikidata.org/wiki/Q16707842"}, "Corps Germanique": {"label": "ORG", "kb_qid": null, "url_wikidata": null}, "la Meuse": {"label": "LOC", "kb_qid": "Q41986", "url_wikidata": "https://www.wikidata.org/wiki/Q41986"}, "\u00celets": {"label": "LOC", "kb_qid": null, "url_wikidata": null}, "Guerres-Prussienne": {"label": "MISC", "kb_qid": null, "url_wikidata": null}, "Province": {"label": "LOC", "kb_qid": "Q2879", "url_wikidata": "https://www.wikidata.org/wiki/Q2879"}, "Duch\u00e9 de Claves": {"label": "LOC", "kb_qid": null, "url_wikidata": null}, "Imp\u00e9ratrieeReine": {"label": "LOC", "kb_qid": null, "url_wikidata": null}, "S. M. IP": {"label": "PER", "kb_qid": null, "url_wikidata": null}, "Bas- Rhin": {"label": "LOC", "kb_qid": null, "url_wikidata": null}, "Prince de Soumise": {"label": "PER", "kb_qid": null, "url_wikidata": null}, "Rosemonde, ce qui oit": {"label": "MISC", "kb_qid": null, "url_wikidata": null}}, "ents_freq": {"Prises e. Mai 177": 1, "l'Empire": 1, "Arm\u00e9e": 2, "Fran\u00e7oise": 1, "Commissaires des vivres": 1, "R\u00e9gences": 1, "Fran\u00e7ois": 2, "Claves, r\u00e9versaux,": 1, "paix de Westphalie": 1, "Roi de Prusse": 1, "Membres": 1, "Corps Germanique": 1, "la Meuse": 1, "\u00celets": 1, "Guerres-Prussienne": 1, "Province": 1, "Duch\u00e9 de Claves": 1, "Imp\u00e9ratrieeReine": 1, "S. M. IP": 1, "Bas- Rhin": 1, "Prince de Soumise": 2, "Rosemonde, ce qui oit": 1}, "year": "1757", "month": "05", "page": "44"}