{"ents_info": {"Princes oc": {"label": "LOC", "kb_qid": null, "url_wikidata": null}, "Colonnes, & Mr. De Mar\u00e9chal": {"label": "ORG", "kb_qid": null, "url_wikidata": null}, "Bic an": {"label": "LOC", "kb_qid": null, "url_wikidata": null}, "Corps de Prussiens": {"label": "MISC", "kb_qid": null, "url_wikidata": null}, "Jusqu'\u00e0 ce que la t\u00eate de notre": {"label": "MISC", "kb_qid": null, "url_wikidata": null}, "Arm\u00e9e": {"label": "ORG", "kb_qid": "Q2816994", "url_wikidata": "https://www.wikidata.org/wiki/Q2816994"}, "Mr": {"label": "PER", "kb_qid": null, "url_wikidata": null}, "Mar\u00e9chal": {"label": "PER", "kb_qid": "Q111837", "url_wikidata": "https://www.wikidata.org/wiki/Q111837"}, "Grenadiers \u00e0 cheval": {"label": "MISC", "kb_qid": "Q313303", "url_wikidata": "https://www.wikidata.org/wiki/Q313303"}, "Carabiniers": {"label": "MISC", "kb_qid": "Q13386767", "url_wikidata": "https://www.wikidata.org/wiki/Q13386767"}, "Grenadiers \u00e0 pied Savant-garde de l'Arm\u00e9e": {"label": "MISC", "kb_qid": null, "url_wikidata": null}, "R\u00e9giment de Caristade, Dragons": {"label": "ORG", "kb_qid": null, "url_wikidata": null}, "Comte de \u00c9tampasse": {"label": "PER", "kb_qid": null, "url_wikidata": null}, "G\u00e9n\u00e9ral de Cavalerie": {"label": "PER", "kb_qid": "Q1501733", "url_wikidata": "https://www.wikidata.org/wiki/Q1501733"}, "Finit": {"label": "PER", "kb_qid": null, "url_wikidata": null}, "Camp de Colin": {"label": "MISC", "kb_qid": null, "url_wikidata": null}, "Finit;": {"label": "MISC", "kb_qid": null, "url_wikidata": null}, "Prince de Beveren": {"label": "PER", "kb_qid": null, "url_wikidata": null}, "nuit d Plagiat": {"label": "MISC", "kb_qid": null, "url_wikidata": null}, "Mr. De Mar\u00e9chal": {"label": "PER", "kb_qid": null, "url_wikidata": null}, "De Roi de Prusse": {"label": "PER", "kb_qid": null, "url_wikidata": null}, "Corps de dix mille hommes": {"label": "ORG", "kb_qid": null, "url_wikidata": null}, "Arm\u00e9e de d\u00e9camper": {"label": "ORG", "kb_qid": null, "url_wikidata": null}, "Finit & de marche du cont\u00e9 de Soffite,": {"label": "MISC", "kb_qid": null, "url_wikidata": null}, "Id\u00e9ale gauche des Prussiens": {"label": "ORG", "kb_qid": null, "url_wikidata": null}, "Quartier-G\u00e9n\u00e9ral": {"label": "LOC", "kb_qid": "Q157153", "url_wikidata": "https://www.wikidata.org/wiki/Q157153"}, "Trichent": {"label": "LOC", "kb_qid": null, "url_wikidata": null}, "Camp": {"label": "LOC", "kb_qid": "Q2614518", "url_wikidata": "https://www.wikidata.org/wiki/Q2614518"}, "Mar\u00e9chal Da": {"label": "PER", "kb_qid": null, "url_wikidata": null}}, "ents_freq": {"Princes oc": 1, "Colonnes, & Mr. De Mar\u00e9chal": 1, "Bic an": 1, "Corps de Prussiens": 1, "Jusqu'\u00e0 ce que la t\u00eate de notre": 1, "Arm\u00e9e": 4, "Mr": 1, "Mar\u00e9chal": 2, "Grenadiers \u00e0 cheval": 1, "Carabiniers": 1, "Grenadiers \u00e0 pied Savant-garde de l'Arm\u00e9e": 1, "R\u00e9giment de Caristade, Dragons": 1, "Comte de \u00c9tampasse": 1, "G\u00e9n\u00e9ral de Cavalerie": 1, "Finit": 1, "Camp de Colin": 1, "Finit;": 1, "Prince de Beveren": 1, "nuit d Plagiat": 1, "Mr. De Mar\u00e9chal": 1, "De Roi de Prusse": 1, "Corps de dix mille hommes": 1, "Arm\u00e9e de d\u00e9camper": 1, "Finit & de marche du cont\u00e9 de Soffite,": 1, "Id\u00e9ale gauche des Prussiens": 1, "Quartier-G\u00e9n\u00e9ral": 1, "Trichent": 1, "Camp": 1, "Mar\u00e9chal Da": 1}, "year": "1757", "month": "08", "page": "8"}