{"ents_info": {"La Clef du Cabinet": {"label": "MISC", "kb_qid": null, "url_wikidata": null}, "Am\u00e9rique": {"label": "LOC", "kb_qid": "Q828", "url_wikidata": "https://www.wikidata.org/wiki/Q828"}, "France & l'Angleterre": {"label": "ORG", "kb_qid": null, "url_wikidata": null}, "Colonies Septentrionales": {"label": "MISC", "kb_qid": null, "url_wikidata": null}, "Inanit\u00e9": {"label": "LOC", "kb_qid": "Q56315472", "url_wikidata": "https://www.wikidata.org/wiki/Q56315472"}, "Colonies": {"label": "MISC", "kb_qid": "Q179023", "url_wikidata": "https://www.wikidata.org/wiki/Q179023"}, "Trait\u00e9s": {"label": "MISC", "kb_qid": "Q131569", "url_wikidata": "https://www.wikidata.org/wiki/Q131569"}, "Colonies respectives &": {"label": "ORG", "kb_qid": null, "url_wikidata": null}, "Colonie du Canada": {"label": "LOC", "kb_qid": "Q2569593", "url_wikidata": "https://www.wikidata.org/wiki/Q2569593"}, "Terre-Neuve": {"label": "LOC", "kb_qid": "Q3518597", "url_wikidata": "https://www.wikidata.org/wiki/Q3518597"}}, "ents_freq": {"La Clef du Cabinet": 1, "Am\u00e9rique": 1, "France & l'Angleterre": 1, "Colonies Septentrionales": 1, "Inanit\u00e9": 1, "Colonies": 1, "Trait\u00e9s": 1, "Colonies respectives &": 1, "Colonie du Canada": 1, "Terre-Neuve": 1}, "year": "1757", "month": "11", "page": "11"}