{"ents_info": {"Princes": {"label": "LOC", "kb_qid": "Q2747456", "url_wikidata": "https://www.wikidata.org/wiki/Q2747456"}, "S\u00e9lecter": {"label": "MISC", "kb_qid": null, "url_wikidata": null}, "Pays d'Aunis": {"label": "LOC", "kb_qid": "Q3373385", "url_wikidata": "https://www.wikidata.org/wiki/Q3373385"}, "Duc d'Aiguillon": {"label": "PER", "kb_qid": "Q722359", "url_wikidata": "https://www.wikidata.org/wiki/Q722359"}, "Bretagne": {"label": "LOC", "kb_qid": "Q12130", "url_wikidata": "https://www.wikidata.org/wiki/Q12130"}, "Duc d'Parcourt": {"label": "PER", "kb_qid": null, "url_wikidata": null}, "Haute & la Basse Normandie": {"label": "LOC", "kb_qid": null, "url_wikidata": null}, "Prince de Croc": {"label": "PER", "kb_qid": null, "url_wikidata": null}, "Marquis de Ba rail": {"label": "PER", "kb_qid": null, "url_wikidata": null}, "Londres": {"label": "LOC", "kb_qid": "Q84", "url_wikidata": "https://www.wikidata.org/wiki/Q84"}, "Mar\u00e9chal Duc de Belle-Isole": {"label": "PER", "kb_qid": null, "url_wikidata": null}, "Commandement g\u00e9n\u00e9ral de ce": {"label": "ORG", "kb_qid": null, "url_wikidata": null}, "Corps te troupes": {"label": "ORG", "kb_qid": null, "url_wikidata": null}, "Divisions": {"label": "MISC", "kb_qid": "Q169534", "url_wikidata": "https://www.wikidata.org/wiki/Q169534"}, "Escadres Britanniques": {"label": "LOC", "kb_qid": null, "url_wikidata": null}, "Ports": {"label": "LOC", "kb_qid": "Q44782", "url_wikidata": "https://www.wikidata.org/wiki/Q44782"}, "tin": {"label": "PER", "kb_qid": "Q3529112", "url_wikidata": "https://www.wikidata.org/wiki/Q3529112"}, "Pr\u00e9lats & Eccl\u00e9siastiques, les": {"label": "ORG", "kb_qid": null, "url_wikidata": null}, "Magistrats & autres": {"label": "MISC", "kb_qid": null, "url_wikidata": null}, "Ordonnances": {"label": "LOC", "kb_qid": "Q1712420", "url_wikidata": "https://www.wikidata.org/wiki/Q1712420"}, "T'orne, le Roi": {"label": "MISC", "kb_qid": null, "url_wikidata": null}, "licence des \u00c9crits": {"label": "MISC", "kb_qid": null, "url_wikidata": null}, "Sacerdoce & la Magistrature": {"label": "ORG", "kb_qid": null, "url_wikidata": null}, "Parlement de Paris": {"label": "ORG", "kb_qid": "Q1242473", "url_wikidata": "https://www.wikidata.org/wiki/Q1242473"}, "Dieu": {"label": "MISC", "kb_qid": "Q190", "url_wikidata": "https://www.wikidata.org/wiki/Q190"}, "Roi de France de Navarre": {"label": "PER", "kb_qid": null, "url_wikidata": null}, "D\u00e9clar\u00e2tes": {"label": "LOC", "kb_qid": null, "url_wikidata": null}, "Ves": {"label": "LOC", "kb_qid": "Q56349362", "url_wikidata": "https://www.wikidata.org/wiki/Q56349362"}, "Vilvorde": {"label": "LOC", "kb_qid": "Q318418", "url_wikidata": "https://www.wikidata.org/wiki/Q318418"}, "\u00c9crits": {"label": "MISC", "kb_qid": "Q3579009", "url_wikidata": "https://www.wikidata.org/wiki/Q3579009"}}, "ents_freq": {"Princes": 1, "S\u00e9lecter": 1, "Pays d'Aunis": 1, "Duc d'Aiguillon": 1, "Bretagne": 1, "Duc d'Parcourt": 1, "Haute & la Basse Normandie": 1, "Prince de Croc": 1, "Marquis de Ba rail": 1, "Londres": 1, "Mar\u00e9chal Duc de Belle-Isole": 1, "Commandement g\u00e9n\u00e9ral de ce": 1, "Corps te troupes": 1, "Divisions": 1, "Escadres Britanniques": 1, "Ports": 1, "tin": 1, "Pr\u00e9lats & Eccl\u00e9siastiques, les": 1, "Magistrats & autres": 1, "Ordonnances": 1, "T'orne, le Roi": 1, "licence des \u00c9crits": 1, "Sacerdoce & la Magistrature": 1, "Parlement de Paris": 1, "Dieu": 1, "Roi de France de Navarre": 1, "D\u00e9clar\u00e2tes": 1, "Ves": 1, "Vilvorde": 1, "\u00c9crits": 1}, "year": "1757", "month": "06", "page": "42"}