{"ents_info": {"La Clef du Cabinet bite": {"label": "MISC", "kb_qid": null, "url_wikidata": null}, "Damien": {"label": "PER", "kb_qid": "Q1292845", "url_wikidata": "https://www.wikidata.org/wiki/Q1292845"}, "Il long-tees": {"label": "MISC", "kb_qid": null, "url_wikidata": null}, "Mr. Gu\u00e9ret": {"label": "MISC", "kb_qid": null, "url_wikidata": null}, "Cur\u00e9 de St. Paul": {"label": "PER", "kb_qid": null, "url_wikidata": null}, "Grever": {"label": "LOC", "kb_qid": null, "url_wikidata": null}, "& finirons": {"label": "MISC", "kb_qid": null, "url_wikidata": null}, "Parricide": {"label": "PER", "kb_qid": "Q51159758", "url_wikidata": "https://www.wikidata.org/wiki/Q51159758"}, "Royaume": {"label": "LOC", "kb_qid": "Q145", "url_wikidata": "https://www.wikidata.org/wiki/Q145"}, "Des elles,": {"label": "MISC", "kb_qid": null, "url_wikidata": null}, "us": {"label": "LOC", "kb_qid": "Q3552526", "url_wikidata": "https://www.wikidata.org/wiki/Q3552526"}, "Dieu": {"label": "MISC", "kb_qid": "Q190", "url_wikidata": "https://www.wikidata.org/wiki/Q190"}, "Roi": {"label": "PER", "kb_qid": "Q18384454", "url_wikidata": "https://www.wikidata.org/wiki/Q18384454"}, "Iles": {"label": "LOC", "kb_qid": "Q18655787", "url_wikidata": "https://www.wikidata.org/wiki/Q18655787"}, "gr aces": {"label": "LOC", "kb_qid": null, "url_wikidata": null}, "Sa Maj.": {"label": "MISC", "kb_qid": null, "url_wikidata": null}, "Coll\u00e8ge des P\u00e8res J\u00e9suites": {"label": "ORG", "kb_qid": null, "url_wikidata": null}, "Reims": {"label": "LOC", "kb_qid": "Q41876", "url_wikidata": "https://www.wikidata.org/wiki/Q41876"}, "Professeur de Rh\u00e9torique": {"label": "PER", "kb_qid": "Q3401847", "url_wikidata": "https://www.wikidata.org/wiki/Q3401847"}, "Mars": {"label": "PER", "kb_qid": "Q110", "url_wikidata": "https://www.wikidata.org/wiki/Q110"}, "V3": {"label": "MISC", "kb_qid": "Q640665", "url_wikidata": "https://www.wikidata.org/wiki/Q640665"}}, "ents_freq": {"La Clef du Cabinet bite": 1, "Damien": 2, "Il long-tees": 1, "Mr. Gu\u00e9ret": 1, "Cur\u00e9 de St. Paul": 1, "Grever": 1, "& finirons": 1, "Parricide": 1, "Royaume": 1, "Des elles,": 1, "us": 1, "Dieu": 2, "Roi": 1, "Iles": 1, "gr aces": 1, "Sa Maj.": 1, "Coll\u00e8ge des P\u00e8res J\u00e9suites": 1, "Reims": 1, "Professeur de Rh\u00e9torique": 1, "Mars": 1, "V3": 1}, "year": "1757", "month": "04", "page": "69"}