{"ents_info": {"Bleu Cabinet I2": {"label": "ORG", "kb_qid": null, "url_wikidata": null}, "Ministeriorum": {"label": "ORG", "kb_qid": null, "url_wikidata": null}, "Erratum": {"label": "MISC", "kb_qid": "Q1355267", "url_wikidata": "https://www.wikidata.org/wiki/Q1355267"}, "\u00c9piscopal Jura": {"label": "PER", "kb_qid": null, "url_wikidata": null}, "Sacramento": {"label": "LOC", "kb_qid": "Q18013", "url_wikidata": "https://www.wikidata.org/wiki/Q18013"}, "Christianisme": {"label": "MISC", "kb_qid": "Q5043", "url_wikidata": "https://www.wikidata.org/wiki/Q5043"}, "Bitteras": {"label": "PER", "kb_qid": null, "url_wikidata": null}, "\u00c9piscopats Jura sua": {"label": "LOC", "kb_qid": null, "url_wikidata": null}, "aC": {"label": "ORG", "kb_qid": null, "url_wikidata": null}, "ut mobilisai": {"label": "MISC", "kb_qid": null, "url_wikidata": null}, "Gallium Eccl\u00e9sia": {"label": "MISC", "kb_qid": null, "url_wikidata": null}, "sium Pristina": {"label": "LOC", "kb_qid": null, "url_wikidata": null}, "& perturbatif ad": {"label": "MISC", "kb_qid": null, "url_wikidata": null}, "Fraternisations": {"label": "MISC", "kb_qid": null, "url_wikidata": null}, "Pastorale": {"label": "MISC", "kb_qid": "Q246433", "url_wikidata": "https://www.wikidata.org/wiki/Q246433"}, "Apostolique B\u00e9n\u00e9dictine": {"label": "PER", "kb_qid": null, "url_wikidata": null}, "Rom": {"label": "MISC", "kb_qid": "Q8060", "url_wikidata": "https://www.wikidata.org/wiki/Q8060"}, "S. Mariam Majorer die XVe": {"label": "PER", "kb_qid": null, "url_wikidata": null}, "Octobres": {"label": "MISC", "kb_qid": null, "url_wikidata": null}, "Pontificats": {"label": "PER", "kb_qid": "Q19546", "url_wikidata": "https://www.wikidata.org/wiki/Q19546"}, "Parlement": {"label": "ORG", "kb_qid": "Q35749", "url_wikidata": "https://www.wikidata.org/wiki/Q35749"}, "Compagnie": {"label": "ORG", "kb_qid": "Q213663", "url_wikidata": "https://www.wikidata.org/wiki/Q213663"}, "Roi": {"label": "PER", "kb_qid": "Q12097", "url_wikidata": "https://www.wikidata.org/wiki/Q12097"}, "Let tes Patentes.": {"label": "MISC", "kb_qid": null, "url_wikidata": null}, "Sacerdoce & la Magistrature": {"label": "ORG", "kb_qid": null, "url_wikidata": null}, "Monition aux Hospitali\u00e8res de la Mis\u00e9ricorde de J\u00e9sus": {"label": "MISC", "kb_qid": null, "url_wikidata": null}, "Mr. l'Archev\u00eaque": {"label": "PER", "kb_qid": null, "url_wikidata": null}, "Paris": {"label": "LOC", "kb_qid": "Q90", "url_wikidata": "https://www.wikidata.org/wiki/Q90"}}, "ents_freq": {"Bleu Cabinet I2": 1, "Ministeriorum": 1, "Erratum": 1, "\u00c9piscopal Jura": 1, "Sacramento": 1, "Christianisme": 1, "Bitteras": 1, "\u00c9piscopats Jura sua": 1, "aC": 1, "ut mobilisai": 1, "Gallium Eccl\u00e9sia": 1, "sium Pristina": 1, "& perturbatif ad": 1, "Fraternisations": 1, "Pastorale": 1, "Apostolique B\u00e9n\u00e9dictine": 1, "Rom": 1, "S. Mariam Majorer die XVe": 1, "Octobres": 1, "Pontificats": 1, "Parlement": 1, "Compagnie": 1, "Roi": 1, "Let tes Patentes.": 1, "Sacerdoce & la Magistrature": 1, "Monition aux Hospitali\u00e8res de la Mis\u00e9ricorde de J\u00e9sus": 1, "Mr. l'Archev\u00eaque": 1, "Paris": 1}, "year": "1757", "month": "01", "page": "11"}