{"ents_info": {"La Clef du Cabinet 4e": {"label": "MISC", "kb_qid": null, "url_wikidata": null}, "r.a": {"label": "PER", "kb_qid": "Q2816606", "url_wikidata": "https://www.wikidata.org/wiki/Q2816606"}, "Mar\u00e9chal de Richelieu": {"label": "PER", "kb_qid": "Q697562", "url_wikidata": "https://www.wikidata.org/wiki/Q697562"}, "R\u00e9giment": {"label": "LOC", "kb_qid": "Q52371", "url_wikidata": "https://www.wikidata.org/wiki/Q52371"}, "Pays": {"label": "LOC", "kb_qid": "Q43702", "url_wikidata": "https://www.wikidata.org/wiki/Q43702"}, "Arm\u00e9e": {"label": "ORG", "kb_qid": "Q162513", "url_wikidata": "https://www.wikidata.org/wiki/Q162513"}, "Saxe": {"label": "LOC", "kb_qid": "Q153015", "url_wikidata": "https://www.wikidata.org/wiki/Q153015"}, "Bataillons de troupes Fran\u00e7aises": {"label": "MISC", "kb_qid": null, "url_wikidata": null}, "Ville & le Duch\u00e9": {"label": "ORG", "kb_qid": null, "url_wikidata": null}, "Guerres-Autrichienne": {"label": "MISC", "kb_qid": null, "url_wikidata": null}, "aF": {"label": "MISC", "kb_qid": "Q11223", "url_wikidata": "https://www.wikidata.org/wiki/Q11223"}, "Guerres le Coll\u00e8ge": {"label": "MISC", "kb_qid": null, "url_wikidata": null}, "Chambre des Domaines, &": {"label": "ORG", "kb_qid": null, "url_wikidata": null}, "Chambre des Domaines de Rosemonde": {"label": "LOC", "kb_qid": null, "url_wikidata": null}, "Collige de Justice": {"label": "ORG", "kb_qid": null, "url_wikidata": null}, "Duch\u00e9": {"label": "LOC", "kb_qid": "Q71747", "url_wikidata": "https://www.wikidata.org/wiki/Q71747"}, "Convention": {"label": "MISC", "kb_qid": "Q183191", "url_wikidata": "https://www.wikidata.org/wiki/Q183191"}, "G\u00e9n\u00e9ral": {"label": "PER", "kb_qid": "Q83460", "url_wikidata": "https://www.wikidata.org/wiki/Q83460"}, "Arm\u00e9e Fran\u00e7oise": {"label": "ORG", "kb_qid": null, "url_wikidata": null}, "De pied d'Ekat": {"label": "MISC", "kb_qid": null, "url_wikidata": null}, "Ekat": {"label": "PER", "kb_qid": null, "url_wikidata": null}, "Cours de Vienne & de Versailles": {"label": "MISC", "kb_qid": null, "url_wikidata": null}, "Due de Brunswick-Volffenburtel": {"label": "ORG", "kb_qid": null, "url_wikidata": null}, "Convention duc": {"label": "MISC", "kb_qid": null, "url_wikidata": null}, "Hanovriennes": {"label": "MISC", "kb_qid": "Q706018", "url_wikidata": "https://www.wikidata.org/wiki/Q706018"}, "Corps consid\u00e9rable \u00e0 la droite": {"label": "MISC", "kb_qid": null, "url_wikidata": null}}, "ents_freq": {"La Clef du Cabinet 4e": 1, "r.a": 1, "Mar\u00e9chal de Richelieu": 1, "R\u00e9giment": 1, "Pays": 1, "Arm\u00e9e": 1, "Saxe": 1, "Bataillons de troupes Fran\u00e7aises": 1, "Ville & le Duch\u00e9": 1, "Guerres-Autrichienne": 1, "aF": 1, "Guerres le Coll\u00e8ge": 1, "Chambre des Domaines, &": 1, "Chambre des Domaines de Rosemonde": 1, "Collige de Justice": 1, "Duch\u00e9": 2, "Convention": 2, "G\u00e9n\u00e9ral": 1, "Arm\u00e9e Fran\u00e7oise": 1, "De pied d'Ekat": 1, "Ekat": 1, "Cours de Vienne & de Versailles": 1, "Due de Brunswick-Volffenburtel": 1, "Convention duc": 1, "Hanovriennes": 1, "Corps consid\u00e9rable \u00e0 la droite": 1}, "year": "1757", "month": "11", "page": "85"}