{"ents_info": {"Princes": {"label": "LOC", "kb_qid": null, "url_wikidata": null}, "Roi": {"label": "PER", "kb_qid": null, "url_wikidata": null}, "Royaume": {"label": "LOC", "kb_qid": null, "url_wikidata": null}, "ARTICLE IV": {"label": "MISC", "kb_qid": null, "url_wikidata": null}, "Arm\u00e9es Russienne & Su\u00e9doise": {"label": "ORG", "kb_qid": null, "url_wikidata": null}, "L'Imp\u00e9ratrice": {"label": "PER", "kb_qid": null, "url_wikidata": null}, "Conseils": {"label": "MISC", "kb_qid": null, "url_wikidata": null}, "son Empire": {"label": "LOC", "kb_qid": null, "url_wikidata": null}, "Tr\u00f4ne": {"label": "LOC", "kb_qid": null, "url_wikidata": null}, "l'Ekat": {"label": "LOC", "kb_qid": null, "url_wikidata": null}, "l'Empire": {"label": "LOC", "kb_qid": null, "url_wikidata": null}, "Arm\u00e9e": {"label": "ORG", "kb_qid": null, "url_wikidata": null}, "Mar\u00e9chal Apraxie": {"label": "PER", "kb_qid": null, "url_wikidata": null}, "Arm\u00e9e Autrichienne": {"label": "ORG", "kb_qid": null, "url_wikidata": null}, "Sil\u00e9sie": {"label": "LOC", "kb_qid": null, "url_wikidata": null}, "Cam Russien": {"label": "LOC", "kb_qid": null, "url_wikidata": null}, "G\u00e9n\u00e9ral": {"label": "PER", "kb_qid": null, "url_wikidata": null}}, "ents_freq": {"Princes": 1, "Roi": 1, "Royaume": 1, "ARTICLE IV": 1, "Arm\u00e9es Russienne & Su\u00e9doise": 1, "L'Imp\u00e9ratrice": 1, "Conseils": 1, "son Empire": 1, "Tr\u00f4ne": 1, "l'Ekat": 1, "l'Empire": 1, "Arm\u00e9e": 1, "Mar\u00e9chal Apraxie": 1, "Arm\u00e9e Autrichienne": 1, "Sil\u00e9sie": 1, "Cam Russien": 1, "G\u00e9n\u00e9ral": 1}, "year": "1757", "month": "11", "page": "46"}