{"ents_info": {"Princes": {"label": "LOC", "kb_qid": null, "url_wikidata": null}, "43 dore tees": {"label": "LOC", "kb_qid": null, "url_wikidata": null}, "Allemagne": {"label": "LOC", "kb_qid": null, "url_wikidata": null}, "Religion": {"label": "ORG", "kb_qid": null, "url_wikidata": null}, "Despotes": {"label": "LOC", "kb_qid": null, "url_wikidata": null}, "S. M.": {"label": "PER", "kb_qid": null, "url_wikidata": null}, "\u00c9tats-H\u00e9r\u00e9ditaires": {"label": "LOC", "kb_qid": null, "url_wikidata": null}, "\u201e justice & satisfaction de l'insulte": {"label": "MISC", "kb_qid": null, "url_wikidata": null}, "Lettres entre le Roi de Prusse": {"label": "MISC", "kb_qid": null, "url_wikidata": null}, "Roi de 'Pologne": {"label": "LOC", "kb_qid": null, "url_wikidata": null}, "Saxe": {"label": "LOC", "kb_qid": null, "url_wikidata": null}, "Sa Majest\u00e9": {"label": "LOC", "kb_qid": null, "url_wikidata": null}, "Lettre suivante au": {"label": "MISC", "kb_qid": null, "url_wikidata": null}, "Roi de Prusse": {"label": "PER", "kb_qid": null, "url_wikidata": null}, "Mi V.": {"label": "MISC", "kb_qid": null, "url_wikidata": null}, "V. M.": {"label": "PER", "kb_qid": null, "url_wikidata": null}, "Cour": {"label": "PER", "kb_qid": null, "url_wikidata": null}, "Boh\u00e8me, je l'ai": {"label": "MISC", "kb_qid": null, "url_wikidata": null}, "Lieutenant-G\u00e9n\u00e9ral & Commandant du": {"label": "PER", "kb_qid": null, "url_wikidata": null}, "Corps des Suisses": {"label": "ORG", "kb_qid": null, "url_wikidata": null}, "sieur de M\u00e9nager": {"label": "PER", "kb_qid": null, "url_wikidata": null}, "Joe": {"label": "PER", "kb_qid": null, "url_wikidata": null}, "Tram\u00e9 de Paix &": {"label": "MISC", "kb_qid": null, "url_wikidata": null}}, "ents_freq": {"Princes": 1, "43 dore tees": 1, "Allemagne": 1, "Religion": 1, "Despotes": 1, "S. M.": 1, "\u00c9tats-H\u00e9r\u00e9ditaires": 1, "\u201e justice & satisfaction de l'insulte": 1, "Lettres entre le Roi de Prusse": 1, "Roi de 'Pologne": 1, "Saxe": 1, "Sa Majest\u00e9": 1, "Lettre suivante au": 1, "Roi de Prusse": 1, "Mi V.": 1, "V. M.": 3, "Cour": 1, "Boh\u00e8me, je l'ai": 1, "Lieutenant-G\u00e9n\u00e9ral & Commandant du": 1, "Corps des Suisses": 1, "sieur de M\u00e9nager": 1, "Joe": 1, "Tram\u00e9 de Paix &": 1}, "year": "1757", "month": "04", "page": "8"}