{"ents_info": {"Princes": {"label": "LOC", "kb_qid": "Q2747456", "url_wikidata": "https://www.wikidata.org/wiki/Q2747456"}, "Infanterie": {"label": "MISC", "kb_qid": "Q29171", "url_wikidata": "https://www.wikidata.org/wiki/Q29171"}, "Camp des ennemis": {"label": "LOC", "kb_qid": null, "url_wikidata": null}, "dore": {"label": "LOC", "kb_qid": "Q1243828", "url_wikidata": "https://www.wikidata.org/wiki/Q1243828"}, "Arm\u00e9e Prussienne": {"label": "MISC", "kb_qid": "Q38872", "url_wikidata": "https://www.wikidata.org/wiki/Q38872"}, "Michelle": {"label": "MISC", "kb_qid": "Q1353749", "url_wikidata": "https://www.wikidata.org/wiki/Q1353749"}, "Arm\u00e9e Autrichienne": {"label": "ORG", "kb_qid": "Q248710", "url_wikidata": "https://www.wikidata.org/wiki/Q248710"}, "Sahara": {"label": "LOC", "kb_qid": "Q6583", "url_wikidata": "https://www.wikidata.org/wiki/Q6583"}, "G\u00e9n\u00e9ral Brun": {"label": "PER", "kb_qid": null, "url_wikidata": null}, "Batteries": {"label": "MISC", "kb_qid": "Q240313", "url_wikidata": "https://www.wikidata.org/wiki/Q240313"}, "Cavalerie": {"label": "LOC", "kb_qid": "Q47315", "url_wikidata": "https://www.wikidata.org/wiki/Q47315"}, "Prince Henri": {"label": "PER", "kb_qid": "Q503991", "url_wikidata": "https://www.wikidata.org/wiki/Q503991"}, "Prince Ferdinand de Bruns": {"label": "PER", "kb_qid": null, "url_wikidata": null}, "Autrichiens": {"label": "LOC", "kb_qid": "Q131964", "url_wikidata": "https://www.wikidata.org/wiki/Q131964"}, "Roi": {"label": "PER", "kb_qid": "Q12097", "url_wikidata": "https://www.wikidata.org/wiki/Q12097"}, "gaule & un Corps de Cavalerie": {"label": "ORG", "kb_qid": null, "url_wikidata": null}, "Mol": {"label": "ORG", "kb_qid": "Q731701", "url_wikidata": "https://www.wikidata.org/wiki/Q731701"}, "Infanterie autrichienne": {"label": "MISC", "kb_qid": "Q843487", "url_wikidata": "https://www.wikidata.org/wiki/Q843487"}, "Prague": {"label": "LOC", "kb_qid": "Q1085", "url_wikidata": "https://www.wikidata.org/wiki/Q1085"}, "Ro\u0302nigsal": {"label": "PER", "kb_qid": null, "url_wikidata": null}, "Corps d'Arm\u00e9e": {"label": "ORG", "kb_qid": "Q2814877", "url_wikidata": "https://www.wikidata.org/wiki/Q2814877"}, "Fend-Mar\u00e9chal Reich": {"label": "PER", "kb_qid": null, "url_wikidata": null}, "Cavalerie & les Hussards": {"label": "ORG", "kb_qid": null, "url_wikidata": null}, "Officiers": {"label": "ORG", "kb_qid": "Q189290", "url_wikidata": "https://www.wikidata.org/wiki/Q189290"}, "G\u00e9n\u00e9ral d'Autel": {"label": "PER", "kb_qid": null, "url_wikidata": null}, "De Prince de Holost\u00e9en-Bec": {"label": "PER", "kb_qid": null, "url_wikidata": null}, "Colonel du R\u00e9giment": {"label": "PER", "kb_qid": "Q2984216", "url_wikidata": "https://www.wikidata.org/wiki/Q2984216"}, "Infanterie de Wurtemberg": {"label": "MISC", "kb_qid": null, "url_wikidata": null}, "De Colonel Golfe": {"label": "PER", "kb_qid": null, "url_wikidata": null}, "la Motte-ou": {"label": "LOC", "kb_qid": null, "url_wikidata": null}, "& le Colonel de": {"label": "MISC", "kb_qid": null, "url_wikidata": null}, "Einstein": {"label": "PER", "kb_qid": "Q937", "url_wikidata": "https://www.wikidata.org/wiki/Q937"}, "Liste tant-Colonel Roc h\u00e9": {"label": "MISC", "kb_qid": null, "url_wikidata": null}, "G\u00e9n\u00e9raux Interf\u00e8re": {"label": "MISC", "kb_qid": null, "url_wikidata": null}, "Moche-Fou qu\u00e9 & Hautohiarmoy": {"label": "LOC", "kb_qid": null, "url_wikidata": null}}, "ents_freq": {"Princes": 1, "Infanterie": 2, "Camp des ennemis": 1, "dore": 1, "Arm\u00e9e Prussienne": 1, "Michelle": 1, "Arm\u00e9e Autrichienne": 1, "Sahara": 1, "G\u00e9n\u00e9ral Brun": 1, "Batteries": 2, "Cavalerie": 1, "Prince Henri": 1, "Prince Ferdinand de Bruns": 1, "Autrichiens": 1, "Roi": 1, "gaule & un Corps de Cavalerie": 1, "Mol": 1, "Infanterie autrichienne": 1, "Prague": 1, "Ro\u0302nigsal": 1, "Corps d'Arm\u00e9e": 1, "Fend-Mar\u00e9chal Reich": 1, "Cavalerie & les Hussards": 1, "Officiers": 1, "G\u00e9n\u00e9ral d'Autel": 1, "De Prince de Holost\u00e9en-Bec": 1, "Colonel du R\u00e9giment": 1, "Infanterie de Wurtemberg": 1, "De Colonel Golfe": 1, "la Motte-ou": 1, "& le Colonel de": 1, "Einstein": 1, "Liste tant-Colonel Roc h\u00e9": 1, "G\u00e9n\u00e9raux Interf\u00e8re": 1, "Moche-Fou qu\u00e9 & Hautohiarmoy": 1}, "year": "1757", "month": "06", "page": "78"}