{"ents_info": {"Princes oc": {"label": "LOC", "kb_qid": null, "url_wikidata": null}, "Reine": {"label": "PER", "kb_qid": "Q9682", "url_wikidata": "https://www.wikidata.org/wiki/Q9682"}, "Bataillon de Ligne & un de": {"label": "MISC", "kb_qid": null, "url_wikidata": null}, "Saxe-Gotha": {"label": "LOC", "kb_qid": "Q700229", "url_wikidata": "https://www.wikidata.org/wiki/Q700229"}, "Capitaine": {"label": "ORG", "kb_qid": "Q21074241", "url_wikidata": "https://www.wikidata.org/wiki/Q21074241"}, "& Mr. Seul": {"label": "MISC", "kb_qid": null, "url_wikidata": null}, "Lieutenant au R\u00e9giment de Saxe-Goth": {"label": "MISC", "kb_qid": null, "url_wikidata": null}, "Tux Bataillons": {"label": "MISC", "kb_qid": null, "url_wikidata": null}, "Cavalerie &": {"label": "ORG", "kb_qid": null, "url_wikidata": null}, "Infanterie Fran\u00e7oise-n'": {"label": "MISC", "kb_qid": null, "url_wikidata": null}, "Hanovriens": {"label": "LOC", "kb_qid": "Q157217", "url_wikidata": "https://www.wikidata.org/wiki/Q157217"}, "Brigade de Champagne": {"label": "MISC", "kb_qid": null, "url_wikidata": null}, "Colonel de ce R\u00e9giment": {"label": "PER", "kb_qid": null, "url_wikidata": null}, "Botterie": {"label": "LOC", "kb_qid": "Q56448207", "url_wikidata": "https://www.wikidata.org/wiki/Q56448207"}, "oit": {"label": "PER", "kb_qid": "Q54129", "url_wikidata": "https://www.wikidata.org/wiki/Q54129"}, "Duc de Cumberland": {"label": "LOC", "kb_qid": "Q378088", "url_wikidata": "https://www.wikidata.org/wiki/Q378088"}, "Mine-en": {"label": "LOC", "kb_qid": null, "url_wikidata": null}, "Bataillons Fran\u00e7ois": {"label": "ORG", "kb_qid": null, "url_wikidata": null}, "Bois": {"label": "LOC", "kb_qid": "Q287", "url_wikidata": "https://www.wikidata.org/wiki/Q287"}, "Mar\u00e9chal d'Et r\u00e9es": {"label": "PER", "kb_qid": null, "url_wikidata": null}, "Aim\u00e9e": {"label": "MISC", "kb_qid": "Q98834279", "url_wikidata": "https://www.wikidata.org/wiki/Q98834279"}, "champ de Bataille": {"label": "LOC", "kb_qid": "Q33132", "url_wikidata": "https://www.wikidata.org/wiki/Q33132"}, "Hamel": {"label": "PER", "kb_qid": "Q781662", "url_wikidata": "https://www.wikidata.org/wiki/Q781662"}, "Arm\u00e9e Hanovrienne": {"label": "ORG", "kb_qid": null, "url_wikidata": null}, "2S.": {"label": "LOC", "kb_qid": null, "url_wikidata": null}}, "ents_freq": {"Princes oc": 1, "Reine": 1, "Bataillon de Ligne & un de": 1, "Saxe-Gotha": 1, "Capitaine": 1, "& Mr. Seul": 1, "Lieutenant au R\u00e9giment de Saxe-Goth": 1, "Tux Bataillons": 1, "Cavalerie &": 1, "Infanterie Fran\u00e7oise-n'": 1, "Hanovriens": 1, "Brigade de Champagne": 1, "Colonel de ce R\u00e9giment": 1, "Botterie": 1, "oit": 1, "Duc de Cumberland": 2, "Mine-en": 1, "Bataillons Fran\u00e7ois": 1, "Bois": 1, "Mar\u00e9chal d'Et r\u00e9es": 1, "Aim\u00e9e": 1, "champ de Bataille": 1, "Hamel": 1, "Arm\u00e9e Hanovrienne": 1, "2S.": 1}, "year": "1757", "month": "09", "page": "30"}