{"ents_info": {"Princes oc": {"label": "LOC", "kb_qid": null, "url_wikidata": null}, "Mars": {"label": "LOC", "kb_qid": "Q110", "url_wikidata": "https://www.wikidata.org/wiki/Q110"}, "Sa Mai": {"label": "PER", "kb_qid": null, "url_wikidata": null}, "Enqu\u00eates & Requ\u00eates": {"label": "MISC", "kb_qid": null, "url_wikidata": null}, "Lettres particuli\u00e8res": {"label": "MISC", "kb_qid": null, "url_wikidata": null}, "Roi": {"label": "PER", "kb_qid": "Q18384454", "url_wikidata": "https://www.wikidata.org/wiki/Q18384454"}, "Ypres": {"label": "LOC", "kb_qid": "Q102728", "url_wikidata": "https://www.wikidata.org/wiki/Q102728"}, "Discours de Mr. le Chancelier, le Roi": {"label": "MISC", "kb_qid": null, "url_wikidata": null}, "Procureurs": {"label": "ORG", "kb_qid": "Q600751", "url_wikidata": "https://www.wikidata.org/wiki/Q600751"}, "Conseillers": {"label": "ORG", "kb_qid": "Q548911", "url_wikidata": "https://www.wikidata.org/wiki/Q548911"}, "Sa Majest\u00e9": {"label": "PER", "kb_qid": "Q7732", "url_wikidata": "https://www.wikidata.org/wiki/Q7732"}, "Pr\u00e9sident": {"label": "PER", "kb_qid": "Q11696", "url_wikidata": "https://www.wikidata.org/wiki/Q11696"}, "Conseillers La\u00efcs & Clercs du Parlement": {"label": "ORG", "kb_qid": null, "url_wikidata": null}, "Janvier": {"label": "PER", "kb_qid": "Q108", "url_wikidata": "https://www.wikidata.org/wiki/Q108"}, "matin Mr.": {"label": "MISC", "kb_qid": null, "url_wikidata": null}, "Lettres de Cachet": {"label": "MISC", "kb_qid": "Q772128", "url_wikidata": "https://www.wikidata.org/wiki/Q772128"}, "Me ks-cs": {"label": "MISC", "kb_qid": null, "url_wikidata": null}, "Pr\u00e9sident Dubois": {"label": "PER", "kb_qid": null, "url_wikidata": null}, "Pression en Poitou": {"label": "MISC", "kb_qid": null, "url_wikidata": null}, "Vie dan la Haute-Auvergne": {"label": "MISC", "kb_qid": null, "url_wikidata": null}, "Tex de la GtandChambre": {"label": "PER", "kb_qid": null, "url_wikidata": null}, "Mont air en Cam": {"label": "LOC", "kb_qid": null, "url_wikidata": null}, "Bourbonnais": {"label": "LOC", "kb_qid": "Q591233", "url_wikidata": "https://www.wikidata.org/wiki/Q591233"}, "Touraine": {"label": "LOC", "kb_qid": "Q605051", "url_wikidata": "https://www.wikidata.org/wiki/Q605051"}, "Lambert": {"label": "PER", "kb_qid": "Q1384765", "url_wikidata": "https://www.wikidata.org/wiki/Q1384765"}, "D\u00e9p\u00eache de M'": {"label": "MISC", "kb_qid": null, "url_wikidata": null}}, "ents_freq": {"Princes oc": 1, "Mars": 1, "Sa Mai": 1, "Enqu\u00eates & Requ\u00eates": 1, "Lettres particuli\u00e8res": 1, "Roi": 4, "Ypres": 1, "Discours de Mr. le Chancelier, le Roi": 1, "Procureurs": 1, "Conseillers": 1, "Sa Majest\u00e9": 1, "Pr\u00e9sident": 1, "Conseillers La\u00efcs & Clercs du Parlement": 1, "Janvier": 1, "matin Mr.": 1, "Lettres de Cachet": 1, "Me ks-cs": 1, "Pr\u00e9sident Dubois": 1, "Pression en Poitou": 1, "Vie dan la Haute-Auvergne": 1, "Tex de la GtandChambre": 1, "Mont air en Cam": 1, "Bourbonnais": 1, "Touraine": 1, "Lambert": 1, "D\u00e9p\u00eache de M'": 1}, "year": "1757", "month": "03", "page": "16"}