{"ents_info": {"Pinces": {"label": "LOC", "kb_qid": "Q13049940", "url_wikidata": "https://www.wikidata.org/wiki/Q13049940"}, "De suc ces des suites": {"label": "MISC", "kb_qid": null, "url_wikidata": null}, "Ilya": {"label": "PER", "kb_qid": "Q734431", "url_wikidata": "https://www.wikidata.org/wiki/Q734431"}, "Major Rifle": {"label": "ORG", "kb_qid": null, "url_wikidata": null}, "Ekat-Major": {"label": "LOC", "kb_qid": null, "url_wikidata": null}, "Sch\u00f6nberg": {"label": "PER", "kb_qid": "Q154770", "url_wikidata": "https://www.wikidata.org/wiki/Q154770"}, "Schreibendorff ale un": {"label": "LOC", "kb_qid": null, "url_wikidata": null}, "Bataillon & quelques Escadrons": {"label": "ORG", "kb_qid": null, "url_wikidata": null}, "Cavalerie": {"label": "LOC", "kb_qid": "Q47315", "url_wikidata": "https://www.wikidata.org/wiki/Q47315"}, "Prussiens": {"label": "LOC", "kb_qid": "Q27306", "url_wikidata": "https://www.wikidata.org/wiki/Q27306"}, "G\u00e9n\u00e9raux-Majors": {"label": "MISC", "kb_qid": null, "url_wikidata": null}, "Colonels, un Lieutenant-Colonel": {"label": "MISC", "kb_qid": null, "url_wikidata": null}, "Majors, quarante-six Capitaines, quarante-sept": {"label": "MISC", "kb_qid": null, "url_wikidata": null}, "Lieutenant": {"label": "PER", "kb_qid": "Q186024", "url_wikidata": "https://www.wikidata.org/wiki/Q186024"}, "a1": {"label": "LOC", "kb_qid": "Q692788", "url_wikidata": "https://www.wikidata.org/wiki/Q692788"}, "Valets": {"label": "MISC", "kb_qid": "Q510474", "url_wikidata": "https://www.wikidata.org/wiki/Q510474"}, "Drapeaux": {"label": "LOC", "kb_qid": "Q14660", "url_wikidata": "https://www.wikidata.org/wiki/Q14660"}, "G\u00e9n\u00e9ral de L'od\u00e9on": {"label": "LOC", "kb_qid": null, "url_wikidata": null}, "Schmartzmald": {"label": "PER", "kb_qid": null, "url_wikidata": null}, "ILandrhuth & Schmeidnitx": {"label": "ORG", "kb_qid": null, "url_wikidata": null}, "Mar\u00e9chal de Da": {"label": "PER", "kb_qid": null, "url_wikidata": null}, "Corps": {"label": "ORG", "kb_qid": "Q519313", "url_wikidata": "https://www.wikidata.org/wiki/Q519313"}, "G\u00e9n\u00e9ral Rampa luit": {"label": "PER", "kb_qid": null, "url_wikidata": null}, "av\u00e9 cher": {"label": "PER", "kb_qid": null, "url_wikidata": null}, "Officiers & Soldats": {"label": "MISC", "kb_qid": null, "url_wikidata": null}, "& lieu s1": {"label": "MISC", "kb_qid": null, "url_wikidata": null}, "Officiers & Zoom Bas-": {"label": "ORG", "kb_qid": null, "url_wikidata": null}, "Officier & Soldats": {"label": "MISC", "kb_qid": null, "url_wikidata": null}}, "ents_freq": {"Pinces": 1, "De suc ces des suites": 1, "Ilya": 1, "Major Rifle": 1, "Ekat-Major": 1, "Sch\u00f6nberg": 1, "Schreibendorff ale un": 1, "Bataillon & quelques Escadrons": 1, "Cavalerie": 1, "Prussiens": 2, "G\u00e9n\u00e9raux-Majors": 1, "Colonels, un Lieutenant-Colonel": 1, "Majors, quarante-six Capitaines, quarante-sept": 1, "Lieutenant": 1, "a1": 1, "Valets": 1, "Drapeaux": 1, "G\u00e9n\u00e9ral de L'od\u00e9on": 1, "Schmartzmald": 1, "ILandrhuth & Schmeidnitx": 1, "Mar\u00e9chal de Da": 1, "Corps": 1, "G\u00e9n\u00e9ral Rampa luit": 1, "av\u00e9 cher": 1, "Officiers & Soldats": 1, "& lieu s1": 1, "Officiers & Zoom Bas-": 1, "Officier & Soldats": 1}, "year": "1760", "month": "08", "page": "66"}