{"ents_info": {"Dresse": {"label": "PER", "kb_qid": "Q216033", "url_wikidata": "https://www.wikidata.org/wiki/Q216033"}, "Camp": {"label": "LOC", "kb_qid": "Q2614518", "url_wikidata": "https://www.wikidata.org/wiki/Q2614518"}, "Moissan": {"label": "ORG", "kb_qid": "Q102804", "url_wikidata": "https://www.wikidata.org/wiki/Q102804"}, "Elbe": {"label": "LOC", "kb_qid": "Q45328", "url_wikidata": "https://www.wikidata.org/wiki/Q45328"}, "Quartier g\u00e9n\u00e9ral": {"label": "LOC", "kb_qid": "Q7540126", "url_wikidata": "https://www.wikidata.org/wiki/Q7540126"}, "Oberhausen": {"label": "LOC", "kb_qid": "Q2838", "url_wikidata": "https://www.wikidata.org/wiki/Q2838"}, "M'": {"label": "LOC", "kb_qid": "Q18215256", "url_wikidata": "https://www.wikidata.org/wiki/Q18215256"}, "levs de Mai Son": {"label": "PER", "kb_qid": null, "url_wikidata": null}, "Mar\u00e9chal de Noun": {"label": "PER", "kb_qid": null, "url_wikidata": null}, "Leipzig & Morgan": {"label": "ORG", "kb_qid": null, "url_wikidata": null}, "G\u00e9n\u00e9raux": {"label": "MISC", "kb_qid": "Q83460", "url_wikidata": "https://www.wikidata.org/wiki/Q83460"}, "Cors": {"label": "MISC", "kb_qid": "Q1137221", "url_wikidata": "https://www.wikidata.org/wiki/Q1137221"}, "Russes": {"label": "MISC", "kb_qid": "Q49542", "url_wikidata": "https://www.wikidata.org/wiki/Q49542"}, "G\u00e9n\u00e9ral Kathleen": {"label": "PER", "kb_qid": null, "url_wikidata": null}, "Greisfaonbaerg": {"label": "LOC", "kb_qid": null, "url_wikidata": null}, "Bernard & Cos tin,": {"label": "PER", "kb_qid": null, "url_wikidata": null}, "Pologne": {"label": "LOC", "kb_qid": "Q166196", "url_wikidata": "https://www.wikidata.org/wiki/Q166196"}, "Isa": {"label": "PER", "kb_qid": "Q3154715", "url_wikidata": "https://www.wikidata.org/wiki/Q3154715"}, "G\u00e9n\u00e9ral-Major": {"label": "PER", "kb_qid": "Q157148", "url_wikidata": "https://www.wikidata.org/wiki/Q157148"}, "Prince Henri": {"label": "PER", "kb_qid": "Q182897", "url_wikidata": "https://www.wikidata.org/wiki/Q182897"}, "Roi de Prusse": {"label": "PER", "kb_qid": "Q150652", "url_wikidata": "https://www.wikidata.org/wiki/Q150652"}, "Sagan": {"label": "PER", "kb_qid": "Q3108895", "url_wikidata": "https://www.wikidata.org/wiki/Q3108895"}, "Sil\u00e9sie": {"label": "LOC", "kb_qid": "Q81720", "url_wikidata": "https://www.wikidata.org/wiki/Q81720"}, "Prince Auguste Ferdinand": {"label": "PER", "kb_qid": null, "url_wikidata": null}, "G\u00e9n\u00e9ral de Eo": {"label": "PER", "kb_qid": null, "url_wikidata": null}}, "ents_freq": {"Dresse": 1, "Camp": 1, "Moissan": 1, "Elbe": 2, "Quartier g\u00e9n\u00e9ral": 1, "Oberhausen": 1, "M'": 1, "levs de Mai Son": 1, "Mar\u00e9chal de Noun": 1, "Leipzig & Morgan": 1, "G\u00e9n\u00e9raux": 1, "Cors": 1, "Russes": 2, "G\u00e9n\u00e9ral Kathleen": 1, "Greisfaonbaerg": 1, "Bernard & Cos tin,": 1, "Pologne": 1, "Isa": 1, "G\u00e9n\u00e9ral-Major": 1, "Prince Henri": 1, "Roi de Prusse": 1, "Sagan": 1, "Sil\u00e9sie": 1, "Prince Auguste Ferdinand": 1, "G\u00e9n\u00e9ral de Eo": 1}, "year": "1760", "month": "06", "page": "62"}