{"ents_info": {"Princes": {"label": "LOC", "kb_qid": null, "url_wikidata": null}, "46 A serte": {"label": "MISC", "kb_qid": null, "url_wikidata": null}, "Ordonnance Imp\u00e9riale": {"label": "MISC", "kb_qid": null, "url_wikidata": null}, "Lua R\u00e9gie": {"label": "MISC", "kb_qid": null, "url_wikidata": null}, "Eg": {"label": "MISC", "kb_qid": null, "url_wikidata": null}, "Prince Maurice d'Achat": {"label": "PER", "kb_qid": null, "url_wikidata": null}, "Ferle: Mar\u00e9chal des Arm\u00e9es Prussiennes": {"label": "MISC", "kb_qid": null, "url_wikidata": null}, "Hochirchaen,": {"label": "MISC", "kb_qid": null, "url_wikidata": null}, "Dussaud": {"label": "PER", "kb_qid": null, "url_wikidata": null}, "Capitaines du Roi de Prusse": {"label": "ORG", "kb_qid": null, "url_wikidata": null}, "G\u00e9n\u00e9ral de Mull": {"label": "PER", "kb_qid": null, "url_wikidata": null}, "Roi de Sue": {"label": "PER", "kb_qid": null, "url_wikidata": null}, "Commander de l'Ordre de \u00c9p\u00e9e, & Colonel du R\u00e9giment des Gardes": {"label": "MISC", "kb_qid": null, "url_wikidata": null}, "Stockholm": {"label": "LOC", "kb_qid": null, "url_wikidata": null}, "Mr. de Marte": {"label": "PER", "kb_qid": null, "url_wikidata": null}, "\u00c9tats G\u00e9n\u00e9raux": {"label": "MISC", "kb_qid": null, "url_wikidata": null}, "S. M. Su\u00e9doise": {"label": "PER", "kb_qid": null, "url_wikidata": null}, "La Mar\u00e9chale de Satinai": {"label": "MISC", "kb_qid": null, "url_wikidata": null}, "Comtesse": {"label": "PER", "kb_qid": null, "url_wikidata": null}, "Vienne": {"label": "LOC", "kb_qid": null, "url_wikidata": null}, "IL": {"label": "LOC", "kb_qid": null, "url_wikidata": null}, "Comte de Catalan": {"label": "PER", "kb_qid": null, "url_wikidata": null}, "Pars": {"label": "LOC", "kb_qid": null, "url_wikidata": null}, "Lieutenant-G\u00e9n\u00e9ral des Arm\u00e9es du Roi Tr\u00e8s-": {"label": "PER", "kb_qid": null, "url_wikidata": null}, "Marie-Charlotte Duchesse": {"label": "PER", "kb_qid": null, "url_wikidata": null}, "Holost\u00e9en- Sonder": {"label": "PER", "kb_qid": null, "url_wikidata": null}, "Douairi\u00e8re de Holost\u00e9en-Luxembourg": {"label": "LOC", "kb_qid": null, "url_wikidata": null}, "Ali\u00e9na": {"label": "LOC", "kb_qid": null, "url_wikidata": null}, "ns": {"label": "LOC", "kb_qid": null, "url_wikidata": null}, "Lek": {"label": "PER", "kb_qid": null, "url_wikidata": null}, "Londres": {"label": "LOC", "kb_qid": null, "url_wikidata": null}, "Charles Ha": {"label": "PER", "kb_qid": null, "url_wikidata": null}, "Lieutenant-G\u00e9n\u00e9ral des Arm\u00e9es Britanniques": {"label": "LOC", "kb_qid": null, "url_wikidata": null}, "Marquis de Ted ale": {"label": "PER", "kb_qid": null, "url_wikidata": null}, "Mr. Doudou la campagne d'Am\u00e9rique": {"label": "MISC", "kb_qid": null, "url_wikidata": null}, "Marquis de Formation, de l'ancienne": {"label": "LOC", "kb_qid": null, "url_wikidata": null}, "Ma\u00e7on de Stanford": {"label": "ORG", "kb_qid": null, "url_wikidata": null}, "Guyenne": {"label": "LOC", "kb_qid": null, "url_wikidata": null}, "Lieutenant-G\u00e9n\u00e9ral des Aim\u00e9es": {"label": "LOC", "kb_qid": null, "url_wikidata": null}, "S. M. T. Croit.": {"label": "PER", "kb_qid": null, "url_wikidata": null}}, "ents_freq": {"Princes": 1, "46 A serte": 1, "Ordonnance Imp\u00e9riale": 1, "Lua R\u00e9gie": 1, "Eg": 1, "Prince Maurice d'Achat": 1, "Ferle: Mar\u00e9chal des Arm\u00e9es Prussiennes": 1, "Hochirchaen,": 1, "Dussaud": 1, "Capitaines du Roi de Prusse": 1, "G\u00e9n\u00e9ral de Mull": 1, "Roi de Sue": 1, "Commander de l'Ordre de \u00c9p\u00e9e, & Colonel du R\u00e9giment des Gardes": 1, "Stockholm": 1, "Mr. de Marte": 1, "\u00c9tats G\u00e9n\u00e9raux": 1, "S. M. Su\u00e9doise": 1, "La Mar\u00e9chale de Satinai": 1, "Comtesse": 1, "Vienne": 1, "IL": 1, "Comte de Catalan": 1, "Pars": 1, "Lieutenant-G\u00e9n\u00e9ral des Arm\u00e9es du Roi Tr\u00e8s-": 1, "Marie-Charlotte Duchesse": 1, "Holost\u00e9en- Sonder": 1, "Douairi\u00e8re de Holost\u00e9en-Luxembourg": 1, "Ali\u00e9na": 1, "ns": 1, "Lek": 1, "Londres": 1, "Charles Ha": 1, "Lieutenant-G\u00e9n\u00e9ral des Arm\u00e9es Britanniques": 1, "Marquis de Ted ale": 1, "Mr. Doudou la campagne d'Am\u00e9rique": 1, "Marquis de Formation, de l'ancienne": 1, "Ma\u00e7on de Stanford": 1, "Guyenne": 1, "Lieutenant-G\u00e9n\u00e9ral des Aim\u00e9es": 1, "S. M. T. Croit.": 1}, "year": "1760", "month": "06", "page": "78"}