{"ents_info": {"La Clef du Cabinet": {"label": "MISC", "kb_qid": null, "url_wikidata": null}, "S": {"label": "LOC", "kb_qid": null, "url_wikidata": null}, "Matt": {"label": "LOC", "kb_qid": null, "url_wikidata": null}, "Porte St": {"label": "LOC", "kb_qid": null, "url_wikidata": null}, "Topiques": {"label": "MISC", "kb_qid": null, "url_wikidata": null}, "Certificats en grand": {"label": "MISC", "kb_qid": null, "url_wikidata": null}, "Mr. Dufour M\u00e9decin": {"label": "PER", "kb_qid": null, "url_wikidata": null}, "Ville de St. Milieu": {"label": "LOC", "kb_qid": null, "url_wikidata": null}, "Mr. Torcy": {"label": "PER", "kb_qid": null, "url_wikidata": null}, "Giardia Chirurgien Jur\u00e9": {"label": "MISC", "kb_qid": null, "url_wikidata": null}, "Pr\u00e9v\u00f4t\u00e9 de Pierri\u00e8re, des": {"label": "MISC", "kb_qid": null, "url_wikidata": null}, "S\u0153urs de la Charit\u00e9 de Se": {"label": "ORG", "kb_qid": null, "url_wikidata": null}, "Aignan de Toul": {"label": "PER", "kb_qid": null, "url_wikidata": null}, "Ligier": {"label": "ORG", "kb_qid": null, "url_wikidata": null}, "Madame la Douairi\u00e8re": {"label": "PER", "kb_qid": null, "url_wikidata": null}, "Parlement": {"label": "ORG", "kb_qid": null, "url_wikidata": null}, "Mr. Th\u00e9venin": {"label": "PER", "kb_qid": null, "url_wikidata": null}, "R\u00e9giment de Provence": {"label": "LOC", "kb_qid": null, "url_wikidata": null}, "Pr\u00e9con\u00e7ue": {"label": "LOC", "kb_qid": null, "url_wikidata": null}, "Capitaine des Grenadiers du R\u00e9giment de Montois": {"label": "MISC", "kb_qid": null, "url_wikidata": null}, "Mr. D\u00e9lateur": {"label": "PER", "kb_qid": null, "url_wikidata": null}, "Cresson": {"label": "PER", "kb_qid": null, "url_wikidata": null}, "St. Milieu &": {"label": "MISC", "kb_qid": null, "url_wikidata": null}, "Mary Pr\u00e9v\u00f4t de Sapin": {"label": "PER", "kb_qid": null, "url_wikidata": null}, "Cur\u00e9s de Nichet, Saute-y & Mijot\u00e9 Dioc\u00e8se de Toul": {"label": "PER", "kb_qid": null, "url_wikidata": null}, "D\u00e9fonceur & C\u0153ur Dioc\u00e8se de Perdu": {"label": "ORG", "kb_qid": null, "url_wikidata": null}, "Paroisses": {"label": "LOC", "kb_qid": null, "url_wikidata": null}}, "ents_freq": {"La Clef du Cabinet": 1, "S": 1, "Matt": 1, "Porte St": 1, "Topiques": 1, "Certificats en grand": 1, "Mr. Dufour M\u00e9decin": 1, "Ville de St. Milieu": 1, "Mr. Torcy": 1, "Giardia Chirurgien Jur\u00e9": 1, "Pr\u00e9v\u00f4t\u00e9 de Pierri\u00e8re, des": 1, "S\u0153urs de la Charit\u00e9 de Se": 1, "Aignan de Toul": 1, "Ligier": 2, "Madame la Douairi\u00e8re": 1, "Parlement": 1, "Mr. Th\u00e9venin": 1, "R\u00e9giment de Provence": 1, "Pr\u00e9con\u00e7ue": 1, "Capitaine des Grenadiers du R\u00e9giment de Montois": 1, "Mr. D\u00e9lateur": 1, "Cresson": 1, "St. Milieu &": 1, "Mary Pr\u00e9v\u00f4t de Sapin": 1, "Cur\u00e9s de Nichet, Saute-y & Mijot\u00e9 Dioc\u00e8se de Toul": 1, "D\u00e9fonceur & C\u0153ur Dioc\u00e8se de Perdu": 1, "Paroisses": 1}, "year": "1760", "month": "06", "page": "15"}