{"ents_info": {"Princes": {"label": "LOC", "kb_qid": null, "url_wikidata": null}, "313 e. Sup\u00e9rieur": {"label": "LOC", "kb_qid": null, "url_wikidata": null}, "Hiver": {"label": "MISC", "kb_qid": null, "url_wikidata": null}, "Ardennes": {"label": "LOC", "kb_qid": null, "url_wikidata": null}, "Pole": {"label": "LOC", "kb_qid": null, "url_wikidata": null}, "Mers": {"label": "MISC", "kb_qid": null, "url_wikidata": null}, "Monde": {"label": "ORG", "kb_qid": null, "url_wikidata": null}, "Astronome, Naturaliste,": {"label": "MISC", "kb_qid": null, "url_wikidata": null}, "Savant, parce": {"label": "MISC", "kb_qid": null, "url_wikidata": null}, "Anglais": {"label": "LOC", "kb_qid": null, "url_wikidata": null}, "Nature": {"label": "MISC", "kb_qid": null, "url_wikidata": null}, "Thompson": {"label": "PER", "kb_qid": null, "url_wikidata": null}, "Religion &": {"label": "ORG", "kb_qid": null, "url_wikidata": null}, "Zele": {"label": "MISC", "kb_qid": null, "url_wikidata": null}}, "ents_freq": {"Princes": 1, "313 e. Sup\u00e9rieur": 1, "Hiver": 1, "Ardennes": 1, "Pole": 1, "Mers": 1, "Monde": 1, "Astronome, Naturaliste,": 1, "Savant, parce": 1, "Anglais": 1, "Nature": 1, "Thompson": 1, "Religion &": 1, "Zele": 1}, "year": "1760", "month": "05", "page": "4"}