{"ents_info": {"La Clef du Cabine 194 Fantasque & e Content": {"label": "MISC", "kb_qid": null, "url_wikidata": null}, "Hypnos team & l'Oriflamme": {"label": "ORG", "kb_qid": null, "url_wikidata": null}, "Des Fr\u00e9gates l'Oiseau, la Topaze, la": {"label": "MISC", "kb_qid": null, "url_wikidata": null}, "Miner, la Gracieuse & la Chim\u00e8re": {"label": "MISC", "kb_qid": null, "url_wikidata": null}, "T'": {"label": "MISC", "kb_qid": null, "url_wikidata": null}, "Chapeau du-Pin": {"label": "LOC", "kb_qid": null, "url_wikidata": null}, "N vire Marchand qua": {"label": "MISC", "kb_qid": null, "url_wikidata": null}, "Estelle Anglais": {"label": "MISC", "kb_qid": null, "url_wikidata": null}, "Cadix": {"label": "LOC", "kb_qid": null, "url_wikidata": null}, "Gibraltar": {"label": "LOC", "kb_qid": null, "url_wikidata": null}, "Harde Grec": {"label": "MISC", "kb_qid": null, "url_wikidata": null}, "Marine": {"label": "ORG", "kb_qid": null, "url_wikidata": null}, "Anglais": {"label": "LOC", "kb_qid": null, "url_wikidata": null}, "Isa Mer": {"label": "PER", "kb_qid": null, "url_wikidata": null}, "Roi": {"label": "PER", "kb_qid": null, "url_wikidata": null}, "Martinique": {"label": "LOC", "kb_qid": null, "url_wikidata": null}, "Capitaine Purot": {"label": "MISC", "kb_qid": null, "url_wikidata": null}, "Bettembourg": {"label": "LOC", "kb_qid": null, "url_wikidata": null}, "Sue de le I4": {"label": "MISC", "kb_qid": null, "url_wikidata": null}, "Journal, &": {"label": "ORG", "kb_qid": null, "url_wikidata": null}}, "ents_freq": {"La Clef du Cabine 194 Fantasque & e Content": 1, "Hypnos team & l'Oriflamme": 1, "Des Fr\u00e9gates l'Oiseau, la Topaze, la": 1, "Miner, la Gracieuse & la Chim\u00e8re": 1, "T'": 1, "Chapeau du-Pin": 1, "N vire Marchand qua": 1, "Estelle Anglais": 1, "Cadix": 1, "Gibraltar": 1, "Harde Grec": 1, "Marine": 1, "Anglais": 3, "Isa Mer": 1, "Roi": 1, "Martinique": 1, "Capitaine Purot": 1, "Bettembourg": 1, "Sue de le I4": 1, "Journal, &": 1}, "year": "1760", "month": "03", "page": "41"}