{"ents_info": {"Princes de": {"label": "LOC", "kb_qid": "Q16641916", "url_wikidata": "https://www.wikidata.org/wiki/Q16641916"}, "& un feu d'artifice": {"label": "MISC", "kb_qid": null, "url_wikidata": null}, "la R\u00e8gne": {"label": "MISC", "kb_qid": null, "url_wikidata": null}, "Roi": {"label": "PER", "kb_qid": "Q12097", "url_wikidata": "https://www.wikidata.org/wiki/Q12097"}, "Cour": {"label": "LOC", "kb_qid": "Q122880", "url_wikidata": "https://www.wikidata.org/wiki/Q122880"}, "Palais Royal": {"label": "LOC", "kb_qid": "Q329948", "url_wikidata": "https://www.wikidata.org/wiki/Q329948"}, "De Roi": {"label": "PER", "kb_qid": null, "url_wikidata": null}, "Emplois civils & militaires accons,": {"label": "ORG", "kb_qid": null, "url_wikidata": null}, "& voila": {"label": "ORG", "kb_qid": null, "url_wikidata": null}, "Madrid": {"label": "LOC", "kb_qid": "Q1161519", "url_wikidata": "https://www.wikidata.org/wiki/Q1161519"}, "Provinces du Royaume": {"label": "LOC", "kb_qid": "Q209495", "url_wikidata": "https://www.wikidata.org/wiki/Q209495"}, "Marine": {"label": "ORG", "kb_qid": "Q217406", "url_wikidata": "https://www.wikidata.org/wiki/Q217406"}, "Les Vaisseaux du Roi": {"label": "MISC", "kb_qid": null, "url_wikidata": null}, "Corsaires de barbarie": {"label": "MISC", "kb_qid": null, "url_wikidata": null}, "Espagne": {"label": "LOC", "kb_qid": "Q29", "url_wikidata": "https://www.wikidata.org/wiki/Q29"}, "Glorieux,": {"label": "MISC", "kb_qid": null, "url_wikidata": null}, "Cadix": {"label": "LOC", "kb_qid": "Q15682", "url_wikidata": "https://www.wikidata.org/wiki/Q15682"}, "Navire": {"label": "LOC", "kb_qid": "Q11446", "url_wikidata": "https://www.wikidata.org/wiki/Q11446"}, "Corsaire": {"label": "MISC", "kb_qid": "Q201559", "url_wikidata": "https://www.wikidata.org/wiki/Q201559"}, "Sal\u00e9": {"label": "LOC", "kb_qid": "Q466046", "url_wikidata": "https://www.wikidata.org/wiki/Q466046"}, "Confesseur du Roi": {"label": "PER", "kb_qid": "Q1477945", "url_wikidata": "https://www.wikidata.org/wiki/Q1477945"}, "Callas": {"label": "PER", "kb_qid": "Q818289", "url_wikidata": "https://www.wikidata.org/wiki/Q818289"}, "Octobre": {"label": "MISC", "kb_qid": "Q3348907", "url_wikidata": "https://www.wikidata.org/wiki/Q3348907"}, "Mr. T'houas": {"label": "MISC", "kb_qid": null, "url_wikidata": null}, "Ministre & S\u00e9cr\u00e9tai d'Et": {"label": "ORG", "kb_qid": null, "url_wikidata": null}}, "ents_freq": {"Princes de": 1, "& un feu d'artifice": 1, "la R\u00e8gne": 1, "Roi": 1, "Cour": 1, "Palais Royal": 1, "De Roi": 1, "Emplois civils & militaires accons,": 1, "& voila": 1, "Madrid": 1, "Provinces du Royaume": 1, "Marine": 1, "Les Vaisseaux du Roi": 1, "Corsaires de barbarie": 1, "Espagne": 1, "Glorieux,": 1, "Cadix": 1, "Navire": 1, "Corsaire": 1, "Sal\u00e9": 1, "Confesseur du Roi": 1, "Callas": 1, "Octobre": 1, "Mr. T'houas": 1, "Ministre & S\u00e9cr\u00e9tai d'Et": 1}, "year": "1760", "month": "12", "page": "40"}