{"ents_info": {"La Clef du Cabine": {"label": "MISC", "kb_qid": null, "url_wikidata": null}, "G\u00e9n\u00e9raux, d mes": {"label": "MISC", "kb_qid": null, "url_wikidata": null}, "Officiers &": {"label": "ORG", "kb_qid": null, "url_wikidata": null}, "Guerriers": {"label": "PER", "kb_qid": "Q1250916", "url_wikidata": "https://www.wikidata.org/wiki/Q1250916"}, "Gauss": {"label": "PER", "kb_qid": "Q6722", "url_wikidata": "https://www.wikidata.org/wiki/Q6722"}, "Corps": {"label": "MISC", "kb_qid": "Q1060535", "url_wikidata": "https://www.wikidata.org/wiki/Q1060535"}, "&&": {"label": "MISC", "kb_qid": null, "url_wikidata": null}, "I5": {"label": "ORG", "kb_qid": "Q3562416", "url_wikidata": "https://www.wikidata.org/wiki/Q3562416"}, "MARI-TH\u00c9R\u00c8SE.": {"label": "LOC", "kb_qid": null, "url_wikidata": null}, "Mr. Corrompu": {"label": "MISC", "kb_qid": null, "url_wikidata": null}, "Nonce": {"label": "ORG", "kb_qid": "Q157037", "url_wikidata": "https://www.wikidata.org/wiki/Q157037"}, "Francfort-sur-le-Moyen": {"label": "LOC", "kb_qid": null, "url_wikidata": null}, "Conclus": {"label": "MISC", "kb_qid": null, "url_wikidata": null}, "Magistrats de cette Ville": {"label": "MISC", "kb_qid": null, "url_wikidata": null}, "Directoires": {"label": "LOC", "kb_qid": null, "url_wikidata": null}, "Cercle du Haut-Rhin": {"label": "LOC", "kb_qid": "Q999042", "url_wikidata": "https://www.wikidata.org/wiki/Q999042"}, "D\u00e9cret": {"label": "MISC", "kb_qid": "Q1182119", "url_wikidata": "https://www.wikidata.org/wiki/Q1182119"}}, "ents_freq": {"La Clef du Cabine": 1, "G\u00e9n\u00e9raux, d mes": 1, "Officiers &": 1, "Guerriers": 1, "Gauss": 1, "Corps": 1, "&&": 1, "I5": 1, "MARI-TH\u00c9R\u00c8SE.": 1, "Mr. Corrompu": 1, "Nonce": 1, "Francfort-sur-le-Moyen": 1, "Conclus": 1, "Magistrats de cette Ville": 1, "Directoires": 1, "Cercle du Haut-Rhin": 1, "D\u00e9cret": 1}, "year": "1760", "month": "10", "page": "47"}