{"ents_info": {"4 La Clef du Cabinet": {"label": "MISC", "kb_qid": null, "url_wikidata": null}, "Recueil": {"label": "MISC", "kb_qid": "Q482", "url_wikidata": "https://www.wikidata.org/wiki/Q482"}, "Philosophie & de la Litt\u00e9rature": {"label": "MISC", "kb_qid": null, "url_wikidata": null}, "Volume des Picas Philosophiques": {"label": "MISC", "kb_qid": null, "url_wikidata": null}, "Lecteurs": {"label": "ORG", "kb_qid": "Q1553123", "url_wikidata": "https://www.wikidata.org/wiki/Q1553123"}, "Journal pour l'Histoire des Sciences": {"label": "ORG", "kb_qid": null, "url_wikidata": null}, "Philosophique": {"label": "PER", "kb_qid": "Q5891", "url_wikidata": "https://www.wikidata.org/wiki/Q5891"}, "La Philosophie": {"label": "MISC", "kb_qid": "Q5891", "url_wikidata": "https://www.wikidata.org/wiki/Q5891"}, "l'Auteur": {"label": "PER", "kb_qid": "Q3013870", "url_wikidata": "https://www.wikidata.org/wiki/Q3013870"}, "Philosophes": {"label": "PER", "kb_qid": "Q4964182", "url_wikidata": "https://www.wikidata.org/wiki/Q4964182"}, "M\u00e9taphysique": {"label": "MISC", "kb_qid": "Q661655", "url_wikidata": "https://www.wikidata.org/wiki/Q661655"}, "Messieurs": {"label": "PER", "kb_qid": "Q3489506", "url_wikidata": "https://www.wikidata.org/wiki/Q3489506"}, "Physique": {"label": "PER", "kb_qid": "Q413", "url_wikidata": "https://www.wikidata.org/wiki/Q413"}, "Virgile": {"label": "PER", "kb_qid": "Q1398", "url_wikidata": "https://www.wikidata.org/wiki/Q1398"}, "Felix": {"label": "PER", "kb_qid": "Q602555", "url_wikidata": "https://www.wikidata.org/wiki/Q602555"}}, "ents_freq": {"4 La Clef du Cabinet": 1, "Recueil": 1, "Philosophie & de la Litt\u00e9rature": 1, "Volume des Picas Philosophiques": 1, "Lecteurs": 1, "Journal pour l'Histoire des Sciences": 1, "Philosophique": 1, "La Philosophie": 1, "l'Auteur": 1, "Philosophes": 1, "M\u00e9taphysique": 1, "Messieurs": 1, "Physique": 2, "Virgile": 1, "Felix": 1}, "year": "1760", "month": "01", "page": "3"}