{"ents_info": {"8e La Clef du Cabinet 6": {"label": "MISC", "kb_qid": null, "url_wikidata": null}, "Journal": {"label": "MISC", "kb_qid": "Q3223697", "url_wikidata": "https://www.wikidata.org/wiki/Q3223697"}, "L'Andy 7": {"label": "MISC", "kb_qid": null, "url_wikidata": null}, "Juillet": {"label": "PER", "kb_qid": "Q121", "url_wikidata": "https://www.wikidata.org/wiki/Q121"}, "Entas & Fourneaux": {"label": "ORG", "kb_qid": null, "url_wikidata": null}, "Usines &": {"label": "ORG", "kb_qid": null, "url_wikidata": null}, "La Soyer": {"label": "LOC", "kb_qid": null, "url_wikidata": null}, "Pr\u00e9v\u00f4t\u00e9 de Chine": {"label": "MISC", "kb_qid": null, "url_wikidata": null}, "Iel": {"label": "LOC", "kb_qid": "Q109128791", "url_wikidata": "https://www.wikidata.org/wiki/Q109128791"}, "N S": {"label": "ORG", "kb_qid": null, "url_wikidata": null}, "Journal, nous apprenons la d\u00e9faire du": {"label": "MISC", "kb_qid": null, "url_wikidata": null}, "Corps d'Arm\u00e9e 'russienne": {"label": "ORG", "kb_qid": null, "url_wikidata": null}, "command\u00e9 pat le G\u00e9n\u00e9ral Bouquet": {"label": "PER", "kb_qid": null, "url_wikidata": null}, "G\u00e9n\u00e9ral de La John": {"label": "PER", "kb_qid": null, "url_wikidata": null}, "Lands": {"label": "LOC", "kb_qid": "Q1221156", "url_wikidata": "https://www.wikidata.org/wiki/Q1221156"}, "Sil\u00e9sie": {"label": "LOC", "kb_qid": "Q81720", "url_wikidata": "https://www.wikidata.org/wiki/Q81720"}, "Fougue": {"label": "MISC", "kb_qid": null, "url_wikidata": null}, "G\u00e9n\u00e9raux": {"label": "PER", "kb_qid": "Q83460", "url_wikidata": "https://www.wikidata.org/wiki/Q83460"}, "Dresde": {"label": "LOC", "kb_qid": "Q1731", "url_wikidata": "https://www.wikidata.org/wiki/Q1731"}, "Comte de Bergen": {"label": "PER", "kb_qid": "Q112915", "url_wikidata": "https://www.wikidata.org/wiki/Q112915"}, "Ministre de la": {"label": "ORG", "kb_qid": "Q1423891", "url_wikidata": "https://www.wikidata.org/wiki/Q1423891"}, "Cour Imp\u00e9riale de Vienne": {"label": "LOC", "kb_qid": null, "url_wikidata": null}, "Cercle du Bas Rhin": {"label": "LOC", "kb_qid": null, "url_wikidata": null}, "Francfort": {"label": "LOC", "kb_qid": "Q1794", "url_wikidata": "https://www.wikidata.org/wiki/Q1794"}, "Meta": {"label": "LOC", "kb_qid": "Q380", "url_wikidata": "https://www.wikidata.org/wiki/Q380"}, "De": {"label": "PER", "kb_qid": "Q845981", "url_wikidata": "https://www.wikidata.org/wiki/Q845981"}, "Roi de Prusse": {"label": "LOC", "kb_qid": "Q33550", "url_wikidata": "https://www.wikidata.org/wiki/Q33550"}, "Icelle": {"label": "LOC", "kb_qid": null, "url_wikidata": null}, "Mar\u00e9chal de Du": {"label": "PER", "kb_qid": null, "url_wikidata": null}, "I6": {"label": "ORG", "kb_qid": "Q10884899", "url_wikidata": "https://www.wikidata.org/wiki/Q10884899"}, "Russes": {"label": "LOC", "kb_qid": "Q1108445", "url_wikidata": "https://www.wikidata.org/wiki/Q1108445"}, "Prince Henri": {"label": "PER", "kb_qid": "Q50993", "url_wikidata": "https://www.wikidata.org/wiki/Q50993"}, "Fleuve": {"label": "LOC", "kb_qid": "Q573344", "url_wikidata": "https://www.wikidata.org/wiki/Q573344"}, "Jin Il": {"label": "PER", "kb_qid": null, "url_wikidata": null}, "Francfort-sur-loader": {"label": "LOC", "kb_qid": null, "url_wikidata": null}}, "ents_freq": {"8e La Clef du Cabinet 6": 1, "Journal": 2, "L'Andy 7": 1, "Juillet": 1, "Entas & Fourneaux": 1, "Usines &": 1, "La Soyer": 1, "Pr\u00e9v\u00f4t\u00e9 de Chine": 1, "Iel": 1, "N S": 1, "Journal, nous apprenons la d\u00e9faire du": 1, "Corps d'Arm\u00e9e 'russienne": 1, "command\u00e9 pat le G\u00e9n\u00e9ral Bouquet": 1, "G\u00e9n\u00e9ral de La John": 1, "Lands": 1, "Sil\u00e9sie": 1, "Fougue": 1, "G\u00e9n\u00e9raux": 1, "Dresde": 1, "Comte de Bergen": 1, "Ministre de la": 1, "Cour Imp\u00e9riale de Vienne": 1, "Cercle du Bas Rhin": 1, "Francfort": 1, "Meta": 1, "De": 1, "Roi de Prusse": 1, "Icelle": 1, "Mar\u00e9chal de Du": 1, "I6": 1, "Russes": 1, "Prince Henri": 1, "Fleuve": 1, "Jin Il": 1, "Francfort-sur-loader": 1}, "year": "1760", "month": "07", "page": "79"}