{"ents_info": {"Cl e": {"label": "LOC", "kb_qid": null, "url_wikidata": null}, "Cabine 6": {"label": "MISC", "kb_qid": null, "url_wikidata": null}, "game &": {"label": "MISC", "kb_qid": null, "url_wikidata": null}, "M\u00e9taphysique At": {"label": "MISC", "kb_qid": null, "url_wikidata": null}, "Livre, M. B.": {"label": "MISC", "kb_qid": null, "url_wikidata": null}, "Sophismes des Adversaires": {"label": "MISC", "kb_qid": null, "url_wikidata": null}, "Esprits": {"label": "MISC", "kb_qid": null, "url_wikidata": null}, "Ce syst\u00e8me, dit on,": {"label": "MISC", "kb_qid": null, "url_wikidata": null}, "Ajourez,": {"label": "MISC", "kb_qid": null, "url_wikidata": null}, "M. Boulier": {"label": "PER", "kb_qid": null, "url_wikidata": null}, "Horreur, la honte, le remords du vice, D'ailleurs": {"label": "MISC", "kb_qid": null, "url_wikidata": null}, "S": {"label": "MISC", "kb_qid": null, "url_wikidata": null}, "Cet Essai de controverse": {"label": "MISC", "kb_qid": null, "url_wikidata": null}, "M\u00e9taphysique": {"label": "MISC", "kb_qid": null, "url_wikidata": null}, "& IA": {"label": "MISC", "kb_qid": null, "url_wikidata": null}, "Adversaires du libre Arbitre": {"label": "MISC", "kb_qid": null, "url_wikidata": null}, "Nos Journaux": {"label": "MISC", "kb_qid": null, "url_wikidata": null}}, "ents_freq": {"Cl e": 1, "Cabine 6": 1, "game &": 1, "M\u00e9taphysique At": 1, "Livre, M. B.": 1, "Sophismes des Adversaires": 1, "Esprits": 1, "Ce syst\u00e8me, dit on,": 1, "Ajourez,": 1, "M. Boulier": 2, "Horreur, la honte, le remords du vice, D'ailleurs": 1, "S": 2, "Cet Essai de controverse": 1, "M\u00e9taphysique": 1, "& IA": 1, "Adversaires du libre Arbitre": 1, "Nos Journaux": 1}, "year": "1760", "month": "02", "page": "17"}