{"ents_info": {"Cl e du": {"label": "LOC", "kb_qid": null, "url_wikidata": null}, "Cab let": {"label": "MISC", "kb_qid": null, "url_wikidata": null}, "ps": {"label": "ORG", "kb_qid": "Q284263", "url_wikidata": "https://www.wikidata.org/wiki/Q284263"}, "Anglais": {"label": "LOC", "kb_qid": "Q21", "url_wikidata": "https://www.wikidata.org/wiki/Q21"}, "Toulon": {"label": "LOC", "kb_qid": "Q44160", "url_wikidata": "https://www.wikidata.org/wiki/Q44160"}, "Chambre du Commerce de M'": {"label": "LOC", "kb_qid": null, "url_wikidata": null}, "Inde": {"label": "LOC", "kb_qid": "Q668", "url_wikidata": "https://www.wikidata.org/wiki/Q668"}, "Angleterre": {"label": "LOC", "kb_qid": "Q21", "url_wikidata": "https://www.wikidata.org/wiki/Q21"}, "Duc de Bourgogne": {"label": "PER", "kb_qid": "Q239337", "url_wikidata": "https://www.wikidata.org/wiki/Q239337"}, "Lieu": {"label": "PER", "kb_qid": "Q69546", "url_wikidata": "https://www.wikidata.org/wiki/Q69546"}, "Hambourgeois": {"label": "LOC", "kb_qid": "Q1055", "url_wikidata": "https://www.wikidata.org/wiki/Q1055"}, "Roi": {"label": "PER", "kb_qid": "Q13592862", "url_wikidata": "https://www.wikidata.org/wiki/Q13592862"}, "Chapeaux, fils": {"label": "MISC", "kb_qid": null, "url_wikidata": null}, "R\u00e9gence de Hambourg": {"label": "ORG", "kb_qid": null, "url_wikidata": null}, "Trait\u00e9 de commerce": {"label": "MISC", "kb_qid": "Q28496658", "url_wikidata": "https://www.wikidata.org/wiki/Q28496658"}, "S Majest\u00e9 &": {"label": "ORG", "kb_qid": null, "url_wikidata": null}, "Ville Hans\u00e9atique": {"label": "LOC", "kb_qid": "Q707813", "url_wikidata": "https://www.wikidata.org/wiki/Q707813"}, "Bateau": {"label": "MISC", "kb_qid": "Q35872", "url_wikidata": "https://www.wikidata.org/wiki/Q35872"}, "Port de Hambourg": {"label": "LOC", "kb_qid": "Q3964", "url_wikidata": "https://www.wikidata.org/wiki/Q3964"}, "Icelle": {"label": "LOC", "kb_qid": null, "url_wikidata": null}, "Fran\u00e7ois": {"label": "MISC", "kb_qid": "Q130834", "url_wikidata": "https://www.wikidata.org/wiki/Q130834"}, "IA poudre & des balles": {"label": "MISC", "kb_qid": null, "url_wikidata": null}, "Mr. de Chameaux": {"label": "PER", "kb_qid": null, "url_wikidata": null}, "N\u00e9gociant Anglais": {"label": "MISC", "kb_qid": null, "url_wikidata": null}, "Hambourg & domicili\u00e9": {"label": "ORG", "kb_qid": null, "url_wikidata": null}, "Hambourg": {"label": "LOC", "kb_qid": "Q51974", "url_wikidata": "https://www.wikidata.org/wiki/Q51974"}, "Londres": {"label": "LOC", "kb_qid": "Q84", "url_wikidata": "https://www.wikidata.org/wiki/Q84"}}, "ents_freq": {"Cl e du": 1, "Cab let": 1, "ps": 1, "Anglais": 1, "Toulon": 1, "Chambre du Commerce de M'": 1, "Inde": 1, "Angleterre": 1, "Duc de Bourgogne": 1, "Lieu": 1, "Hambourgeois": 1, "Roi": 2, "Chapeaux, fils": 1, "R\u00e9gence de Hambourg": 1, "Trait\u00e9 de commerce": 1, "S Majest\u00e9 &": 1, "Ville Hans\u00e9atique": 1, "Bateau": 1, "Port de Hambourg": 1, "Icelle": 1, "Fran\u00e7ois": 1, "IA poudre & des balles": 1, "Mr. de Chameaux": 1, "N\u00e9gociant Anglais": 1, "Hambourg & domicili\u00e9": 1, "Hambourg": 1, "Londres": 1}, "year": "1760", "month": "07", "page": "43"}