{"ents_info": {"Cl e": {"label": "LOC", "kb_qid": null, "url_wikidata": null}, "Cabine 6 fans les pouvoir": {"label": "MISC", "kb_qid": null, "url_wikidata": null}, "Pondich\u00e9ry": {"label": "LOC", "kb_qid": null, "url_wikidata": null}, "Vaisseaux": {"label": "MISC", "kb_qid": null, "url_wikidata": null}, "Sud-Est": {"label": "LOC", "kb_qid": null, "url_wikidata": null}, "v\u00eemes": {"label": "LOC", "kb_qid": null, "url_wikidata": null}, "Amiral Fran\u00e7ois": {"label": "PER", "kb_qid": null, "url_wikidata": null}, "Sud": {"label": "LOC", "kb_qid": null, "url_wikidata": null}, "Le Vaisseau le Tigre": {"label": "MISC", "kb_qid": null, "url_wikidata": null}, "Newcastle": {"label": "LOC", "kb_qid": null, "url_wikidata": null}, "Cubera & le Salisbury": {"label": "ORG", "kb_qid": null, "url_wikidata": null}, "Le Grain & l'\u00c9lisabeth": {"label": "MISC", "kb_qid": null, "url_wikidata": null}, "Vroum & le Sanderling": {"label": "MISC", "kb_qid": null, "url_wikidata": null}, "Inaction": {"label": "MISC", "kb_qid": null, "url_wikidata": null}, "Aich\u00e9": {"label": "PER", "kb_qid": null, "url_wikidata": null}, "Vaisseaux &": {"label": "MISC", "kb_qid": null, "url_wikidata": null}, "Tribord": {"label": "LOC", "kb_qid": null, "url_wikidata": null}, "Ouest": {"label": "LOC", "kb_qid": null, "url_wikidata": null}, "& de l'Est": {"label": "ORG", "kb_qid": null, "url_wikidata": null}, "Nord-ouest": {"label": "LOC", "kb_qid": null, "url_wikidata": null}, "De Sanderling": {"label": "PER", "kb_qid": null, "url_wikidata": null}, "Verrou th": {"label": "LOC", "kb_qid": null, "url_wikidata": null}, "Tigre, & l'Elizabeth": {"label": "MISC", "kb_qid": null, "url_wikidata": null}, "rade de M\u00e9gakatal": {"label": "LOC", "kb_qid": null, "url_wikidata": null}, "Fran\u00e7ois": {"label": "PER", "kb_qid": null, "url_wikidata": null}, "du Sud": {"label": "LOC", "kb_qid": null, "url_wikidata": null}, "Rev\u00eate": {"label": "MISC", "kb_qid": null, "url_wikidata": null}, "Lettres": {"label": "MISC", "kb_qid": null, "url_wikidata": null}, "De Gouvernement & le Conseil": {"label": "MISC", "kb_qid": null, "url_wikidata": null}, "touant": {"label": "LOC", "kb_qid": null, "url_wikidata": null}, "luis": {"label": "PER", "kb_qid": null, "url_wikidata": null}}, "ents_freq": {"Cl e": 1, "Cabine 6 fans les pouvoir": 1, "Pondich\u00e9ry": 1, "Vaisseaux": 3, "Sud-Est": 1, "v\u00eemes": 1, "Amiral Fran\u00e7ois": 1, "Sud": 2, "Le Vaisseau le Tigre": 1, "Newcastle": 2, "Cubera & le Salisbury": 1, "Le Grain & l'\u00c9lisabeth": 1, "Vroum & le Sanderling": 1, "Inaction": 1, "Aich\u00e9": 1, "Vaisseaux &": 1, "Tribord": 1, "Ouest": 1, "& de l'Est": 1, "Nord-ouest": 1, "De Sanderling": 1, "Verrou th": 1, "Tigre, & l'Elizabeth": 1, "rade de M\u00e9gakatal": 1, "Fran\u00e7ois": 1, "du Sud": 1, "Rev\u00eate": 1, "Lettres": 1, "De Gouvernement & le Conseil": 1, "touant": 1, "luis": 1}, "year": "1760", "month": "07", "page": "55"}