{"ents_info": {"Princes e. Janvier": {"label": "LOC", "kb_qid": null, "url_wikidata": null}, "Contr\u00f4leur G\u00e9n\u00e9ral des Finances": {"label": "PER", "kb_qid": "Q2638620", "url_wikidata": "https://www.wikidata.org/wiki/Q2638620"}, "Roi": {"label": "PER", "kb_qid": "Q18384454", "url_wikidata": "https://www.wikidata.org/wiki/Q18384454"}, "Conseil": {"label": "ORG", "kb_qid": "Q2993894", "url_wikidata": "https://www.wikidata.org/wiki/Q2993894"}, "Des Charges des Receveurs G\u00e9n\u00e9raux": {"label": "MISC", "kb_qid": null, "url_wikidata": null}, "Sa Maj": {"label": "PER", "kb_qid": null, "url_wikidata": null}, "Berlin": {"label": "LOC", "kb_qid": "Q64", "url_wikidata": "https://www.wikidata.org/wiki/Q64"}, "Lieutenant-G\u00e9n\u00e9ral de Police, & Mr. de Sardines": {"label": "LOC", "kb_qid": null, "url_wikidata": null}, "Emploi": {"label": "LOC", "kb_qid": "Q656365", "url_wikidata": "https://www.wikidata.org/wiki/Q656365"}, "Mr. de Silhouette": {"label": "MISC", "kb_qid": null, "url_wikidata": null}, "Sa": {"label": "PER", "kb_qid": "Q181620", "url_wikidata": "https://www.wikidata.org/wiki/Q181620"}, "De nouveau Contr\u00f4leur G\u00e9n\u00e9ral des Finances": {"label": "ORG", "kb_qid": null, "url_wikidata": null}, "Pr\u00e9sident du Parlement": {"label": "PER", "kb_qid": "Q3409221", "url_wikidata": "https://www.wikidata.org/wiki/Q3409221"}, "& D\u00e9clarations": {"label": "ORG", "kb_qid": null, "url_wikidata": null}, "Novembre": {"label": "PER", "kb_qid": "Q125", "url_wikidata": "https://www.wikidata.org/wiki/Q125"}, "Lettres Parentes, les motifs": {"label": "MISC", "kb_qid": null, "url_wikidata": null}, "Tel des Mon\u00f4mes": {"label": "ORG", "kb_qid": null, "url_wikidata": null}, "Communaut\u00e9s Religieuses & les Fabriques": {"label": "ORG", "kb_qid": null, "url_wikidata": null}}, "ents_freq": {"Princes e. Janvier": 1, "Contr\u00f4leur G\u00e9n\u00e9ral des Finances": 1, "Roi": 3, "Conseil": 1, "Des Charges des Receveurs G\u00e9n\u00e9raux": 1, "Sa Maj": 1, "Berlin": 1, "Lieutenant-G\u00e9n\u00e9ral de Police, & Mr. de Sardines": 1, "Emploi": 1, "Mr. de Silhouette": 1, "Sa": 1, "De nouveau Contr\u00f4leur G\u00e9n\u00e9ral des Finances": 1, "Pr\u00e9sident du Parlement": 1, "& D\u00e9clarations": 1, "Novembre": 1, "Lettres Parentes, les motifs": 1, "Tel des Mon\u00f4mes": 1, "Communaut\u00e9s Religieuses & les Fabriques": 1}, "year": "1760", "month": "01", "page": "50"}