{"ents_info": {"La Clef du Cabinet": {"label": "MISC", "kb_qid": null, "url_wikidata": null}, "Zoniez": {"label": "LOC", "kb_qid": null, "url_wikidata": null}, "Caisses": {"label": "ORG", "kb_qid": null, "url_wikidata": null}, "Sa Maj.": {"label": "LOC", "kb_qid": null, "url_wikidata": null}, "Canton & d": {"label": "ORG", "kb_qid": null, "url_wikidata": null}, "Kathleen": {"label": "MISC", "kb_qid": null, "url_wikidata": null}, "Cosaques": {"label": "MISC", "kb_qid": null, "url_wikidata": null}, "Margrave de Brandebourg": {"label": "PER", "kb_qid": null, "url_wikidata": null}, "Prince Fr\u00e9d\u00e9ric de Wurtemberg": {"label": "PER", "kb_qid": null, "url_wikidata": null}, "Hussards Prussiens": {"label": "MISC", "kb_qid": null, "url_wikidata": null}, "Stein": {"label": "PER", "kb_qid": null, "url_wikidata": null}, "G\u00e9n\u00e9ral Kathleen": {"label": "PER", "kb_qid": null, "url_wikidata": null}, "Eo Quartier": {"label": "LOC", "kb_qid": null, "url_wikidata": null}, "Roi de Prusse": {"label": "PER", "kb_qid": null, "url_wikidata": null}, "Arm\u00e9e Su\u00e9doise": {"label": "ORG", "kb_qid": null, "url_wikidata": null}, "Prussiens": {"label": "LOC", "kb_qid": null, "url_wikidata": null}, "Pom\u00e9ranie": {"label": "LOC", "kb_qid": null, "url_wikidata": null}, "Arm\u00e9e": {"label": "ORG", "kb_qid": null, "url_wikidata": null}, "G\u00e9n\u00e9ral Monteuse": {"label": "PER", "kb_qid": null, "url_wikidata": null}, "Berlin": {"label": "LOC", "kb_qid": null, "url_wikidata": null}, "An": {"label": "MISC", "kb_qid": null, "url_wikidata": null}, "Mecklembourg": {"label": "LOC", "kb_qid": null, "url_wikidata": null}, "Pologne": {"label": "LOC", "kb_qid": null, "url_wikidata": null}, "Prusse": {"label": "LOC", "kb_qid": null, "url_wikidata": null}}, "ents_freq": {"La Clef du Cabinet": 1, "Zoniez": 3, "Caisses": 1, "Sa Maj.": 1, "Canton & d": 1, "Kathleen": 1, "Cosaques": 2, "Margrave de Brandebourg": 1, "Prince Fr\u00e9d\u00e9ric de Wurtemberg": 1, "Hussards Prussiens": 1, "Stein": 1, "G\u00e9n\u00e9ral Kathleen": 1, "Eo Quartier": 1, "Roi de Prusse": 1, "Arm\u00e9e Su\u00e9doise": 1, "Prussiens": 2, "Pom\u00e9ranie": 1, "Arm\u00e9e": 1, "G\u00e9n\u00e9ral Monteuse": 1, "Berlin": 1, "An": 1, "Mecklembourg": 1, "Pologne": 1, "Prusse": 1}, "year": "1760", "month": "04", "page": "69"}