{"ents_info": {"Princes": {"label": "LOC", "kb_qid": "Q2747456", "url_wikidata": "https://www.wikidata.org/wiki/Q2747456"}, "Pondich\u00e9ry": {"label": "LOC", "kb_qid": "Q639421", "url_wikidata": "https://www.wikidata.org/wiki/Q639421"}, "Ile e Maurice": {"label": "LOC", "kb_qid": null, "url_wikidata": null}, "Isole Bourbon": {"label": "LOC", "kb_qid": null, "url_wikidata": null}, "Voil\u00e0 des avis": {"label": "MISC", "kb_qid": null, "url_wikidata": null}, "Commerce du Royaume": {"label": "MISC", "kb_qid": null, "url_wikidata": null}, "Colonies de l'Am\u00e9rique": {"label": "LOC", "kb_qid": null, "url_wikidata": null}, "Marine": {"label": "ORG", "kb_qid": "Q217406", "url_wikidata": "https://www.wikidata.org/wiki/Q217406"}, "Minist\u00e8re": {"label": "ORG", "kb_qid": "Q2572330", "url_wikidata": "https://www.wikidata.org/wiki/Q2572330"}, "Mar\u00e9chal de Broglie": {"label": "PER", "kb_qid": "Q579407", "url_wikidata": "https://www.wikidata.org/wiki/Q579407"}, "Capitulation de Claustrer-Sven": {"label": "MISC", "kb_qid": null, "url_wikidata": null}, "Hanovriens": {"label": "LOC", "kb_qid": "Q1715", "url_wikidata": "https://www.wikidata.org/wiki/Q1715"}, "Vaisseaux": {"label": "MISC", "kb_qid": "Q3553318", "url_wikidata": "https://www.wikidata.org/wiki/Q3553318"}, "Ports du Royaume": {"label": "MISC", "kb_qid": null, "url_wikidata": null}, "Chantiers": {"label": "ORG", "kb_qid": "Q2422473", "url_wikidata": "https://www.wikidata.org/wiki/Q2422473"}, "Vaisseaux r\u00e9fugi\u00e9s drus": {"label": "MISC", "kb_qid": null, "url_wikidata": null}, "rivi\u00e8re de": {"label": "LOC", "kb_qid": null, "url_wikidata": null}, "Brest": {"label": "LOC", "kb_qid": "Q12193", "url_wikidata": "https://www.wikidata.org/wiki/Q12193"}, "Roi": {"label": "PER", "kb_qid": "Q18384454", "url_wikidata": "https://www.wikidata.org/wiki/Q18384454"}, "Bureau de la Marine": {"label": "ORG", "kb_qid": "Q2891147", "url_wikidata": "https://www.wikidata.org/wiki/Q2891147"}, "Officiers Main de la Compagnie des Indes": {"label": "ORG", "kb_qid": null, "url_wikidata": null}, "Officiers": {"label": "ORG", "kb_qid": "Q163700", "url_wikidata": "https://www.wikidata.org/wiki/Q163700"}}, "ents_freq": {"Princes": 1, "Pondich\u00e9ry": 1, "Ile e Maurice": 1, "Isole Bourbon": 1, "Voil\u00e0 des avis": 1, "Commerce du Royaume": 1, "Colonies de l'Am\u00e9rique": 1, "Marine": 1, "Minist\u00e8re": 1, "Mar\u00e9chal de Broglie": 1, "Capitulation de Claustrer-Sven": 1, "Hanovriens": 1, "Vaisseaux": 1, "Ports du Royaume": 1, "Chantiers": 1, "Vaisseaux r\u00e9fugi\u00e9s drus": 1, "rivi\u00e8re de": 1, "Brest": 1, "Roi": 1, "Bureau de la Marine": 1, "Officiers Main de la Compagnie des Indes": 1, "Officiers": 1}, "year": "1760", "month": "04", "page": "28"}