{"ents_info": {"Princes": {"label": "LOC", "kb_qid": "Q2747456", "url_wikidata": "https://www.wikidata.org/wiki/Q2747456"}, "Le Sr": {"label": "PER", "kb_qid": null, "url_wikidata": null}, "Jean-Thomas H\u00e9rissant": {"label": "PER", "kb_qid": null, "url_wikidata": null}, "Livre important": {"label": "MISC", "kb_qid": null, "url_wikidata": null}, "Devoirs Eccl\u00e9siastiques": {"label": "MISC", "kb_qid": null, "url_wikidata": null}, "Instructions Accol\u00e9.s'astiques, m\u00e9thodiques &": {"label": "MISC", "kb_qid": null, "url_wikidata": null}, "Pares, des Conciles, &": {"label": "MISC", "kb_qid": null, "url_wikidata": null}, "Auteurs Eccl\u00e9siastique": {"label": "MISC", "kb_qid": null, "url_wikidata": null}, "Mr. Selon,": {"label": "MISC", "kb_qid": null, "url_wikidata": null}, "Pr\u00eatre de la": {"label": "MISC", "kb_qid": null, "url_wikidata": null}, "Congr\u00e9gation des Sudistes, &": {"label": "ORG", "kb_qid": null, "url_wikidata": null}, "Directeurs du S\u00e9minaire de Rennes": {"label": "ORG", "kb_qid": null, "url_wikidata": null}, "Partie de ce bon Ouvrage": {"label": "MISC", "kb_qid": null, "url_wikidata": null}, "Retraite Eccl\u00e9siastique pour les Pr\u00eatres": {"label": "MISC", "kb_qid": null, "url_wikidata": null}, "Esprit Eccl\u00e9siastique des S\u00e9minaires Eccl\u00e9siastiques des dispositions prochaines": {"label": "ORG", "kb_qid": null, "url_wikidata": null}, "Livre": {"label": "MISC", "kb_qid": "Q571", "url_wikidata": "https://www.wikidata.org/wiki/Q571"}, "Instruction": {"label": "MISC", "kb_qid": "Q3152873", "url_wikidata": "https://www.wikidata.org/wiki/Q3152873"}, "Ordres": {"label": "ORG", "kb_qid": "Q662862", "url_wikidata": "https://www.wikidata.org/wiki/Q662862"}, "Tonsure Cl\u00e9ricale, les": {"label": "LOC", "kb_qid": null, "url_wikidata": null}, "Ordres m'oindras, l'": {"label": "MISC", "kb_qid": null, "url_wikidata": null}, "Ordre des Sou": {"label": "ORG", "kb_qid": null, "url_wikidata": null}, "Office": {"label": "MISC", "kb_qid": "Q11255", "url_wikidata": "https://www.wikidata.org/wiki/Q11255"}, "Diaconat": {"label": "ORG", "kb_qid": "Q161944", "url_wikidata": "https://www.wikidata.org/wiki/Q161944"}, "Oraison": {"label": "PER", "kb_qid": "Q23498167", "url_wikidata": "https://www.wikidata.org/wiki/Q23498167"}, "las Eccl\u00e9siastiques Te": {"label": "MISC", "kb_qid": null, "url_wikidata": null}}, "ents_freq": {"Princes": 1, "Le Sr": 1, "Jean-Thomas H\u00e9rissant": 1, "Livre important": 1, "Devoirs Eccl\u00e9siastiques": 1, "Instructions Accol\u00e9.s'astiques, m\u00e9thodiques &": 1, "Pares, des Conciles, &": 1, "Auteurs Eccl\u00e9siastique": 1, "Mr. Selon,": 1, "Pr\u00eatre de la": 1, "Congr\u00e9gation des Sudistes, &": 1, "Directeurs du S\u00e9minaire de Rennes": 1, "Partie de ce bon Ouvrage": 1, "Retraite Eccl\u00e9siastique pour les Pr\u00eatres": 1, "Esprit Eccl\u00e9siastique des S\u00e9minaires Eccl\u00e9siastiques des dispositions prochaines": 1, "Livre": 1, "Instruction": 1, "Ordres": 1, "Tonsure Cl\u00e9ricale, les": 1, "Ordres m'oindras, l'": 1, "Ordre des Sou": 1, "Office": 1, "Diaconat": 1, "Oraison": 1, "las Eccl\u00e9siastiques Te": 1}, "year": "1760", "month": "04", "page": "12"}