{"ents_info": {"Princes": {"label": "LOC", "kb_qid": "Q2747456", "url_wikidata": "https://www.wikidata.org/wiki/Q2747456"}, "Contes": {"label": "MISC", "kb_qid": "Q1058441", "url_wikidata": "https://www.wikidata.org/wiki/Q1058441"}, "Roi": {"label": "PER", "kb_qid": "Q18384454", "url_wikidata": "https://www.wikidata.org/wiki/Q18384454"}, "Grande-Bretagne": {"label": "LOC", "kb_qid": "Q23666", "url_wikidata": "https://www.wikidata.org/wiki/Q23666"}, "La guerre": {"label": "MISC", "kb_qid": "Q362", "url_wikidata": "https://www.wikidata.org/wiki/Q362"}, "Magdebourg": {"label": "LOC", "kb_qid": "Q1733", "url_wikidata": "https://www.wikidata.org/wiki/Q1733"}, "Tour e la Cour": {"label": "MISC", "kb_qid": null, "url_wikidata": null}, "Ch\u00e2teau de Berlin": {"label": "LOC", "kb_qid": "Q170119", "url_wikidata": "https://www.wikidata.org/wiki/Q170119"}, "Archives": {"label": "LOC", "kb_qid": "Q166118", "url_wikidata": "https://www.wikidata.org/wiki/Q166118"}, "Berlin": {"label": "LOC", "kb_qid": "Q64", "url_wikidata": "https://www.wikidata.org/wiki/Q64"}, "In\u00e9tendue": {"label": "ORG", "kb_qid": null, "url_wikidata": null}, "Arm\u00e9es du Roi": {"label": "ORG", "kb_qid": "Q1450570", "url_wikidata": "https://www.wikidata.org/wiki/Q1450570"}, "Corps": {"label": "MISC", "kb_qid": "Q1060535", "url_wikidata": "https://www.wikidata.org/wiki/Q1060535"}, "Marquis d'Angeles": {"label": "PER", "kb_qid": null, "url_wikidata": null}, "Bataillon franc": {"label": "ORG", "kb_qid": null, "url_wikidata": null}, "G\u00e9n\u00e9ral": {"label": "PER", "kb_qid": "Q83460", "url_wikidata": "https://www.wikidata.org/wiki/Q83460"}, "Colonel Collision": {"label": "PER", "kb_qid": null, "url_wikidata": null}, "Major": {"label": "PER", "kb_qid": "Q983927", "url_wikidata": "https://www.wikidata.org/wiki/Q983927"}, "Prince h\u00e9r\u00e9ditaire de Brunswick": {"label": "PER", "kb_qid": null, "url_wikidata": null}, "Feld-mar\u00e9chal de ses": {"label": "PER", "kb_qid": null, "url_wikidata": null}, "Landgrave": {"label": "MISC", "kb_qid": "Q28989", "url_wikidata": "https://www.wikidata.org/wiki/Q28989"}, "Ile 14": {"label": "LOC", "kb_qid": null, "url_wikidata": null}, "Mars": {"label": "LOC", "kb_qid": "Q110", "url_wikidata": "https://www.wikidata.org/wiki/Q110"}, "nominas nation": {"label": "MISC", "kb_qid": null, "url_wikidata": null}}, "ents_freq": {"Princes": 1, "Contes": 1, "Roi": 3, "Grande-Bretagne": 1, "La guerre": 1, "Magdebourg": 1, "Tour e la Cour": 1, "Ch\u00e2teau de Berlin": 1, "Archives": 1, "Berlin": 1, "In\u00e9tendue": 1, "Arm\u00e9es du Roi": 1, "Corps": 1, "Marquis d'Angeles": 1, "Bataillon franc": 1, "G\u00e9n\u00e9ral": 1, "Colonel Collision": 1, "Major": 1, "Prince h\u00e9r\u00e9ditaire de Brunswick": 1, "Feld-mar\u00e9chal de ses": 1, "Landgrave": 1, "Ile 14": 1, "Mars": 1, "nominas nation": 1}, "year": "1760", "month": "05", "page": "68"}