{"ents_info": {"La Clef du Cabinet": {"label": "MISC", "kb_qid": null, "url_wikidata": null}, "Levain": {"label": "LOC", "kb_qid": "Q904889", "url_wikidata": "https://www.wikidata.org/wiki/Q904889"}, "Soleil": {"label": "LOC", "kb_qid": "Q525", "url_wikidata": "https://www.wikidata.org/wiki/Q525"}, "u": {"label": "PER", "kb_qid": "Q483261", "url_wikidata": "https://www.wikidata.org/wiki/Q483261"}, "De sang dans une agitation": {"label": "MISC", "kb_qid": null, "url_wikidata": null}, "Mer": {"label": "LOC", "kb_qid": "Q165", "url_wikidata": "https://www.wikidata.org/wiki/Q165"}, "Gl": {"label": "MISC", "kb_qid": "Q1045111", "url_wikidata": "https://www.wikidata.org/wiki/Q1045111"}}, "ents_freq": {"La Clef du Cabinet": 1, "Levain": 1, "Soleil": 1, "u": 1, "De sang dans une agitation": 1, "Mer": 1, "Gl": 1}, "year": "1760", "month": "11", "page": "11"}