{"ents_info": {"II2": {"label": "MISC", "kb_qid": null, "url_wikidata": null}, "La Clef du C\u00e2blai": {"label": "MISC", "kb_qid": null, "url_wikidata": null}, "Fr\u00e9gates Anglaises": {"label": "MISC", "kb_qid": null, "url_wikidata": null}, "Polaque": {"label": "LOC", "kb_qid": null, "url_wikidata": null}, "IJ4": {"label": "MISC", "kb_qid": null, "url_wikidata": null}, "Constantinople": {"label": "LOC", "kb_qid": "Q16869", "url_wikidata": "https://www.wikidata.org/wiki/Q16869"}, "Mr. de Berger": {"label": "PER", "kb_qid": null, "url_wikidata": null}, "Ministre de la Marie": {"label": "ORG", "kb_qid": null, "url_wikidata": null}, "Roi": {"label": "PER", "kb_qid": "Q12097", "url_wikidata": "https://www.wikidata.org/wiki/Q12097"}, "Altiers du Diad\u00e8me": {"label": "LOC", "kb_qid": null, "url_wikidata": null}, "Lettre \u00e0 ce Ministre": {"label": "MISC", "kb_qid": null, "url_wikidata": null}, "Capitaine": {"label": "MISC", "kb_qid": "Q19100", "url_wikidata": "https://www.wikidata.org/wiki/Q19100"}, "Vaisseau de ligne": {"label": "MISC", "kb_qid": "Q207452", "url_wikidata": "https://www.wikidata.org/wiki/Q207452"}, "De B\u00e2timent &": {"label": "MISC", "kb_qid": null, "url_wikidata": null}, "Anglais": {"label": "LOC", "kb_qid": "Q42406", "url_wikidata": "https://www.wikidata.org/wiki/Q42406"}, "Diad\u00e8me": {"label": "MISC", "kb_qid": "Q1208102", "url_wikidata": "https://www.wikidata.org/wiki/Q1208102"}, "Flotte Anglaise": {"label": "ORG", "kb_qid": "Q172771", "url_wikidata": "https://www.wikidata.org/wiki/Q172771"}, "Amiral": {"label": "PER", "kb_qid": "Q132851", "url_wikidata": "https://www.wikidata.org/wiki/Q132851"}, "Cap d'Portugal": {"label": "LOC", "kb_qid": null, "url_wikidata": null}, "Royaume de Galice": {"label": "LOC", "kb_qid": "Q3908", "url_wikidata": "https://www.wikidata.org/wiki/Q3908"}, "Vaisseau Anglais": {"label": "MISC", "kb_qid": null, "url_wikidata": null}, "S": {"label": "LOC", "kb_qid": "Q9956", "url_wikidata": "https://www.wikidata.org/wiki/Q9956"}, "la Corogne": {"label": "LOC", "kb_qid": "Q8757", "url_wikidata": "https://www.wikidata.org/wiki/Q8757"}, "Mr. de Brugnon": {"label": "PER", "kb_qid": null, "url_wikidata": null}, "Commandant": {"label": "PER", "kb_qid": "Q560680", "url_wikidata": "https://www.wikidata.org/wiki/Q560680"}, "St. Dommage": {"label": "LOC", "kb_qid": null, "url_wikidata": null}, "\u00c9lise": {"label": "PER", "kb_qid": "Q274726", "url_wikidata": "https://www.wikidata.org/wiki/Q274726"}, "les Vaisseau du Roi": {"label": "MISC", "kb_qid": null, "url_wikidata": null}, "la Vilaine": {"label": "LOC", "kb_qid": "Q842462", "url_wikidata": "https://www.wikidata.org/wiki/Q842462"}}, "ents_freq": {"II2": 1, "La Clef du C\u00e2blai": 1, "Fr\u00e9gates Anglaises": 1, "Polaque": 1, "IJ4": 1, "Constantinople": 1, "Mr. de Berger": 1, "Ministre de la Marie": 1, "Roi": 2, "Altiers du Diad\u00e8me": 1, "Lettre \u00e0 ce Ministre": 1, "Capitaine": 1, "Vaisseau de ligne": 1, "De B\u00e2timent &": 1, "Anglais": 1, "Diad\u00e8me": 1, "Flotte Anglaise": 1, "Amiral": 1, "Cap d'Portugal": 1, "Royaume de Galice": 1, "Vaisseau Anglais": 1, "S": 1, "la Corogne": 1, "Mr. de Brugnon": 1, "Commandant": 1, "St. Dommage": 1, "\u00c9lise": 1, "les Vaisseau du Roi": 1, "la Vilaine": 1}, "year": "1760", "month": "08", "page": "31"}