{"ents_info": {"Cl du Cab": {"label": "LOC", "kb_qid": null, "url_wikidata": null}, "H\u00f4pital": {"label": "PER", "kb_qid": null, "url_wikidata": null}, "Usage des Soldats malades du R\u00e9giment de nos Gardes Fran\u00e7aises": {"label": "MISC", "kb_qid": null, "url_wikidata": null}, "H\u00f4pital!": {"label": "MISC", "kb_qid": null, "url_wikidata": null}, "dudit H\u00f4pital": {"label": "PER", "kb_qid": null, "url_wikidata": null}, "Enseignes": {"label": "MISC", "kb_qid": null, "url_wikidata": null}, "Drapeaux dudit R\u00e9giment": {"label": "ORG", "kb_qid": null, "url_wikidata": null}, "Colonel": {"label": "PER", "kb_qid": null, "url_wikidata": null}, "surquoi": {"label": "LOC", "kb_qid": null, "url_wikidata": null}, "Ho": {"label": "PER", "kb_qid": null, "url_wikidata": null}, "Ledit H\u00f4pital": {"label": "PER", "kb_qid": null, "url_wikidata": null}, "Colonel dudit R\u00e9giment de nos Gardes-Fran\u00e7aises,": {"label": "PER", "kb_qid": null, "url_wikidata": null}, "Lieutenant-Colonel &": {"label": "PER", "kb_qid": null, "url_wikidata": null}, "Major du R\u00e9giment": {"label": "ORG", "kb_qid": null, "url_wikidata": null}, "Officiers du R\u00e9giment": {"label": "ORG", "kb_qid": null, "url_wikidata": null}, "Desdits Administrateurs": {"label": "ORG", "kb_qid": null, "url_wikidata": null}, "Exit": {"label": "ORG", "kb_qid": null, "url_wikidata": null}, "Ao\u00fbt T49": {"label": "MISC", "kb_qid": null, "url_wikidata": null}, "Lettres les maisons, emplacement": {"label": "MISC", "kb_qid": null, "url_wikidata": null}, "ledit H\u00f4pital": {"label": "LOC", "kb_qid": null, "url_wikidata": null}, "Nous payer aucun droit d'amortissement, ni m\u00eame aucune indemnit\u00e9": {"label": "MISC", "kb_qid": null, "url_wikidata": null}, "Mots & ventes": {"label": "MISC", "kb_qid": null, "url_wikidata": null}, "Nous, & en c'envie": {"label": "MISC", "kb_qid": null, "url_wikidata": null}}, "ents_freq": {"Cl du Cab": 1, "H\u00f4pital": 3, "Usage des Soldats malades du R\u00e9giment de nos Gardes Fran\u00e7aises": 1, "H\u00f4pital!": 1, "dudit H\u00f4pital": 1, "Enseignes": 1, "Drapeaux dudit R\u00e9giment": 1, "Colonel": 2, "surquoi": 1, "Ho": 1, "Ledit H\u00f4pital": 1, "Colonel dudit R\u00e9giment de nos Gardes-Fran\u00e7aises,": 1, "Lieutenant-Colonel &": 1, "Major du R\u00e9giment": 1, "Officiers du R\u00e9giment": 1, "Desdits Administrateurs": 1, "Exit": 1, "Ao\u00fbt T49": 1, "Lettres les maisons, emplacement": 1, "ledit H\u00f4pital": 1, "Nous payer aucun droit d'amortissement, ni m\u00eame aucune indemnit\u00e9": 1, "Mots & ventes": 1, "Nous, & en c'envie": 1}, "year": "1760", "month": "10", "page": "51"}