{"ents_info": {"Princes oc": {"label": "LOC", "kb_qid": null, "url_wikidata": null}, "Romaine": {"label": "MISC", "kb_qid": "Q2277", "url_wikidata": "https://www.wikidata.org/wiki/Q2277"}, "Nous fi mes": {"label": "MISC", "kb_qid": null, "url_wikidata": null}, "Eccl\u00e9siastiques": {"label": "MISC", "kb_qid": "Q34651", "url_wikidata": "https://www.wikidata.org/wiki/Q34651"}, "Nous, l'ignorance cross": {"label": "MISC", "kb_qid": null, "url_wikidata": null}, "Foi & les Meurs, la disette des Pr\u00eatres": {"label": "ORG", "kb_qid": null, "url_wikidata": null}, "le Seigneur": {"label": "MISC", "kb_qid": "Q766677", "url_wikidata": "https://www.wikidata.org/wiki/Q766677"}, "Dioc\u00e8ses": {"label": "LOC", "kb_qid": "Q665487", "url_wikidata": "https://www.wikidata.org/wiki/Q665487"}, "Nous nous sommes arr\u00eat\u00e9s \u00e0 cette disposition;": {"label": "MISC", "kb_qid": null, "url_wikidata": null}, "Nous devions envoyer": {"label": "MISC", "kb_qid": null, "url_wikidata": null}, "Corse": {"label": "LOC", "kb_qid": "Q14112", "url_wikidata": "https://www.wikidata.org/wiki/Q14112"}, "Visiteur Apostolique": {"label": "MISC", "kb_qid": "Q592144", "url_wikidata": "https://www.wikidata.org/wiki/Q592144"}, "s & pass\u00e9s &": {"label": "MISC", "kb_qid": null, "url_wikidata": null}, "Enlises": {"label": "LOC", "kb_qid": null, "url_wikidata": null}, "Conseil": {"label": "ORG", "kb_qid": "Q37470", "url_wikidata": "https://www.wikidata.org/wiki/Q37470"}, "R\u00e9publique de Gene": {"label": "PER", "kb_qid": null, "url_wikidata": null}, "Partie": {"label": "MISC", "kb_qid": "Q7278", "url_wikidata": "https://www.wikidata.org/wiki/Q7278"}, "Nous attendions de cette": {"label": "MISC", "kb_qid": null, "url_wikidata": null}, "Minion": {"label": "MISC", "kb_qid": "Q13619743", "url_wikidata": "https://www.wikidata.org/wiki/Q13619743"}, "Nous ne volumes pas laisser ignorer au": {"label": "MISC", "kb_qid": null, "url_wikidata": null}, "Doge": {"label": "PER", "kb_qid": "Q858316", "url_wikidata": "https://www.wikidata.org/wiki/Q858316"}, "S\u00e9nat": {"label": "ORG", "kb_qid": "Q130614", "url_wikidata": "https://www.wikidata.org/wiki/Q130614"}, "R\u00e9ponse": {"label": "LOC", "kb_qid": "Q1920566", "url_wikidata": "https://www.wikidata.org/wiki/Q1920566"}, "S\u00e9nat;": {"label": "MISC", "kb_qid": null, "url_wikidata": null}, "V\u00e9n\u00e9rables Fr\u00e8res": {"label": "MISC", "kb_qid": null, "url_wikidata": null}, "S. Si\u00e8ge": {"label": "MISC", "kb_qid": null, "url_wikidata": null}, "Dignit\u00e9 &": {"label": "MISC", "kb_qid": null, "url_wikidata": null}, "Si\u00e8ge Apostolique, &": {"label": "MISC", "kb_qid": null, "url_wikidata": null}, "G\u00e9nois": {"label": "LOC", "kb_qid": "Q174306", "url_wikidata": "https://www.wikidata.org/wiki/Q174306"}, "Gens": {"label": "PER", "kb_qid": "Q899409", "url_wikidata": "https://www.wikidata.org/wiki/Q899409"}}, "ents_freq": {"Princes oc": 1, "Romaine": 1, "Nous fi mes": 1, "Eccl\u00e9siastiques": 1, "Nous, l'ignorance cross": 1, "Foi & les Meurs, la disette des Pr\u00eatres": 1, "le Seigneur": 1, "Dioc\u00e8ses": 1, "Nous nous sommes arr\u00eat\u00e9s \u00e0 cette disposition;": 1, "Nous devions envoyer": 1, "Corse": 1, "Visiteur Apostolique": 1, "s & pass\u00e9s &": 1, "Enlises": 1, "Conseil": 1, "R\u00e9publique de Gene": 1, "Partie": 1, "Nous attendions de cette": 1, "Minion": 1, "Nous ne volumes pas laisser ignorer au": 1, "Doge": 1, "S\u00e9nat": 1, "R\u00e9ponse": 1, "S\u00e9nat;": 1, "V\u00e9n\u00e9rables Fr\u00e8res": 1, "S. Si\u00e8ge": 1, "Dignit\u00e9 &": 1, "Si\u00e8ge Apostolique, &": 1, "G\u00e9nois": 1, "Gens": 1}, "year": "1760", "month": "07", "page": "14"}