{"ents_info": {"AIDE": {"label": "LOC", "kb_qid": "Q2867801", "url_wikidata": "https://www.wikidata.org/wiki/Q2867801"}, "Cl e d\u00fb": {"label": "LOC", "kb_qid": null, "url_wikidata": null}, "Et pour rendre immortel l'Entre": {"label": "MISC", "kb_qid": null, "url_wikidata": null}, "& tr\u00e8s-d": {"label": "MISC", "kb_qid": null, "url_wikidata": null}, "\u00c9pitre": {"label": "MISC", "kb_qid": "Q215495", "url_wikidata": "https://www.wikidata.org/wiki/Q215495"}, "L'Auteur": {"label": "PER", "kb_qid": "Q58363586", "url_wikidata": "https://www.wikidata.org/wiki/Q58363586"}, "Philosophie dont nous avons d\u00e9ca": {"label": "MISC", "kb_qid": null, "url_wikidata": null}, "Furie": {"label": "PER", "kb_qid": "Q884223", "url_wikidata": "https://www.wikidata.org/wiki/Q884223"}, "Serpents,": {"label": "MISC", "kb_qid": null, "url_wikidata": null}, "Et qui s'armant du poignard de l'Envie": {"label": "MISC", "kb_qid": null, "url_wikidata": null}, "Enfante, au-lieu de fleurs": {"label": "MISC", "kb_qid": null, "url_wikidata": null}, "Sagesse": {"label": "MISC", "kb_qid": "Q799", "url_wikidata": "https://www.wikidata.org/wiki/Q799"}, "Sagesse mis\u00e9rable, & l'Auteur": {"label": "MISC", "kb_qid": null, "url_wikidata": null}, "Valent": {"label": "PER", "kb_qid": "Q176317", "url_wikidata": "https://www.wikidata.org/wiki/Q176317"}, "La Muse": {"label": "MISC", "kb_qid": "Q203778", "url_wikidata": "https://www.wikidata.org/wiki/Q203778"}, "Mr. Borat": {"label": "PER", "kb_qid": null, "url_wikidata": null}, "Philosophe": {"label": "PER", "kb_qid": "Q4964182", "url_wikidata": "https://www.wikidata.org/wiki/Q4964182"}, "Apprend sous ses devoirs & cannois": {"label": "MISC", "kb_qid": null, "url_wikidata": null}, "Jet t\u00e9": {"label": "LOC", "kb_qid": null, "url_wikidata": null}}, "ents_freq": {"AIDE": 1, "Cl e d\u00fb": 1, "Et pour rendre immortel l'Entre": 1, "& tr\u00e8s-d": 1, "\u00c9pitre": 1, "L'Auteur": 1, "Philosophie dont nous avons d\u00e9ca": 1, "Furie": 1, "Serpents,": 1, "Et qui s'armant du poignard de l'Envie": 1, "Enfante, au-lieu de fleurs": 1, "Sagesse": 1, "Sagesse mis\u00e9rable, & l'Auteur": 1, "Valent": 1, "La Muse": 1, "Mr. Borat": 1, "Philosophe": 1, "Apprend sous ses devoirs & cannois": 1, "Jet t\u00e9": 1}, "year": "1760", "month": "12", "page": "17"}