{"ents_info": {"DES PRINCES DE L'EUROPE Ou Recueil": {"label": "MISC", "kb_qid": null, "url_wikidata": null}, "Litera Ur AOUT": {"label": "MISC", "kb_qid": null, "url_wikidata": null}, "Greg": {"label": "PER", "kb_qid": null, "url_wikidata": null}, "Anode e A": {"label": "MISC", "kb_qid": null, "url_wikidata": null}, "Imprimeur de Sa": {"label": "PER", "kb_qid": null, "url_wikidata": null}, "Privil\u00e8ge de Sa Majest\u00e9 Imp\u00e9riale & Approbation": {"label": "MISC", "kb_qid": null, "url_wikidata": null}, "Commissaire Examinateur": {"label": "ORG", "kb_qid": null, "url_wikidata": null}}, "ents_freq": {"DES PRINCES DE L'EUROPE Ou Recueil": 1, "Litera Ur AOUT": 1, "Greg": 1, "Anode e A": 1, "Imprimeur de Sa": 1, "Privil\u00e8ge de Sa Majest\u00e9 Imp\u00e9riale & Approbation": 1, "Commissaire Examinateur": 1}, "year": "1760", "month": "08", "page": "0"}