{"ents_info": {"Pollu\u00e9es": {"label": "MISC", "kb_qid": "Q58734", "url_wikidata": "https://www.wikidata.org/wiki/Q58734"}, "Amour de la Nation": {"label": "MISC", "kb_qid": null, "url_wikidata": null}, "lai": {"label": "MISC", "kb_qid": "Q726710", "url_wikidata": "https://www.wikidata.org/wiki/Q726710"}, "\u00c9criture, naissent &": {"label": "MISC", "kb_qid": null, "url_wikidata": null}, "Rois nous fuisse": {"label": "MISC", "kb_qid": null, "url_wikidata": null}, "Die": {"label": "MISC", "kb_qid": "Q209773", "url_wikidata": "https://www.wikidata.org/wiki/Q209773"}, "Judas Macchab\u00e9e": {"label": "PER", "kb_qid": "Q111559", "url_wikidata": "https://www.wikidata.org/wiki/Q111559"}, "Sacrifices": {"label": "PER", "kb_qid": "Q179723", "url_wikidata": "https://www.wikidata.org/wiki/Q179723"}, "De m\u00eame objet": {"label": "MISC", "kb_qid": null, "url_wikidata": null}, "Ciel": {"label": "PER", "kb_qid": "Q4489450", "url_wikidata": "https://www.wikidata.org/wiki/Q4489450"}, "Isra\u00ebl": {"label": "LOC", "kb_qid": "Q801", "url_wikidata": "https://www.wikidata.org/wiki/Q801"}, "Nation": {"label": "LOC", "kb_qid": "Q6266", "url_wikidata": "https://www.wikidata.org/wiki/Q6266"}, "St. Esprit": {"label": "ORG", "kb_qid": null, "url_wikidata": null}, "ut": {"label": "MISC", "kb_qid": "Q531802", "url_wikidata": "https://www.wikidata.org/wiki/Q531802"}, "p\u00e9caris": {"label": "LOC", "kb_qid": "Q232866", "url_wikidata": "https://www.wikidata.org/wiki/Q232866"}, "St. Augustin": {"label": "PER", "kb_qid": "Q8018", "url_wikidata": "https://www.wikidata.org/wiki/Q8018"}, "Is\u00e8re": {"label": "LOC", "kb_qid": "Q201341", "url_wikidata": "https://www.wikidata.org/wiki/Q201341"}, "Jess-Chris": {"label": "PER", "kb_qid": null, "url_wikidata": null}, "Mettons tonte noire confiance": {"label": "MISC", "kb_qid": null, "url_wikidata": null}, "l Maitre des": {"label": "MISC", "kb_qid": null, "url_wikidata": null}, "Empires & 4  t  ": {"label": "MISC", "kb_qid": null, "url_wikidata": null}}, "ents_freq": {"Pollu\u00e9es": 1, "Amour de la Nation": 1, "lai": 1, "\u00c9criture, naissent &": 1, "Rois nous fuisse": 1, "Die": 1, "Judas Macchab\u00e9e": 1, "Sacrifices": 1, "De m\u00eame objet": 1, "Ciel": 1, "Isra\u00ebl": 1, "Nation": 1, "St. Esprit": 1, "ut": 1, "p\u00e9caris": 1, "St. Augustin": 1, "Is\u00e8re": 1, "Jess-Chris": 1, "Mettons tonte noire confiance": 1, "l Maitre des": 1, "Empires & 4  t  ": 1}, "year": "1760", "month": "07", "page": "38"}