{"ents_info": {"DES PRINCESDEL'": {"label": "MISC", "kb_qid": null, "url_wikidata": null}, "Ou Recueil Historique & Politique": {"label": "MISC", "kb_qid": null, "url_wikidata": null}, "NOVEMBRE": {"label": "MISC", "kb_qid": null, "url_wikidata": null}, "M'emboiras Ur": {"label": "MISC", "kb_qid": null, "url_wikidata": null}, "Volumde8gesinI2 qi": {"label": "PER", "kb_qid": null, "url_wikidata": null}, "Paris": {"label": "LOC", "kb_qid": null, "url_wikidata": null}, "Mr. LE": {"label": "PER", "kb_qid": null, "url_wikidata": null}, "Docteur R\u00e9gent": {"label": "PER", "kb_qid": null, "url_wikidata": null}, "Faut\u00e9 d M\u00e9decine": {"label": "LOC", "kb_qid": null, "url_wikidata": null}, "Acad\u00e9mies Royales d'Amiens": {"label": "ORG", "kb_qid": null, "url_wikidata": null}, "Soci\u00e9t\u00e9 Litt\u00e9raire de Chalons sur Marne": {"label": "ORG", "kb_qid": null, "url_wikidata": null}, "M\u00e9moires": {"label": "MISC", "kb_qid": null, "url_wikidata": null}}, "ents_freq": {"DES PRINCESDEL'": 1, "Ou Recueil Historique & Politique": 1, "NOVEMBRE": 1, "M'emboiras Ur": 1, "Volumde8gesinI2 qi": 1, "Paris": 1, "Mr. LE": 1, "Docteur R\u00e9gent": 1, "Faut\u00e9 d M\u00e9decine": 1, "Acad\u00e9mies Royales d'Amiens": 1, "Soci\u00e9t\u00e9 Litt\u00e9raire de Chalons sur Marne": 1, "M\u00e9moires": 1}, "year": "1760", "month": "11", "page": "2"}