{"ents_info": {"La Clef du Cabines": {"label": "MISC", "kb_qid": null, "url_wikidata": null}, "Suisse": {"label": "LOC", "kb_qid": "Q39", "url_wikidata": "https://www.wikidata.org/wiki/Q39"}, "Ava": {"label": "LOC", "kb_qid": "Q2199759", "url_wikidata": "https://www.wikidata.org/wiki/Q2199759"}, "nT": {"label": "LOC", "kb_qid": "Q163343", "url_wikidata": "https://www.wikidata.org/wiki/Q163343"}, "Police des Grains": {"label": "ORG", "kb_qid": null, "url_wikidata": null}, "Gouvernement": {"label": "MISC", "kb_qid": "Q3112596", "url_wikidata": "https://www.wikidata.org/wiki/Q3112596"}, "Euro 4": {"label": "MISC", "kb_qid": "Q932442", "url_wikidata": "https://www.wikidata.org/wiki/Q932442"}, "l'Auteur": {"label": "PER", "kb_qid": "Q58363586", "url_wikidata": "https://www.wikidata.org/wiki/Q58363586"}, "Romains": {"label": "LOC", "kb_qid": "Q2277", "url_wikidata": "https://www.wikidata.org/wiki/Q2277"}, "Magazine": {"label": "ORG", "kb_qid": "Q41298", "url_wikidata": "https://www.wikidata.org/wiki/Q41298"}, "Marchands": {"label": "LOC", "kb_qid": "Q215536", "url_wikidata": "https://www.wikidata.org/wiki/Q215536"}, "bled": {"label": "LOC", "kb_qid": "Q15645384", "url_wikidata": "https://www.wikidata.org/wiki/Q15645384"}, "Commerce": {"label": "MISC", "kb_qid": "Q601401", "url_wikidata": "https://www.wikidata.org/wiki/Q601401"}}, "ents_freq": {"La Clef du Cabines": 1, "Suisse": 1, "Ava": 1, "nT": 1, "Police des Grains": 1, "Gouvernement": 1, "Euro 4": 1, "l'Auteur": 1, "Romains": 1, "Magazine": 3, "Marchands": 1, "bled": 1, "Commerce": 1}, "year": "1760", "month": "12", "page": "7"}