{"ents_info": {"Prunes &": {"label": "ORG", "kb_qid": null, "url_wikidata": null}, "I51": {"label": "MISC", "kb_qid": "Q18159369", "url_wikidata": "https://www.wikidata.org/wiki/Q18159369"}, "Arm\u00e9e": {"label": "ORG", "kb_qid": "Q162513", "url_wikidata": "https://www.wikidata.org/wiki/Q162513"}, "Prussiens": {"label": "MISC", "kb_qid": "Q109073", "url_wikidata": "https://www.wikidata.org/wiki/Q109073"}, "Falcenbourg": {"label": "LOC", "kb_qid": null, "url_wikidata": null}, "Drummer & Colbert": {"label": "MISC", "kb_qid": null, "url_wikidata": null}, "Colin Bernard": {"label": "MISC", "kb_qid": null, "url_wikidata": null}, "Schiffelhein, Paulin": {"label": "MISC", "kb_qid": null, "url_wikidata": null}, "Harald & Tempelbourg": {"label": "ORG", "kb_qid": null, "url_wikidata": null}, "Cos tin": {"label": "PER", "kb_qid": null, "url_wikidata": null}, "out": {"label": "PER", "kb_qid": "Q3178987", "url_wikidata": "https://www.wikidata.org/wiki/Q3178987"}, "Bataillons de Grenadiers & deux Escadrons de Dragons Prussiens du Corps du G\u00e9n\u00e9ral de Focale": {"label": "MISC", "kb_qid": null, "url_wikidata": null}, "Colin": {"label": "PER", "kb_qid": "Q2861815", "url_wikidata": "https://www.wikidata.org/wiki/Q2861815"}, "G\u00e9n\u00e9ral de For": {"label": "MISC", "kb_qid": null, "url_wikidata": null}, "Prince Teri": {"label": "PER", "kb_qid": null, "url_wikidata": null}, "Corps": {"label": "MISC", "kb_qid": "Q1060535", "url_wikidata": "https://www.wikidata.org/wiki/Q1060535"}, "Quartier G\u00e9n\u00e9ral": {"label": "LOC", "kb_qid": "Q7540126", "url_wikidata": "https://www.wikidata.org/wiki/Q7540126"}, "L\u00e4nder": {"label": "LOC", "kb_qid": "Q261543", "url_wikidata": "https://www.wikidata.org/wiki/Q261543"}, "Marta": {"label": "LOC", "kb_qid": "Q228616", "url_wikidata": "https://www.wikidata.org/wiki/Q228616"}, "G\u00e9n\u00e9ral Gaulez": {"label": "LOC", "kb_qid": null, "url_wikidata": null}, "Francfort": {"label": "LOC", "kb_qid": "Q1794", "url_wikidata": "https://www.wikidata.org/wiki/Q1794"}, "Odeur & Austin": {"label": "ORG", "kb_qid": null, "url_wikidata": null}, "II": {"label": "MISC", "kb_qid": "Q959186", "url_wikidata": "https://www.wikidata.org/wiki/Q959186"}, "Jinn le Comte de Sous-off": {"label": "PER", "kb_qid": null, "url_wikidata": null}, "marche vers Monnaie:": {"label": "MISC", "kb_qid": null, "url_wikidata": null}, "Palatinat": {"label": "LOC", "kb_qid": "Q326359", "url_wikidata": "https://www.wikidata.org/wiki/Q326359"}, "Colbert": {"label": "PER", "kb_qid": "Q1107629", "url_wikidata": "https://www.wikidata.org/wiki/Q1107629"}, "Deys": {"label": "PER", "kb_qid": "Q104033103", "url_wikidata": "https://www.wikidata.org/wiki/Q104033103"}, "De Bat on": {"label": "MISC", "kb_qid": null, "url_wikidata": null}, "Lantingshansen": {"label": "PER", "kb_qid": null, "url_wikidata": null}, "Jess": {"label": "MISC", "kb_qid": "Q2055714", "url_wikidata": "https://www.wikidata.org/wiki/Q2055714"}, "Arm\u00e9e Sue": {"label": "MISC", "kb_qid": null, "url_wikidata": null}, "Pom\u00e9ranie": {"label": "LOC", "kb_qid": "Q836689", "url_wikidata": "https://www.wikidata.org/wiki/Q836689"}, "jonquille": {"label": "LOC", "kb_qid": "Q16104352", "url_wikidata": "https://www.wikidata.org/wiki/Q16104352"}, "Corps Pr": {"label": "MISC", "kb_qid": null, "url_wikidata": null}, "Partis": {"label": "ORG", "kb_qid": null, "url_wikidata": null}}, "ents_freq": {"Prunes &": 1, "I51": 1, "Arm\u00e9e": 2, "Prussiens": 1, "Falcenbourg": 1, "Drummer & Colbert": 1, "Colin Bernard": 1, "Schiffelhein, Paulin": 1, "Harald & Tempelbourg": 1, "Cos tin": 1, "out": 1, "Bataillons de Grenadiers & deux Escadrons de Dragons Prussiens du Corps du G\u00e9n\u00e9ral de Focale": 1, "Colin": 1, "G\u00e9n\u00e9ral de For": 1, "Prince Teri": 1, "Corps": 1, "Quartier G\u00e9n\u00e9ral": 1, "L\u00e4nder": 1, "Marta": 1, "G\u00e9n\u00e9ral Gaulez": 1, "Francfort": 1, "Odeur & Austin": 1, "II": 1, "Jinn le Comte de Sous-off": 1, "marche vers Monnaie:": 1, "Palatinat": 1, "Colbert": 1, "Deys": 1, "De Bat on": 1, "Lantingshansen": 1, "Jess": 1, "Arm\u00e9e Sue": 1, "Pom\u00e9ranie": 1, "jonquille": 1, "Corps Pr": 1, "Partis": 1}, "year": "1760", "month": "08", "page": "70"}