{"ents_info": {"Cl e du": {"label": "LOC", "kb_qid": null, "url_wikidata": null}, "Cabinet spasmodiques &": {"label": "ORG", "kb_qid": null, "url_wikidata": null}, "M\u00e9decins": {"label": "ORG", "kb_qid": null, "url_wikidata": null}, "Venger": {"label": "PER", "kb_qid": null, "url_wikidata": null}, "IA Noix": {"label": "LOC", "kb_qid": null, "url_wikidata": null}, "Tablettes": {"label": "MISC", "kb_qid": null, "url_wikidata": null}, "Arabes": {"label": "MISC", "kb_qid": null, "url_wikidata": null}, "M\u00e9decins De": {"label": "ORG", "kb_qid": null, "url_wikidata": null}, "Geoffroy": {"label": "PER", "kb_qid": null, "url_wikidata": null}, "M\u00e9decins de": {"label": "ORG", "kb_qid": null, "url_wikidata": null}, "cher": {"label": "LOC", "kb_qid": null, "url_wikidata": null}, "Nom": {"label": "MISC", "kb_qid": null, "url_wikidata": null}, "IA": {"label": "MISC", "kb_qid": null, "url_wikidata": null}, "Tract\u00e2tes": {"label": "MISC", "kb_qid": null, "url_wikidata": null}, "Adore M. Stefano Francisco Geoffroy": {"label": "PER", "kb_qid": null, "url_wikidata": null}, "Parisiens": {"label": "LOC", "kb_qid": null, "url_wikidata": null}, "Parte zPa.": {"label": "MISC", "kb_qid": null, "url_wikidata": null}, "V\u00e9g\u00e9tabilit\u00e9s,": {"label": "MISC", "kb_qid": null, "url_wikidata": null}, "Art.": {"label": "MISC", "kb_qid": null, "url_wikidata": null}, "SS": {"label": "ORG", "kb_qid": null, "url_wikidata": null}, "f Ibidem.": {"label": "LOC", "kb_qid": null, "url_wikidata": null}}, "ents_freq": {"Cl e du": 1, "Cabinet spasmodiques &": 1, "M\u00e9decins": 2, "Venger": 1, "IA Noix": 1, "Tablettes": 1, "Arabes": 1, "M\u00e9decins De": 1, "Geoffroy": 1, "M\u00e9decins de": 1, "cher": 1, "Nom": 1, "IA": 1, "Tract\u00e2tes": 1, "Adore M. Stefano Francisco Geoffroy": 1, "Parisiens": 1, "Parte zPa.": 1, "V\u00e9g\u00e9tabilit\u00e9s,": 1, "Art.": 1, "SS": 1, "f Ibidem.": 1}, "year": "1760", "month": "07", "page": "5"}