{"ents_info": {"La Clef-": {"label": "LOC", "kb_qid": null, "url_wikidata": null}, "Cabinet Observations": {"label": "LOC", "kb_qid": null, "url_wikidata": null}, "Phil lofe Anglais": {"label": "ORG", "kb_qid": null, "url_wikidata": null}, "G\u00e9nies": {"label": "MISC", "kb_qid": "Q3465", "url_wikidata": "https://www.wikidata.org/wiki/Q3465"}, "Agents immat\u00e9riels dont l'action": {"label": "MISC", "kb_qid": null, "url_wikidata": null}, "Notre Auteur": {"label": "PER", "kb_qid": "Q273708", "url_wikidata": "https://www.wikidata.org/wiki/Q273708"}, "Balance": {"label": "LOC", "kb_qid": "Q134566", "url_wikidata": "https://www.wikidata.org/wiki/Q134566"}, "Aphorisme": {"label": "PER", "kb_qid": "Q165740", "url_wikidata": "https://www.wikidata.org/wiki/Q165740"}, "Misanthrope": {"label": "PER", "kb_qid": "Q1053387", "url_wikidata": "https://www.wikidata.org/wiki/Q1053387"}, "Ouvrages du meilleur genre": {"label": "MISC", "kb_qid": null, "url_wikidata": null}, "Critique des Auteurs": {"label": "MISC", "kb_qid": null, "url_wikidata": null}, "Traduction d'une feuille": {"label": "MISC", "kb_qid": null, "url_wikidata": null}, "Hebdomadaire": {"label": "LOC", "kb_qid": "Q1002697", "url_wikidata": "https://www.wikidata.org/wiki/Q1002697"}, "Londres": {"label": "LOC", "kb_qid": "Q84", "url_wikidata": "https://www.wikidata.org/wiki/Q84"}, "Amateurs d IA Litt\u00e9rature Anglaise": {"label": "MISC", "kb_qid": null, "url_wikidata": null}, "Pi\u00e8ce de ce Recueil": {"label": "MISC", "kb_qid": null, "url_wikidata": null}, "M. de nucelle": {"label": "PER", "kb_qid": null, "url_wikidata": null}, "Brochure": {"label": "MISC", "kb_qid": "Q5173771", "url_wikidata": "https://www.wikidata.org/wiki/Q5173771"}, "Connaissance des beaut\u00e9s & des d\u00e9fauts de la": {"label": "MISC", "kb_qid": null, "url_wikidata": null}, "Pepsi de l'\u00c9loquence de la": {"label": "ORG", "kb_qid": null, "url_wikidata": null}, "Langue Fran\u00e7oise": {"label": "MISC", "kb_qid": "Q150", "url_wikidata": "https://www.wikidata.org/wiki/Q150"}, "M. de V.": {"label": "PER", "kb_qid": null, "url_wikidata": null}, "\u00c9crivains": {"label": "PER", "kb_qid": "Q36180", "url_wikidata": "https://www.wikidata.org/wiki/Q36180"}, "Recueil": {"label": "MISC", "kb_qid": "Q105420", "url_wikidata": "https://www.wikidata.org/wiki/Q105420"}, "Pi\u00e8ces Philosophiques": {"label": "MISC", "kb_qid": null, "url_wikidata": null}, "Partie.": {"label": "MISC", "kb_qid": null, "url_wikidata": null}}, "ents_freq": {"La Clef-": 1, "Cabinet Observations": 1, "Phil lofe Anglais": 1, "G\u00e9nies": 1, "Agents immat\u00e9riels dont l'action": 1, "Notre Auteur": 3, "Balance": 1, "Aphorisme": 1, "Misanthrope": 1, "Ouvrages du meilleur genre": 1, "Critique des Auteurs": 1, "Traduction d'une feuille": 1, "Hebdomadaire": 1, "Londres": 1, "Amateurs d IA Litt\u00e9rature Anglaise": 1, "Pi\u00e8ce de ce Recueil": 1, "M. de nucelle": 1, "Brochure": 1, "Connaissance des beaut\u00e9s & des d\u00e9fauts de la": 1, "Pepsi de l'\u00c9loquence de la": 1, "Langue Fran\u00e7oise": 1, "M. de V.": 1, "\u00c9crivains": 1, "Recueil": 1, "Pi\u00e8ces Philosophiques": 1, "Partie.": 1}, "year": "1760", "month": "01", "page": "11"}