{"ents_info": {"Parlote": {"label": "LOC", "kb_qid": null, "url_wikidata": null}, "Mars": {"label": "PER", "kb_qid": "Q112", "url_wikidata": "https://www.wikidata.org/wiki/Q112"}, "Ces Vers que t'": {"label": "MISC", "kb_qid": null, "url_wikidata": null}, "Et que ta bont\u00e9 nous adresse, Ont encore de la jeunesse": {"label": "MISC", "kb_qid": null, "url_wikidata": null}, "Le coloris & la fraicheur.": {"label": "MISC", "kb_qid": null, "url_wikidata": null}, "L'esprit": {"label": "MISC", "kb_qid": "Q23407", "url_wikidata": "https://www.wikidata.org/wiki/Q23407"}, "De Impitoyable": {"label": "MISC", "kb_qid": null, "url_wikidata": null}, "Qu'auraient-ils donc \u00e0": {"label": "MISC", "kb_qid": null, "url_wikidata": null}, "Le Censeur": {"label": "MISC", "kb_qid": "Q934047", "url_wikidata": "https://www.wikidata.org/wiki/Q934047"}, "Est": {"label": "LOC", "kb_qid": "Q663187", "url_wikidata": "https://www.wikidata.org/wiki/Q663187"}, "Rival": {"label": "ORG", "kb_qid": "Q7760952", "url_wikidata": "https://www.wikidata.org/wiki/Q7760952"}, "M\u00e9c\u00e8ne": {"label": "PER", "kb_qid": "Q214092", "url_wikidata": "https://www.wikidata.org/wiki/Q214092"}, "De Saul": {"label": "MISC", "kb_qid": null, "url_wikidata": null}, "Ypres": {"label": "LOC", "kb_qid": "Q464464", "url_wikidata": "https://www.wikidata.org/wiki/Q464464"}, "Couronn\u00e9s": {"label": "PER", "kb_qid": "Q464122", "url_wikidata": "https://www.wikidata.org/wiki/Q464122"}, "Ton noble & g\u00e9n\u00e9reux courage": {"label": "MISC", "kb_qid": null, "url_wikidata": null}, "D\u00e9daignant": {"label": "PER", "kb_qid": null, "url_wikidata": null}, "Sacrifie": {"label": "ORG", "kb_qid": "Q179723", "url_wikidata": "https://www.wikidata.org/wiki/Q179723"}, "Tes": {"label": "MISC", "kb_qid": "Q2368048", "url_wikidata": "https://www.wikidata.org/wiki/Q2368048"}, "Zeus": {"label": "PER", "kb_qid": "Q34201", "url_wikidata": "https://www.wikidata.org/wiki/Q34201"}, "Dont le Roi": {"label": "PER", "kb_qid": null, "url_wikidata": null}, "Tu joins \u00e0 ton beau sacrifice": {"label": "MISC", "kb_qid": null, "url_wikidata": null}, "Des Vers dignes d'\u00eatre imprim\u00e9s": {"label": "MISC", "kb_qid": null, "url_wikidata": null}, "Sut": {"label": "LOC", "kb_qid": "Q65041558", "url_wikidata": "https://www.wikidata.org/wiki/Q65041558"}, "Va": {"label": "PER", "kb_qid": "Q1370", "url_wikidata": "https://www.wikidata.org/wiki/Q1370"}, "Ds": {"label": "MISC", "kb_qid": null, "url_wikidata": null}, "Abb\u00e9": {"label": "PER", "kb_qid": "Q103163", "url_wikidata": "https://www.wikidata.org/wiki/Q103163"}, "Roi": {"label": "PER", "kb_qid": "Q13592862", "url_wikidata": "https://www.wikidata.org/wiki/Q13592862"}, "Je t'exempterais de la Loi": {"label": "MISC", "kb_qid": null, "url_wikidata": null}}, "ents_freq": {"Parlote": 1, "Mars": 1, "Ces Vers que t'": 1, "Et que ta bont\u00e9 nous adresse, Ont encore de la jeunesse": 1, "Le coloris & la fraicheur.": 1, "L'esprit": 1, "De Impitoyable": 1, "Qu'auraient-ils donc \u00e0": 1, "Le Censeur": 1, "Est": 1, "Rival": 1, "M\u00e9c\u00e8ne": 1, "De Saul": 1, "Ypres": 1, "Couronn\u00e9s": 1, "Ton noble & g\u00e9n\u00e9reux courage": 1, "D\u00e9daignant": 1, "Sacrifie": 1, "Tes": 1, "Zeus": 1, "Dont le Roi": 1, "Tu joins \u00e0 ton beau sacrifice": 1, "Des Vers dignes d'\u00eatre imprim\u00e9s": 1, "Sut": 1, "Va": 1, "Ds": 1, "Abb\u00e9": 1, "Roi": 1, "Je t'exempterais de la Loi": 1}, "year": "1760", "month": "03", "page": "16"}