{"ents_info": {"Princes": {"label": "LOC", "kb_qid": "Q1753066", "url_wikidata": "https://www.wikidata.org/wiki/Q1753066"}, "Corps": {"label": "MISC", "kb_qid": "Q1060535", "url_wikidata": "https://www.wikidata.org/wiki/Q1060535"}, "G\u00e9n\u00e9ral": {"label": "PER", "kb_qid": "Q83460", "url_wikidata": "https://www.wikidata.org/wiki/Q83460"}, "N'ioder-": {"label": "LOC", "kb_qid": null, "url_wikidata": null}, "Munissent & Vernsdorff, d'ou ils": {"label": "ORG", "kb_qid": null, "url_wikidata": null}, "Krefeld": {"label": "LOC", "kb_qid": "Q2805", "url_wikidata": "https://www.wikidata.org/wiki/Q2805"}, "At": {"label": "LOC", "kb_qid": "Q999", "url_wikidata": "https://www.wikidata.org/wiki/Q999"}, "Cavalerie": {"label": "ORG", "kb_qid": "Q47315", "url_wikidata": "https://www.wikidata.org/wiki/Q47315"}, "Hussards de la droite": {"label": "ORG", "kb_qid": null, "url_wikidata": null}, "Major Francis": {"label": "LOC", "kb_qid": null, "url_wikidata": null}, "C\u00e2blerie": {"label": "LOC", "kb_qid": "Q18385039", "url_wikidata": "https://www.wikidata.org/wiki/Q18385039"}, "Infanterie": {"label": "MISC", "kb_qid": "Q29171", "url_wikidata": "https://www.wikidata.org/wiki/Q29171"}, "Bloch": {"label": "PER", "kb_qid": "Q123234", "url_wikidata": "https://www.wikidata.org/wiki/Q123234"}, "Croates": {"label": "MISC", "kb_qid": "Q167420", "url_wikidata": "https://www.wikidata.org/wiki/Q167420"}, "Hausdorff": {"label": "PER", "kb_qid": "Q75856", "url_wikidata": "https://www.wikidata.org/wiki/Q75856"}, "Solda": {"label": "LOC", "kb_qid": "Q536016", "url_wikidata": "https://www.wikidata.org/wiki/Q536016"}, "petto ri ile": {"label": "LOC", "kb_qid": null, "url_wikidata": null}, "Capitaine Urod\u00e8le": {"label": "MISC", "kb_qid": null, "url_wikidata": null}}, "ents_freq": {"Princes": 1, "Corps": 1, "G\u00e9n\u00e9ral": 1, "N'ioder-": 1, "Munissent & Vernsdorff, d'ou ils": 1, "Krefeld": 1, "At": 1, "Cavalerie": 1, "Hussards de la droite": 1, "Major Francis": 1, "C\u00e2blerie": 1, "Infanterie": 2, "Bloch": 1, "Croates": 1, "Hausdorff": 1, "Solda": 1, "petto ri ile": 1, "Capitaine Urod\u00e8le": 1}, "year": "1760", "month": "06", "page": "54"}