{"ents_info": {"Princes": {"label": "LOC", "kb_qid": null, "url_wikidata": null}, "V. M.": {"label": "PER", "kb_qid": null, "url_wikidata": null}, "Personne Royale, aines": {"label": "MISC", "kb_qid": null, "url_wikidata": null}, "Nous sommes, d'entretenir": {"label": "MISC", "kb_qid": null, "url_wikidata": null}, "S. M. le Roy votre Pre, &": {"label": "PER", "kb_qid": null, "url_wikidata": null}, "Pr": {"label": "PER", "kb_qid": null, "url_wikidata": null}, "ARTICLE IV": {"label": "MISC", "kb_qid": null, "url_wikidata": null}, "IL Contenant": {"label": "MISC", "kb_qid": null, "url_wikidata": null}, "ESPAGNE": {"label": "MISC", "kb_qid": null, "url_wikidata": null}, "PORTUGAL & e": {"label": "ORG", "kb_qid": null, "url_wikidata": null}, "Roi": {"label": "PER", "kb_qid": null, "url_wikidata": null}, "Janvier": {"label": "PER", "kb_qid": null, "url_wikidata": null}, "la Capitale": {"label": "LOC", "kb_qid": null, "url_wikidata": null}, "Famille Royale": {"label": "MISC", "kb_qid": null, "url_wikidata": null}, "S'arrangeasse, s'\u00e9tant remise": {"label": "MISC", "kb_qid": null, "url_wikidata": null}, "Madrid": {"label": "LOC", "kb_qid": null, "url_wikidata": null}, "Majest\u00e9s": {"label": "PER", "kb_qid": null, "url_wikidata": null}, "Palis de Bien-Retire": {"label": "LOC", "kb_qid": null, "url_wikidata": null}, "Vile": {"label": "LOC", "kb_qid": null, "url_wikidata": null}, "Reine M\u00e2te": {"label": "PER", "kb_qid": null, "url_wikidata": null}, "Palais": {"label": "LOC", "kb_qid": null, "url_wikidata": null}, "Princesse au Roi": {"label": "MISC", "kb_qid": null, "url_wikidata": null}, "u la Reine": {"label": "PER", "kb_qid": null, "url_wikidata": null}, "Infants & Infantes": {"label": "ORG", "kb_qid": null, "url_wikidata": null}}, "ents_freq": {"Princes": 1, "V. M.": 3, "Personne Royale, aines": 1, "Nous sommes, d'entretenir": 1, "S. M. le Roy votre Pre, &": 1, "Pr": 1, "ARTICLE IV": 1, "IL Contenant": 1, "ESPAGNE": 1, "PORTUGAL & e": 1, "Roi": 1, "Janvier": 1, "la Capitale": 1, "Famille Royale": 1, "S'arrangeasse, s'\u00e9tant remise": 1, "Madrid": 1, "Majest\u00e9s": 1, "Palis de Bien-Retire": 1, "Vile": 1, "Reine M\u00e2te": 1, "Palais": 1, "Princesse au Roi": 1, "u la Reine": 1, "Infants & Infantes": 1}, "year": "1760", "month": "02", "page": "40"}