{"ents_info": {"Princes": {"label": "LOC", "kb_qid": "Q1405556", "url_wikidata": "https://www.wikidata.org/wiki/Q1405556"}, "Eg": {"label": "MISC", "kb_qid": "Q236910", "url_wikidata": "https://www.wikidata.org/wiki/Q236910"}, "Science": {"label": "ORG", "kb_qid": "Q192864", "url_wikidata": "https://www.wikidata.org/wiki/Q192864"}, "Juriste-agence de leur Nation": {"label": "ORG", "kb_qid": null, "url_wikidata": null}, "Loi Imp\u00e9riales": {"label": "MISC", "kb_qid": null, "url_wikidata": null}, "Loi Municipales": {"label": "MISC", "kb_qid": null, "url_wikidata": null}, "Accoles de Droit": {"label": "LOC", "kb_qid": null, "url_wikidata": null}, "Jurisprudence": {"label": "MISC", "kb_qid": "Q4932206", "url_wikidata": "https://www.wikidata.org/wiki/Q4932206"}, "L'Auteur": {"label": "MISC", "kb_qid": "Q7311", "url_wikidata": "https://www.wikidata.org/wiki/Q7311"}, "Lee Discours": {"label": "PER", "kb_qid": null, "url_wikidata": null}, "Angleterre": {"label": "LOC", "kb_qid": "Q179876", "url_wikidata": "https://www.wikidata.org/wiki/Q179876"}, "Antiquit\u00e9": {"label": "MISC", "kb_qid": "Q41493", "url_wikidata": "https://www.wikidata.org/wiki/Q41493"}, "Alfred & d'Edouard": {"label": "MISC", "kb_qid": null, "url_wikidata": null}, "L\u00e9gislateurs de cette Isole": {"label": "MISC", "kb_qid": null, "url_wikidata": null}, "Th\u00e9odose": {"label": "PER", "kb_qid": "Q46696", "url_wikidata": "https://www.wikidata.org/wiki/Q46696"}, "Justinien": {"label": "PER", "kb_qid": "Q41866", "url_wikidata": "https://www.wikidata.org/wiki/Q41866"}, "As to sacrifice": {"label": "MISC", "kb_qid": null, "url_wikidata": null}, "Alfred and Edward to te man es of Thermies an": {"label": "MISC", "kb_qid": null, "url_wikidata": null}, "L'Exit d'un Pr\u00e9teur, le Rescrit d'un Empereur Romain": {"label": "MISC", "kb_qid": null, "url_wikidata": null}, "Coutumes": {"label": "MISC", "kb_qid": "Q2995321", "url_wikidata": "https://www.wikidata.org/wiki/Q2995321"}, "IA Nation &": {"label": "ORG", "kb_qid": null, "url_wikidata": null}, "Ordonnances du Parlement d'Angleterre": {"label": "MISC", "kb_qid": null, "url_wikidata": null}, "L'Orateur": {"label": "PER", "kb_qid": "Q246289", "url_wikidata": "https://www.wikidata.org/wiki/Q246289"}, "Droit Romain": {"label": "MISC", "kb_qid": "Q162314", "url_wikidata": "https://www.wikidata.org/wiki/Q162314"}, "Ignorance des Loi Romaines": {"label": "MISC", "kb_qid": null, "url_wikidata": null}, "Loi Britanniques": {"label": "MISC", "kb_qid": null, "url_wikidata": null}, "Anglais": {"label": "LOC", "kb_qid": "Q42406", "url_wikidata": "https://www.wikidata.org/wiki/Q42406"}, "Code de Justinien": {"label": "MISC", "kb_qid": "Q187719", "url_wikidata": "https://www.wikidata.org/wiki/Q187719"}, "Chartes de la Grande-Bretagne": {"label": "MISC", "kb_qid": null, "url_wikidata": null}, "Loi de la Soci\u00e9t\u00e9": {"label": "MISC", "kb_qid": null, "url_wikidata": null}, "Rome": {"label": "LOC", "kb_qid": "Q1747689", "url_wikidata": "https://www.wikidata.org/wiki/Q1747689"}, "Discours": {"label": "MISC", "kb_qid": "Q861911", "url_wikidata": "https://www.wikidata.org/wiki/Q861911"}, "L\u00e9gislation": {"label": "ORG", "kb_qid": "Q820655", "url_wikidata": "https://www.wikidata.org/wiki/Q820655"}, "Citoyen la libert\u00e9": {"label": "MISC", "kb_qid": null, "url_wikidata": null}, "Libert\u00e9": {"label": "ORG", "kb_qid": "Q2979", "url_wikidata": "https://www.wikidata.org/wiki/Q2979"}, "Yo que la Loi": {"label": "MISC", "kb_qid": null, "url_wikidata": null}}, "ents_freq": {"Princes": 1, "Eg": 1, "Science": 1, "Juriste-agence de leur Nation": 1, "Loi Imp\u00e9riales": 1, "Loi Municipales": 1, "Accoles de Droit": 1, "Jurisprudence": 3, "L'Auteur": 1, "Lee Discours": 1, "Angleterre": 2, "Antiquit\u00e9": 1, "Alfred & d'Edouard": 1, "L\u00e9gislateurs de cette Isole": 1, "Th\u00e9odose": 1, "Justinien": 2, "As to sacrifice": 1, "Alfred and Edward to te man es of Thermies an": 1, "L'Exit d'un Pr\u00e9teur, le Rescrit d'un Empereur Romain": 1, "Coutumes": 1, "IA Nation &": 1, "Ordonnances du Parlement d'Angleterre": 1, "L'Orateur": 1, "Droit Romain": 1, "Ignorance des Loi Romaines": 1, "Loi Britanniques": 1, "Anglais": 2, "Code de Justinien": 1, "Chartes de la Grande-Bretagne": 1, "Loi de la Soci\u00e9t\u00e9": 1, "Rome": 1, "Discours": 1, "L\u00e9gislation": 1, "Citoyen la libert\u00e9": 1, "Libert\u00e9": 1, "Yo que la Loi": 1}, "year": "1760", "month": "10", "page": "6"}