{"ents_info": {"La Clef du Cabinet": {"label": "MISC", "kb_qid": null, "url_wikidata": null}, "Stathoud\u00e9rat": {"label": "LOC", "kb_qid": null, "url_wikidata": null}, "Mars": {"label": "PER", "kb_qid": null, "url_wikidata": null}, "\u00c9tats G\u00e9n\u00e9raux": {"label": "LOC", "kb_qid": null, "url_wikidata": null}, "Assembl\u00e9es des \u00c9tats de Hollande &": {"label": "ORG", "kb_qid": null, "url_wikidata": null}, "Ves": {"label": "LOC", "kb_qid": null, "url_wikidata": null}, "R\u00e9publique": {"label": "LOC", "kb_qid": null, "url_wikidata": null}, "Provinces": {"label": "LOC", "kb_qid": null, "url_wikidata": null}, "Vaisseaux": {"label": "MISC", "kb_qid": null, "url_wikidata": null}, "Anglais": {"label": "LOC", "kb_qid": null, "url_wikidata": null}, "ps": {"label": "ORG", "kb_qid": null, "url_wikidata": null}, "D\u00e9putation": {"label": "MISC", "kb_qid": null, "url_wikidata": null}, "Alger": {"label": "LOC", "kb_qid": null, "url_wikidata": null}, "Dey": {"label": "PER", "kb_qid": null, "url_wikidata": null}, "Vaisseau Hollandais": {"label": "MISC", "kb_qid": null, "url_wikidata": null}, "Consul de la R\u00e9publique": {"label": "LOC", "kb_qid": null, "url_wikidata": null}, "Alg\u00e9riens": {"label": "LOC", "kb_qid": null, "url_wikidata": null}, "Hollandais": {"label": "LOC", "kb_qid": null, "url_wikidata": null}, "Vaisseau": {"label": "PER", "kb_qid": null, "url_wikidata": null}}, "ents_freq": {"La Clef du Cabinet": 1, "Stathoud\u00e9rat": 1, "Mars": 2, "\u00c9tats G\u00e9n\u00e9raux": 1, "Assembl\u00e9es des \u00c9tats de Hollande &": 1, "Ves": 1, "R\u00e9publique": 1, "Provinces": 1, "Vaisseaux": 1, "Anglais": 1, "ps": 1, "D\u00e9putation": 1, "Alger": 2, "Dey": 2, "Vaisseau Hollandais": 1, "Consul de la R\u00e9publique": 1, "Alg\u00e9riens": 1, "Hollandais": 1, "Vaisseau": 1}, "year": "1760", "month": "03", "page": "57"}