{"ents_info": {"La Clef du Cabine": {"label": "MISC", "kb_qid": null, "url_wikidata": null}, "De voisine, & le Prince Henri": {"label": "MISC", "kb_qid": null, "url_wikidata": null}, "Russe": {"label": "MISC", "kb_qid": "Q159", "url_wikidata": "https://www.wikidata.org/wiki/Q159"}, "Brisa": {"label": "LOC", "kb_qid": "Q587719", "url_wikidata": "https://www.wikidata.org/wiki/Q587719"}, "Virent": {"label": "MISC", "kb_qid": null, "url_wikidata": null}, "Cann\u00e9e": {"label": "LOC", "kb_qid": "Q2206912", "url_wikidata": "https://www.wikidata.org/wiki/Q2206912"}, "Rhin": {"label": "LOC", "kb_qid": "Q473574", "url_wikidata": "https://www.wikidata.org/wiki/Q473574"}, "Pr": {"label": "PER", "kb_qid": "Q1386", "url_wikidata": "https://www.wikidata.org/wiki/Q1386"}, "Convention": {"label": "MISC", "kb_qid": "Q219825", "url_wikidata": "https://www.wikidata.org/wiki/Q219825"}, "Cour de Vienne": {"label": "LOC", "kb_qid": "Q130834", "url_wikidata": "https://www.wikidata.org/wiki/Q130834"}, "Corps d'IP mille hommes": {"label": "MISC", "kb_qid": null, "url_wikidata": null}, "Arm\u00e9es": {"label": "ORG", "kb_qid": "Q209507", "url_wikidata": "https://www.wikidata.org/wiki/Q209507"}, "Secr\u00e9taire d'Ambassade de Virtemnbeg": {"label": "ORG", "kb_qid": null, "url_wikidata": null}, "Ao\u00fbt aux Ministres des trois Coll\u00e8ges de l'Empire": {"label": "MISC", "kb_qid": null, "url_wikidata": null}, "Ma\u00eetre": {"label": "PER", "kb_qid": "Q2357164", "url_wikidata": "https://www.wikidata.org/wiki/Q2357164"}, "Son Altesse S\u00e9r\u00e9nissime": {"label": "MISC", "kb_qid": "Q1267102", "url_wikidata": "https://www.wikidata.org/wiki/Q1267102"}, "Majest\u00e9s": {"label": "PER", "kb_qid": null, "url_wikidata": null}, "Saxe": {"label": "LOC", "kb_qid": "Q1202", "url_wikidata": "https://www.wikidata.org/wiki/Q1202"}, "R\u00e9giment Autrichiens": {"label": "ORG", "kb_qid": null, "url_wikidata": null}, "Son": {"label": "PER", "kb_qid": "Q128124", "url_wikidata": "https://www.wikidata.org/wiki/Q128124"}, "Mar\u00e9chal Comte de Da": {"label": "PER", "kb_qid": null, "url_wikidata": null}, "Mar\u00e9chal Due de Broglie": {"label": "PER", "kb_qid": null, "url_wikidata": null}, "Mis Istres Imp\u00e9riaux": {"label": "MISC", "kb_qid": null, "url_wikidata": null}, "Hanovriens &": {"label": "ORG", "kb_qid": null, "url_wikidata": null}, "Alli\u00e9s": {"label": "MISC", "kb_qid": "Q329888", "url_wikidata": "https://www.wikidata.org/wiki/Q329888"}, "Mois Romains": {"label": "MISC", "kb_qid": null, "url_wikidata": null}, "Ce Cor ps": {"label": "MISC", "kb_qid": null, "url_wikidata": null}, "Vits": {"label": "MISC", "kb_qid": null, "url_wikidata": null}, "M\u00e9ninges": {"label": "LOC", "kb_qid": "Q268930", "url_wikidata": "https://www.wikidata.org/wiki/Q268930"}, "I2": {"label": "ORG", "kb_qid": "Q2064483", "url_wikidata": "https://www.wikidata.org/wiki/Q2064483"}}, "ents_freq": {"La Clef du Cabine": 1, "De voisine, & le Prince Henri": 1, "Russe": 1, "Brisa": 1, "Virent": 1, "Cann\u00e9e": 1, "Rhin": 1, "Pr": 1, "Convention": 2, "Cour de Vienne": 1, "Corps d'IP mille hommes": 1, "Arm\u00e9es": 1, "Secr\u00e9taire d'Ambassade de Virtemnbeg": 1, "Ao\u00fbt aux Ministres des trois Coll\u00e8ges de l'Empire": 1, "Ma\u00eetre": 1, "Son Altesse S\u00e9r\u00e9nissime": 1, "Majest\u00e9s": 1, "Saxe": 1, "R\u00e9giment Autrichiens": 1, "Son": 1, "Mar\u00e9chal Comte de Da": 1, "Mar\u00e9chal Due de Broglie": 1, "Mis Istres Imp\u00e9riaux": 1, "Hanovriens &": 1, "Alli\u00e9s": 1, "Mois Romains": 1, "Ce Cor ps": 1, "Vits": 1, "M\u00e9ninges": 1, "I2": 1}, "year": "1760", "month": "09", "page": "71"}