{"ents_info": {"Princes": {"label": "LOC", "kb_qid": "Q1411354", "url_wikidata": "https://www.wikidata.org/wiki/Q1411354"}, "\u00c9cole au tees": {"label": "MISC", "kb_qid": null, "url_wikidata": null}, "Langue \u00e9trang\u00e8re": {"label": "MISC", "kb_qid": "Q150352", "url_wikidata": "https://www.wikidata.org/wiki/Q150352"}, "Lingam": {"label": "MISC", "kb_qid": "Q468895", "url_wikidata": "https://www.wikidata.org/wiki/Q468895"}, "Selma": {"label": "PER", "kb_qid": "Q17183770", "url_wikidata": "https://www.wikidata.org/wiki/Q17183770"}, "\u00c9cole le Cabinet d'un Procurer hab": {"label": "ORG", "kb_qid": null, "url_wikidata": null}, "Ohm": {"label": "PER", "kb_qid": "Q639355", "url_wikidata": "https://www.wikidata.org/wiki/Q639355"}, "aK": {"label": "MISC", "kb_qid": "Q797", "url_wikidata": "https://www.wikidata.org/wiki/Q797"}, "Lettre des Loi": {"label": "MISC", "kb_qid": null, "url_wikidata": null}, "\u00c9ole": {"label": "MISC", "kb_qid": "Q172549", "url_wikidata": "https://www.wikidata.org/wiki/Q172549"}, "S\u00e9minaire de notre Magistrature!": {"label": "LOC", "kb_qid": null, "url_wikidata": null}, "Les Interpr\u00e8tes & les Vengeurs de nos Loi, &": {"label": "MISC", "kb_qid": null, "url_wikidata": null}, "Arbitres de nos possessions, de nos libert\u00e9s": {"label": "MISC", "kb_qid": null, "url_wikidata": null}, "L'Orateur": {"label": "PER", "kb_qid": "Q3204642", "url_wikidata": "https://www.wikidata.org/wiki/Q3204642"}, "In\u00e9ducation Acad\u00e9mique": {"label": "ORG", "kb_qid": null, "url_wikidata": null}, "Loi, &": {"label": "MISC", "kb_qid": null, "url_wikidata": null}, "Droit Anglais": {"label": "MISC", "kb_qid": "Q30216", "url_wikidata": "https://www.wikidata.org/wiki/Q30216"}, "Roi": {"label": "PER", "kb_qid": "Q13592862", "url_wikidata": "https://www.wikidata.org/wiki/Q13592862"}, "Zele": {"label": "MISC", "kb_qid": "Q388115", "url_wikidata": "https://www.wikidata.org/wiki/Q388115"}, "Religion, l'Auteur": {"label": "MISC", "kb_qid": null, "url_wikidata": null}, "Anglais": {"label": "MISC", "kb_qid": "Q7976", "url_wikidata": "https://www.wikidata.org/wiki/Q7976"}}, "ents_freq": {"Princes": 1, "\u00c9cole au tees": 1, "Langue \u00e9trang\u00e8re": 1, "Lingam": 1, "Selma": 1, "\u00c9cole le Cabinet d'un Procurer hab": 1, "Ohm": 1, "aK": 1, "Lettre des Loi": 1, "\u00c9ole": 1, "S\u00e9minaire de notre Magistrature!": 1, "Les Interpr\u00e8tes & les Vengeurs de nos Loi, &": 1, "Arbitres de nos possessions, de nos libert\u00e9s": 1, "L'Orateur": 1, "In\u00e9ducation Acad\u00e9mique": 1, "Loi, &": 1, "Droit Anglais": 1, "Roi": 1, "Zele": 1, "Religion, l'Auteur": 1, "Anglais": 1}, "year": "1760", "month": "10", "page": "10"}