{"ents_info": {"Cabine Les Juge,": {"label": "MISC", "kb_qid": null, "url_wikidata": null}, "Parlement": {"label": "ORG", "kb_qid": "Q35749", "url_wikidata": "https://www.wikidata.org/wiki/Q35749"}, "Des 4 heures de l'Ad\u00e9la\u00efde": {"label": "MISC", "kb_qid": null, "url_wikidata": null}, "Jugement; mais avt": {"label": "MISC", "kb_qid": null, "url_wikidata": null}, "Lord Henry": {"label": "PER", "kb_qid": null, "url_wikidata": null}, "Grand S\u00e9n\u00e9": {"label": "PER", "kb_qid": null, "url_wikidata": null}, "Comte de Ferrer": {"label": "PER", "kb_qid": null, "url_wikidata": null}, "Pairs": {"label": "MISC", "kb_qid": "Q51280089", "url_wikidata": "https://www.wikidata.org/wiki/Q51280089"}, "Grand S\u00e9n\u00e9chal": {"label": "LOC", "kb_qid": "Q16639973", "url_wikidata": "https://www.wikidata.org/wiki/Q16639973"}, "Comte": {"label": "PER", "kb_qid": "Q3519259", "url_wikidata": "https://www.wikidata.org/wiki/Q3519259"}, "condamn\u00e2t": {"label": "LOC", "kb_qid": null, "url_wikidata": null}, "Is\u00e8re": {"label": "LOC", "kb_qid": "Q12559", "url_wikidata": "https://www.wikidata.org/wiki/Q12559"}, "Mi": {"label": "MISC", "kb_qid": "Q15925087", "url_wikidata": "https://www.wikidata.org/wiki/Q15925087"}, "Roi": {"label": "PER", "kb_qid": "Q12097", "url_wikidata": "https://www.wikidata.org/wiki/Q12097"}, "Famille": {"label": "MISC", "kb_qid": "Q35409", "url_wikidata": "https://www.wikidata.org/wiki/Q35409"}, "Conrad Lord": {"label": "PER", "kb_qid": null, "url_wikidata": null}, "gr ace": {"label": "PER", "kb_qid": null, "url_wikidata": null}, "Carrosse": {"label": "MISC", "kb_qid": "Q14565995", "url_wikidata": "https://www.wikidata.org/wiki/Q14565995"}, "Tour": {"label": "LOC", "kb_qid": "Q33881", "url_wikidata": "https://www.wikidata.org/wiki/Q33881"}, "Tribun": {"label": "LOC", "kb_qid": "Q849288", "url_wikidata": "https://www.wikidata.org/wiki/Q849288"}, "\u00c9chevin": {"label": "LOC", "kb_qid": "Q87736953", "url_wikidata": "https://www.wikidata.org/wiki/Q87736953"}}, "ents_freq": {"Cabine Les Juge,": 1, "Parlement": 1, "Des 4 heures de l'Ad\u00e9la\u00efde": 1, "Jugement; mais avt": 1, "Lord Henry": 1, "Grand S\u00e9n\u00e9": 1, "Comte de Ferrer": 2, "Pairs": 1, "Grand S\u00e9n\u00e9chal": 1, "Comte": 1, "condamn\u00e2t": 1, "Is\u00e8re": 1, "Mi": 1, "Roi": 1, "Famille": 1, "Conrad Lord": 1, "gr ace": 1, "Carrosse": 1, "Tour": 1, "Tribun": 1, "\u00c9chevin": 1}, "year": "1760", "month": "06", "page": "39"}