{"ents_info": {"DES PRINCES DE L'EUROPE": {"label": "MISC", "kb_qid": null, "url_wikidata": null}, "AE": {"label": "LOC", "kb_qid": null, "url_wikidata": null}, "B": {"label": "LOC", "kb_qid": null, "url_wikidata": null}, "Histoire mob": {"label": "MISC", "kb_qid": null, "url_wikidata": null}, "\u00c9tats de l'Europe": {"label": "LOC", "kb_qid": null, "url_wikidata": null}, "Asie": {"label": "LOC", "kb_qid": null, "url_wikidata": null}, "Afrique & de l'Am": {"label": "ORG", "kb_qid": null, "url_wikidata": null}, "Baron de D\u00fcbendorf": {"label": "MISC", "kb_qid": null, "url_wikidata": null}, "Mr. Bru zen de la Marini\u00e8re": {"label": "PER", "kb_qid": null, "url_wikidata": null}, "Auteurs": {"label": "MISC", "kb_qid": null, "url_wikidata": null}, "Mr. de Grace": {"label": "MISC", "kb_qid": null, "url_wikidata": null}, "Paris": {"label": "LOC", "kb_qid": null, "url_wikidata": null}, "Baron de Prend": {"label": "MISC", "kb_qid": null, "url_wikidata": null}, "Introduction \u00e0 l'Histoire de l'NIRS,": {"label": "MISC", "kb_qid": null, "url_wikidata": null}, "Ouvrage qui de": {"label": "MISC", "kb_qid": null, "url_wikidata": null}, "Trait\u00e9 d Droit de la Nature & des Gens": {"label": "MISC", "kb_qid": null, "url_wikidata": null}, "Traor\u00e9 E": {"label": "PER", "kb_qid": null, "url_wikidata": null}}, "ents_freq": {"DES PRINCES DE L'EUROPE": 1, "AE": 1, "B": 1, "Histoire mob": 1, "\u00c9tats de l'Europe": 1, "Asie": 1, "Afrique & de l'Am": 1, "Baron de D\u00fcbendorf": 1, "Mr. Bru zen de la Marini\u00e8re": 1, "Auteurs": 1, "Mr. de Grace": 1, "Paris": 1, "Baron de Prend": 1, "Introduction \u00e0 l'Histoire de l'NIRS,": 1, "Ouvrage qui de": 1, "Trait\u00e9 d Droit de la Nature & des Gens": 1, "Traor\u00e9 E": 1}, "year": "1760", "month": "03", "page": "2"}