{"ents_info": {"Cabine 76": {"label": "MISC", "kb_qid": null, "url_wikidata": null}, "Mr. de Man": {"label": "MISC", "kb_qid": null, "url_wikidata": null}, "Envoy\u00e9 Extraordinaire de la Cour de Casse l": {"label": "MISC", "kb_qid": null, "url_wikidata": null}, "Landgrave": {"label": "PER", "kb_qid": "Q28989", "url_wikidata": "https://www.wikidata.org/wiki/Q28989"}, "Lettres de cr\u00e9ance": {"label": "MISC", "kb_qid": "Q1758647", "url_wikidata": "https://www.wikidata.org/wiki/Q1758647"}, "La Haye": {"label": "LOC", "kb_qid": "Q36600", "url_wikidata": "https://www.wikidata.org/wiki/Q36600"}, "Pr\u00e9sident": {"label": "PER", "kb_qid": "Q11696", "url_wikidata": "https://www.wikidata.org/wiki/Q11696"}, "pat t": {"label": "PER", "kb_qid": null, "url_wikidata": null}, "Son": {"label": "PER", "kb_qid": "Q128124", "url_wikidata": "https://www.wikidata.org/wiki/Q128124"}, "S\u00e9r\u00e9nissime": {"label": "PER", "kb_qid": "Q24930052", "url_wikidata": "https://www.wikidata.org/wiki/Q24930052"}, "\u00c9tats": {"label": "LOC", "kb_qid": "Q35657", "url_wikidata": "https://www.wikidata.org/wiki/Q35657"}, "bren": {"label": "LOC", "kb_qid": "Q482428", "url_wikidata": "https://www.wikidata.org/wiki/Q482428"}, "R\u00e9giment Fran\u00e7ois": {"label": "ORG", "kb_qid": null, "url_wikidata": null}, "Ville &": {"label": "ORG", "kb_qid": null, "url_wikidata": null}, "Pays Bas Autrichiens": {"label": "LOC", "kb_qid": null, "url_wikidata": null}, "Arm\u00e9e": {"label": "ORG", "kb_qid": "Q162513", "url_wikidata": "https://www.wikidata.org/wiki/Q162513"}, "Allemagne": {"label": "LOC", "kb_qid": "Q43287", "url_wikidata": "https://www.wikidata.org/wiki/Q43287"}, "F\u00e9vrier le Prince de Gars": {"label": "PER", "kb_qid": null, "url_wikidata": null}, "Mar\u00e9chal de la Maison du Duc": {"label": "PER", "kb_qid": null, "url_wikidata": null}, "Charles de Lorraine": {"label": "PER", "kb_qid": "Q158232", "url_wikidata": "https://www.wikidata.org/wiki/Q158232"}, "Chevalier": {"label": "ORG", "kb_qid": "Q833163", "url_wikidata": "https://www.wikidata.org/wiki/Q833163"}, "Ordre de la Toison d'or": {"label": "ORG", "kb_qid": "Q465774", "url_wikidata": "https://www.wikidata.org/wiki/Q465774"}, "Son Ales": {"label": "LOC", "kb_qid": null, "url_wikidata": null}, "Abbaye de Cordonnera.": {"label": "LOC", "kb_qid": null, "url_wikidata": null}, "SETTERS": {"label": "PER", "kb_qid": null, "url_wikidata": null}, "Pr Sa Maj": {"label": "PER", "kb_qid": null, "url_wikidata": null}, "Imp\u00e9ratrice Reine": {"label": "PER", "kb_qid": null, "url_wikidata": null}, "Abb\u00e9 de l'Illustre Abbaye de St. Pierre": {"label": "PER", "kb_qid": null, "url_wikidata": null}, "Gand": {"label": "LOC", "kb_qid": "Q1296", "url_wikidata": "https://www.wikidata.org/wiki/Q1296"}, "Ordre de St. Beno\u00eet": {"label": "ORG", "kb_qid": null, "url_wikidata": null}, "Celer Do": {"label": "MISC", "kb_qid": null, "url_wikidata": null}, "Abb\u00e9": {"label": "PER", "kb_qid": "Q103163", "url_wikidata": "https://www.wikidata.org/wiki/Q103163"}, "Abbaye de St. Hubert": {"label": "LOC", "kb_qid": null, "url_wikidata": null}, "Des Ardennes": {"label": "MISC", "kb_qid": "Q2862924", "url_wikidata": "https://www.wikidata.org/wiki/Q2862924"}, "IA Province de Luxembourg": {"label": "MISC", "kb_qid": null, "url_wikidata": null}, "24 F\u00e9vrier": {"label": "MISC", "kb_qid": "Q2355", "url_wikidata": "https://www.wikidata.org/wiki/Q2355"}, "Religieux de cette Abbaye assembl\u00e9s": {"label": "MISC", "kb_qid": null, "url_wikidata": null}, "Chapitre": {"label": "MISC", "kb_qid": "Q3184737", "url_wikidata": "https://www.wikidata.org/wiki/Q3184737"}, "y.": {"label": "LOC", "kb_qid": "Q740728", "url_wikidata": "https://www.wikidata.org/wiki/Q740728"}, "NICOLAS": {"label": "MISC", "kb_qid": null, "url_wikidata": null}, "Verviers": {"label": "LOC", "kb_qid": "Q202954", "url_wikidata": "https://www.wikidata.org/wiki/Q202954"}, "Caniculaires": {"label": "LOC", "kb_qid": "Q215864", "url_wikidata": "https://www.wikidata.org/wiki/Q215864"}}, "ents_freq": {"Cabine 76": 1, "Mr. de Man": 1, "Envoy\u00e9 Extraordinaire de la Cour de Casse l": 1, "Landgrave": 1, "Lettres de cr\u00e9ance": 1, "La Haye": 1, "Pr\u00e9sident": 1, "pat t": 1, "Son": 1, "S\u00e9r\u00e9nissime": 1, "\u00c9tats": 1, "bren": 1, "R\u00e9giment Fran\u00e7ois": 1, "Ville &": 1, "Pays Bas Autrichiens": 1, "Arm\u00e9e": 1, "Allemagne": 1, "F\u00e9vrier le Prince de Gars": 1, "Mar\u00e9chal de la Maison du Duc": 1, "Charles de Lorraine": 1, "Chevalier": 1, "Ordre de la Toison d'or": 1, "Son Ales": 1, "Abbaye de Cordonnera.": 1, "SETTERS": 1, "Pr Sa Maj": 1, "Imp\u00e9ratrice Reine": 1, "Abb\u00e9 de l'Illustre Abbaye de St. Pierre": 1, "Gand": 1, "Ordre de St. Beno\u00eet": 2, "Celer Do": 1, "Abb\u00e9": 1, "Abbaye de St. Hubert": 1, "Des Ardennes": 1, "IA Province de Luxembourg": 1, "24 F\u00e9vrier": 1, "Religieux de cette Abbaye assembl\u00e9s": 1, "Chapitre": 1, "y.": 1, "NICOLAS": 1, "Verviers": 1, "Caniculaires": 1}, "year": "1760", "month": "04", "page": "45"}