{"ents_info": {"DES PRINCE  r HI DEL'EUROPE": {"label": "PER", "kb_qid": null, "url_wikidata": null}, "Ou Recueil": {"label": "MISC", "kb_qid": null, "url_wikidata": null}, "Litt\u00e9rature AVRIL": {"label": "MISC", "kb_qid": null, "url_wikidata": null}, "Mlle soleils": {"label": "PER", "kb_qid": null, "url_wikidata": null}, "Lux e": {"label": "MISC", "kb_qid": null, "url_wikidata": null}, "Chez l'H\u00e9riti\u00e8re": {"label": "MISC", "kb_qid": null, "url_wikidata": null}, "Imposer": {"label": "PER", "kb_qid": null, "url_wikidata": null}, "Sa Maj.": {"label": "MISC", "kb_qid": null, "url_wikidata": null}, "Priori": {"label": "PER", "kb_qid": null, "url_wikidata": null}, "Imp\u00e9riale & Approbation": {"label": "ORG", "kb_qid": null, "url_wikidata": null}, "Commissaire Examinateur": {"label": "ORG", "kb_qid": null, "url_wikidata": null}}, "ents_freq": {"DES PRINCE  r HI DEL'EUROPE": 1, "Ou Recueil": 1, "Litt\u00e9rature AVRIL": 1, "Mlle soleils": 1, "Lux e": 1, "Chez l'H\u00e9riti\u00e8re": 1, "Imposer": 1, "Sa Maj.": 1, "Priori": 1, "Imp\u00e9riale & Approbation": 1, "Commissaire Examinateur": 1}, "year": "1760", "month": "04", "page": "0"}