{"ents_info": {"Cl e du Cabines": {"label": "LOC", "kb_qid": null, "url_wikidata": null}, "Jess": {"label": "MISC", "kb_qid": null, "url_wikidata": null}, "ais qi": {"label": "PER", "kb_qid": null, "url_wikidata": null}, "Arts heureux &": {"label": "ORG", "kb_qid": null, "url_wikidata": null}, "Ast\u00e9rix": {"label": "MISC", "kb_qid": null, "url_wikidata": null}, "S": {"label": "LOC", "kb_qid": null, "url_wikidata": null}, "Industrie": {"label": "LOC", "kb_qid": null, "url_wikidata": null}, "Nature": {"label": "MISC", "kb_qid": null, "url_wikidata": null}, "Arts pour verser l'abondance....": {"label": "ORG", "kb_qid": null, "url_wikidata": null}, "Commerce appel dans les Villes le Marchand": {"label": "MISC", "kb_qid": null, "url_wikidata": null}, "& Jess": {"label": "MISC", "kb_qid": null, "url_wikidata": null}, "Air": {"label": "ORG", "kb_qid": null, "url_wikidata": null}, "Les Physiciens": {"label": "MISC", "kb_qid": null, "url_wikidata": null}}, "ents_freq": {"Cl e du Cabines": 1, "Jess": 1, "ais qi": 1, "Arts heureux &": 1, "Ast\u00e9rix": 1, "S": 1, "Industrie": 2, "Nature": 1, "Arts pour verser l'abondance....": 1, "Commerce appel dans les Villes le Marchand": 1, "& Jess": 1, "Air": 1, "Les Physiciens": 1}, "year": "1760", "month": "05", "page": "13"}