{"ents_info": {"Go": {"label": "MISC", "kb_qid": "Q37227", "url_wikidata": "https://www.wikidata.org/wiki/Q37227"}, "Autriche": {"label": "LOC", "kb_qid": "Q131964", "url_wikidata": "https://www.wikidata.org/wiki/Q131964"}, "\u00c9tats": {"label": "LOC", "kb_qid": "Q7275", "url_wikidata": "https://www.wikidata.org/wiki/Q7275"}, "Chambellans": {"label": "LOC", "kb_qid": "Q264323", "url_wikidata": "https://www.wikidata.org/wiki/Q264323"}, "Majest\u00e9s": {"label": "PER", "kb_qid": null, "url_wikidata": null}, "Grand \u00c9cuyer": {"label": "MISC", "kb_qid": "Q1549592", "url_wikidata": "https://www.wikidata.org/wiki/Q1549592"}, "Grand Ma\u00eetre": {"label": "MISC", "kb_qid": "Q1427773", "url_wikidata": "https://www.wikidata.org/wiki/Q1427773"}, "Son Altesse Royale & le Prince de Liechtenstein": {"label": "MISC", "kb_qid": null, "url_wikidata": null}, "Madame l'Archiduchesse": {"label": "PER", "kb_qid": null, "url_wikidata": null}, "Pages \u00e0 cheval": {"label": "MISC", "kb_qid": null, "url_wikidata": null}, "Gardes du Corps": {"label": "ORG", "kb_qid": "Q3095413", "url_wikidata": "https://www.wikidata.org/wiki/Q3095413"}, "Garde Noble Hongroise": {"label": "MISC", "kb_qid": null, "url_wikidata": null}, "Dames d'honneur": {"label": "MISC", "kb_qid": "Q3012651", "url_wikidata": "https://www.wikidata.org/wiki/Q3012651"}, "Dragons de l'Archiduc Joseph": {"label": "ORG", "kb_qid": null, "url_wikidata": null}, "Bourgeois": {"label": "MISC", "kb_qid": "Q52090", "url_wikidata": "https://www.wikidata.org/wiki/Q52090"}, "Capitaines des Gardes": {"label": "ORG", "kb_qid": null, "url_wikidata": null}, "Duc Charles": {"label": "PER", "kb_qid": "Q52928", "url_wikidata": "https://www.wikidata.org/wiki/Q52928"}, "Charlotte de Lorraine": {"label": "PER", "kb_qid": "Q2960924", "url_wikidata": "https://www.wikidata.org/wiki/Q2960924"}, "Eg": {"label": "MISC", "kb_qid": "Q236910", "url_wikidata": "https://www.wikidata.org/wiki/Q236910"}, "Conseillers d'Ekat": {"label": "ORG", "kb_qid": null, "url_wikidata": null}, "Grands Officiers": {"label": "ORG", "kb_qid": null, "url_wikidata": null}, "Clerg\u00e9": {"label": "LOC", "kb_qid": "Q234081", "url_wikidata": "https://www.wikidata.org/wiki/Q234081"}, "\u00c9v\u00eaques & Abb\u00e9s": {"label": "ORG", "kb_qid": null, "url_wikidata": null}, "Ile Nonce du": {"label": "LOC", "kb_qid": null, "url_wikidata": null}, "Pape": {"label": "PER", "kb_qid": "Q19546", "url_wikidata": "https://www.wikidata.org/wiki/Q19546"}, "Dames de la": {"label": "MISC", "kb_qid": null, "url_wikidata": null}, "Cour & de la Ville": {"label": "ORG", "kb_qid": null, "url_wikidata": null}, "Archiduc Joseph": {"label": "PER", "kb_qid": "Q319764", "url_wikidata": "https://www.wikidata.org/wiki/Q319764"}, "Madame Archiduchesse": {"label": "PER", "kb_qid": null, "url_wikidata": null}, "Altesses Royales": {"label": "PER", "kb_qid": "Q1252328", "url_wikidata": "https://www.wikidata.org/wiki/Q1252328"}, "Paix \u00e0 baiser": {"label": "MISC", "kb_qid": null, "url_wikidata": null}, "L'Imp\u00e9ratrice": {"label": "PER", "kb_qid": "Q1143019", "url_wikidata": "https://www.wikidata.org/wiki/Q1143019"}, "Grande Maitresse": {"label": "LOC", "kb_qid": null, "url_wikidata": null}, "Son": {"label": "PER", "kb_qid": "Q128124", "url_wikidata": "https://www.wikidata.org/wiki/Q128124"}, "Chapelle de Lorette": {"label": "LOC", "kb_qid": null, "url_wikidata": null}, "Empesa": {"label": "LOC", "kb_qid": null, "url_wikidata": null}}, "ents_freq": {"Go": 1, "Autriche": 1, "\u00c9tats": 2, "Chambellans": 2, "Majest\u00e9s": 2, "Grand \u00c9cuyer": 1, "Grand Ma\u00eetre": 1, "Son Altesse Royale & le Prince de Liechtenstein": 1, "Madame l'Archiduchesse": 3, "Pages \u00e0 cheval": 1, "Gardes du Corps": 1, "Garde Noble Hongroise": 1, "Dames d'honneur": 1, "Dragons de l'Archiduc Joseph": 1, "Bourgeois": 1, "Capitaines des Gardes": 1, "Duc Charles": 1, "Charlotte de Lorraine": 1, "Eg": 2, "Conseillers d'Ekat": 1, "Grands Officiers": 1, "Clerg\u00e9": 1, "\u00c9v\u00eaques & Abb\u00e9s": 1, "Ile Nonce du": 1, "Pape": 1, "Dames de la": 1, "Cour & de la Ville": 1, "Archiduc Joseph": 1, "Madame Archiduchesse": 1, "Altesses Royales": 1, "Paix \u00e0 baiser": 1, "L'Imp\u00e9ratrice": 1, "Grande Maitresse": 1, "Son": 1, "Chapelle de Lorette": 1, "Empesa": 1}, "year": "1760", "month": "11", "page": "50"}