{"ents_info": {"Princes": {"label": "PER", "kb_qid": "Q2747456", "url_wikidata": "https://www.wikidata.org/wiki/Q2747456"}, "Cet article des pouvoirs": {"label": "MISC", "kb_qid": null, "url_wikidata": null}, "Inde": {"label": "LOC", "kb_qid": "Q668", "url_wikidata": "https://www.wikidata.org/wiki/Q668"}, "Des uns des autres;": {"label": "MISC", "kb_qid": null, "url_wikidata": null}, "Iie": {"label": "ORG", "kb_qid": "Q3578204", "url_wikidata": "https://www.wikidata.org/wiki/Q3578204"}, "IIIe": {"label": "MISC", "kb_qid": "Q25321", "url_wikidata": "https://www.wikidata.org/wiki/Q25321"}, "Mr. Boulier": {"label": "PER", "kb_qid": null, "url_wikidata": null}, "aF & dessein": {"label": "MISC", "kb_qid": null, "url_wikidata": null}, "App": {"label": "MISC", "kb_qid": null, "url_wikidata": null}, ".IRD": {"label": "PER", "kb_qid": null, "url_wikidata": null}, "Nature": {"label": "MISC", "kb_qid": "Q180445", "url_wikidata": "https://www.wikidata.org/wiki/Q180445"}, "Des visions vagues & t\u00e9n\u00e8bres": {"label": "MISC", "kb_qid": null, "url_wikidata": null}, "Lucr\u00e8ce d'Apeure": {"label": "PER", "kb_qid": null, "url_wikidata": null}, "Mat\u00e9rialistes": {"label": "LOC", "kb_qid": "Q7081", "url_wikidata": "https://www.wikidata.org/wiki/Q7081"}, "Des m\u00e9l anges": {"label": "MISC", "kb_qid": null, "url_wikidata": null}, "Chimiste d\u00e9": {"label": "PER", "kb_qid": null, "url_wikidata": null}}, "ents_freq": {"Princes": 1, "Cet article des pouvoirs": 1, "Inde": 1, "Des uns des autres;": 1, "Iie": 1, "IIIe": 1, "Mr. Boulier": 2, "aF & dessein": 1, "App": 1, ".IRD": 1, "Nature": 1, "Des visions vagues & t\u00e9n\u00e8bres": 1, "Lucr\u00e8ce d'Apeure": 1, "Mat\u00e9rialistes": 1, "Des m\u00e9l anges": 1, "Chimiste d\u00e9": 1}, "year": "1760", "month": "02", "page": "6"}