{"ents_info": {"Prince": {"label": "PER", "kb_qid": "Q2747456", "url_wikidata": "https://www.wikidata.org/wiki/Q2747456"}, "I6O.": {"label": "MISC", "kb_qid": null, "url_wikidata": null}, "Roi": {"label": "PER", "kb_qid": "Q12097", "url_wikidata": "https://www.wikidata.org/wiki/Q12097"}, "Dragons": {"label": "MISC", "kb_qid": "Q7559", "url_wikidata": "https://www.wikidata.org/wiki/Q7559"}, "Barrit & ils": {"label": "MISC", "kb_qid": null, "url_wikidata": null}, "R\u00e9giment de l'Empereur": {"label": "ORG", "kb_qid": null, "url_wikidata": null}, "N'\u00e9perd, de celui de": {"label": "MISC", "kb_qid": null, "url_wikidata": null}, "Grisou": {"label": "LOC", "kb_qid": "Q394497", "url_wikidata": "https://www.wikidata.org/wiki/Q394497"}, "Bataillon de Barrit": {"label": "LOC", "kb_qid": null, "url_wikidata": null}, "Nos Cuirassiers de Spa": {"label": "MISC", "kb_qid": null, "url_wikidata": null}, "R\u00e9gi": {"label": "LOC", "kb_qid": "Q2732820", "url_wikidata": "https://www.wikidata.org/wiki/Q2732820"}, "Infanterie": {"label": "MISC", "kb_qid": "Q29171", "url_wikidata": "https://www.wikidata.org/wiki/Q29171"}, "Escadrons ennemis": {"label": "ORG", "kb_qid": null, "url_wikidata": null}, "Taureau": {"label": "LOC", "kb_qid": "Q693690", "url_wikidata": "https://www.wikidata.org/wiki/Q693690"}, "Elbe": {"label": "LOC", "kb_qid": "Q45328", "url_wikidata": "https://www.wikidata.org/wiki/Q45328"}, "Inna": {"label": "PER", "kb_qid": "Q12349", "url_wikidata": "https://www.wikidata.org/wiki/Q12349"}, "& le Prince de Holost\u00e9en": {"label": "MISC", "kb_qid": null, "url_wikidata": null}, "champ de Bataille": {"label": "LOC", "kb_qid": "Q178510", "url_wikidata": "https://www.wikidata.org/wiki/Q178510"}, "Ligne e d'Infanterie": {"label": "MISC", "kb_qid": null, "url_wikidata": null}, "Spitz": {"label": "LOC", "kb_qid": "Q854787", "url_wikidata": "https://www.wikidata.org/wiki/Q854787"}, "Mr. de Riehen": {"label": "MISC", "kb_qid": null, "url_wikidata": null}, "Autrichiens": {"label": "LOC", "kb_qid": "Q40", "url_wikidata": "https://www.wikidata.org/wiki/Q40"}, "Pontons": {"label": "LOC", "kb_qid": "Q1229275", "url_wikidata": "https://www.wikidata.org/wiki/Q1229275"}, "oz e Soldats prisonniers,29 Drapeaux": {"label": "MISC", "kb_qid": null, "url_wikidata": null}, "Frankenstein &": {"label": "MISC", "kb_qid": null, "url_wikidata": null}, "Bulot": {"label": "PER", "kb_qid": "Q3171031", "url_wikidata": "https://www.wikidata.org/wiki/Q3171031"}, "Officiers & e": {"label": "ORG", "kb_qid": null, "url_wikidata": null}, "Mar\u00e9chal e Comte de Da": {"label": "PER", "kb_qid": null, "url_wikidata": null}, "Voil\u00e0 sommairement la d\u00e9lation des exploits des": {"label": "MISC", "kb_qid": null, "url_wikidata": null}}, "ents_freq": {"Prince": 1, "I6O.": 1, "Roi": 2, "Dragons": 1, "Barrit & ils": 1, "R\u00e9giment de l'Empereur": 1, "N'\u00e9perd, de celui de": 1, "Grisou": 1, "Bataillon de Barrit": 1, "Nos Cuirassiers de Spa": 1, "R\u00e9gi": 1, "Infanterie": 1, "Escadrons ennemis": 1, "Taureau": 2, "Elbe": 2, "Inna": 1, "& le Prince de Holost\u00e9en": 1, "champ de Bataille": 1, "Ligne e d'Infanterie": 1, "Spitz": 1, "Mr. de Riehen": 1, "Autrichiens": 1, "Pontons": 1, "oz e Soldats prisonniers,29 Drapeaux": 1, "Frankenstein &": 1, "Bulot": 1, "Officiers & e": 1, "Mar\u00e9chal e Comte de Da": 1, "Voil\u00e0 sommairement la d\u00e9lation des exploits des": 1}, "year": "1760", "month": "12", "page": "56"}