{"ents_info": {"Princes": {"label": "LOC", "kb_qid": null, "url_wikidata": null}, "Merci & Promit": {"label": "MISC", "kb_qid": null, "url_wikidata": null}, "De feu de leur canon &": {"label": "MISC", "kb_qid": null, "url_wikidata": null}, "Hausdorff": {"label": "PER", "kb_qid": null, "url_wikidata": null}, "Lieutenant-G\u00e9n\u00e9ral": {"label": "LOC", "kb_qid": null, "url_wikidata": null}, "R\u0153sidorff": {"label": "LOC", "kb_qid": null, "url_wikidata": null}, "Taureau": {"label": "LOC", "kb_qid": null, "url_wikidata": null}, "canonneront": {"label": "LOC", "kb_qid": null, "url_wikidata": null}, "Pont": {"label": "LOC", "kb_qid": null, "url_wikidata": null}, "la Porte": {"label": "LOC", "kb_qid": null, "url_wikidata": null}, "Ber": {"label": "PER", "kb_qid": null, "url_wikidata": null}, "Partis": {"label": "LOC", "kb_qid": null, "url_wikidata": null}, "Crosse": {"label": "LOC", "kb_qid": null, "url_wikidata": null}, "Sommerfeld": {"label": "PER", "kb_qid": null, "url_wikidata": null}, "Places du Brandebourg": {"label": "LOC", "kb_qid": null, "url_wikidata": null}, "Magistrats avec les Eccl\u00e9siastiques, &": {"label": "MISC", "kb_qid": null, "url_wikidata": null}, "Roi de Prusse": {"label": "PER", "kb_qid": null, "url_wikidata": null}, "Boh\u00e8me des Otages": {"label": "MISC", "kb_qid": null, "url_wikidata": null}, "Prussiens": {"label": "MISC", "kb_qid": null, "url_wikidata": null}, "Pr le Colonel Reis": {"label": "PER", "kb_qid": null, "url_wikidata": null}, "Boh\u00e8me": {"label": "LOC", "kb_qid": null, "url_wikidata": null}, "M'acte": {"label": "MISC", "kb_qid": null, "url_wikidata": null}, "Ici une place.": {"label": "MISC", "kb_qid": null, "url_wikidata": null}, "Droit de la Guerre & ds Gens": {"label": "MISC", "kb_qid": null, "url_wikidata": null}, "Monast\u00e8re d'Oleg": {"label": "LOC", "kb_qid": null, "url_wikidata": null}, "J'inhumanit\u00e9.": {"label": "MISC", "kb_qid": null, "url_wikidata": null}, "Un Corps d'environ": {"label": "MISC", "kb_qid": null, "url_wikidata": null}, "ISO": {"label": "ORG", "kb_qid": null, "url_wikidata": null}, "Dragons & Partis francs e": {"label": "ORG", "kb_qid": null, "url_wikidata": null}, "Boh\u00e8me, e": {"label": "MISC", "kb_qid": null, "url_wikidata": null}, "Mont\u00e9e d'Ose": {"label": "MISC", "kb_qid": null, "url_wikidata": null}, "Volis, en de e manda e": {"label": "MISC", "kb_qid": null, "url_wikidata": null}}, "ents_freq": {"Princes": 1, "Merci & Promit": 1, "De feu de leur canon &": 1, "Hausdorff": 1, "Lieutenant-G\u00e9n\u00e9ral": 1, "R\u0153sidorff": 1, "Taureau": 1, "canonneront": 1, "Pont": 1, "la Porte": 1, "Ber": 1, "Partis": 1, "Crosse": 1, "Sommerfeld": 1, "Places du Brandebourg": 1, "Magistrats avec les Eccl\u00e9siastiques, &": 1, "Roi de Prusse": 1, "Boh\u00e8me des Otages": 1, "Prussiens": 1, "Pr le Colonel Reis": 1, "Boh\u00e8me": 1, "M'acte": 1, "Ici une place.": 1, "Droit de la Guerre & ds Gens": 1, "Monast\u00e8re d'Oleg": 1, "J'inhumanit\u00e9.": 1, "Un Corps d'environ": 1, "ISO": 1, "Dragons & Partis francs e": 1, "Boh\u00e8me, e": 1, "Mont\u00e9e d'Ose": 1, "Volis, en de e manda e": 1}, "year": "1760", "month": "02", "page": "56"}