{"ents_info": {"Princes": {"label": "LOC", "kb_qid": "Q1405556", "url_wikidata": "https://www.wikidata.org/wiki/Q1405556"}, "Janvier": {"label": "PER", "kb_qid": "Q108", "url_wikidata": "https://www.wikidata.org/wiki/Q108"}, "ARTICLE III": {"label": "MISC", "kb_qid": null, "url_wikidata": null}, "Esse": {"label": "LOC", "kb_qid": "Q378106", "url_wikidata": "https://www.wikidata.org/wiki/Q378106"}, "EPL.A": {"label": "MISC", "kb_qid": null, "url_wikidata": null}, "\u00e0-": {"label": "LOC", "kb_qid": null, "url_wikidata": null}, "Flotte Royale": {"label": "ORG", "kb_qid": "Q1338707", "url_wikidata": "https://www.wikidata.org/wiki/Q1338707"}, "Mer": {"label": "LOC", "kb_qid": "Q732823", "url_wikidata": "https://www.wikidata.org/wiki/Q732823"}, "2 Vaisseaux de Ligne": {"label": "MISC", "kb_qid": null, "url_wikidata": null}, "Fr\u00e9gates & deux": {"label": "MISC", "kb_qid": null, "url_wikidata": null}, "Comte de Conan Bienne": {"label": "PER", "kb_qid": null, "url_wikidata": null}, "Mar\u00e9chal de Fonc\u00e9 & Vice-amiral": {"label": "PER", "kb_qid": null, "url_wikidata": null}, "Port de Brest": {"label": "LOC", "kb_qid": "Q3398459", "url_wikidata": "https://www.wikidata.org/wiki/Q3398459"}, "I4": {"label": "LOC", "kb_qid": "Q1784109", "url_wikidata": "https://www.wikidata.org/wiki/Q1784109"}, "Vaisseaux": {"label": "MISC", "kb_qid": "Q3553318", "url_wikidata": "https://www.wikidata.org/wiki/Q3553318"}, "Baye de Quiberon, &": {"label": "LOC", "kb_qid": null, "url_wikidata": null}, "Angleterre": {"label": "LOC", "kb_qid": "Q179876", "url_wikidata": "https://www.wikidata.org/wiki/Q179876"}, "Fiotte Anglaise": {"label": "ORG", "kb_qid": null, "url_wikidata": null}, "ordre de la Cour": {"label": "ORG", "kb_qid": null, "url_wikidata": null}, "Anglais": {"label": "LOC", "kb_qid": "Q1860", "url_wikidata": "https://www.wikidata.org/wiki/Q1860"}, "Brest": {"label": "LOC", "kb_qid": "Q12193", "url_wikidata": "https://www.wikidata.org/wiki/Q12193"}, "Escadre du Roi": {"label": "ORG", "kb_qid": null, "url_wikidata": null}, "Belleville": {"label": "LOC", "kb_qid": "Q815949", "url_wikidata": "https://www.wikidata.org/wiki/Q815949"}, "Flottes": {"label": "LOC", "kb_qid": "Q189524", "url_wikidata": "https://www.wikidata.org/wiki/Q189524"}, "Ligne": {"label": "MISC", "kb_qid": "Q1274199", "url_wikidata": "https://www.wikidata.org/wiki/Q1274199"}, "H\u00e9ros & le Formidable": {"label": "MISC", "kb_qid": null, "url_wikidata": null}, "Vaisseau de l'arri\u00e8re-garde": {"label": "MISC", "kb_qid": null, "url_wikidata": null}, "Mr.le Cons": {"label": "PER", "kb_qid": null, "url_wikidata": null}, "V\u00e9cu-An": {"label": "LOC", "kb_qid": null, "url_wikidata": null}, "tees apyres": {"label": "PER", "kb_qid": null, "url_wikidata": null}}, "ents_freq": {"Princes": 1, "Janvier": 1, "ARTICLE III": 1, "Esse": 1, "EPL.A": 1, "\u00e0-": 1, "Flotte Royale": 1, "Mer": 1, "2 Vaisseaux de Ligne": 1, "Fr\u00e9gates & deux": 1, "Comte de Conan Bienne": 1, "Mar\u00e9chal de Fonc\u00e9 & Vice-amiral": 1, "Port de Brest": 1, "I4": 1, "Vaisseaux": 3, "Baye de Quiberon, &": 1, "Angleterre": 1, "Fiotte Anglaise": 1, "ordre de la Cour": 1, "Anglais": 1, "Brest": 1, "Escadre du Roi": 1, "Belleville": 1, "Flottes": 1, "Ligne": 1, "H\u00e9ros & le Formidable": 1, "Vaisseau de l'arri\u00e8re-garde": 1, "Mr.le Cons": 1, "V\u00e9cu-An": 1, "tees apyres": 1}, "year": "1760", "month": "01", "page": "46"}