{"ents_info": {"Princes": {"label": "LOC", "kb_qid": "Q1753066", "url_wikidata": "https://www.wikidata.org/wiki/Q1753066"}, "Marquis": {"label": "PER", "kb_qid": "Q209726", "url_wikidata": "https://www.wikidata.org/wiki/Q209726"}, "Sega": {"label": "ORG", "kb_qid": "Q122741", "url_wikidata": "https://www.wikidata.org/wiki/Q122741"}, "Lieutenant-G\u00e9n\u00e9ral": {"label": "ORG", "kb_qid": "Q152951", "url_wikidata": "https://www.wikidata.org/wiki/Q152951"}, "Mr. Fischer": {"label": "PER", "kb_qid": null, "url_wikidata": null}, "Corps": {"label": "ORG", "kb_qid": "Q519313", "url_wikidata": "https://www.wikidata.org/wiki/Q519313"}, "Mrs": {"label": "PER", "kb_qid": "Q924501", "url_wikidata": "https://www.wikidata.org/wiki/Q924501"}, "Peseuse,": {"label": "MISC", "kb_qid": null, "url_wikidata": null}, "Isa": {"label": "PER", "kb_qid": "Q17635036", "url_wikidata": "https://www.wikidata.org/wiki/Q17635036"}, "Chameau &": {"label": "LOC", "kb_qid": null, "url_wikidata": null}, "Vengez, Colonels": {"label": "MISC", "kb_qid": null, "url_wikidata": null}, "R\u00e9giment d'Alsace": {"label": "ORG", "kb_qid": "Q3455153", "url_wikidata": "https://www.wikidata.org/wiki/Q3455153"}, "Officiers": {"label": "MISC", "kb_qid": "Q163700", "url_wikidata": "https://www.wikidata.org/wiki/Q163700"}, "Fran\u00e7ois": {"label": "PER", "kb_qid": "Q130834", "url_wikidata": "https://www.wikidata.org/wiki/Q130834"}, "Alli\u00e9s": {"label": "MISC", "kb_qid": "Q215669", "url_wikidata": "https://www.wikidata.org/wiki/Q215669"}, "Marquis de Castres": {"label": "PER", "kb_qid": null, "url_wikidata": null}, "Burin": {"label": "PER", "kb_qid": "Q1900443", "url_wikidata": "https://www.wikidata.org/wiki/Q1900443"}, "Diesel": {"label": "ORG", "kb_qid": "Q174174", "url_wikidata": "https://www.wikidata.org/wiki/Q174174"}, "le Rhin": {"label": "LOC", "kb_qid": "Q584", "url_wikidata": "https://www.wikidata.org/wiki/Q584"}, "Ve sel": {"label": "MISC", "kb_qid": null, "url_wikidata": null}, "Rhin": {"label": "LOC", "kb_qid": "Q584", "url_wikidata": "https://www.wikidata.org/wiki/Q584"}, "Castres": {"label": "LOC", "kb_qid": "Q188776", "url_wikidata": "https://www.wikidata.org/wiki/Q188776"}, "Camp de Munich": {"label": "LOC", "kb_qid": null, "url_wikidata": null}, "Arm\u00e9e": {"label": "ORG", "kb_qid": "Q162513", "url_wikidata": "https://www.wikidata.org/wiki/Q162513"}, "Comte de Rythmer": {"label": "PER", "kb_qid": null, "url_wikidata": null}, "G\u00e9n\u00e9ral-Major": {"label": "PER", "kb_qid": "Q157148", "url_wikidata": "https://www.wikidata.org/wiki/Q157148"}, "Arm\u00e9es Imp\u00e9riales": {"label": "ORG", "kb_qid": "Q1721681", "url_wikidata": "https://www.wikidata.org/wiki/Q1721681"}, "Maison d'Autriche": {"label": "PER", "kb_qid": "Q3624777", "url_wikidata": "https://www.wikidata.org/wiki/Q3624777"}, "Vesoul": {"label": "LOC", "kb_qid": "Q203309", "url_wikidata": "https://www.wikidata.org/wiki/Q203309"}, "Roi de Prusse": {"label": "PER", "kb_qid": "Q27306", "url_wikidata": "https://www.wikidata.org/wiki/Q27306"}}, "ents_freq": {"Princes": 1, "Marquis": 1, "Sega": 1, "Lieutenant-G\u00e9n\u00e9ral": 1, "Mr. Fischer": 1, "Corps": 1, "Mrs": 1, "Peseuse,": 1, "Isa": 1, "Chameau &": 1, "Vengez, Colonels": 1, "R\u00e9giment d'Alsace": 1, "Officiers": 1, "Fran\u00e7ois": 2, "Alli\u00e9s": 3, "Marquis de Castres": 1, "Burin": 1, "Diesel": 1, "le Rhin": 2, "Ve sel": 1, "Rhin": 1, "Castres": 1, "Camp de Munich": 1, "Arm\u00e9e": 1, "Comte de Rythmer": 1, "G\u00e9n\u00e9ral-Major": 1, "Arm\u00e9es Imp\u00e9riales": 1, "Maison d'Autriche": 1, "Vesoul": 1, "Roi de Prusse": 1}, "year": "1760", "month": "11", "page": "46"}