{"ents_info": {"Princes": {"label": "LOC", "kb_qid": "Q2747456", "url_wikidata": "https://www.wikidata.org/wiki/Q2747456"}, "\u00c9tablissement de la Caroline M\u00e9ridionale e": {"label": "ORG", "kb_qid": null, "url_wikidata": null}, "Ch": {"label": "PER", "kb_qid": "Q160857", "url_wikidata": "https://www.wikidata.org/wiki/Q160857"}, "Nation": {"label": "ORG", "kb_qid": "Q1573359", "url_wikidata": "https://www.wikidata.org/wiki/Q1573359"}, "Mr. Singleton": {"label": "PER", "kb_qid": null, "url_wikidata": null}, "comnmunleulon age": {"label": "LOC", "kb_qid": null, "url_wikidata": null}, "Fort": {"label": "LOC", "kb_qid": "Q561724", "url_wikidata": "https://www.wikidata.org/wiki/Q561724"}, "Commerce": {"label": "LOC", "kb_qid": "Q601401", "url_wikidata": "https://www.wikidata.org/wiki/Q601401"}, "Russie": {"label": "LOC", "kb_qid": "Q159", "url_wikidata": "https://www.wikidata.org/wiki/Q159"}, "les Porta de cet maire": {"label": "MISC", "kb_qid": null, "url_wikidata": null}, "ps 'Escadre": {"label": "ORG", "kb_qid": null, "url_wikidata": null}, "Mer Baltique": {"label": "LOC", "kb_qid": "Q545", "url_wikidata": "https://www.wikidata.org/wiki/Q545"}, "Ministres du Roi": {"label": "PER", "kb_qid": null, "url_wikidata": null}, "Cour de Sa Imp\u00e9riale Ovarienne": {"label": "LOC", "kb_qid": null, "url_wikidata": null}, "Danemark": {"label": "LOC", "kb_qid": "Q131785", "url_wikidata": "https://www.wikidata.org/wiki/Q131785"}, "Alli\u00e9s": {"label": "MISC", "kb_qid": "Q3612401", "url_wikidata": "https://www.wikidata.org/wiki/Q3612401"}, "M'a\u00e8re de la Grande Bretagne": {"label": "MISC", "kb_qid": null, "url_wikidata": null}, "Prince \u00c9douard-Auguste": {"label": "PER", "kb_qid": "Q157009", "url_wikidata": "https://www.wikidata.org/wiki/Q157009"}, "Duc d'Yo r &": {"label": "PER", "kb_qid": null, "url_wikidata": null}, "Albanie &": {"label": "ORG", "kb_qid": null, "url_wikidata": null}, "Pair": {"label": "PER", "kb_qid": "Q1509927", "url_wikidata": "https://www.wikidata.org/wiki/Q1509927"}, "No Ales s Royale": {"label": "ORG", "kb_qid": null, "url_wikidata": null}, "Charge de Grand Amiral de la Grande-Bretagne: & Sa Maj.": {"label": "MISC", "kb_qid": null, "url_wikidata": null}, "Lettres Patentes": {"label": "MISC", "kb_qid": "Q1511010", "url_wikidata": "https://www.wikidata.org/wiki/Q1511010"}, "Mars": {"label": "LOC", "kb_qid": "Q111", "url_wikidata": "https://www.wikidata.org/wiki/Q111"}, "Georges Keith Comte de Marshall": {"label": "PER", "kb_qid": null, "url_wikidata": null}, "Maison de Stuart": {"label": "MISC", "kb_qid": "Q179840", "url_wikidata": "https://www.wikidata.org/wiki/Q179840"}, "Couronne, &": {"label": "ORG", "kb_qid": null, "url_wikidata": null}}, "ents_freq": {"Princes": 1, "\u00c9tablissement de la Caroline M\u00e9ridionale e": 1, "Ch": 1, "Nation": 1, "Mr. Singleton": 1, "comnmunleulon age": 1, "Fort": 1, "Commerce": 1, "Russie": 1, "les Porta de cet maire": 1, "ps 'Escadre": 1, "Mer Baltique": 1, "Ministres du Roi": 1, "Cour de Sa Imp\u00e9riale Ovarienne": 1, "Danemark": 1, "Alli\u00e9s": 1, "M'a\u00e8re de la Grande Bretagne": 1, "Prince \u00c9douard-Auguste": 1, "Duc d'Yo r &": 1, "Albanie &": 1, "Pair": 1, "No Ales s Royale": 1, "Charge de Grand Amiral de la Grande-Bretagne: & Sa Maj.": 1, "Lettres Patentes": 1, "Mars": 1, "Georges Keith Comte de Marshall": 1, "Maison de Stuart": 1, "Couronne, &": 1}, "year": "1760", "month": "05", "page": "44"}