{"ents_info": {"Armateurs Fran\u00e7ois": {"label": "ORG", "kb_qid": null, "url_wikidata": null}, "National": {"label": "LOC", "kb_qid": "Q864298", "url_wikidata": "https://www.wikidata.org/wiki/Q864298"}, "De nombre y paroi": {"label": "MISC", "kb_qid": null, "url_wikidata": null}, "Parlement": {"label": "ORG", "kb_qid": "Q35749", "url_wikidata": "https://www.wikidata.org/wiki/Q35749"}, "Couronne & de la Nation": {"label": "ORG", "kb_qid": null, "url_wikidata": null}, "Comines": {"label": "LOC", "kb_qid": "Q626537", "url_wikidata": "https://www.wikidata.org/wiki/Q626537"}, "Ekat": {"label": "ORG", "kb_qid": null, "url_wikidata": null}, "Chambre des Communes en Cont\u00e9 sur les subsides le": {"label": "LOC", "kb_qid": null, "url_wikidata": null}, "Milice Anglaise": {"label": "ORG", "kb_qid": null, "url_wikidata": null}, "Duch\u00e9 d'Argile": {"label": "LOC", "kb_qid": null, "url_wikidata": null}, "Montagnards \u00c9cossais": {"label": "MISC", "kb_qid": null, "url_wikidata": null}, "I56": {"label": "MISC", "kb_qid": "Q3483547", "url_wikidata": "https://www.wikidata.org/wiki/Q3483547"}, "\u00c9tablissement": {"label": "LOC", "kb_qid": "Q3178599", "url_wikidata": "https://www.wikidata.org/wiki/Q3178599"}, "Afrique": {"label": "LOC", "kb_qid": "Q15", "url_wikidata": "https://www.wikidata.org/wiki/Q15"}, "I27": {"label": "LOC", "kb_qid": "Q3483547", "url_wikidata": "https://www.wikidata.org/wiki/Q3483547"}, "sterling & dix Ross": {"label": "ORG", "kb_qid": null, "url_wikidata": null}, "H\u00f4pital des Enfants trou\u00e9s de": {"label": "LOC", "kb_qid": null, "url_wikidata": null}, "VIl": {"label": "LOC", "kb_qid": "Q12297", "url_wikidata": "https://www.wikidata.org/wiki/Q12297"}, "Londres": {"label": "LOC", "kb_qid": "Q84", "url_wikidata": "https://www.wikidata.org/wiki/Q84"}, "Communes": {"label": "ORG", "kb_qid": "Q11005", "url_wikidata": "https://www.wikidata.org/wiki/Q11005"}, "Caliers & I454 Fantassins": {"label": "MISC", "kb_qid": null, "url_wikidata": null}}, "ents_freq": {"Armateurs Fran\u00e7ois": 1, "National": 1, "De nombre y paroi": 1, "Parlement": 1, "Couronne & de la Nation": 1, "Comines": 1, "Ekat": 1, "Chambre des Communes en Cont\u00e9 sur les subsides le": 1, "Milice Anglaise": 1, "Duch\u00e9 d'Argile": 1, "Montagnards \u00c9cossais": 1, "I56": 1, "\u00c9tablissement": 1, "Afrique": 1, "I27": 1, "sterling & dix Ross": 1, "H\u00f4pital des Enfants trou\u00e9s de": 1, "VIl": 1, "Londres": 1, "Communes": 1, "Caliers & I454 Fantassins": 1}, "year": "1760", "month": "06", "page": "42"}