{"ents_info": {"AVIS": {"label": "ORG", "kb_qid": "Q2819579", "url_wikidata": "https://www.wikidata.org/wiki/Q2819579"}, "Public": {"label": "MISC", "kb_qid": "Q27785810", "url_wikidata": "https://www.wikidata.org/wiki/Q27785810"}, "L'attrapes & Paquets": {"label": "MISC", "kb_qid": null, "url_wikidata": null}, "H\u00e9riti\u00e8re de feu": {"label": "MISC", "kb_qid": null, "url_wikidata": null}, "Sr": {"label": "PER", "kb_qid": "Q938", "url_wikidata": "https://www.wikidata.org/wiki/Q938"}, "Ouvrage mental": {"label": "MISC", "kb_qid": null, "url_wikidata": null}, "Eo": {"label": "MISC", "kb_qid": "Q14529", "url_wikidata": "https://www.wikidata.org/wiki/Q14529"}, "Liv de tous Pays": {"label": "MISC", "kb_qid": null, "url_wikidata": null}, "Journaux Doriques, Politiques & Litt\u00e9raires, entre-autres M\u00e9moires des Arts & des Sciences de Travaux: M\u00e9moires": {"label": "MISC", "kb_qid": null, "url_wikidata": null}, "Histoire de Hommes": {"label": "MISC", "kb_qid": null, "url_wikidata": null}, "P\u00e8re Puceron": {"label": "PER", "kb_qid": null, "url_wikidata": null}, "Journal litt\u00e9raire i": {"label": "MISC", "kb_qid": null, "url_wikidata": null}, "L Haye": {"label": "LOC", "kb_qid": null, "url_wikidata": null}, "Paix d'Brecht, 2 volume": {"label": "MISC", "kb_qid": null, "url_wikidata": null}, "Biblioth\u00e8que Italique": {"label": "LOC", "kb_qid": null, "url_wikidata": null}, "Histoire Litt\u00e9raire de l'Italie": {"label": "MISC", "kb_qid": null, "url_wikidata": null}, "IL": {"label": "LOC", "kb_qid": "Q1204", "url_wikidata": "https://www.wikidata.org/wiki/Q1204"}, "Ouvrages des Sa vans,": {"label": "MISC", "kb_qid": null, "url_wikidata": null}, "Mr. de Beau m rdv": {"label": "PER", "kb_qid": null, "url_wikidata": null}, "I2 Tomes": {"label": "MISC", "kb_qid": null, "url_wikidata": null}, "Mr. de Casemate": {"label": "PER", "kb_qid": null, "url_wikidata": null}, "Journal": {"label": "MISC", "kb_qid": "Q3223697", "url_wikidata": "https://www.wikidata.org/wiki/Q3223697"}, "H\u00e9ritier": {"label": "PER", "kb_qid": "Q200303", "url_wikidata": "https://www.wikidata.org/wiki/Q200303"}, "M\u00e9moires du P. Cic\u00e9ron": {"label": "MISC", "kb_qid": null, "url_wikidata": null}, "Biblioth\u00e8que": {"label": "LOC", "kb_qid": "Q7075", "url_wikidata": "https://www.wikidata.org/wiki/Q7075"}, "Biblioth\u00e8que Germanique": {"label": "LOC", "kb_qid": null, "url_wikidata": null}}, "ents_freq": {"AVIS": 1, "Public": 1, "L'attrapes & Paquets": 1, "H\u00e9riti\u00e8re de feu": 1, "Sr": 1, "Ouvrage mental": 1, "Eo": 1, "Liv de tous Pays": 1, "Journaux Doriques, Politiques & Litt\u00e9raires, entre-autres M\u00e9moires des Arts & des Sciences de Travaux: M\u00e9moires": 1, "Histoire de Hommes": 1, "P\u00e8re Puceron": 1, "Journal litt\u00e9raire i": 1, "L Haye": 1, "Paix d'Brecht, 2 volume": 1, "Biblioth\u00e8que Italique": 2, "Histoire Litt\u00e9raire de l'Italie": 1, "IL": 1, "Ouvrages des Sa vans,": 1, "Mr. de Beau m rdv": 1, "I2 Tomes": 1, "Mr. de Casemate": 1, "Journal": 1, "H\u00e9ritier": 1, "M\u00e9moires du P. Cic\u00e9ron": 1, "Biblioth\u00e8que": 1, "Biblioth\u00e8que Germanique": 1}, "year": "1760", "month": "06", "page": "1"}