{"ents_info": {"Clx du Cabinet 284": {"label": "LOC", "kb_qid": null, "url_wikidata": null}, "Nous promettons": {"label": "MISC", "kb_qid": null, "url_wikidata": null}, "Obligations": {"label": "MISC", "kb_qid": "Q11693", "url_wikidata": "https://www.wikidata.org/wiki/Q11693"}, "Contractants": {"label": "LOC", "kb_qid": "Q93288", "url_wikidata": "https://www.wikidata.org/wiki/Q93288"}, "Registre": {"label": "LOC", "kb_qid": "Q539310", "url_wikidata": "https://www.wikidata.org/wiki/Q539310"}, "Tr\u00e9sor Royal de Hongrie": {"label": "ORG", "kb_qid": null, "url_wikidata": null}, "\u00c9tats h\u00e9r\u00e9ditaires d'Allemagne": {"label": "MISC", "kb_qid": null, "url_wikidata": null}, "Hongrie": {"label": "LOC", "kb_qid": "Q171150", "url_wikidata": "https://www.wikidata.org/wiki/Q171150"}, "Nous voulons qu'ils": {"label": "MISC", "kb_qid": null, "url_wikidata": null}, "Nous donnons & assignons en hypoth\u00e8que": {"label": "MISC", "kb_qid": null, "url_wikidata": null}, "Chambre Royale de Hongrie, libres &": {"label": "LOC", "kb_qid": null, "url_wikidata": null}, "Districts de Bacs & Th\u00e9s": {"label": "LOC", "kb_qid": null, "url_wikidata": null}, "Seigneurs de Peteraaradin": {"label": "MISC", "kb_qid": null, "url_wikidata": null}, "Arad": {"label": "LOC", "kb_qid": "Q173591", "url_wikidata": "https://www.wikidata.org/wiki/Q173591"}, "Toi": {"label": "PER", "kb_qid": "Q3530413", "url_wikidata": "https://www.wikidata.org/wiki/Q3530413"}, "Diosgyor": {"label": "MISC", "kb_qid": "Q767400", "url_wikidata": "https://www.wikidata.org/wiki/Q767400"}, "Gros Var": {"label": "LOC", "kb_qid": null, "url_wikidata": null}, "SemVer": {"label": "ORG", "kb_qid": null, "url_wikidata": null}, "Nous voulons &": {"label": "MISC", "kb_qid": null, "url_wikidata": null}}, "ents_freq": {"Clx du Cabinet 284": 1, "Nous promettons": 1, "Obligations": 1, "Contractants": 1, "Registre": 1, "Tr\u00e9sor Royal de Hongrie": 1, "\u00c9tats h\u00e9r\u00e9ditaires d'Allemagne": 1, "Hongrie": 1, "Nous voulons qu'ils": 1, "Nous donnons & assignons en hypoth\u00e8que": 1, "Chambre Royale de Hongrie, libres &": 1, "Districts de Bacs & Th\u00e9s": 1, "Seigneurs de Peteraaradin": 1, "Arad": 1, "Toi": 1, "Diosgyor": 1, "Gros Var": 1, "SemVer": 1, "Nous voulons &": 1}, "year": "1760", "month": "04", "page": "53"}