{"ents_info": {"Cl e A die Cabinet": {"label": "LOC", "kb_qid": null, "url_wikidata": null}, "Iles": {"label": "LOC", "kb_qid": null, "url_wikidata": null}, "Royaume": {"label": "LOC", "kb_qid": null, "url_wikidata": null}, "aF": {"label": "MISC", "kb_qid": null, "url_wikidata": null}, "Afrique & d'Europe": {"label": "ORG", "kb_qid": null, "url_wikidata": null}, "At": {"label": "LOC", "kb_qid": null, "url_wikidata": null}, "Ordonnance": {"label": "MISC", "kb_qid": null, "url_wikidata": null}, "Monarchie &": {"label": "MISC", "kb_qid": null, "url_wikidata": null}, "Cadix": {"label": "LOC", "kb_qid": null, "url_wikidata": null}, "Flotte": {"label": "LOC", "kb_qid": null, "url_wikidata": null}, "Europe": {"label": "LOC", "kb_qid": null, "url_wikidata": null}, "Lima &": {"label": "ORG", "kb_qid": null, "url_wikidata": null}, "Panama": {"label": "LOC", "kb_qid": null, "url_wikidata": null}, "Cour": {"label": "LOC", "kb_qid": null, "url_wikidata": null}, "Rome": {"label": "LOC", "kb_qid": null, "url_wikidata": null}, "Roi": {"label": "PER", "kb_qid": null, "url_wikidata": null}, "non-s'enferment S'-st": {"label": "PER", "kb_qid": null, "url_wikidata": null}, "Cardinal Aciajuoli": {"label": "PER", "kb_qid": null, "url_wikidata": null}, "Nonce du S. Si\u00e8ge": {"label": "PER", "kb_qid": null, "url_wikidata": null}, "Dragons cette": {"label": "MISC", "kb_qid": null, "url_wikidata": null}, "tan": {"label": "LOC", "kb_qid": null, "url_wikidata": null}, "Routier de Rome": {"label": "PER", "kb_qid": null, "url_wikidata": null}}, "ents_freq": {"Cl e A die Cabinet": 1, "Iles": 1, "Royaume": 2, "aF": 2, "Afrique & d'Europe": 1, "At": 1, "Ordonnance": 1, "Monarchie &": 1, "Cadix": 1, "Flotte": 1, "Europe": 1, "Lima &": 1, "Panama": 1, "Cour": 1, "Rome": 1, "Roi": 1, "non-s'enferment S'-st": 1, "Cardinal Aciajuoli": 1, "Nonce du S. Si\u00e8ge": 1, "Dragons cette": 1, "tan": 1, "Routier de Rome": 1}, "year": "1760", "month": "08", "page": "27"}