{"ents_info": {"La Clef du Cabinet": {"label": "MISC", "kb_qid": null, "url_wikidata": null}, "Janvier V2": {"label": "MISC", "kb_qid": null, "url_wikidata": null}, "Droits r\u00e9tablis p les E": {"label": "MISC", "kb_qid": null, "url_wikidata": null}, "Janvier i71": {"label": "MISC", "kb_qid": null, "url_wikidata": null}, "Offices, &": {"label": "ORG", "kb_qid": null, "url_wikidata": null}, "Droits sur les uns, neutres & fromages": {"label": "MISC", "kb_qid": null, "url_wikidata": null}, "Exits de Il & 747,": {"label": "MISC", "kb_qid": null, "url_wikidata": null}, "Ur": {"label": "MISC", "kb_qid": "Q5699", "url_wikidata": "https://www.wikidata.org/wiki/Q5699"}, "H\u00f4pital g\u00e9n\u00e9ral de cette Vie e somme annuelle de go mille livres": {"label": "LOC", "kb_qid": null, "url_wikidata": null}, "Exit que l\u00e9s": {"label": "MISC", "kb_qid": null, "url_wikidata": null}, "Volaille & le Gibier": {"label": "ORG", "kb_qid": null, "url_wikidata": null}, "Vins": {"label": "LOC", "kb_qid": "Q1445116", "url_wikidata": "https://www.wikidata.org/wiki/Q1445116"}, "Bourgeois": {"label": "ORG", "kb_qid": "Q52090", "url_wikidata": "https://www.wikidata.org/wiki/Q52090"}, "Droits": {"label": "MISC", "kb_qid": "Q21009452", "url_wikidata": "https://www.wikidata.org/wiki/Q21009452"}, "Indre": {"label": "LOC", "kb_qid": "Q12553", "url_wikidata": "https://www.wikidata.org/wiki/Q12553"}, "Maj.": {"label": "MISC", "kb_qid": "Q1230558", "url_wikidata": "https://www.wikidata.org/wiki/Q1230558"}, "Droits de vente &": {"label": "ORG", "kb_qid": null, "url_wikidata": null}, "Exit": {"label": "MISC", "kb_qid": "Q3061979", "url_wikidata": "https://www.wikidata.org/wiki/Q3061979"}, "One": {"label": "MISC", "kb_qid": "Q1165194", "url_wikidata": "https://www.wikidata.org/wiki/Q1165194"}, "San le sots.": {"label": "MISC", "kb_qid": null, "url_wikidata": null}, "Parlement": {"label": "ORG", "kb_qid": "Q35749", "url_wikidata": "https://www.wikidata.org/wiki/Q35749"}, "tilt dan": {"label": "ORG", "kb_qid": null, "url_wikidata": null}, "Procureur": {"label": "LOC", "kb_qid": "Q600751", "url_wikidata": "https://www.wikidata.org/wiki/Q600751"}, "G\u00e9n\u00e9ral du Roi": {"label": "PER", "kb_qid": null, "url_wikidata": null}, "Cr\u00e9anciers": {"label": "ORG", "kb_qid": "Q3006078", "url_wikidata": "https://www.wikidata.org/wiki/Q3006078"}, "Communaut\u00e9": {"label": "LOC", "kb_qid": "Q1120363", "url_wikidata": "https://www.wikidata.org/wiki/Q1120363"}, "aF": {"label": "MISC", "kb_qid": "Q11223", "url_wikidata": "https://www.wikidata.org/wiki/Q11223"}, "Titulaires": {"label": "MISC", "kb_qid": "Q2361162", "url_wikidata": "https://www.wikidata.org/wiki/Q2361162"}, "Affilas, & que les Droits prorog\u00e9s": {"label": "ORG", "kb_qid": null, "url_wikidata": null}, "Caisse": {"label": "ORG", "kb_qid": "Q2933254", "url_wikidata": "https://www.wikidata.org/wiki/Q2933254"}, "Pr l'Article VI": {"label": "PER", "kb_qid": null, "url_wikidata": null}, "Italie": {"label": "LOC", "kb_qid": "Q38", "url_wikidata": "https://www.wikidata.org/wiki/Q38"}, "ds Lettres Patentes": {"label": "PER", "kb_qid": null, "url_wikidata": null}}, "ents_freq": {"La Clef du Cabinet": 1, "Janvier V2": 1, "Droits r\u00e9tablis p les E": 1, "Janvier i71": 1, "Offices, &": 1, "Droits sur les uns, neutres & fromages": 1, "Exits de Il & 747,": 1, "Ur": 2, "H\u00f4pital g\u00e9n\u00e9ral de cette Vie e somme annuelle de go mille livres": 1, "Exit que l\u00e9s": 1, "Volaille & le Gibier": 1, "Vins": 1, "Bourgeois": 1, "Droits": 1, "Indre": 1, "Maj.": 1, "Droits de vente &": 1, "Exit": 2, "One": 1, "San le sots.": 1, "Parlement": 1, "tilt dan": 1, "Procureur": 1, "G\u00e9n\u00e9ral du Roi": 1, "Cr\u00e9anciers": 1, "Communaut\u00e9": 1, "aF": 1, "Titulaires": 1, "Affilas, & que les Droits prorog\u00e9s": 1, "Caisse": 1, "Pr l'Article VI": 1, "Italie": 1, "ds Lettres Patentes": 1}, "year": "1760", "month": "05", "page": "29"}