{"ents_info": {"Princes oc": {"label": "LOC", "kb_qid": null, "url_wikidata": null}, "Grelins": {"label": "LOC", "kb_qid": "Q3116398", "url_wikidata": "https://www.wikidata.org/wiki/Q3116398"}, "L'Ascq": {"label": "LOC", "kb_qid": null, "url_wikidata": null}, "Bec": {"label": "LOC", "kb_qid": "Q31528", "url_wikidata": "https://www.wikidata.org/wiki/Q31528"}, "Ou sir invit\u00e9s butor Marshals haros.": {"label": "MISC", "kb_qid": null, "url_wikidata": null}, "Regina": {"label": "PER", "kb_qid": "Q2123", "url_wikidata": "https://www.wikidata.org/wiki/Q2123"}, "Fanta superbe Splendeur": {"label": "MISC", "kb_qid": null, "url_wikidata": null}, "PSA": {"label": "ORG", "kb_qid": "Q6742", "url_wikidata": "https://www.wikidata.org/wiki/Q6742"}, "Europe": {"label": "ORG", "kb_qid": "Q46", "url_wikidata": "https://www.wikidata.org/wiki/Q46"}, "Theresa": {"label": "PER", "kb_qid": "Q2366159", "url_wikidata": "https://www.wikidata.org/wiki/Q2366159"}, "Splendeur monarque sui": {"label": "MISC", "kb_qid": null, "url_wikidata": null}, "F\u00e9licie gloria reg": {"label": "MISC", "kb_qid": null, "url_wikidata": null}, "Rasibus": {"label": "PER", "kb_qid": null, "url_wikidata": null}, "Plectre": {"label": "PER", "kb_qid": "Q181890", "url_wikidata": "https://www.wikidata.org/wiki/Q181890"}, "Saris": {"label": "LOC", "kb_qid": "Q445159", "url_wikidata": "https://www.wikidata.org/wiki/Q445159"}, "At": {"label": "LOC", "kb_qid": "Q999", "url_wikidata": "https://www.wikidata.org/wiki/Q999"}, "Au stria sot": {"label": "MISC", "kb_qid": null, "url_wikidata": null}, "Spi rat": {"label": "ORG", "kb_qid": null, "url_wikidata": null}, "Orn\u00e9s magnum R\u00e9gi": {"label": "MISC", "kb_qid": null, "url_wikidata": null}, "Victoria pedibus": {"label": "PER", "kb_qid": null, "url_wikidata": null}, "Flagrant": {"label": "MISC", "kb_qid": "Q30747919", "url_wikidata": "https://www.wikidata.org/wiki/Q30747919"}, "RT": {"label": "ORG", "kb_qid": "Q22868", "url_wikidata": "https://www.wikidata.org/wiki/Q22868"}, "Christie": {"label": "PER", "kb_qid": "Q2965844", "url_wikidata": "https://www.wikidata.org/wiki/Q2965844"}, "Disque sui gradins,": {"label": "MISC", "kb_qid": null, "url_wikidata": null}, "pedibus Theresa": {"label": "PER", "kb_qid": null, "url_wikidata": null}, "mus\u00e8 IT": {"label": "MISC", "kb_qid": null, "url_wikidata": null}, "Boy": {"label": "PER", "kb_qid": "Q207662", "url_wikidata": "https://www.wikidata.org/wiki/Q207662"}, "Steiner": {"label": "PER", "kb_qid": "Q78484", "url_wikidata": "https://www.wikidata.org/wiki/Q78484"}, "Da": {"label": "MISC", "kb_qid": "Q483261", "url_wikidata": "https://www.wikidata.org/wiki/Q483261"}, "gloria": {"label": "MISC", "kb_qid": "Q211979", "url_wikidata": "https://www.wikidata.org/wiki/Q211979"}, "Jos\u00e9 VANDERSTRTN": {"label": "PER", "kb_qid": null, "url_wikidata": null}, "Maillet": {"label": "PER", "kb_qid": "Q3202271", "url_wikidata": "https://www.wikidata.org/wiki/Q3202271"}, "Rh\u00e9toricien": {"label": "PER", "kb_qid": "Q81009", "url_wikidata": "https://www.wikidata.org/wiki/Q81009"}, "Luxembourg": {"label": "LOC", "kb_qid": "Q1842", "url_wikidata": "https://www.wikidata.org/wiki/Q1842"}, "Pi\u00e8ce": {"label": "MISC", "kb_qid": "Q471424", "url_wikidata": "https://www.wikidata.org/wiki/Q471424"}, "Accoles": {"label": "LOC", "kb_qid": null, "url_wikidata": null}, "V'anderstraten e": {"label": "MISC", "kb_qid": null, "url_wikidata": null}, "aF": {"label": "MISC", "kb_qid": "Q131005", "url_wikidata": "https://www.wikidata.org/wiki/Q131005"}, "Collige de serte Ville": {"label": "LOC", "kb_qid": null, "url_wikidata": null}}, "ents_freq": {"Princes oc": 1, "Grelins": 1, "L'Ascq": 1, "Bec": 1, "Ou sir invit\u00e9s butor Marshals haros.": 1, "Regina": 1, "Fanta superbe Splendeur": 1, "PSA": 4, "Europe": 1, "Theresa": 2, "Splendeur monarque sui": 1, "F\u00e9licie gloria reg": 1, "Rasibus": 1, "Plectre": 1, "Saris": 1, "At": 1, "Au stria sot": 1, "Spi rat": 1, "Orn\u00e9s magnum R\u00e9gi": 1, "Victoria pedibus": 1, "Flagrant": 1, "RT": 1, "Christie": 1, "Disque sui gradins,": 1, "pedibus Theresa": 1, "mus\u00e8 IT": 1, "Boy": 1, "Steiner": 1, "Da": 2, "gloria": 1, "Jos\u00e9 VANDERSTRTN": 1, "Maillet": 1, "Rh\u00e9toricien": 1, "Luxembourg": 1, "Pi\u00e8ce": 1, "Accoles": 2, "V'anderstraten e": 1, "aF": 1, "Collige de serte Ville": 1}, "year": "1760", "month": "09", "page": "26"}