{"ents_info": {"Princes": {"label": "LOC", "kb_qid": "Q2747456", "url_wikidata": "https://www.wikidata.org/wiki/Q2747456"}, "Z\u00eata": {"label": "LOC", "kb_qid": "Q107055212", "url_wikidata": "https://www.wikidata.org/wiki/Q107055212"}, "Prussien": {"label": "PER", "kb_qid": "Q27306", "url_wikidata": "https://www.wikidata.org/wiki/Q27306"}, "& deux Otages": {"label": "MISC", "kb_qid": null, "url_wikidata": null}, "Autrichien": {"label": "PER", "kb_qid": "Q237534", "url_wikidata": "https://www.wikidata.org/wiki/Q237534"}, "Cars": {"label": "ORG", "kb_qid": "Q182153", "url_wikidata": "https://www.wikidata.org/wiki/Q182153"}, "Mats": {"label": "PER", "kb_qid": "Q954888", "url_wikidata": "https://www.wikidata.org/wiki/Q954888"}, "Garnison Prussienne": {"label": "MISC", "kb_qid": "Q706042", "url_wikidata": "https://www.wikidata.org/wiki/Q706042"}, "Prendras": {"label": "LOC", "kb_qid": null, "url_wikidata": null}, "Capitaines de Cavalerie, un Lieutenant, six Corvettes, un Auditeur": {"label": "ORG", "kb_qid": null, "url_wikidata": null}, "Mar\u00e9chaux des-Lug.s": {"label": "PER", "kb_qid": null, "url_wikidata": null}, "Mar\u00e9chal": {"label": "PER", "kb_qid": "Q111837", "url_wikidata": "https://www.wikidata.org/wiki/Q111837"}, "Chirurgien & r7 Cavaliers": {"label": "ORG", "kb_qid": null, "url_wikidata": null}, "x86": {"label": "MISC", "kb_qid": "Q182933", "url_wikidata": "https://www.wikidata.org/wiki/Q182933"}, "erseau-R\u00e9actions": {"label": "MISC", "kb_qid": null, "url_wikidata": null}, "Presque": {"label": "MISC", "kb_qid": "Q104146967", "url_wikidata": "https://www.wikidata.org/wiki/Q104146967"}, "Prussiens": {"label": "LOC", "kb_qid": "Q109073", "url_wikidata": "https://www.wikidata.org/wiki/Q109073"}, "Saxe": {"label": "LOC", "kb_qid": "Q1202", "url_wikidata": "https://www.wikidata.org/wiki/Q1202"}, "Euler": {"label": "PER", "kb_qid": "Q7604", "url_wikidata": "https://www.wikidata.org/wiki/Q7604"}, "de Leipzig": {"label": "MISC", "kb_qid": "Q151005", "url_wikidata": "https://www.wikidata.org/wiki/Q151005"}, "O. Mrs": {"label": "PER", "kb_qid": null, "url_wikidata": null}}, "ents_freq": {"Princes": 1, "Z\u00eata": 1, "Prussien": 1, "& deux Otages": 1, "Autrichien": 1, "Cars": 1, "Mats": 1, "Garnison Prussienne": 1, "Prendras": 1, "Capitaines de Cavalerie, un Lieutenant, six Corvettes, un Auditeur": 1, "Mar\u00e9chaux des-Lug.s": 1, "Mar\u00e9chal": 1, "Chirurgien & r7 Cavaliers": 1, "x86": 1, "erseau-R\u00e9actions": 1, "Presque": 1, "Prussiens": 2, "Saxe": 1, "Euler": 1, "de Leipzig": 1, "O. Mrs": 1}, "year": "1760", "month": "05", "page": "52"}