{"ents_info": {"Princes oc": {"label": "LOC", "kb_qid": null, "url_wikidata": null}, "Le Laboureur": {"label": "PER", "kb_qid": null, "url_wikidata": null}, "bluet": {"label": "PER", "kb_qid": "Q5812410", "url_wikidata": "https://www.wikidata.org/wiki/Q5812410"}, "Moissonneur": {"label": "LOC", "kb_qid": "Q3109958", "url_wikidata": "https://www.wikidata.org/wiki/Q3109958"}, "Amour de la Patrie": {"label": "MISC", "kb_qid": null, "url_wikidata": null}, "De Tr\u00f4ne": {"label": "MISC", "kb_qid": null, "url_wikidata": null}, "Cour": {"label": "LOC", "kb_qid": "Q122880", "url_wikidata": "https://www.wikidata.org/wiki/Q122880"}, "Arm\u00e9e": {"label": "ORG", "kb_qid": "Q162513", "url_wikidata": "https://www.wikidata.org/wiki/Q162513"}, "Tribunaux": {"label": "MISC", "kb_qid": "Q1153685", "url_wikidata": "https://www.wikidata.org/wiki/Q1153685"}, "Romains": {"label": "LOC", "kb_qid": "Q1747689", "url_wikidata": "https://www.wikidata.org/wiki/Q1747689"}, "Artistes & aux \u00e9tudes des": {"label": "ORG", "kb_qid": null, "url_wikidata": null}, "Sa vans;": {"label": "MISC", "kb_qid": null, "url_wikidata": null}, "Livres utiles & ces Dissertations": {"label": "MISC", "kb_qid": null, "url_wikidata": null}, "Agriculture": {"label": "LOC", "kb_qid": "Q11451", "url_wikidata": "https://www.wikidata.org/wiki/Q11451"}, "Finances": {"label": "LOC", "kb_qid": "Q1322605", "url_wikidata": "https://www.wikidata.org/wiki/Q1322605"}, "Grands;": {"label": "MISC", "kb_qid": null, "url_wikidata": null}, "Livres pr\u00e9cieux": {"label": "MISC", "kb_qid": null, "url_wikidata": null}, "De L\u00e9gislateur": {"label": "PER", "kb_qid": null, "url_wikidata": null}, "Soci\u00e9t\u00e9 Royale des Sciences & Belles-lettres de Nancy": {"label": "ORG", "kb_qid": null, "url_wikidata": null}, "Lorrains": {"label": "LOC", "kb_qid": "Q48746418", "url_wikidata": "https://www.wikidata.org/wiki/Q48746418"}, "& demain l\u00e9": {"label": "MISC", "kb_qid": null, "url_wikidata": null}, "Manufacture": {"label": "ORG", "kb_qid": "Q3128590", "url_wikidata": "https://www.wikidata.org/wiki/Q3128590"}, "Lorraine": {"label": "LOC", "kb_qid": "Q1137", "url_wikidata": "https://www.wikidata.org/wiki/Q1137"}, "Manufactures d'ouvrages de": {"label": "MISC", "kb_qid": null, "url_wikidata": null}, "Laine;": {"label": "MISC", "kb_qid": null, "url_wikidata": null}, "Inspecteurs, &": {"label": "ORG", "kb_qid": null, "url_wikidata": null}, "Industrie &": {"label": "ORG", "kb_qid": null, "url_wikidata": null}, "Des meilleurs Citoyens, quand ils ne s'": {"label": "MISC", "kb_qid": null, "url_wikidata": null}, "L3": {"label": "MISC", "kb_qid": "Q3238020", "url_wikidata": "https://www.wikidata.org/wiki/Q3238020"}}, "ents_freq": {"Princes oc": 1, "Le Laboureur": 1, "bluet": 1, "Moissonneur": 1, "Amour de la Patrie": 1, "De Tr\u00f4ne": 1, "Cour": 1, "Arm\u00e9e": 1, "Tribunaux": 1, "Romains": 1, "Artistes & aux \u00e9tudes des": 1, "Sa vans;": 1, "Livres utiles & ces Dissertations": 1, "Agriculture": 1, "Finances": 1, "Grands;": 1, "Livres pr\u00e9cieux": 1, "De L\u00e9gislateur": 1, "Soci\u00e9t\u00e9 Royale des Sciences & Belles-lettres de Nancy": 1, "Lorrains": 1, "& demain l\u00e9": 1, "Manufacture": 1, "Lorraine": 1, "Manufactures d'ouvrages de": 1, "Laine;": 1, "Inspecteurs, &": 1, "Industrie &": 1, "Des meilleurs Citoyens, quand ils ne s'": 1, "L3": 1}, "year": "1760", "month": "09", "page": "4"}