{"ents_info": {"Princes etc.": {"label": "LOC", "kb_qid": null, "url_wikidata": null}, "Palais": {"label": "LOC", "kb_qid": "Q2047247", "url_wikidata": "https://www.wikidata.org/wiki/Q2047247"}, "Mr. Acciajuoli": {"label": "PER", "kb_qid": null, "url_wikidata": null}, "Ministre d'Etan": {"label": "ORG", "kb_qid": null, "url_wikidata": null}, "Ain": {"label": "LOC", "kb_qid": "Q3083", "url_wikidata": "https://www.wikidata.org/wiki/Q3083"}, "Minist\u00e8re du 'lape": {"label": "ORG", "kb_qid": null, "url_wikidata": null}, "Exit": {"label": "MISC", "kb_qid": "Q3061979", "url_wikidata": "https://www.wikidata.org/wiki/Q3061979"}, "J\u00e9suites": {"label": "ORG", "kb_qid": "Q36380", "url_wikidata": "https://www.wikidata.org/wiki/Q36380"}, "Portugal": {"label": "LOC", "kb_qid": "Q45", "url_wikidata": "https://www.wikidata.org/wiki/Q45"}, "Florence": {"label": "LOC", "kb_qid": "Q2044", "url_wikidata": "https://www.wikidata.org/wiki/Q2044"}, "Congr\u00e9gation de Cardinaux": {"label": "ORG", "kb_qid": null, "url_wikidata": null}, "Sa Saintet\u00e9": {"label": "PER", "kb_qid": "Q2604", "url_wikidata": "https://www.wikidata.org/wiki/Q2604"}, "St. Si\u00e8ge": {"label": "MISC", "kb_qid": null, "url_wikidata": null}, "H\u00f4tel": {"label": "LOC", "kb_qid": "Q1365179", "url_wikidata": "https://www.wikidata.org/wiki/Q1365179"}, "Mr. d'Amanda": {"label": "MISC", "kb_qid": null, "url_wikidata": null}, "Sieg": {"label": "MISC", "kb_qid": "Q152484", "url_wikidata": "https://www.wikidata.org/wiki/Q152484"}, "Sou": {"label": "PER", "kb_qid": "Q1003363", "url_wikidata": "https://www.wikidata.org/wiki/Q1003363"}, "R\u00e9publique de Gene": {"label": "LOC", "kb_qid": null, "url_wikidata": null}, "G\u00e9nois": {"label": "LOC", "kb_qid": "Q1449", "url_wikidata": "https://www.wikidata.org/wiki/Q1449"}, "De Pape": {"label": "PER", "kb_qid": "Q3020230", "url_wikidata": "https://www.wikidata.org/wiki/Q3020230"}, "Visiteur Apostolique": {"label": "MISC", "kb_qid": "Q592144", "url_wikidata": "https://www.wikidata.org/wiki/Q592144"}, "Seguia": {"label": "PER", "kb_qid": "Q3477754", "url_wikidata": "https://www.wikidata.org/wiki/Q3477754"}, "S Saintet\u00e9": {"label": "PER", "kb_qid": null, "url_wikidata": null}, "Corse": {"label": "LOC", "kb_qid": "Q14112", "url_wikidata": "https://www.wikidata.org/wiki/Q14112"}, "R\u00e9publique": {"label": "LOC", "kb_qid": "Q70802", "url_wikidata": "https://www.wikidata.org/wiki/Q70802"}, "Via Cour de Rome": {"label": "LOC", "kb_qid": null, "url_wikidata": null}, "Paolo": {"label": "PER", "kb_qid": "Q2707233", "url_wikidata": "https://www.wikidata.org/wiki/Q2707233"}, "Ile": {"label": "LOC", "kb_qid": "Q23442", "url_wikidata": "https://www.wikidata.org/wiki/Q23442"}}, "ents_freq": {"Princes etc.": 1, "Palais": 1, "Mr. Acciajuoli": 1, "Ministre d'Etan": 1, "Ain": 1, "Minist\u00e8re du 'lape": 1, "Exit": 2, "J\u00e9suites": 1, "Portugal": 2, "Florence": 1, "Congr\u00e9gation de Cardinaux": 1, "Sa Saintet\u00e9": 1, "St. Si\u00e8ge": 1, "H\u00f4tel": 1, "Mr. d'Amanda": 1, "Sieg": 1, "Sou": 1, "R\u00e9publique de Gene": 1, "G\u00e9nois": 1, "De Pape": 1, "Visiteur Apostolique": 1, "Seguia": 1, "S Saintet\u00e9": 1, "Corse": 2, "R\u00e9publique": 1, "Via Cour de Rome": 1, "Paolo": 1, "Ile": 1}, "year": "1760", "month": "09", "page": "30"}