{"ents_info": {"28 La Clef du C\u00e2ble": {"label": "MISC", "kb_qid": null, "url_wikidata": null}, "Brigades d'Infanterie": {"label": "ORG", "kb_qid": null, "url_wikidata": null}, "Gendarmerie & Des Carabiniers; mais en vain": {"label": "ORG", "kb_qid": null, "url_wikidata": null}, "Alli\u00e9s": {"label": "MISC", "kb_qid": "Q215669", "url_wikidata": "https://www.wikidata.org/wiki/Q215669"}, "Mur": {"label": "MISC", "kb_qid": "Q42948", "url_wikidata": "https://www.wikidata.org/wiki/Q42948"}, "I5 mille": {"label": "MISC", "kb_qid": null, "url_wikidata": null}, "Prince H\u00e9r\u00e9ditaire de Brunswick": {"label": "PER", "kb_qid": "Q58773", "url_wikidata": "https://www.wikidata.org/wiki/Q58773"}, "G\u00e9n\u00e9ral": {"label": "PER", "kb_qid": "Q83460", "url_wikidata": "https://www.wikidata.org/wiki/Q83460"}, "l Dimes": {"label": "MISC", "kb_qid": null, "url_wikidata": null}, "Prince de Brunswick": {"label": "PER", "kb_qid": null, "url_wikidata": null}, "\u00c9tendards": {"label": "PER", "kb_qid": "Q2912707", "url_wikidata": "https://www.wikidata.org/wiki/Q2912707"}, "Te Doum": {"label": "LOC", "kb_qid": null, "url_wikidata": null}, "Mr.": {"label": "MISC", "kb_qid": null, "url_wikidata": null}, "Mar\u00e9chal de Broglie": {"label": "PER", "kb_qid": "Q695929", "url_wikidata": "https://www.wikidata.org/wiki/Q695929"}, "Arm\u00e9e": {"label": "ORG", "kb_qid": "Q209507", "url_wikidata": "https://www.wikidata.org/wiki/Q209507"}, "Obarlustingen, &": {"label": "ORG", "kb_qid": null, "url_wikidata": null}, "Quartier G\u00e9n\u00e9ral": {"label": "LOC", "kb_qid": "Q7540126", "url_wikidata": "https://www.wikidata.org/wiki/Q7540126"}, "Granby": {"label": "PER", "kb_qid": "Q141881", "url_wikidata": "https://www.wikidata.org/wiki/Q141881"}, "Ag": {"label": "ORG", "kb_qid": "Q1090", "url_wikidata": "https://www.wikidata.org/wiki/Q1090"}, "Veld": {"label": "LOC", "kb_qid": "Q1433901", "url_wikidata": "https://www.wikidata.org/wiki/Q1433901"}, "Trust": {"label": "ORG", "kb_qid": "Q30601658", "url_wikidata": "https://www.wikidata.org/wiki/Q30601658"}, "Prince Ferdinand": {"label": "PER", "kb_qid": null, "url_wikidata": null}, "Va": {"label": "LOC", "kb_qid": "Q1370", "url_wikidata": "https://www.wikidata.org/wiki/Q1370"}, "Jour": {"label": "MISC", "kb_qid": "Q573", "url_wikidata": "https://www.wikidata.org/wiki/Q573"}, "Volkswagen": {"label": "ORG", "kb_qid": "Q246", "url_wikidata": "https://www.wikidata.org/wiki/Q246"}, "Hanovrien": {"label": "LOC", "kb_qid": "Q1501738", "url_wikidata": "https://www.wikidata.org/wiki/Q1501738"}}, "ents_freq": {"28 La Clef du C\u00e2ble": 1, "Brigades d'Infanterie": 1, "Gendarmerie & Des Carabiniers; mais en vain": 1, "Alli\u00e9s": 3, "Mur": 4, "I5 mille": 1, "Prince H\u00e9r\u00e9ditaire de Brunswick": 1, "G\u00e9n\u00e9ral": 1, "l Dimes": 1, "Prince de Brunswick": 1, "\u00c9tendards": 1, "Te Doum": 1, "Mr.": 1, "Mar\u00e9chal de Broglie": 1, "Arm\u00e9e": 1, "Obarlustingen, &": 1, "Quartier G\u00e9n\u00e9ral": 1, "Granby": 1, "Ag": 1, "Veld": 1, "Trust": 1, "Prince Ferdinand": 1, "Va": 1, "Jour": 1, "Volkswagen": 1, "Hanovrien": 1}, "year": "1760", "month": "09", "page": "67"}