{"ents_info": {"20 La Clef du Cabinet La": {"label": "MISC", "kb_qid": null, "url_wikidata": null}, "Providence": {"label": "LOC", "kb_qid": "Q866338", "url_wikidata": "https://www.wikidata.org/wiki/Q866338"}, "Nous ne pouvons regarder": {"label": "MISC", "kb_qid": null, "url_wikidata": null}, "Peuple": {"label": "MISC", "kb_qid": "Q2472587", "url_wikidata": "https://www.wikidata.org/wiki/Q2472587"}, "Supr\u00eame": {"label": "PER", "kb_qid": "Q70605", "url_wikidata": "https://www.wikidata.org/wiki/Q70605"}, "Protecteur, &": {"label": "MISC", "kb_qid": null, "url_wikidata": null}, "Tr\u00e8s-Haut": {"label": "LOC", "kb_qid": "Q421981", "url_wikidata": "https://www.wikidata.org/wiki/Q421981"}, "Dieu": {"label": "MISC", "kb_qid": "Q234801", "url_wikidata": "https://www.wikidata.org/wiki/Q234801"}, "Citoyens": {"label": "MISC", "kb_qid": "Q2974467", "url_wikidata": "https://www.wikidata.org/wiki/Q2974467"}, "\u00c9tats": {"label": "LOC", "kb_qid": "Q35657", "url_wikidata": "https://www.wikidata.org/wiki/Q35657"}, "la Patrie, quelque": {"label": "MISC", "kb_qid": null, "url_wikidata": null}, "Zele pour la Religion": {"label": "MISC", "kb_qid": null, "url_wikidata": null}, "Tr es-Haut": {"label": "LOC", "kb_qid": null, "url_wikidata": null}, "Nous avons trouv\u00e9 bon d'": {"label": "MISC", "kb_qid": null, "url_wikidata": null}, "Provinces-Unies": {"label": "LOC", "kb_qid": "Q170072", "url_wikidata": "https://www.wikidata.org/wiki/Q170072"}, "Pays Associ\u00e9s": {"label": "LOC", "kb_qid": null, "url_wikidata": null}, "Villes & Lieux": {"label": "ORG", "kb_qid": null, "url_wikidata": null}, "Mercredi r3": {"label": "LOC", "kb_qid": null, "url_wikidata": null}, "Mars": {"label": "PER", "kb_qid": "Q110", "url_wikidata": "https://www.wikidata.org/wiki/Q110"}, "Eg li ses du Pays": {"label": "MISC", "kb_qid": null, "url_wikidata": null}, "Nom de Dieu": {"label": "MISC", "kb_qid": "Q821090", "url_wikidata": "https://www.wikidata.org/wiki/Q821090"}, "Grace": {"label": "PER", "kb_qid": "Q3112985", "url_wikidata": "https://www.wikidata.org/wiki/Q3112985"}, "Nation": {"label": "LOC", "kb_qid": "Q6266", "url_wikidata": "https://www.wikidata.org/wiki/Q6266"}, "Cantiques & actions": {"label": "MISC", "kb_qid": null, "url_wikidata": null}, "Bon r\u00e9 divine": {"label": "MISC", "kb_qid": null, "url_wikidata": null}}, "ents_freq": {"20 La Clef du Cabinet La": 1, "Providence": 2, "Nous ne pouvons regarder": 1, "Peuple": 1, "Supr\u00eame": 1, "Protecteur, &": 1, "Tr\u00e8s-Haut": 1, "Dieu": 3, "Citoyens": 1, "\u00c9tats": 1, "la Patrie, quelque": 1, "Zele pour la Religion": 1, "Tr es-Haut": 1, "Nous avons trouv\u00e9 bon d'": 1, "Provinces-Unies": 1, "Pays Associ\u00e9s": 1, "Villes & Lieux": 1, "Mercredi r3": 1, "Mars": 1, "Eg li ses du Pays": 1, "Nom de Dieu": 1, "Grace": 1, "Nation": 1, "Cantiques & actions": 1, "Bon r\u00e9 divine": 1}, "year": "1766", "month": "03", "page": "63"}