{"ents_info": {"Princes de Otto": {"label": "LOC", "kb_qid": null, "url_wikidata": null}, "Roi": {"label": "PER", "kb_qid": "Q18384454", "url_wikidata": "https://www.wikidata.org/wiki/Q18384454"}, "Conseil": {"label": "ORG", "kb_qid": "Q8896", "url_wikidata": "https://www.wikidata.org/wiki/Q8896"}, "R\u00e9ponse du": {"label": "MISC", "kb_qid": null, "url_wikidata": null}, "Mars": {"label": "PER", "kb_qid": "Q110", "url_wikidata": "https://www.wikidata.org/wiki/Q110"}, "Juin I66": {"label": "MISC", "kb_qid": null, "url_wikidata": null}, "Officiers": {"label": "ORG", "kb_qid": "Q189290", "url_wikidata": "https://www.wikidata.org/wiki/Q189290"}, "Parlement de Grenoble": {"label": "ORG", "kb_qid": "Q3365540", "url_wikidata": "https://www.wikidata.org/wiki/Q3365540"}, "Minute dudit Arr\u00eat\u00e9": {"label": "MISC", "kb_qid": null, "url_wikidata": null}, "Han": {"label": "MISC", "kb_qid": "Q42740", "url_wikidata": "https://www.wikidata.org/wiki/Q42740"}, "Minute": {"label": "MISC", "kb_qid": "Q3315661", "url_wikidata": "https://www.wikidata.org/wiki/Q3315661"}, "Enjoint": {"label": "ORG", "kb_qid": null, "url_wikidata": null}, "Sr": {"label": "ORG", "kb_qid": "Q938", "url_wikidata": "https://www.wikidata.org/wiki/Q938"}, "Province de Dauphin\u00e9": {"label": "LOC", "kb_qid": "Q102173191", "url_wikidata": "https://www.wikidata.org/wiki/Q102173191"}, "Conseil d'Ekat du Roi": {"label": "ORG", "kb_qid": null, "url_wikidata": null}, "Sa Majest\u00e9": {"label": "PER", "kb_qid": "Q7732", "url_wikidata": "https://www.wikidata.org/wiki/Q7732"}, "Compi\u00e8gne": {"label": "LOC", "kb_qid": "Q516697", "url_wikidata": "https://www.wikidata.org/wiki/Q516697"}, "Ao\u00fbt I6": {"label": "MISC", "kb_qid": null, "url_wikidata": null}, "Arr\u00eat, le Roi": {"label": "MISC", "kb_qid": null, "url_wikidata": null}, "Rayez": {"label": "PER", "kb_qid": null, "url_wikidata": null}, "Minute de Arr\u00eat\u00e9 &": {"label": "MISC", "kb_qid": null, "url_wikidata": null}, "mon Arr\u00eat de ce jour": {"label": "MISC", "kb_qid": null, "url_wikidata": null}, "Sa Maj.": {"label": "PER", "kb_qid": null, "url_wikidata": null}, "D\u00e9put\u00e9s": {"label": "ORG", "kb_qid": "Q1055894", "url_wikidata": "https://www.wikidata.org/wiki/Q1055894"}, "Registres &": {"label": "MISC", "kb_qid": null, "url_wikidata": null}, "Registres de mes Cours": {"label": "MISC", "kb_qid": null, "url_wikidata": null}, "Actes de ma justice & personne": {"label": "MISC", "kb_qid": null, "url_wikidata": null}, "Parlement": {"label": "ORG", "kb_qid": "Q1130737", "url_wikidata": "https://www.wikidata.org/wiki/Q1130737"}, "Un Adis du Roi": {"label": "MISC", "kb_qid": null, "url_wikidata": null}}, "ents_freq": {"Princes de Otto": 1, "Roi": 1, "Conseil": 1, "R\u00e9ponse du": 1, "Mars": 1, "Juin I66": 1, "Officiers": 1, "Parlement de Grenoble": 1, "Minute dudit Arr\u00eat\u00e9": 1, "Han": 1, "Minute": 1, "Enjoint": 1, "Sr": 1, "Province de Dauphin\u00e9": 1, "Conseil d'Ekat du Roi": 1, "Sa Majest\u00e9": 1, "Compi\u00e8gne": 1, "Ao\u00fbt I6": 1, "Arr\u00eat, le Roi": 1, "Rayez": 1, "Minute de Arr\u00eat\u00e9 &": 1, "mon Arr\u00eat de ce jour": 1, "Sa Maj.": 1, "D\u00e9put\u00e9s": 1, "Registres &": 1, "Registres de mes Cours": 1, "Actes de ma justice & personne": 1, "Parlement": 1, "Un Adis du Roi": 1}, "year": "1766", "month": "10", "page": "24"}