{"ents_info": {"La Cl de Cabinet": {"label": "MISC", "kb_qid": null, "url_wikidata": null}, "N. Poids Ampliateur": {"label": "PER", "kb_qid": null, "url_wikidata": null}, "ALLEMAGNE": {"label": "LOC", "kb_qid": null, "url_wikidata": null}, "I": {"label": "LOC", "kb_qid": "Q9893", "url_wikidata": "https://www.wikidata.org/wiki/Q9893"}, "Mar\u00e9chal de Da un V": {"label": "PER", "kb_qid": null, "url_wikidata": null}, "Pr\u00e9sident": {"label": "PER", "kb_qid": "Q11696", "url_wikidata": "https://www.wikidata.org/wiki/Q11696"}, "Mar\u00e9chal de Colorado": {"label": "PER", "kb_qid": null, "url_wikidata": null}, "Seigneur": {"label": "PER", "kb_qid": "Q2366336", "url_wikidata": "https://www.wikidata.org/wiki/Q2366336"}, "Sa Majest\u00e9": {"label": "PER", "kb_qid": "Q669458", "url_wikidata": "https://www.wikidata.org/wiki/Q669458"}, "Acad\u00e9mies militaires": {"label": "ORG", "kb_qid": null, "url_wikidata": null}, "G\u00e9n\u00e9ral Comte de Hanses": {"label": "PER", "kb_qid": null, "url_wikidata": null}, "R\u00e9giment d'Infanterie": {"label": "MISC", "kb_qid": "Q2815303", "url_wikidata": "https://www.wikidata.org/wiki/Q2815303"}, "Prince de Pont\u00e2tes, G\u00e9n\u00e9ral": {"label": "PER", "kb_qid": null, "url_wikidata": null}, "& qui Cachette": {"label": "MISC", "kb_qid": null, "url_wikidata": null}, "R\u00e9giment": {"label": "LOC", "kb_qid": "Q2815918", "url_wikidata": "https://www.wikidata.org/wiki/Q2815918"}, "Phoniatrie": {"label": "PER", "kb_qid": "Q1501272", "url_wikidata": "https://www.wikidata.org/wiki/Q1501272"}, "ensuite(lev F\u00e9vrier": {"label": "ORG", "kb_qid": null, "url_wikidata": null}, "Arm\u00e9es le Comte de L'Ascq": {"label": "ORG", "kb_qid": null, "url_wikidata": null}, "G\u00e9n\u00e9ral d'Infanterie": {"label": "PER", "kb_qid": "Q694005", "url_wikidata": "https://www.wikidata.org/wiki/Q694005"}, "Conseil de Guerre": {"label": "ORG", "kb_qid": "Q28737", "url_wikidata": "https://www.wikidata.org/wiki/Q28737"}, "Ile I6 Mme": {"label": "LOC", "kb_qid": null, "url_wikidata": null}, "Salle du Conseil": {"label": "LOC", "kb_qid": null, "url_wikidata": null}, "Comte d'Krefeld": {"label": "PER", "kb_qid": null, "url_wikidata": null}}, "ents_freq": {"La Cl de Cabinet": 1, "N. Poids Ampliateur": 1, "ALLEMAGNE": 1, "I": 1, "Mar\u00e9chal de Da un V": 1, "Pr\u00e9sident": 2, "Mar\u00e9chal de Colorado": 1, "Seigneur": 1, "Sa Majest\u00e9": 1, "Acad\u00e9mies militaires": 1, "G\u00e9n\u00e9ral Comte de Hanses": 1, "R\u00e9giment d'Infanterie": 1, "Prince de Pont\u00e2tes, G\u00e9n\u00e9ral": 1, "& qui Cachette": 1, "R\u00e9giment": 1, "Phoniatrie": 1, "ensuite(lev F\u00e9vrier": 1, "Arm\u00e9es le Comte de L'Ascq": 1, "G\u00e9n\u00e9ral d'Infanterie": 1, "Conseil de Guerre": 1, "Ile I6 Mme": 1, "Salle du Conseil": 1, "Comte d'Krefeld": 1}, "year": "1766", "month": "04", "page": "71"}