{"ents_info": {"De": {"label": "PER", "kb_qid": null, "url_wikidata": null}, "Tyran": {"label": "MISC", "kb_qid": null, "url_wikidata": null}, "Mon": {"label": "MISC", "kb_qid": null, "url_wikidata": null}, "Histoire univers": {"label": "MISC", "kb_qid": null, "url_wikidata": null}, "Don Calme": {"label": "MISC", "kb_qid": null, "url_wikidata": null}, "Abb\u00e9 de S'": {"label": "PER", "kb_qid": null, "url_wikidata": null}, "Ouvrage": {"label": "MISC", "kb_qid": null, "url_wikidata": null}, "Exemplaires chez l'Imprimeur de ce Journal": {"label": "MISC", "kb_qid": null, "url_wikidata": null}, "ARTICLE II": {"label": "MISC", "kb_qid": null, "url_wikidata": null}, "E": {"label": "LOC", "kb_qid": null, "url_wikidata": null}, "Pie": {"label": "MISC", "kb_qid": null, "url_wikidata": null}, "Ekat": {"label": "PER", "kb_qid": null, "url_wikidata": null}, "Journaux publics semblent": {"label": "MISC", "kb_qid": null, "url_wikidata": null}, "D\u00e9clara devoir": {"label": "MISC", "kb_qid": null, "url_wikidata": null}, "D\u00e9claration & cinq Arr\u00eats du Roi": {"label": "MISC", "kb_qid": null, "url_wikidata": null}, "D\u00e9claration du Roi": {"label": "MISC", "kb_qid": null, "url_wikidata": null}, "Exit de Juin": {"label": "MISC", "kb_qid": null, "url_wikidata": null}}, "ents_freq": {"De": 1, "Tyran": 1, "Mon": 1, "Histoire univers": 1, "Don Calme": 2, "Abb\u00e9 de S'": 1, "Ouvrage": 1, "Exemplaires chez l'Imprimeur de ce Journal": 1, "ARTICLE II": 1, "E": 1, "Pie": 1, "Ekat": 1, "Journaux publics semblent": 1, "D\u00e9clara devoir": 1, "D\u00e9claration & cinq Arr\u00eats du Roi": 1, "D\u00e9claration du Roi": 1, "Exit de Juin": 1}, "year": "1766", "month": "09", "page": "12"}