{"ents_info": {"Princes": {"label": "LOC", "kb_qid": "Q2747456", "url_wikidata": "https://www.wikidata.org/wiki/Q2747456"}, "Ido 66": {"label": "MISC", "kb_qid": null, "url_wikidata": null}, "Cours du NORD, en TR117": {"label": "MISC", "kb_qid": null, "url_wikidata": null}, "Pi\u00e9tin\u00e9s partisse": {"label": "PER", "kb_qid": null, "url_wikidata": null}, "Provinces du Royaume": {"label": "LOC", "kb_qid": "Q209495", "url_wikidata": "https://www.wikidata.org/wiki/Q209495"}, "Nonces": {"label": "PER", "kb_qid": "Q157037", "url_wikidata": "https://www.wikidata.org/wiki/Q157037"}, "Dette g\u00e9n\u00e9rale de": {"label": "MISC", "kb_qid": null, "url_wikidata": null}, "Dette g\u00e9n\u00e9rale": {"label": "MISC", "kb_qid": null, "url_wikidata": null}, "Province de la Prusse": {"label": "LOC", "kb_qid": null, "url_wikidata": null}, "Pi\u00e9tin\u00e9s": {"label": "PER", "kb_qid": "Q2738848", "url_wikidata": "https://www.wikidata.org/wiki/Q2738848"}, "Conf\u00e9d\u00e9ration": {"label": "MISC", "kb_qid": "Q81931", "url_wikidata": "https://www.wikidata.org/wiki/Q81931"}, "Conseillers des Villes": {"label": "ORG", "kb_qid": null, "url_wikidata": null}, "Prince-\u00c9v\u00eaque de Vomie": {"label": "PER", "kb_qid": null, "url_wikidata": null}, "Pr\u00e9sident-Provincial": {"label": "PER", "kb_qid": null, "url_wikidata": null}, "Castillan d'Albin": {"label": "PER", "kb_qid": null, "url_wikidata": null}, "Eg": {"label": "MISC", "kb_qid": "Q236910", "url_wikidata": "https://www.wikidata.org/wiki/Q236910"}, "Paroissiale": {"label": "MISC", "kb_qid": "Q102496", "url_wikidata": "https://www.wikidata.org/wiki/Q102496"}, "Marin": {"label": "PER", "kb_qid": "Q629183", "url_wikidata": "https://www.wikidata.org/wiki/Q629183"}, "Eve": {"label": "MISC", "kb_qid": "Q239464", "url_wikidata": "https://www.wikidata.org/wiki/Q239464"}, "Cul": {"label": "PER", "kb_qid": "Q2231716", "url_wikidata": "https://www.wikidata.org/wiki/Q2231716"}, "Discours analogue": {"label": "MISC", "kb_qid": null, "url_wikidata": null}, "Pr\u00e9sident, &": {"label": "ORG", "kb_qid": null, "url_wikidata": null}, "BE": {"label": "LOC", "kb_qid": "Q11911", "url_wikidata": "https://www.wikidata.org/wiki/Q11911"}, "Pi\u00e9tin\u00e9s, &": {"label": "MISC", "kb_qid": null, "url_wikidata": null}, "Soda": {"label": "MISC", "kb_qid": "Q147538", "url_wikidata": "https://www.wikidata.org/wiki/Q147538"}, "Grande-Pologne": {"label": "LOC", "kb_qid": "Q54187", "url_wikidata": "https://www.wikidata.org/wiki/Q54187"}, "l Noblesse": {"label": "MISC", "kb_qid": null, "url_wikidata": null}}, "ents_freq": {"Princes": 1, "Ido 66": 1, "Cours du NORD, en TR117": 1, "Pi\u00e9tin\u00e9s partisse": 1, "Provinces du Royaume": 1, "Nonces": 1, "Dette g\u00e9n\u00e9rale de": 1, "Dette g\u00e9n\u00e9rale": 1, "Province de la Prusse": 1, "Pi\u00e9tin\u00e9s": 1, "Conf\u00e9d\u00e9ration": 2, "Conseillers des Villes": 1, "Prince-\u00c9v\u00eaque de Vomie": 1, "Pr\u00e9sident-Provincial": 1, "Castillan d'Albin": 1, "Eg": 1, "Paroissiale": 1, "Marin": 1, "Eve": 1, "Cul": 1, "Discours analogue": 1, "Pr\u00e9sident, &": 1, "BE": 1, "Pi\u00e9tin\u00e9s, &": 1, "Soda": 1, "Grande-Pologne": 1, "l Noblesse": 1}, "year": "1766", "month": "11", "page": "64"}