{"ents_info": {"I766": {"label": "LOC", "kb_qid": null, "url_wikidata": null}, "A6 Mons": {"label": "LOC", "kb_qid": null, "url_wikidata": null}, "la Bastille": {"label": "LOC", "kb_qid": "Q778784", "url_wikidata": "https://www.wikidata.org/wiki/Q778784"}, "Roi": {"label": "PER", "kb_qid": "Q18384454", "url_wikidata": "https://www.wikidata.org/wiki/Q18384454"}, "Parlement de Navarre": {"label": "ORG", "kb_qid": "Q12265623", "url_wikidata": "https://www.wikidata.org/wiki/Q12265623"}, "Exit": {"label": "MISC", "kb_qid": "Q3061985", "url_wikidata": "https://www.wikidata.org/wiki/Q3061985"}, "Juin I765": {"label": "MISC", "kb_qid": null, "url_wikidata": null}, "Officiers": {"label": "ORG", "kb_qid": "Q3349703", "url_wikidata": "https://www.wikidata.org/wiki/Q3349703"}, "\u00c9tats desdits gages,": {"label": "MISC", "kb_qid": null, "url_wikidata": null}, "Conseil": {"label": "ORG", "kb_qid": "Q37470", "url_wikidata": "https://www.wikidata.org/wiki/Q37470"}, "Parlement": {"label": "ORG", "kb_qid": "Q632552", "url_wikidata": "https://www.wikidata.org/wiki/Q632552"}, "Arr\u00eat": {"label": "PER", "kb_qid": "Q2032782", "url_wikidata": "https://www.wikidata.org/wiki/Q2032782"}, "Pau": {"label": "LOC", "kb_qid": "Q2260577", "url_wikidata": "https://www.wikidata.org/wiki/Q2260577"}, "Port de l'orient": {"label": "LOC", "kb_qid": null, "url_wikidata": null}, "Grandes- Indes": {"label": "ORG", "kb_qid": null, "url_wikidata": null}, "Vaisseaux": {"label": "MISC", "kb_qid": "Q3553318", "url_wikidata": "https://www.wikidata.org/wiki/Q3553318"}, "L\u00e9gion": {"label": "ORG", "kb_qid": "Q188559", "url_wikidata": "https://www.wikidata.org/wiki/Q188559"}, "Fort-Lois &": {"label": "LOC", "kb_qid": null, "url_wikidata": null}, "Esses de France & de Bourbon": {"label": "MISC", "kb_qid": null, "url_wikidata": null}, "Le Sr": {"label": "PER", "kb_qid": null, "url_wikidata": null}, "Ville de Lyon": {"label": "LOC", "kb_qid": "Q456", "url_wikidata": "https://www.wikidata.org/wiki/Q456"}, "Inde": {"label": "LOC", "kb_qid": "Q668", "url_wikidata": "https://www.wikidata.org/wiki/Q668"}, "Cour": {"label": "LOC", "kb_qid": "Q3001001", "url_wikidata": "https://www.wikidata.org/wiki/Q3001001"}, "\u00celes": {"label": "LOC", "kb_qid": "Q1348763", "url_wikidata": "https://www.wikidata.org/wiki/Q1348763"}, "Commissaire-G\u00e9n\u00e9ral": {"label": "LOC", "kb_qid": "Q17354342", "url_wikidata": "https://www.wikidata.org/wiki/Q17354342"}, "Intendant;": {"label": "MISC", "kb_qid": null, "url_wikidata": null}, "Sieur Bonnet": {"label": "PER", "kb_qid": null, "url_wikidata": null}, "Isole de Bourbon": {"label": "LOC", "kb_qid": null, "url_wikidata": null}, "Charge de Commissaire de la Marine": {"label": "MISC", "kb_qid": null, "url_wikidata": null}, "Rochefort": {"label": "LOC", "kb_qid": "Q207587", "url_wikidata": "https://www.wikidata.org/wiki/Q207587"}, "B\u00e2timent": {"label": "LOC", "kb_qid": "Q3333739", "url_wikidata": "https://www.wikidata.org/wiki/Q3333739"}, "Colonies;": {"label": "ORG", "kb_qid": null, "url_wikidata": null}, "Brest": {"label": "LOC", "kb_qid": "Q12193", "url_wikidata": "https://www.wikidata.org/wiki/Q12193"}, "rivi\u00e8re de Fontenelle": {"label": "LOC", "kb_qid": null, "url_wikidata": null}, "Port": {"label": "LOC", "kb_qid": "Q44782", "url_wikidata": "https://www.wikidata.org/wiki/Q44782"}, "Casernes": {"label": "LOC", "kb_qid": "Q131263", "url_wikidata": "https://www.wikidata.org/wiki/Q131263"}, "Matelots": {"label": "MISC", "kb_qid": "Q2253549", "url_wikidata": "https://www.wikidata.org/wiki/Q2253549"}, "Magazine particuliers pour les Vaisseaux &": {"label": "ORG", "kb_qid": null, "url_wikidata": null}}, "ents_freq": {"I766": 1, "A6 Mons": 1, "la Bastille": 1, "Roi": 1, "Parlement de Navarre": 1, "Exit": 1, "Juin I765": 1, "Officiers": 2, "\u00c9tats desdits gages,": 1, "Conseil": 1, "Parlement": 1, "Arr\u00eat": 1, "Pau": 1, "Port de l'orient": 1, "Grandes- Indes": 1, "Vaisseaux": 1, "L\u00e9gion": 1, "Fort-Lois &": 1, "Esses de France & de Bourbon": 1, "Le Sr": 1, "Ville de Lyon": 1, "Inde": 1, "Cour": 2, "\u00celes": 1, "Commissaire-G\u00e9n\u00e9ral": 1, "Intendant;": 1, "Sieur Bonnet": 1, "Isole de Bourbon": 1, "Charge de Commissaire de la Marine": 1, "Rochefort": 1, "B\u00e2timent": 1, "Colonies;": 1, "Brest": 1, "rivi\u00e8re de Fontenelle": 1, "Port": 1, "Casernes": 1, "Matelots": 1, "Magazine particuliers pour les Vaisseaux &": 1}, "year": "1766", "month": "12", "page": "74"}