{"ents_info": {"La Clef du Cabinet 1": {"label": "MISC", "kb_qid": null, "url_wikidata": null}, "Assembl\u00e9e": {"label": "ORG", "kb_qid": "Q193582", "url_wikidata": "https://www.wikidata.org/wiki/Q193582"}, "Roi": {"label": "PER", "kb_qid": "Q13592862", "url_wikidata": "https://www.wikidata.org/wiki/Q13592862"}, "Concurrent": {"label": "ORG", "kb_qid": "Q319676", "url_wikidata": "https://www.wikidata.org/wiki/Q319676"}, "An\u00e9rection": {"label": "PER", "kb_qid": null, "url_wikidata": null}, "Ministres de la Religion": {"label": "ORG", "kb_qid": null, "url_wikidata": null}, "Acteur qui toucha beaucoup": {"label": "MISC", "kb_qid": null, "url_wikidata": null}, "Bienfaits": {"label": "MISC", "kb_qid": null, "url_wikidata": null}, "Protecteur & de Pare": {"label": "MISC", "kb_qid": null, "url_wikidata": null}, "Professeurs de Philosophie & de Math\u00e9matiques": {"label": "MISC", "kb_qid": null, "url_wikidata": null}, "\u00c9clipse": {"label": "MISC", "kb_qid": "Q141022", "url_wikidata": "https://www.wikidata.org/wiki/Q141022"}, "Soleil": {"label": "LOC", "kb_qid": "Q525", "url_wikidata": "https://www.wikidata.org/wiki/Q525"}, "le Soleil": {"label": "LOC", "kb_qid": "Q3227253", "url_wikidata": "https://www.wikidata.org/wiki/Q3227253"}, "M\u00e9ridiens": {"label": "LOC", "kb_qid": "Q1413962", "url_wikidata": "https://www.wikidata.org/wiki/Q1413962"}, "Observatoire Royal de Paris": {"label": "LOC", "kb_qid": null, "url_wikidata": null}, "Pont-\u00e0-Mousson": {"label": "LOC", "kb_qid": "Q461413", "url_wikidata": "https://www.wikidata.org/wiki/Q461413"}, "J\u00e9suites Lorrains": {"label": "ORG", "kb_qid": null, "url_wikidata": null}, "Public": {"label": "MISC", "kb_qid": "Q211198", "url_wikidata": "https://www.wikidata.org/wiki/Q211198"}, "Planches du Trait\u00e9 historique des Planes de la Lorraine": {"label": "MISC", "kb_qid": null, "url_wikidata": null}}, "ents_freq": {"La Clef du Cabinet 1": 1, "Assembl\u00e9e": 1, "Roi": 2, "Concurrent": 1, "An\u00e9rection": 1, "Ministres de la Religion": 1, "Acteur qui toucha beaucoup": 1, "Bienfaits": 1, "Protecteur & de Pare": 1, "Professeurs de Philosophie & de Math\u00e9matiques": 1, "\u00c9clipse": 1, "Soleil": 1, "le Soleil": 1, "M\u00e9ridiens": 1, "Observatoire Royal de Paris": 1, "Pont-\u00e0-Mousson": 1, "J\u00e9suites Lorrains": 1, "Public": 1, "Planches du Trait\u00e9 historique des Planes de la Lorraine": 1}, "year": "1766", "month": "09", "page": "9"}