{"ents_info": {"La Cl e du": {"label": "MISC", "kb_qid": null, "url_wikidata": null}, "Cabinet Convention": {"label": "MISC", "kb_qid": null, "url_wikidata": null}, "Boh\u00e8me, & le Roi de France": {"label": "MISC", "kb_qid": null, "url_wikidata": null}, "Vienne": {"label": "LOC", "kb_qid": "Q12804", "url_wikidata": "https://www.wikidata.org/wiki/Q12804"}, "de France": {"label": "LOC", "kb_qid": "Q70972", "url_wikidata": "https://www.wikidata.org/wiki/Q70972"}, "CA Majest\u00e9": {"label": "ORG", "kb_qid": null, "url_wikidata": null}, "Boh\u00e8me, & Sa Majest\u00e9": {"label": "MISC", "kb_qid": null, "url_wikidata": null}, "De commerce respectif &": {"label": "MISC", "kb_qid": null, "url_wikidata": null}, "France": {"label": "LOC", "kb_qid": "Q47774", "url_wikidata": "https://www.wikidata.org/wiki/Q47774"}, "Sujets de l'Imp\u00e9ratrice-Reine Apostolique": {"label": "MISC", "kb_qid": null, "url_wikidata": null}, "\u00c9tats H\u00e9r\u00e9ditaires": {"label": "LOC", "kb_qid": null, "url_wikidata": null}, "Hongrie": {"label": "LOC", "kb_qid": "Q171150", "url_wikidata": "https://www.wikidata.org/wiki/Q171150"}, "Boh\u00e8me, d'Autriche & d'Italie": {"label": "MISC", "kb_qid": null, "url_wikidata": null}, "Sujets de Sa Maj.": {"label": "MISC", "kb_qid": null, "url_wikidata": null}, "les Peuples d\u00e9pendant des": {"label": "MISC", "kb_qid": null, "url_wikidata": null}, "Monarchies": {"label": "MISC", "kb_qid": "Q7269", "url_wikidata": "https://www.wikidata.org/wiki/Q7269"}, "Ministres soussign\u00e9s": {"label": "ORG", "kb_qid": null, "url_wikidata": null}, "Articles": {"label": "MISC", "kb_qid": "Q5707594", "url_wikidata": "https://www.wikidata.org/wiki/Q5707594"}, "ARTICLE I.": {"label": "PER", "kb_qid": null, "url_wikidata": null}, "Loi": {"label": "MISC", "kb_qid": "Q820655", "url_wikidata": "https://www.wikidata.org/wiki/Q820655"}, "Coutumes, Arr\u00eats": {"label": "MISC", "kb_qid": null, "url_wikidata": null}, "R\u00e8glement con": {"label": "MISC", "kb_qid": null, "url_wikidata": null}, "Des Sujets H\u00e9r\u00e9ditaires": {"label": "MISC", "kb_qid": null, "url_wikidata": null}, "Sa Maj.": {"label": "MISC", "kb_qid": null, "url_wikidata": null}, "Rescrits, D\u00e9crets, Ordonnances": {"label": "MISC", "kb_qid": null, "url_wikidata": null}, "Statuts on Coutumes": {"label": "MISC", "kb_qid": null, "url_wikidata": null}, "Rats H\u00e9r\u00e9ditaires": {"label": "MISC", "kb_qid": null, "url_wikidata": null}, "Sujets Fran\u00e7ois": {"label": "MISC", "kb_qid": null, "url_wikidata": null}, "Heures Parties-Contractantes": {"label": "MISC", "kb_qid": null, "url_wikidata": null}, "Constitution": {"label": "ORG", "kb_qid": "Q7755", "url_wikidata": "https://www.wikidata.org/wiki/Q7755"}, "Lars": {"label": "PER", "kb_qid": "Q16029011", "url_wikidata": "https://www.wikidata.org/wiki/Q16029011"}, "Convention": {"label": "MISC", "kb_qid": "Q183191", "url_wikidata": "https://www.wikidata.org/wiki/Q183191"}}, "ents_freq": {"La Cl e du": 1, "Cabinet Convention": 1, "Boh\u00e8me, & le Roi de France": 1, "Vienne": 1, "de France": 1, "CA Majest\u00e9": 1, "Boh\u00e8me, & Sa Majest\u00e9": 1, "De commerce respectif &": 1, "France": 1, "Sujets de l'Imp\u00e9ratrice-Reine Apostolique": 1, "\u00c9tats H\u00e9r\u00e9ditaires": 1, "Hongrie": 1, "Boh\u00e8me, d'Autriche & d'Italie": 1, "Sujets de Sa Maj.": 1, "les Peuples d\u00e9pendant des": 1, "Monarchies": 1, "Ministres soussign\u00e9s": 1, "Articles": 1, "ARTICLE I.": 1, "Loi": 1, "Coutumes, Arr\u00eats": 1, "R\u00e8glement con": 1, "Des Sujets H\u00e9r\u00e9ditaires": 1, "Sa Maj.": 1, "Rescrits, D\u00e9crets, Ordonnances": 1, "Statuts on Coutumes": 1, "Rats H\u00e9r\u00e9ditaires": 1, "Sujets Fran\u00e7ois": 1, "Heures Parties-Contractantes": 1, "Constitution": 1, "Lars": 1, "Convention": 1}, "year": "1766", "month": "12", "page": "35"}