{"ents_info": {"Proc\u00e8s e. Mare ISS": {"label": "MISC", "kb_qid": null, "url_wikidata": null}, "Proclamation": {"label": "MISC", "kb_qid": "Q1163090", "url_wikidata": "https://www.wikidata.org/wiki/Q1163090"}, "Sa Majest\u00e9 &": {"label": "ORG", "kb_qid": null, "url_wikidata": null}, "Isole": {"label": "LOC", "kb_qid": "Q1364549", "url_wikidata": "https://www.wikidata.org/wiki/Q1364549"}, "Ville de la Nouvelle-Orl\u00e9ans": {"label": "LOC", "kb_qid": null, "url_wikidata": null}, "Roi d'Espagne": {"label": "LOC", "kb_qid": "Q36234", "url_wikidata": "https://www.wikidata.org/wiki/Q36234"}, "Roi": {"label": "PER", "kb_qid": "Q7742", "url_wikidata": "https://www.wikidata.org/wiki/Q7742"}, "Canton de Schiste": {"label": "LOC", "kb_qid": null, "url_wikidata": null}, "Capitulation": {"label": "MISC", "kb_qid": "Q661305", "url_wikidata": "https://www.wikidata.org/wiki/Q661305"}, "Cantons": {"label": "LOC", "kb_qid": "Q184188", "url_wikidata": "https://www.wikidata.org/wiki/Q184188"}, "R\u00e8glement pour les Suisses": {"label": "MISC", "kb_qid": null, "url_wikidata": null}, "D\u00e9claration": {"label": "MISC", "kb_qid": "Q3042655", "url_wikidata": "https://www.wikidata.org/wiki/Q3042655"}, "Sujets de ce Canton": {"label": "MISC", "kb_qid": null, "url_wikidata": null}, "Royaume": {"label": "LOC", "kb_qid": "Q106782", "url_wikidata": "https://www.wikidata.org/wiki/Q106782"}, "Majest\u00e9": {"label": "PER", "kb_qid": "Q7742", "url_wikidata": "https://www.wikidata.org/wiki/Q7742"}, "Conseil": {"label": "ORG", "kb_qid": "Q37470", "url_wikidata": "https://www.wikidata.org/wiki/Q37470"}, "Elle & le Louable Corps Helv\u00e9tique &": {"label": "MISC", "kb_qid": null, "url_wikidata": null}, "Canton": {"label": "LOC", "kb_qid": "Q16572", "url_wikidata": "https://www.wikidata.org/wiki/Q16572"}, "Conseil &": {"label": "ORG", "kb_qid": null, "url_wikidata": null}, "Sa Maj.": {"label": "MISC", "kb_qid": null, "url_wikidata": null}, "Alli\u00e9s": {"label": "MISC", "kb_qid": "Q215669", "url_wikidata": "https://www.wikidata.org/wiki/Q215669"}, "Local M2": {"label": "MISC", "kb_qid": null, "url_wikidata": null}}, "ents_freq": {"Proc\u00e8s e. Mare ISS": 1, "Proclamation": 1, "Sa Majest\u00e9 &": 1, "Isole": 1, "Ville de la Nouvelle-Orl\u00e9ans": 1, "Roi d'Espagne": 1, "Roi": 1, "Canton de Schiste": 4, "Capitulation": 1, "Cantons": 1, "R\u00e8glement pour les Suisses": 1, "D\u00e9claration": 1, "Sujets de ce Canton": 1, "Royaume": 2, "Majest\u00e9": 1, "Conseil": 1, "Elle & le Louable Corps Helv\u00e9tique &": 1, "Canton": 2, "Conseil &": 1, "Sa Maj.": 1, "Alli\u00e9s": 1, "Local M2": 1}, "year": "1766", "month": "03", "page": "18"}