{"ents_info": {"Princes": {"label": "LOC", "kb_qid": null, "url_wikidata": null}, "Bourse": {"label": "ORG", "kb_qid": null, "url_wikidata": null}, "Maisons": {"label": "LOC", "kb_qid": null, "url_wikidata": null}, "N\u00e9gocias": {"label": "LOC", "kb_qid": null, "url_wikidata": null}, "Comptoirs": {"label": "MISC", "kb_qid": null, "url_wikidata": null}, "Pays": {"label": "LOC", "kb_qid": null, "url_wikidata": null}, "l'Ekat": {"label": "LOC", "kb_qid": null, "url_wikidata": null}, "Sieur Huassent": {"label": "PER", "kb_qid": null, "url_wikidata": null}, "Coll\u00e8ge de Commerce": {"label": "LOC", "kb_qid": null, "url_wikidata": null}, "D\u00e9putation des \u00c9tats au D\u00e9partement de la P\u00eache": {"label": "ORG", "kb_qid": null, "url_wikidata": null}, "Coll\u00e8ge pour la suret\u00e9": {"label": "ORG", "kb_qid": null, "url_wikidata": null}, "D\u00e9putation": {"label": "MISC", "kb_qid": null, "url_wikidata": null}, "Coll\u00e8ge de surseoir": {"label": "ORG", "kb_qid": null, "url_wikidata": null}, "\u00c9tats": {"label": "LOC", "kb_qid": null, "url_wikidata": null}, "Couronne &": {"label": "ORG", "kb_qid": null, "url_wikidata": null}, "I66": {"label": "LOC", "kb_qid": null, "url_wikidata": null}, "D subvenir": {"label": "MISC", "kb_qid": null, "url_wikidata": null}}, "ents_freq": {"Princes": 1, "Bourse": 1, "Maisons": 1, "N\u00e9gocias": 1, "Comptoirs": 1, "Pays": 1, "l'Ekat": 1, "Sieur Huassent": 1, "Coll\u00e8ge de Commerce": 2, "D\u00e9putation des \u00c9tats au D\u00e9partement de la P\u00eache": 1, "Coll\u00e8ge pour la suret\u00e9": 1, "D\u00e9putation": 3, "Coll\u00e8ge de surseoir": 1, "\u00c9tats": 1, "Couronne &": 1, "I66": 1, "D subvenir": 1}, "year": "1766", "month": "01", "page": "48"}