{"ents_info": {"Ordre de la Toison d'or": {"label": "ORG", "kb_qid": "Q465774", "url_wikidata": "https://www.wikidata.org/wiki/Q465774"}, "Ordres Militaires": {"label": "MISC", "kb_qid": "Q474717", "url_wikidata": "https://www.wikidata.org/wiki/Q474717"}, "Chevaliers de ces Ordres": {"label": "MISC", "kb_qid": null, "url_wikidata": null}, "Palais": {"label": "LOC", "kb_qid": "Q128745", "url_wikidata": "https://www.wikidata.org/wiki/Q128745"}, "Sa Maj.": {"label": "LOC", "kb_qid": null, "url_wikidata": null}, "Imp\u00e9ratrice Mer": {"label": "PER", "kb_qid": null, "url_wikidata": null}, "L'on d\u00e9clara solennellement le mariage du": {"label": "MISC", "kb_qid": null, "url_wikidata": null}, "Prince Albert de Saxe": {"label": "PER", "kb_qid": null, "url_wikidata": null}, "Archiduchesse Christine": {"label": "ORG", "kb_qid": null, "url_wikidata": null}, "Prince": {"label": "PER", "kb_qid": "Q2747456", "url_wikidata": "https://www.wikidata.org/wiki/Q2747456"}, "Fert-Mar\u00e9chal des Arm\u00e9es &": {"label": "LOC", "kb_qid": null, "url_wikidata": null}, "Capitaine G\u00e9n\u00e9ral": {"label": "PER", "kb_qid": "Q6344866", "url_wikidata": "https://www.wikidata.org/wiki/Q6344866"}, "Hongrie": {"label": "LOC", "kb_qid": "Q171150", "url_wikidata": "https://www.wikidata.org/wiki/Q171150"}, "Leurs Maj.": {"label": "MISC", "kb_qid": null, "url_wikidata": null}, "Fran\u00e7ois d'Est\u00e9rase": {"label": "PER", "kb_qid": null, "url_wikidata": null}, "Chancelier de Hongrie": {"label": "PER", "kb_qid": null, "url_wikidata": null}, "Prince de \u00e9ventuelle & le": {"label": "MISC", "kb_qid": null, "url_wikidata": null}, "Comte de Sa": {"label": "PER", "kb_qid": null, "url_wikidata": null}, "Grand Chambellan": {"label": "PER", "kb_qid": "Q1549372", "url_wikidata": "https://www.wikidata.org/wiki/Q1549372"}, "l'Empereur": {"label": "PER", "kb_qid": "Q517", "url_wikidata": "https://www.wikidata.org/wiki/Q517"}, "Archiduchesses, & le Prince Albert de Saxe": {"label": "MISC", "kb_qid": null, "url_wikidata": null}, "grande Antichambre": {"label": "MISC", "kb_qid": null, "url_wikidata": null}, "Famille Imp\u00e9riale dina": {"label": "MISC", "kb_qid": null, "url_wikidata": null}, "Majest\u00e9s Imp\u00e9riales": {"label": "PER", "kb_qid": null, "url_wikidata": null}, "L'Empereur": {"label": "PER", "kb_qid": "Q517", "url_wikidata": "https://www.wikidata.org/wiki/Q517"}, "Archiduchesses Marie-Anne": {"label": "LOC", "kb_qid": null, "url_wikidata": null}, "Am\u00e9lie & Jos\u00e9phine": {"label": "MISC", "kb_qid": null, "url_wikidata": null}, "Archiduchesses & le Prince Albert de Saxe": {"label": "ORG", "kb_qid": null, "url_wikidata": null}, "Ekat Major": {"label": "PER", "kb_qid": null, "url_wikidata": null}, "Altesses Royales & les Dames": {"label": "ORG", "kb_qid": null, "url_wikidata": null}, "apyres": {"label": "PER", "kb_qid": null, "url_wikidata": null}, "Imp\u00e9ratrice Douairi\u00e8re": {"label": "PER", "kb_qid": "Q2633173", "url_wikidata": "https://www.wikidata.org/wiki/Q2633173"}, "Archiducs": {"label": "MISC", "kb_qid": "Q154615", "url_wikidata": "https://www.wikidata.org/wiki/Q154615"}, "Ferdinand & Maximilien": {"label": "ORG", "kb_qid": null, "url_wikidata": null}}, "ents_freq": {"Ordre de la Toison d'or": 1, "Ordres Militaires": 1, "Chevaliers de ces Ordres": 1, "Palais": 1, "Sa Maj.": 1, "Imp\u00e9ratrice Mer": 1, "L'on d\u00e9clara solennellement le mariage du": 1, "Prince Albert de Saxe": 1, "Archiduchesse Christine": 1, "Prince": 2, "Fert-Mar\u00e9chal des Arm\u00e9es &": 1, "Capitaine G\u00e9n\u00e9ral": 1, "Hongrie": 1, "Leurs Maj.": 1, "Fran\u00e7ois d'Est\u00e9rase": 1, "Chancelier de Hongrie": 1, "Prince de \u00e9ventuelle & le": 1, "Comte de Sa": 1, "Grand Chambellan": 1, "l'Empereur": 1, "Archiduchesses, & le Prince Albert de Saxe": 1, "grande Antichambre": 1, "Famille Imp\u00e9riale dina": 1, "Majest\u00e9s Imp\u00e9riales": 1, "L'Empereur": 1, "Archiduchesses Marie-Anne": 1, "Am\u00e9lie & Jos\u00e9phine": 1, "Archiduchesses & le Prince Albert de Saxe": 1, "Ekat Major": 1, "Altesses Royales & les Dames": 1, "apyres": 1, "Imp\u00e9ratrice Douairi\u00e8re": 1, "Archiducs": 1, "Ferdinand & Maximilien": 1}, "year": "1766", "month": "02", "page": "58"}