{"ents_info": {"Cl e": {"label": "LOC", "kb_qid": null, "url_wikidata": null}, "Cabinet": {"label": "MISC", "kb_qid": null, "url_wikidata": null}, "Minist\u00e8re": {"label": "ORG", "kb_qid": null, "url_wikidata": null}, "Cours \u00e9trang\u00e8res": {"label": "MISC", "kb_qid": null, "url_wikidata": null}, "Conseils &": {"label": "ORG", "kb_qid": null, "url_wikidata": null}, "Couronne": {"label": "ORG", "kb_qid": null, "url_wikidata": null}, "Nation": {"label": "ORG", "kb_qid": null, "url_wikidata": null}, "Grande-Bretagne": {"label": "LOC", "kb_qid": null, "url_wikidata": null}, "Ministres, chacun extr\u00eamement": {"label": "MISC", "kb_qid": null, "url_wikidata": null}, "Cours de l'Europe": {"label": "MISC", "kb_qid": null, "url_wikidata": null}, "Marine": {"label": "ORG", "kb_qid": null, "url_wikidata": null}, "Cour": {"label": "LOC", "kb_qid": null, "url_wikidata": null}, "Continent": {"label": "LOC", "kb_qid": null, "url_wikidata": null}, "l'Ekat": {"label": "LOC", "kb_qid": null, "url_wikidata": null}, "Mr. Putt": {"label": "MISC", "kb_qid": null, "url_wikidata": null}, "Minist\u00e8re, &": {"label": "ORG", "kb_qid": null, "url_wikidata": null}}, "ents_freq": {"Cl e": 1, "Cabinet": 1, "Minist\u00e8re": 1, "Cours \u00e9trang\u00e8res": 1, "Conseils &": 1, "Couronne": 1, "Nation": 1, "Grande-Bretagne": 1, "Ministres, chacun extr\u00eamement": 1, "Cours de l'Europe": 1, "Marine": 1, "Cour": 2, "Continent": 1, "l'Ekat": 1, "Mr. Putt": 1, "Minist\u00e8re, &": 1}, "year": "1766", "month": "09", "page": "45"}