{"ents_info": {"La Oe du Con go": {"label": "MISC", "kb_qid": null, "url_wikidata": null}, "D\u00e9serteurs,": {"label": "MISC", "kb_qid": null, "url_wikidata": null}, "Suisses & d'Allemands": {"label": "ORG", "kb_qid": null, "url_wikidata": null}, "Soldats": {"label": "MISC", "kb_qid": "Q1216312", "url_wikidata": "https://www.wikidata.org/wiki/Q1216312"}, "R\u00e9giment: & 4e": {"label": "MISC", "kb_qid": null, "url_wikidata": null}, "Colonel": {"label": "PER", "kb_qid": "Q21074077", "url_wikidata": "https://www.wikidata.org/wiki/Q21074077"}, "Officiers": {"label": "MISC", "kb_qid": "Q189290", "url_wikidata": "https://www.wikidata.org/wiki/Q189290"}, "R\u00e9giment Royal": {"label": "ORG", "kb_qid": "Q109042862", "url_wikidata": "https://www.wikidata.org/wiki/Q109042862"}, "Portugal": {"label": "LOC", "kb_qid": "Q45", "url_wikidata": "https://www.wikidata.org/wiki/Q45"}, "Major": {"label": "MISC", "kb_qid": "Q983927", "url_wikidata": "https://www.wikidata.org/wiki/Q983927"}, "Ekat": {"label": "LOC", "kb_qid": null, "url_wikidata": null}, "Bas-Officiers & Soldats": {"label": "ORG", "kb_qid": null, "url_wikidata": null}, "Corps de troupes Portugaises": {"label": "MISC", "kb_qid": null, "url_wikidata": null}, "Royaume": {"label": "LOC", "kb_qid": "Q70972", "url_wikidata": "https://www.wikidata.org/wiki/Q70972"}, "Hollande": {"label": "LOC", "kb_qid": "Q762943", "url_wikidata": "https://www.wikidata.org/wiki/Q762943"}, "l'Am\u00e9rique": {"label": "LOC", "kb_qid": "Q126236", "url_wikidata": "https://www.wikidata.org/wiki/Q126236"}, "Cardinal d'York": {"label": "PER", "kb_qid": "Q318219", "url_wikidata": "https://www.wikidata.org/wiki/Q318219"}, "Grand Prieur Altier": {"label": "PER", "kb_qid": null, "url_wikidata": null}, "Marquis Action &": {"label": "ORG", "kb_qid": null, "url_wikidata": null}, "Don Marc Otto boni": {"label": "PER", "kb_qid": null, "url_wikidata": null}}, "ents_freq": {"La Oe du Con go": 1, "D\u00e9serteurs,": 1, "Suisses & d'Allemands": 1, "Soldats": 2, "R\u00e9giment: & 4e": 1, "Colonel": 2, "Officiers": 1, "R\u00e9giment Royal": 1, "Portugal": 1, "Major": 1, "Ekat": 1, "Bas-Officiers & Soldats": 1, "Corps de troupes Portugaises": 1, "Royaume": 1, "Hollande": 1, "l'Am\u00e9rique": 1, "Cardinal d'York": 1, "Grand Prieur Altier": 1, "Marquis Action &": 1, "Don Marc Otto boni": 1}, "year": "1766", "month": "04", "page": "67"}