{"ents_info": {"Cabinet  Mais": {"label": "MISC", "kb_qid": null, "url_wikidata": null}, "s4": {"label": "MISC", "kb_qid": "Q1670665", "url_wikidata": "https://www.wikidata.org/wiki/Q1670665"}, "l'Adresse des Lords": {"label": "MISC", "kb_qid": null, "url_wikidata": null}, "Minist\u00e8re": {"label": "ORG", "kb_qid": "Q1423891", "url_wikidata": "https://www.wikidata.org/wiki/Q1423891"}, "Minist\u00e8re sur les Sujets du Roi": {"label": "ORG", "kb_qid": null, "url_wikidata": null}, "Am\u00e9rique": {"label": "LOC", "kb_qid": "Q49", "url_wikidata": "https://www.wikidata.org/wiki/Q49"}, "Sa Maj.": {"label": "LOC", "kb_qid": null, "url_wikidata": null}, "l'Adresse": {"label": "MISC", "kb_qid": null, "url_wikidata": null}, "Sujets de Votre Majest\u00e9, les Lords Spirituels & Temporels": {"label": "MISC", "kb_qid": null, "url_wikidata": null}, "Parlement": {"label": "ORG", "kb_qid": "Q35749", "url_wikidata": "https://www.wikidata.org/wiki/Q35749"}, "Discours \u00e9man\u00e9 du Tr\u00f4ne": {"label": "MISC", "kb_qid": null, "url_wikidata": null}, "Votre Maj.": {"label": "MISC", "kb_qid": null, "url_wikidata": null}, "Votre Majest\u00e9, nous lui demandons la permission de la": {"label": "MISC", "kb_qid": null, "url_wikidata": null}, "Prince": {"label": "PER", "kb_qid": "Q2747456", "url_wikidata": "https://www.wikidata.org/wiki/Q2747456"}, "Maison": {"label": "MISC", "kb_qid": "Q704188", "url_wikidata": "https://www.wikidata.org/wiki/Q704188"}, "Royaumes": {"label": "MISC", "kb_qid": "Q417175", "url_wikidata": "https://www.wikidata.org/wiki/Q417175"}, "Io": {"label": "LOC", "kb_qid": "Q55614175", "url_wikidata": "https://www.wikidata.org/wiki/Q55614175"}, "z?le &": {"label": "MISC", "kb_qid": null, "url_wikidata": null}, "vair": {"label": "PER", "kb_qid": "Q1401158", "url_wikidata": "https://www.wikidata.org/wiki/Q1401158"}}, "ents_freq": {"Cabinet  Mais": 1, "s4": 1, "l'Adresse des Lords": 1, "Minist\u00e8re": 1, "Minist\u00e8re sur les Sujets du Roi": 1, "Am\u00e9rique": 1, "Sa Maj.": 1, "l'Adresse": 1, "Sujets de Votre Majest\u00e9, les Lords Spirituels & Temporels": 1, "Parlement": 2, "Discours \u00e9man\u00e9 du Tr\u00f4ne": 1, "Votre Maj.": 1, "Votre Majest\u00e9, nous lui demandons la permission de la": 1, "Prince": 1, "Maison": 1, "Royaumes": 1, "Io": 1, "z?le &": 1, "vair": 1}, "year": "1766", "month": "02", "page": "35"}