{"ents_info": {"Princes": {"label": "LOC", "kb_qid": null, "url_wikidata": null}, "Elme &": {"label": "MISC", "kb_qid": null, "url_wikidata": null}, "Comit\u00e9 de la Chambre des Communes": {"label": "ORG", "kb_qid": null, "url_wikidata": null}, "Ido": {"label": "PER", "kb_qid": null, "url_wikidata": null}, "Billets de l'\u00e9chiquier": {"label": "MISC", "kb_qid": null, "url_wikidata": null}, "Subsides": {"label": "MISC", "kb_qid": null, "url_wikidata": null}, "Parlement": {"label": "ORG", "kb_qid": null, "url_wikidata": null}, "Chambre": {"label": "ORG", "kb_qid": null, "url_wikidata": null}, "Acte de la troisi\u00e8me ann\u00e9e du pr\u00e9sent reg": {"label": "MISC", "kb_qid": null, "url_wikidata": null}, "Billets de Marine, d'approvisionnement oc": {"label": "MISC", "kb_qid": null, "url_wikidata": null}, "Milice": {"label": "ORG", "kb_qid": null, "url_wikidata": null}, "Bill": {"label": "MISC", "kb_qid": null, "url_wikidata": null}, "Acte du Timbre": {"label": "MISC", "kb_qid": null, "url_wikidata": null}, "Chambre des Pairs,;3 Membres": {"label": "LOC", "kb_qid": null, "url_wikidata": null}, "Loi & R\u00e8glement": {"label": "MISC", "kb_qid": null, "url_wikidata": null}, "es Colonies": {"label": "LOC", "kb_qid": null, "url_wikidata": null}, "Grande-Bretagne": {"label": "LOC", "kb_qid": null, "url_wikidata": null}, "soul\u00e8vement des Colonies de l'Am\u00e9rique": {"label": "MISC", "kb_qid": null, "url_wikidata": null}, "Couronne &": {"label": "ORG", "kb_qid": null, "url_wikidata": null}, "A": {"label": "LOC", "kb_qid": null, "url_wikidata": null}}, "ents_freq": {"Princes": 1, "Elme &": 1, "Comit\u00e9 de la Chambre des Communes": 1, "Ido": 1, "Billets de l'\u00e9chiquier": 1, "Subsides": 1, "Parlement": 3, "Chambre": 2, "Acte de la troisi\u00e8me ann\u00e9e du pr\u00e9sent reg": 1, "Billets de Marine, d'approvisionnement oc": 1, "Milice": 1, "Bill": 1, "Acte du Timbre": 2, "Chambre des Pairs,;3 Membres": 1, "Loi & R\u00e8glement": 1, "es Colonies": 1, "Grande-Bretagne": 1, "soul\u00e8vement des Colonies de l'Am\u00e9rique": 1, "Couronne &": 1, "A": 1}, "year": "1766", "month": "05", "page": "70"}