{"ents_info": {"Princes": {"label": "LOC", "kb_qid": "Q2747456", "url_wikidata": "https://www.wikidata.org/wiki/Q2747456"}, "Commission": {"label": "ORG", "kb_qid": "Q8880", "url_wikidata": "https://www.wikidata.org/wiki/Q8880"}, "Ordres": {"label": "ORG", "kb_qid": "Q662862", "url_wikidata": "https://www.wikidata.org/wiki/Q662862"}, "Parti patriotique": {"label": "ORG", "kb_qid": "Q9346766", "url_wikidata": "https://www.wikidata.org/wiki/Q9346766"}, "Chambre des Nobles": {"label": "LOC", "kb_qid": null, "url_wikidata": null}, "Gentilhomme": {"label": "PER", "kb_qid": "Q749212", "url_wikidata": "https://www.wikidata.org/wiki/Q749212"}, "Mar\u00e9chal de la Dette": {"label": "PER", "kb_qid": null, "url_wikidata": null}, "\u00c9lecteurs": {"label": "ORG", "kb_qid": "Q22722", "url_wikidata": "https://www.wikidata.org/wiki/Q22722"}, "Membres": {"label": "MISC", "kb_qid": "Q16707842", "url_wikidata": "https://www.wikidata.org/wiki/Q16707842"}, "Ordre \u00c9questre": {"label": "ORG", "kb_qid": "Q122166", "url_wikidata": "https://www.wikidata.org/wiki/Q122166"}, "Tribunal": {"label": "MISC", "kb_qid": "Q3538834", "url_wikidata": "https://www.wikidata.org/wiki/Q3538834"}, "D\u00e9put\u00e9s": {"label": "ORG", "kb_qid": "Q3044918", "url_wikidata": "https://www.wikidata.org/wiki/Q3044918"}, "Hoffmann": {"label": "PER", "kb_qid": "Q76607", "url_wikidata": "https://www.wikidata.org/wiki/Q76607"}, "Magistrat de cette Ville": {"label": "LOC", "kb_qid": null, "url_wikidata": null}, "AVEC": {"label": "MISC", "kb_qid": "Q917419", "url_wikidata": "https://www.wikidata.org/wiki/Q917419"}, "Magistrat &": {"label": "ORG", "kb_qid": null, "url_wikidata": null}, "la Ville": {"label": "LOC", "kb_qid": "Q2288", "url_wikidata": "https://www.wikidata.org/wiki/Q2288"}, "Boras": {"label": "LOC", "kb_qid": "Q26040", "url_wikidata": "https://www.wikidata.org/wiki/Q26040"}, "Paysans": {"label": "MISC", "kb_qid": "Q3234513", "url_wikidata": "https://www.wikidata.org/wiki/Q3234513"}, "Souverain": {"label": "PER", "kb_qid": "Q42008", "url_wikidata": "https://www.wikidata.org/wiki/Q42008"}, "Magistrat": {"label": "LOC", "kb_qid": "Q4594605", "url_wikidata": "https://www.wikidata.org/wiki/Q4594605"}, "Dieu": {"label": "MISC", "kb_qid": "Q190", "url_wikidata": "https://www.wikidata.org/wiki/Q190"}, "Roi &&": {"label": "ORG", "kb_qid": null, "url_wikidata": null}, "Camp": {"label": "LOC", "kb_qid": "Q2614518", "url_wikidata": "https://www.wikidata.org/wiki/Q2614518"}}, "ents_freq": {"Princes": 1, "Commission": 2, "Ordres": 1, "Parti patriotique": 1, "Chambre des Nobles": 1, "Gentilhomme": 1, "Mar\u00e9chal de la Dette": 1, "\u00c9lecteurs": 1, "Membres": 1, "Ordre \u00c9questre": 1, "Tribunal": 1, "D\u00e9put\u00e9s": 1, "Hoffmann": 1, "Magistrat de cette Ville": 1, "AVEC": 1, "Magistrat &": 1, "la Ville": 2, "Boras": 1, "Paysans": 1, "Souverain": 1, "Magistrat": 1, "Dieu": 1, "Roi &&": 1, "Camp": 1}, "year": "1766", "month": "08", "page": "68"}