{"ents_info": {"28 L Cl e": {"label": "LOC", "kb_qid": null, "url_wikidata": null}, "Cabinet": {"label": "MISC", "kb_qid": "Q112014", "url_wikidata": "https://www.wikidata.org/wiki/Q112014"}, "Lettre": {"label": "PER", "kb_qid": "Q914129", "url_wikidata": "https://www.wikidata.org/wiki/Q914129"}, "Ex-Magistrat": {"label": "PER", "kb_qid": null, "url_wikidata": null}, "Roi": {"label": "PER", "kb_qid": "Q18384454", "url_wikidata": "https://www.wikidata.org/wiki/Q18384454"}, "Un ancien Magistrat": {"label": "MISC", "kb_qid": null, "url_wikidata": null}, "Votre Majest\u00e9 &": {"label": "MISC", "kb_qid": null, "url_wikidata": null}, "l'Ekat": {"label": "LOC", "kb_qid": null, "url_wikidata": null}, "Prs": {"label": "ORG", "kb_qid": "Q1346893", "url_wikidata": "https://www.wikidata.org/wiki/Q1346893"}, "Los prisons de vos": {"label": "MISC", "kb_qid": null, "url_wikidata": null}, "Ch\u00e2teaux du Taureau &": {"label": "LOC", "kb_qid": null, "url_wikidata": null}, "Votre Mai": {"label": "MISC", "kb_qid": null, "url_wikidata": null}, "Deux Billets": {"label": "MISC", "kb_qid": null, "url_wikidata": null}, "Mr. le Comte de Saint-Florentin": {"label": "PER", "kb_qid": null, "url_wikidata": null}, "Procureur-G\u00e9n\u00e9ral": {"label": "LOC", "kb_qid": "Q3406484", "url_wikidata": "https://www.wikidata.org/wiki/Q3406484"}, "Billets": {"label": "LOC", "kb_qid": "Q47433", "url_wikidata": "https://www.wikidata.org/wiki/Q47433"}, "Le troisi\u00e8me": {"label": "MISC", "kb_qid": "Q1193023", "url_wikidata": "https://www.wikidata.org/wiki/Q1193023"}, "Comte de Rez guise": {"label": "PER", "kb_qid": null, "url_wikidata": null}, "Chatou": {"label": "LOC", "kb_qid": "Q240752", "url_wikidata": "https://www.wikidata.org/wiki/Q240752"}, "Bof": {"label": "MISC", "kb_qid": null, "url_wikidata": null}, "Marquise de la Roche": {"label": "PER", "kb_qid": null, "url_wikidata": null}, "\u00c9tats de Nantes, &": {"label": "LOC", "kb_qid": null, "url_wikidata": null}, "Gentilhomme": {"label": "PER", "kb_qid": "Q749212", "url_wikidata": "https://www.wikidata.org/wiki/Q749212"}, "Votre Maj": {"label": "MISC", "kb_qid": null, "url_wikidata": null}, "\u00c9tats": {"label": "LOC", "kb_qid": "Q35657", "url_wikidata": "https://www.wikidata.org/wiki/Q35657"}, "Comte de Verg\u00e9es": {"label": "PER", "kb_qid": null, "url_wikidata": null}}, "ents_freq": {"28 L Cl e": 1, "Cabinet": 1, "Lettre": 1, "Ex-Magistrat": 1, "Roi": 1, "Un ancien Magistrat": 1, "Votre Majest\u00e9 &": 1, "l'Ekat": 1, "Prs": 1, "Los prisons de vos": 1, "Ch\u00e2teaux du Taureau &": 1, "Votre Mai": 1, "Deux Billets": 1, "Mr. le Comte de Saint-Florentin": 1, "Procureur-G\u00e9n\u00e9ral": 1, "Billets": 1, "Le troisi\u00e8me": 1, "Comte de Rez guise": 1, "Chatou": 1, "Bof": 2, "Marquise de la Roche": 1, "\u00c9tats de Nantes, &": 1, "Gentilhomme": 1, "Votre Maj": 1, "\u00c9tats": 1, "Comte de Verg\u00e9es": 1}, "year": "1766", "month": "11", "page": "25"}