{"ents_info": {"Princes": {"label": "LOC", "kb_qid": "Q2747456", "url_wikidata": "https://www.wikidata.org/wiki/Q2747456"}, "I1 Dippoldisiald": {"label": "PER", "kb_qid": null, "url_wikidata": null}, "Dresde": {"label": "LOC", "kb_qid": "Q17594", "url_wikidata": "https://www.wikidata.org/wiki/Q17594"}, "a7": {"label": "LOC", "kb_qid": "Q788948", "url_wikidata": "https://www.wikidata.org/wiki/Q788948"}, "M'": {"label": "PER", "kb_qid": "Q18215256", "url_wikidata": "https://www.wikidata.org/wiki/Q18215256"}, "bren & Stella": {"label": "LOC", "kb_qid": null, "url_wikidata": null}, "Taureau": {"label": "LOC", "kb_qid": "Q693690", "url_wikidata": "https://www.wikidata.org/wiki/Q693690"}, "Comte de Ram\u00e9al": {"label": "PER", "kb_qid": null, "url_wikidata": null}, "Potsdam": {"label": "LOC", "kb_qid": "Q1711", "url_wikidata": "https://www.wikidata.org/wiki/Q1711"}, "Roi de Prusse": {"label": "PER", "kb_qid": "Q27306", "url_wikidata": "https://www.wikidata.org/wiki/Q27306"}, "LC": {"label": "MISC", "kb_qid": "Q853418", "url_wikidata": "https://www.wikidata.org/wiki/Q853418"}, "Majest\u00e9 Imp\u00e9riale": {"label": "PER", "kb_qid": null, "url_wikidata": null}, "Messe d\u00e9s": {"label": "MISC", "kb_qid": null, "url_wikidata": null}, "Batailles de 1759 &": {"label": "MISC", "kb_qid": null, "url_wikidata": null}, "Grenadiers \u00e0 cheval de Deux-Ponts": {"label": "MISC", "kb_qid": null, "url_wikidata": null}, "pont de l'Elbe": {"label": "LOC", "kb_qid": "Q450445", "url_wikidata": "https://www.wikidata.org/wiki/Q450445"}, "Hausdorff": {"label": "PER", "kb_qid": "Q75856", "url_wikidata": "https://www.wikidata.org/wiki/Q75856"}, "Bastien": {"label": "PER", "kb_qid": "Q2966092", "url_wikidata": "https://www.wikidata.org/wiki/Q2966092"}, "Majest\u00e9": {"label": "PER", "kb_qid": "Q7742", "url_wikidata": "https://www.wikidata.org/wiki/Q7742"}, "Noblesse": {"label": "MISC", "kb_qid": "Q1450700", "url_wikidata": "https://www.wikidata.org/wiki/Q1450700"}, "Pays": {"label": "LOC", "kb_qid": "Q6256", "url_wikidata": "https://www.wikidata.org/wiki/Q6256"}, "\u00c9difices &": {"label": "MISC", "kb_qid": null, "url_wikidata": null}, "porte de Riche": {"label": "LOC", "kb_qid": null, "url_wikidata": null}, "G\u00e9n\u00e9ral Baron de L'od\u00e9on": {"label": "PER", "kb_qid": null, "url_wikidata": null}, "De champ de Bataille": {"label": "MISC", "kb_qid": null, "url_wikidata": null}, "Mm de Hochai": {"label": "LOC", "kb_qid": null, "url_wikidata": null}, "Bataille": {"label": "PER", "kb_qid": "Q178561", "url_wikidata": "https://www.wikidata.org/wiki/Q178561"}, "L'Empereur": {"label": "PER", "kb_qid": "Q517", "url_wikidata": "https://www.wikidata.org/wiki/Q517"}, "H\u00f4tellerie": {"label": "LOC", "kb_qid": "Q1495452", "url_wikidata": "https://www.wikidata.org/wiki/Q1495452"}, "Herm\u00e9neute, &": {"label": "ORG", "kb_qid": null, "url_wikidata": null}, "Lex": {"label": "PER", "kb_qid": "Q306650", "url_wikidata": "https://www.wikidata.org/wiki/Q306650"}, "martin": {"label": "PER", "kb_qid": "Q3295317", "url_wikidata": "https://www.wikidata.org/wiki/Q3295317"}, "Zita": {"label": "MISC", "kb_qid": "Q50926", "url_wikidata": "https://www.wikidata.org/wiki/Q50926"}, "Lek Juillets": {"label": "PER", "kb_qid": null, "url_wikidata": null}, "ut Ch\u00e2teau d'Opotschna, terre": {"label": "MISC", "kb_qid": null, "url_wikidata": null}, "prince de Colorado": {"label": "PER", "kb_qid": null, "url_wikidata": null}, "Vice-Chancelier": {"label": "PER", "kb_qid": "Q61061", "url_wikidata": "https://www.wikidata.org/wiki/Q61061"}, "& apyres": {"label": "LOC", "kb_qid": null, "url_wikidata": null}, "Senfftenberg": {"label": "MISC", "kb_qid": null, "url_wikidata": null}, "Gobet\u00e8": {"label": "LOC", "kb_qid": null, "url_wikidata": null}, "Aimantes": {"label": "LOC", "kb_qid": null, "url_wikidata": null}, "Sil\u00e9sie": {"label": "LOC", "kb_qid": "Q568638", "url_wikidata": "https://www.wikidata.org/wiki/Q568638"}, "Trappa": {"label": "LOC", "kb_qid": null, "url_wikidata": null}, "De \u00e0Jgerndorsf, le s": {"label": "MISC", "kb_qid": null, "url_wikidata": null}, "Oseras I3": {"label": "LOC", "kb_qid": null, "url_wikidata": null}}, "ents_freq": {"Princes": 1, "I1 Dippoldisiald": 1, "Dresde": 1, "a7": 1, "M'": 1, "bren & Stella": 1, "Taureau": 1, "Comte de Ram\u00e9al": 1, "Potsdam": 1, "Roi de Prusse": 1, "LC": 1, "Majest\u00e9 Imp\u00e9riale": 1, "Messe d\u00e9s": 1, "Batailles de 1759 &": 1, "Grenadiers \u00e0 cheval de Deux-Ponts": 1, "pont de l'Elbe": 1, "Hausdorff": 1, "Bastien": 3, "Majest\u00e9": 1, "Noblesse": 1, "Pays": 1, "\u00c9difices &": 1, "porte de Riche": 1, "G\u00e9n\u00e9ral Baron de L'od\u00e9on": 1, "De champ de Bataille": 1, "Mm de Hochai": 1, "Bataille": 1, "L'Empereur": 1, "H\u00f4tellerie": 1, "Herm\u00e9neute, &": 1, "Lex": 1, "martin": 1, "Zita": 1, "Lek Juillets": 1, "ut Ch\u00e2teau d'Opotschna, terre": 1, "prince de Colorado": 1, "Vice-Chancelier": 1, "& apyres": 1, "Senfftenberg": 1, "Gobet\u00e8": 1, "Aimantes": 1, "Sil\u00e9sie": 1, "Trappa": 1, "De \u00e0Jgerndorsf, le s": 1, "Oseras I3": 1}, "year": "1766", "month": "08", "page": "52"}