{"ents_info": {"Cl e du": {"label": "LOC", "kb_qid": null, "url_wikidata": null}, "Cabinet o2 De canon du": {"label": "ORG", "kb_qid": null, "url_wikidata": null}, "Ch\u00e2teau Se": {"label": "MISC", "kb_qid": null, "url_wikidata": null}, "Capitole": {"label": "LOC", "kb_qid": null, "url_wikidata": null}, "Conservateurs de Rome": {"label": "ORG", "kb_qid": null, "url_wikidata": null}, "la Ville": {"label": "LOC", "kb_qid": null, "url_wikidata": null}, "Galeries du Pape": {"label": "ORG", "kb_qid": null, "url_wikidata": null}, "C'invita-Vicia": {"label": "MISC", "kb_qid": null, "url_wikidata": null}, "Toscane": {"label": "LOC", "kb_qid": null, "url_wikidata": null}, "B\u00e2timent": {"label": "LOC", "kb_qid": null, "url_wikidata": null}, "Livourne": {"label": "LOC", "kb_qid": null, "url_wikidata": null}, "C'\u00e9vita-Vicia": {"label": "MISC", "kb_qid": null, "url_wikidata": null}, "Rome": {"label": "LOC", "kb_qid": null, "url_wikidata": null}, "D\u00e9put\u00e9s": {"label": "MISC", "kb_qid": null, "url_wikidata": null}, "Bureau de l'Abondance": {"label": "ORG", "kb_qid": null, "url_wikidata": null}, "Cardinal Rezzonico Camerlingue": {"label": "PER", "kb_qid": null, "url_wikidata": null}, "Commissaires": {"label": "ORG", "kb_qid": null, "url_wikidata": null}, "Provinces": {"label": "LOC", "kb_qid": null, "url_wikidata": null}, "Rom & un Express": {"label": "MISC", "kb_qid": null, "url_wikidata": null}, "la Capitale": {"label": "LOC", "kb_qid": null, "url_wikidata": null}, "Ekat Eccl\u00e9siastique": {"label": "PER", "kb_qid": null, "url_wikidata": null}, "Sicile": {"label": "LOC", "kb_qid": null, "url_wikidata": null}, "Sardaigne": {"label": "LOC", "kb_qid": null, "url_wikidata": null}, "Prince Charles-Edou\u0308ardLou\u0308is": {"label": "PER", "kb_qid": null, "url_wikidata": null}}, "ents_freq": {"Cl e du": 1, "Cabinet o2 De canon du": 1, "Ch\u00e2teau Se": 1, "Capitole": 2, "Conservateurs de Rome": 1, "la Ville": 1, "Galeries du Pape": 1, "C'invita-Vicia": 1, "Toscane": 1, "B\u00e2timent": 1, "Livourne": 2, "C'\u00e9vita-Vicia": 1, "Rome": 1, "D\u00e9put\u00e9s": 1, "Bureau de l'Abondance": 1, "Cardinal Rezzonico Camerlingue": 1, "Commissaires": 1, "Provinces": 1, "Rom & un Express": 1, "la Capitale": 1, "Ekat Eccl\u00e9siastique": 1, "Sicile": 1, "Sardaigne": 1, "Prince Charles-Edou\u0308ardLou\u0308is": 1}, "year": "1766", "month": "08", "page": "13"}