{"ents_info": {"Prises e. Inclut p76": {"label": "MISC", "kb_qid": null, "url_wikidata": null}, "Subsides": {"label": "PER", "kb_qid": null, "url_wikidata": null}, "aC": {"label": "ORG", "kb_qid": null, "url_wikidata": null}, "MELONS ET": {"label": "MISC", "kb_qid": null, "url_wikidata": null}, "Puissances de l'Europe": {"label": "MISC", "kb_qid": null, "url_wikidata": null}, "ers ma Couronne": {"label": "PER", "kb_qid": null, "url_wikidata": null}, "R\u00e8glement": {"label": "MISC", "kb_qid": null, "url_wikidata": null}, "Commerce & des Manufactures de la Grande-Bretagne, &": {"label": "ORG", "kb_qid": null, "url_wikidata": null}, "Royaumes & mes Colonies": {"label": "MISC", "kb_qid": null, "url_wikidata": null}, "Mer": {"label": "LOC", "kb_qid": null, "url_wikidata": null}, "Parlement": {"label": "ORG", "kb_qid": null, "url_wikidata": null}, "Ordonnances": {"label": "PER", "kb_qid": null, "url_wikidata": null}, "Provinces des effil\u00e9s": {"label": "LOC", "kb_qid": null, "url_wikidata": null}, "las Loi": {"label": "MISC", "kb_qid": null, "url_wikidata": null}, "C3": {"label": "MISC", "kb_qid": null, "url_wikidata": null}}, "ents_freq": {"Prises e. Inclut p76": 1, "Subsides": 1, "aC": 1, "MELONS ET": 1, "Puissances de l'Europe": 1, "ers ma Couronne": 1, "R\u00e8glement": 1, "Commerce & des Manufactures de la Grande-Bretagne, &": 1, "Royaumes & mes Colonies": 1, "Mer": 1, "Parlement": 1, "Ordonnances": 1, "Provinces des effil\u00e9s": 1, "las Loi": 1, "C3": 1}, "year": "1766", "month": "07", "page": "36"}