{"ents_info": {"e7 2G": {"label": "LOC", "kb_qid": null, "url_wikidata": null}, "ALLEMAGNE": {"label": "LOC", "kb_qid": null, "url_wikidata": null}, "grand V": {"label": "MISC", "kb_qid": null, "url_wikidata": null}, "Roi": {"label": "PER", "kb_qid": "Q12097", "url_wikidata": "https://www.wikidata.org/wiki/Q12097"}, "Journaux entier ne suffirait point": {"label": "MISC", "kb_qid": null, "url_wikidata": null}, "Cours de Vienne &": {"label": "MISC", "kb_qid": null, "url_wikidata": null}, "Munich": {"label": "LOC", "kb_qid": "Q1726", "url_wikidata": "https://www.wikidata.org/wiki/Q1726"}, "Ins\u00e9r\u00e9es": {"label": "LOC", "kb_qid": null, "url_wikidata": null}, "Pays de l'Europe": {"label": "LOC", "kb_qid": null, "url_wikidata": null}, "Dire.": {"label": "MISC", "kb_qid": null, "url_wikidata": null}, "Joseph": {"label": "PER", "kb_qid": "Q128267", "url_wikidata": "https://www.wikidata.org/wiki/Q128267"}, "II": {"label": "PER", "kb_qid": "Q959186", "url_wikidata": "https://www.wikidata.org/wiki/Q959186"}, "R. Tex": {"label": "PER", "kb_qid": null, "url_wikidata": null}, "Carol VII": {"label": "PER", "kb_qid": null, "url_wikidata": null}, "Eus de Autriche & de la Bavi\u00e8re": {"label": "LOC", "kb_qid": null, "url_wikidata": null}, "Providence": {"label": "LOC", "kb_qid": "Q866338", "url_wikidata": "https://www.wikidata.org/wiki/Q866338"}, "\u00c9cussons": {"label": "LOC", "kb_qid": null, "url_wikidata": null}, "Autriche": {"label": "LOC", "kb_qid": "Q131964", "url_wikidata": "https://www.wikidata.org/wiki/Q131964"}, "Bavi\u00e8re": {"label": "LOC", "kb_qid": "Q980", "url_wikidata": "https://www.wikidata.org/wiki/Q980"}, "& le Dieu de l'Hymen": {"label": "MISC", "kb_qid": null, "url_wikidata": null}, "Auspices": {"label": "PER", "kb_qid": "Q215909", "url_wikidata": "https://www.wikidata.org/wiki/Q215909"}, "Ian": {"label": "ORG", "kb_qid": "Q235515", "url_wikidata": "https://www.wikidata.org/wiki/Q235515"}}, "ents_freq": {"e7 2G": 1, "ALLEMAGNE": 1, "grand V": 1, "Roi": 1, "Journaux entier ne suffirait point": 1, "Cours de Vienne &": 1, "Munich": 1, "Ins\u00e9r\u00e9es": 1, "Pays de l'Europe": 1, "Dire.": 1, "Joseph": 1, "II": 1, "R. Tex": 1, "Carol VII": 1, "Eus de Autriche & de la Bavi\u00e8re": 1, "Providence": 1, "\u00c9cussons": 1, "Autriche": 1, "Bavi\u00e8re": 1, "& le Dieu de l'Hymen": 1, "Auspices": 1, "Ian": 1}, "year": "1766", "month": "03", "page": "75"}