{"ents_info": {"La Bluet Cabinet": {"label": "MISC", "kb_qid": null, "url_wikidata": null}, "Loi": {"label": "MISC", "kb_qid": "Q820655", "url_wikidata": "https://www.wikidata.org/wiki/Q820655"}, "Telles": {"label": "PER", "kb_qid": "Q519747", "url_wikidata": "https://www.wikidata.org/wiki/Q519747"}, "Roi": {"label": "PER", "kb_qid": "Q18384454", "url_wikidata": "https://www.wikidata.org/wiki/Q18384454"}, "Sujets pour chaque Emploi": {"label": "MISC", "kb_qid": null, "url_wikidata": null}, "Militaire": {"label": "MISC", "kb_qid": "Q1465214", "url_wikidata": "https://www.wikidata.org/wiki/Q1465214"}, "Lieutenant-Colonel &": {"label": "PER", "kb_qid": null, "url_wikidata": null}, "M\u00e9moire du Colonel": {"label": "MISC", "kb_qid": null, "url_wikidata": null}, "R\u00e9giment": {"label": "ORG", "kb_qid": "Q52371", "url_wikidata": "https://www.wikidata.org/wiki/Q52371"}, "Corps": {"label": "MISC", "kb_qid": "Q1060535", "url_wikidata": "https://www.wikidata.org/wiki/Q1060535"}, "Sujets;": {"label": "MISC", "kb_qid": null, "url_wikidata": null}, "S\u00e9nat,": {"label": "MISC", "kb_qid": null, "url_wikidata": null}, "\u00c9tats": {"label": "LOC", "kb_qid": "Q35657", "url_wikidata": "https://www.wikidata.org/wiki/Q35657"}, "S\u00e9nat, apyres": {"label": "MISC", "kb_qid": null, "url_wikidata": null}, "Sa Maj.": {"label": "MISC", "kb_qid": null, "url_wikidata": null}, "Chancelier": {"label": "PER", "kb_qid": "Q4970706", "url_wikidata": "https://www.wikidata.org/wiki/Q4970706"}, "Dictes.": {"label": "ORG", "kb_qid": null, "url_wikidata": null}, "Propositions": {"label": "MISC", "kb_qid": null, "url_wikidata": null}, "Bureau dans l'Ordre de la Noblesse": {"label": "ORG", "kb_qid": null, "url_wikidata": null}, "Parti Patriotique": {"label": "ORG", "kb_qid": "Q9346766", "url_wikidata": "https://www.wikidata.org/wiki/Q9346766"}}, "ents_freq": {"La Bluet Cabinet": 1, "Loi": 1, "Telles": 1, "Roi": 3, "Sujets pour chaque Emploi": 1, "Militaire": 1, "Lieutenant-Colonel &": 1, "M\u00e9moire du Colonel": 1, "R\u00e9giment": 2, "Corps": 1, "Sujets;": 1, "S\u00e9nat,": 1, "\u00c9tats": 2, "S\u00e9nat, apyres": 1, "Sa Maj.": 1, "Chancelier": 1, "Dictes.": 1, "Propositions": 1, "Bureau dans l'Ordre de la Noblesse": 1, "Parti Patriotique": 1}, "year": "1766", "month": "10", "page": "65"}