{"ents_info": {"Princes": {"label": "LOC", "kb_qid": "Q2747456", "url_wikidata": "https://www.wikidata.org/wiki/Q2747456"}, "Propositions": {"label": "MISC", "kb_qid": null, "url_wikidata": null}, "Grande D\u00e9putation": {"label": "MISC", "kb_qid": null, "url_wikidata": null}, "M\u00e9moire de cette m\u00eame": {"label": "MISC", "kb_qid": null, "url_wikidata": null}, "Ordres de l'Ekat": {"label": "ORG", "kb_qid": null, "url_wikidata": null}, "Gouvernement": {"label": "MISC", "kb_qid": "Q1450662", "url_wikidata": "https://www.wikidata.org/wiki/Q1450662"}, "Articles du M\u00e9moire": {"label": "MISC", "kb_qid": null, "url_wikidata": null}, "Arthur I.": {"label": "PER", "kb_qid": null, "url_wikidata": null}, "Loi &": {"label": "MISC", "kb_qid": null, "url_wikidata": null}, "Coll\u00e8ge": {"label": "MISC", "kb_qid": "Q1459186", "url_wikidata": "https://www.wikidata.org/wiki/Q1459186"}, "Censeur": {"label": "LOC", "kb_qid": "Q16536819", "url_wikidata": "https://www.wikidata.org/wiki/Q16536819"}, "II": {"label": "PER", "kb_qid": "Q959186", "url_wikidata": "https://www.wikidata.org/wiki/Q959186"}, "Cour de Justice": {"label": "ORG", "kb_qid": "Q4951", "url_wikidata": "https://www.wikidata.org/wiki/Q4951"}, "Collige Royal": {"label": "PER", "kb_qid": null, "url_wikidata": null}, "Willie": {"label": "PER", "kb_qid": "Q324430", "url_wikidata": "https://www.wikidata.org/wiki/Q324430"}, "Parlement": {"label": "ORG", "kb_qid": "Q35749", "url_wikidata": "https://www.wikidata.org/wiki/Q35749"}, "Royaume": {"label": "LOC", "kb_qid": "Q145", "url_wikidata": "https://www.wikidata.org/wiki/Q145"}, "Juge Vicaire anone": {"label": "PER", "kb_qid": null, "url_wikidata": null}, "Juge Territorial": {"label": "MISC", "kb_qid": null, "url_wikidata": null}, "IV": {"label": "MISC", "kb_qid": "Q69829", "url_wikidata": "https://www.wikidata.org/wiki/Q69829"}, "R\u00e8glement du 0": {"label": "MISC", "kb_qid": null, "url_wikidata": null}, "Octobre I56": {"label": "MISC", "kb_qid": null, "url_wikidata": null}, "Emplois Civils": {"label": "ORG", "kb_qid": "Q1161855", "url_wikidata": "https://www.wikidata.org/wiki/Q1161855"}, "Journal": {"label": "MISC", "kb_qid": "Q3223697", "url_wikidata": "https://www.wikidata.org/wiki/Q3223697"}}, "ents_freq": {"Princes": 1, "Propositions": 1, "Grande D\u00e9putation": 1, "M\u00e9moire de cette m\u00eame": 1, "Ordres de l'Ekat": 1, "Gouvernement": 1, "Articles du M\u00e9moire": 1, "Arthur I.": 1, "Loi &": 1, "Coll\u00e8ge": 1, "Censeur": 1, "II": 1, "Cour de Justice": 1, "Collige Royal": 1, "Willie": 1, "Parlement": 1, "Royaume": 1, "Juge Vicaire anone": 1, "Juge Territorial": 1, "IV": 1, "R\u00e8glement du 0": 1, "Octobre I56": 1, "Emplois Civils": 1, "Journal": 1}, "year": "1766", "month": "11", "page": "72"}