{"ents_info": {"Mate 76": {"label": "MISC", "kb_qid": null, "url_wikidata": null}, "Gouvernement": {"label": "MISC", "kb_qid": "Q3112596", "url_wikidata": "https://www.wikidata.org/wiki/Q3112596"}, "Ekat": {"label": "LOC", "kb_qid": null, "url_wikidata": null}, "l'Italie": {"label": "LOC", "kb_qid": "Q676899", "url_wikidata": "https://www.wikidata.org/wiki/Q676899"}, "Dieu": {"label": "MISC", "kb_qid": "Q190", "url_wikidata": "https://www.wikidata.org/wiki/Q190"}, "Loin": {"label": "LOC", "kb_qid": "Q1988359", "url_wikidata": "https://www.wikidata.org/wiki/Q1988359"}, "R\u00e9gion": {"label": "LOC", "kb_qid": "Q580112", "url_wikidata": "https://www.wikidata.org/wiki/Q580112"}, "Magistrats dits de l'Abondance": {"label": "MISC", "kb_qid": null, "url_wikidata": null}, "Provinces de Bologne": {"label": "LOC", "kb_qid": null, "url_wikidata": null}, "Ferrare": {"label": "LOC", "kb_qid": "Q13362", "url_wikidata": "https://www.wikidata.org/wiki/Q13362"}, "Souverain Pontife": {"label": "PER", "kb_qid": "Q43922", "url_wikidata": "https://www.wikidata.org/wiki/Q43922"}, "apyres": {"label": "PER", "kb_qid": null, "url_wikidata": null}, "Sacr\u00e9 Collige": {"label": "PER", "kb_qid": null, "url_wikidata": null}, "Mardi du Par": {"label": "MISC", "kb_qid": null, "url_wikidata": null}, "Pr\u00e9d\u00e9cesseurs,": {"label": "MISC", "kb_qid": null, "url_wikidata": null}, "Institut de la Soci\u00e9t\u00e9 des J\u00e9suites, &": {"label": "ORG", "kb_qid": null, "url_wikidata": null}, "Saint Concile de Trente": {"label": "MISC", "kb_qid": null, "url_wikidata": null}, "Soci\u00e9t\u00e9": {"label": "ORG", "kb_qid": "Q3487556", "url_wikidata": "https://www.wikidata.org/wiki/Q3487556"}, "Jan": {"label": "PER", "kb_qid": "Q7521081", "url_wikidata": "https://www.wikidata.org/wiki/Q7521081"}, "J\u00e9suites": {"label": "ORG", "kb_qid": "Q36380", "url_wikidata": "https://www.wikidata.org/wiki/Q36380"}, "Martyrs": {"label": "MISC", "kb_qid": "Q577581", "url_wikidata": "https://www.wikidata.org/wiki/Q577581"}, "Institut": {"label": "LOC", "kb_qid": "Q377066", "url_wikidata": "https://www.wikidata.org/wiki/Q377066"}, "Congr\u00e9gations": {"label": "MISC", "kb_qid": "Q1365916", "url_wikidata": "https://www.wikidata.org/wiki/Q1365916"}, "Missions & sur t'outres les Bulles": {"label": "MISC", "kb_qid": null, "url_wikidata": null}, "Portune gal?": {"label": "MISC", "kb_qid": null, "url_wikidata": null}}, "ents_freq": {"Mate 76": 1, "Gouvernement": 1, "Ekat": 2, "l'Italie": 1, "Dieu": 1, "Loin": 1, "R\u00e9gion": 1, "Magistrats dits de l'Abondance": 1, "Provinces de Bologne": 1, "Ferrare": 1, "Souverain Pontife": 1, "apyres": 1, "Sacr\u00e9 Collige": 1, "Mardi du Par": 1, "Pr\u00e9d\u00e9cesseurs,": 1, "Institut de la Soci\u00e9t\u00e9 des J\u00e9suites, &": 1, "Saint Concile de Trente": 1, "Soci\u00e9t\u00e9": 1, "Jan": 1, "J\u00e9suites": 1, "Martyrs": 1, "Institut": 1, "Congr\u00e9gations": 1, "Missions & sur t'outres les Bulles": 1, "Portune gal?": 1}, "year": "1766", "month": "03", "page": "34"}