{"ents_info": {"Cabinet ter des Pays": {"label": "ORG", "kb_qid": null, "url_wikidata": null}, "ARTICLE IV": {"label": "MISC", "kb_qid": null, "url_wikidata": null}, "e6 DT7": {"label": "MISC", "kb_qid": null, "url_wikidata": null}, "PORTE AL": {"label": "LOC", "kb_qid": null, "url_wikidata": null}, "Cour &": {"label": "ORG", "kb_qid": null, "url_wikidata": null}, "Royaume": {"label": "LOC", "kb_qid": "Q70972", "url_wikidata": "https://www.wikidata.org/wiki/Q70972"}, "Reines": {"label": "MISC", "kb_qid": "Q191922", "url_wikidata": "https://www.wikidata.org/wiki/Q191922"}, "Reine Mer": {"label": "PER", "kb_qid": null, "url_wikidata": null}, "Isabelle Farn\u00e8se": {"label": "PER", "kb_qid": null, "url_wikidata": null}, "Extr\u00eame-onction, &": {"label": "MISC", "kb_qid": null, "url_wikidata": null}, "Nonce": {"label": "ORG", "kb_qid": "Q157037", "url_wikidata": "https://www.wikidata.org/wiki/Q157037"}, "Pape": {"label": "PER", "kb_qid": "Q19546", "url_wikidata": "https://www.wikidata.org/wiki/Q19546"}, "Lei 1": {"label": "PER", "kb_qid": null, "url_wikidata": null}, "Palais d'Aranjuez": {"label": "LOC", "kb_qid": "Q530129", "url_wikidata": "https://www.wikidata.org/wiki/Q530129"}, "Odorat II": {"label": "LOC", "kb_qid": null, "url_wikidata": null}, "Duc de Parme": {"label": "PER", "kb_qid": "Q312903", "url_wikidata": "https://www.wikidata.org/wiki/Q312903"}, "Roi": {"label": "PER", "kb_qid": "Q13592862", "url_wikidata": "https://www.wikidata.org/wiki/Q13592862"}, "Philippe V.": {"label": "PER", "kb_qid": null, "url_wikidata": null}, "Grand Politique Allierons,": {"label": "MISC", "kb_qid": null, "url_wikidata": null}, "Parmesan,": {"label": "MISC", "kb_qid": null, "url_wikidata": null}, "Abb\u00e9 &": {"label": "ORG", "kb_qid": null, "url_wikidata": null}, "Cardinal": {"label": "PER", "kb_qid": "Q45722", "url_wikidata": "https://www.wikidata.org/wiki/Q45722"}, "Ri Don Carlos": {"label": "PER", "kb_qid": null, "url_wikidata": null}, "Infant Don Philippe": {"label": "PER", "kb_qid": null, "url_wikidata": null}, "Due de Parme, de": {"label": "ORG", "kb_qid": null, "url_wikidata": null}, "Plaisance &": {"label": "MISC", "kb_qid": null, "url_wikidata": null}, "Installa": {"label": "LOC", "kb_qid": null, "url_wikidata": null}, "Infant Don Louis": {"label": "PER", "kb_qid": null, "url_wikidata": null}, "Pourpre Romaine": {"label": "MISC", "kb_qid": "Q45722", "url_wikidata": "https://www.wikidata.org/wiki/Q45722"}, "Infante Don": {"label": "PER", "kb_qid": null, "url_wikidata": null}, "Marie-Anne": {"label": "PER", "kb_qid": "Q311469", "url_wikidata": "https://www.wikidata.org/wiki/Q311469"}, "Dauphine de France": {"label": "PER", "kb_qid": "Q163043", "url_wikidata": "https://www.wikidata.org/wiki/Q163043"}, "Duchesse": {"label": "PER", "kb_qid": "Q201143", "url_wikidata": "https://www.wikidata.org/wiki/Q201143"}}, "ents_freq": {"Cabinet ter des Pays": 1, "ARTICLE IV": 1, "e6 DT7": 1, "PORTE AL": 1, "Cour &": 1, "Royaume": 1, "Reines": 1, "Reine Mer": 1, "Isabelle Farn\u00e8se": 1, "Extr\u00eame-onction, &": 1, "Nonce": 1, "Pape": 1, "Lei 1": 1, "Palais d'Aranjuez": 1, "Odorat II": 1, "Duc de Parme": 1, "Roi": 1, "Philippe V.": 2, "Grand Politique Allierons,": 1, "Parmesan,": 1, "Abb\u00e9 &": 1, "Cardinal": 1, "Ri Don Carlos": 1, "Infant Don Philippe": 1, "Due de Parme, de": 1, "Plaisance &": 1, "Installa": 1, "Infant Don Louis": 1, "Pourpre Romaine": 1, "Infante Don": 3, "Marie-Anne": 1, "Dauphine de France": 1, "Duchesse": 1}, "year": "1766", "month": "09", "page": "53"}