{"ents_info": {"Cl e du": {"label": "LOC", "kb_qid": null, "url_wikidata": null}, "Cabinet": {"label": "MISC", "kb_qid": "Q529012", "url_wikidata": "https://www.wikidata.org/wiki/Q529012"}, "Provinces des \u00c9tats du Roi de Prusse": {"label": "LOC", "kb_qid": null, "url_wikidata": null}, "Sa Maj.": {"label": "MISC", "kb_qid": null, "url_wikidata": null}, "Prussienne": {"label": "LOC", "kb_qid": "Q38872", "url_wikidata": "https://www.wikidata.org/wiki/Q38872"}, "Envoy\u00e9 Extraordinaire du Roi & de la R\u00e9publique de Pologne": {"label": "MISC", "kb_qid": null, "url_wikidata": null}, "Constantinople": {"label": "LOC", "kb_qid": "Q406", "url_wikidata": "https://www.wikidata.org/wiki/Q406"}, "Faubourg de Pers, r\u00e9sidence ordinaire des": {"label": "LOC", "kb_qid": null, "url_wikidata": null}, "Ministres Francs": {"label": "MISC", "kb_qid": null, "url_wikidata": null}, "le;. Juin": {"label": "MISC", "kb_qid": null, "url_wikidata": null}, "Turcs": {"label": "LOC", "kb_qid": "Q84072", "url_wikidata": "https://www.wikidata.org/wiki/Q84072"}, "Mosqu\u00e9es": {"label": "LOC", "kb_qid": "Q32815", "url_wikidata": "https://www.wikidata.org/wiki/Q32815"}, "Grand Seigneur": {"label": "MISC", "kb_qid": "Q199481", "url_wikidata": "https://www.wikidata.org/wiki/Q199481"}, "Sainte-Sophie": {"label": "LOC", "kb_qid": "Q12506", "url_wikidata": "https://www.wikidata.org/wiki/Q12506"}, "Sa Hautesse": {"label": "PER", "kb_qid": null, "url_wikidata": null}, "cette Capitale": {"label": "LOC", "kb_qid": null, "url_wikidata": null}, "Serrai": {"label": "LOC", "kb_qid": "Q206957", "url_wikidata": "https://www.wikidata.org/wiki/Q206957"}, "Intel": {"label": "ORG", "kb_qid": "Q248", "url_wikidata": "https://www.wikidata.org/wiki/Q248"}, "Journal": {"label": "MISC", "kb_qid": "Q11032", "url_wikidata": "https://www.wikidata.org/wiki/Q11032"}}, "ents_freq": {"Cl e du": 1, "Cabinet": 1, "Provinces des \u00c9tats du Roi de Prusse": 1, "Sa Maj.": 1, "Prussienne": 1, "Envoy\u00e9 Extraordinaire du Roi & de la R\u00e9publique de Pologne": 1, "Constantinople": 1, "Faubourg de Pers, r\u00e9sidence ordinaire des": 1, "Ministres Francs": 1, "le;. Juin": 1, "Turcs": 1, "Mosqu\u00e9es": 1, "Grand Seigneur": 2, "Sainte-Sophie": 1, "Sa Hautesse": 1, "cette Capitale": 1, "Serrai": 1, "Intel": 1, "Journal": 1}, "year": "1766", "month": "09", "page": "69"}