{"ents_info": {"Princes e Juillet": {"label": "LOC", "kb_qid": null, "url_wikidata": null}, "Charlemagne": {"label": "PER", "kb_qid": "Q3044", "url_wikidata": "https://www.wikidata.org/wiki/Q3044"}, "Graffs": {"label": "PER", "kb_qid": "Q17514", "url_wikidata": "https://www.wikidata.org/wiki/Q17514"}, "Hartogs": {"label": "PER", "kb_qid": "Q68545", "url_wikidata": "https://www.wikidata.org/wiki/Q68545"}, "Allemands": {"label": "LOC", "kb_qid": "Q42884", "url_wikidata": "https://www.wikidata.org/wiki/Q42884"}, "Austen": {"label": "MISC", "kb_qid": "Q36322", "url_wikidata": "https://www.wikidata.org/wiki/Q36322"}, "Gouverneurs, &": {"label": "MISC", "kb_qid": null, "url_wikidata": null}, "Gr cS": {"label": "LOC", "kb_qid": null, "url_wikidata": null}, "Romains": {"label": "LOC", "kb_qid": "Q1747689", "url_wikidata": "https://www.wikidata.org/wiki/Q1747689"}}, "ents_freq": {"Princes e Juillet": 1, "Charlemagne": 1, "Graffs": 2, "Hartogs": 1, "Allemands": 1, "Austen": 1, "Gouverneurs, &": 1, "Gr cS": 1, "Romains": 1}, "year": "1766", "month": "07", "page": "8"}