{"ents_info": {"Princes": {"label": "LOC", "kb_qid": "Q2747456", "url_wikidata": "https://www.wikidata.org/wiki/Q2747456"}, "cellas": {"label": "PER", "kb_qid": "Q827125", "url_wikidata": "https://www.wikidata.org/wiki/Q827125"}, "Rois de ces deux derni\u00e8res Puissances": {"label": "MISC", "kb_qid": null, "url_wikidata": null}, "Majest\u00e9s": {"label": "PER", "kb_qid": null, "url_wikidata": null}, "Monarques": {"label": "PER", "kb_qid": "Q212398", "url_wikidata": "https://www.wikidata.org/wiki/Q212398"}, "Amis & Alli\u00e9s": {"label": "ORG", "kb_qid": null, "url_wikidata": null}, "Possessions & Sujets": {"label": "MISC", "kb_qid": null, "url_wikidata": null}, "VI": {"label": "PER", "kb_qid": "Q2038161", "url_wikidata": "https://www.wikidata.org/wiki/Q2038161"}, "Ratifications & les \u00c9changes": {"label": "ORG", "kb_qid": null, "url_wikidata": null}, "Ratification de ce Trait\u00e9": {"label": "ORG", "kb_qid": null, "url_wikidata": null}, "Stockholm": {"label": "LOC", "kb_qid": "Q1754", "url_wikidata": "https://www.wikidata.org/wiki/Q1754"}, "Londres": {"label": "LOC", "kb_qid": "Q84", "url_wikidata": "https://www.wikidata.org/wiki/Q84"}, "Hanovre": {"label": "LOC", "kb_qid": "Q1715", "url_wikidata": "https://www.wikidata.org/wiki/Q1715"}, "Express": {"label": "LOC", "kb_qid": "Q770596", "url_wikidata": "https://www.wikidata.org/wiki/Q770596"}, "Minist\u00e8re de cet \u00c9lectorat pour le Roi": {"label": "ORG", "kb_qid": null, "url_wikidata": null}, "l'Empereur": {"label": "PER", "kb_qid": "Q7721", "url_wikidata": "https://www.wikidata.org/wiki/Q7721"}, "Sa Majest\u00e9 Britannique": {"label": "PER", "kb_qid": null, "url_wikidata": null}, "le Vaisseau de guerre le Coma, la Cour": {"label": "MISC", "kb_qid": null, "url_wikidata": null}, "Princes & \u00c9tats de la Cotte Occidentale d'Afrique": {"label": "MISC", "kb_qid": null, "url_wikidata": null}, "Colonel Chars": {"label": "PER", "kb_qid": null, "url_wikidata": null}, "Vicomte de Tiraille-y &": {"label": "PER", "kb_qid": null, "url_wikidata": null}, "Forts & \u00c9tablissement de la Grande-Bretagne": {"label": "ORG", "kb_qid": null, "url_wikidata": null}, "BE 2": {"label": "ORG", "kb_qid": null, "url_wikidata": null}}, "ents_freq": {"Princes": 1, "cellas": 1, "Rois de ces deux derni\u00e8res Puissances": 1, "Majest\u00e9s": 1, "Monarques": 1, "Amis & Alli\u00e9s": 1, "Possessions & Sujets": 1, "VI": 1, "Ratifications & les \u00c9changes": 1, "Ratification de ce Trait\u00e9": 1, "Stockholm": 1, "Londres": 1, "Hanovre": 1, "Express": 1, "Minist\u00e8re de cet \u00c9lectorat pour le Roi": 1, "l'Empereur": 1, "Sa Majest\u00e9 Britannique": 1, "le Vaisseau de guerre le Coma, la Cour": 1, "Princes & \u00c9tats de la Cotte Occidentale d'Afrique": 1, "Colonel Chars": 1, "Vicomte de Tiraille-y &": 1, "Forts & \u00c9tablissement de la Grande-Bretagne": 1, "BE 2": 1}, "year": "1766", "month": "05", "page": "66"}