{"ents_info": {"La Clef du Cabinet Saxe": {"label": "MISC", "kb_qid": null, "url_wikidata": null}, "Prince Loti": {"label": "PER", "kb_qid": null, "url_wikidata": null}, "Auguste Duc de Berry": {"label": "PER", "kb_qid": null, "url_wikidata": null}, "Prince Louis-Stanislas-Xavier Comte de Provence": {"label": "PER", "kb_qid": null, "url_wikidata": null}, "Prince Charles-Philippe Comte d'Artois": {"label": "PER", "kb_qid": null, "url_wikidata": null}, "Ier": {"label": "PER", "kb_qid": null, "url_wikidata": null}, "Pin\u00e7asse": {"label": "LOC", "kb_qid": null, "url_wikidata": null}, "Ad\u00e9la\u00efde-ClotildeXaviere": {"label": "LOC", "kb_qid": null, "url_wikidata": null}, "Princesse Elisabeth-Philippine-Marie-Helen": {"label": "PER", "kb_qid": null, "url_wikidata": null}, "I64": {"label": "LOC", "kb_qid": null, "url_wikidata": null}, "le Dauphin": {"label": "PER", "kb_qid": null, "url_wikidata": null}, "Roi": {"label": "PER", "kb_qid": null, "url_wikidata": null}, "Campagne de I745 &": {"label": "MISC", "kb_qid": null, "url_wikidata": null}, "Bataille de Fontenay": {"label": "MISC", "kb_qid": null, "url_wikidata": null}, "Sacrement": {"label": "MISC", "kb_qid": null, "url_wikidata": null}, "Eg": {"label": "MISC", "kb_qid": null, "url_wikidata": null}, "Mer e": {"label": "LOC", "kb_qid": null, "url_wikidata": null}, "auguste": {"label": "PER", "kb_qid": null, "url_wikidata": null}, "Princes & Princesses": {"label": "MISC", "kb_qid": null, "url_wikidata": null}, "En fans": {"label": "MISC", "kb_qid": null, "url_wikidata": null}, "Religion & de l'Ekat": {"label": "ORG", "kb_qid": null, "url_wikidata": null}, "Prince": {"label": "PER", "kb_qid": null, "url_wikidata": null}, "Nation": {"label": "ORG", "kb_qid": null, "url_wikidata": null}, "Zele pour le Sang de ses Rois": {"label": "MISC", "kb_qid": null, "url_wikidata": null}}, "ents_freq": {"La Clef du Cabinet Saxe": 1, "Prince Loti": 1, "Auguste Duc de Berry": 1, "Prince Louis-Stanislas-Xavier Comte de Provence": 1, "Prince Charles-Philippe Comte d'Artois": 1, "Ier": 1, "Pin\u00e7asse": 1, "Ad\u00e9la\u00efde-ClotildeXaviere": 1, "Princesse Elisabeth-Philippine-Marie-Helen": 1, "I64": 1, "le Dauphin": 1, "Roi": 1, "Campagne de I745 &": 1, "Bataille de Fontenay": 1, "Sacrement": 1, "Eg": 1, "Mer e": 1, "auguste": 1, "Princes & Princesses": 1, "En fans": 1, "Religion & de l'Ekat": 1, "Prince": 1, "Nation": 1, "Zele pour le Sang de ses Rois": 1}, "year": "1766", "month": "02", "page": "23"}