{"ents_info": {"La Cl e du": {"label": "MISC", "kb_qid": null, "url_wikidata": null}, "Cabinet Patronage": {"label": "MISC", "kb_qid": null, "url_wikidata": null}, "Cur\u00e9s": {"label": "PER", "kb_qid": "Q52769526", "url_wikidata": "https://www.wikidata.org/wiki/Q52769526"}, "Bottin": {"label": "PER", "kb_qid": "Q3509971", "url_wikidata": "https://www.wikidata.org/wiki/Q3509971"}, "Droits,": {"label": "MISC", "kb_qid": null, "url_wikidata": null}, "Surcot": {"label": "PER", "kb_qid": "Q1675826", "url_wikidata": "https://www.wikidata.org/wiki/Q1675826"}, "Baron de Forbach": {"label": "MISC", "kb_qid": null, "url_wikidata": null}, "Oe t tige": {"label": "LOC", "kb_qid": null, "url_wikidata": null}, "D\u00e9tachement": {"label": "ORG", "kb_qid": "Q2151441", "url_wikidata": "https://www.wikidata.org/wiki/Q2151441"}, "Cercle de Franconie": {"label": "ORG", "kb_qid": "Q970082", "url_wikidata": "https://www.wikidata.org/wiki/Q970082"}, "Officiers": {"label": "ORG", "kb_qid": "Q189290", "url_wikidata": "https://www.wikidata.org/wiki/Q189290"}, "Ordre": {"label": "ORG", "kb_qid": "Q36602", "url_wikidata": "https://www.wikidata.org/wiki/Q36602"}, "Souabe": {"label": "LOC", "kb_qid": "Q693980", "url_wikidata": "https://www.wikidata.org/wiki/Q693980"}, "Conseil Aulique": {"label": "ORG", "kb_qid": "Q536989", "url_wikidata": "https://www.wikidata.org/wiki/Q536989"}, "l'Empire": {"label": "LOC", "kb_qid": "Q78994", "url_wikidata": "https://www.wikidata.org/wiki/Q78994"}, "Conseil": {"label": "ORG", "kb_qid": "Q8896", "url_wikidata": "https://www.wikidata.org/wiki/Q8896"}, "RT": {"label": "ORG", "kb_qid": "Q22868", "url_wikidata": "https://www.wikidata.org/wiki/Q22868"}, "R\u00e9gence de Sergentes: Et c'est devant": {"label": "MISC", "kb_qid": null, "url_wikidata": null}, "Tribunal": {"label": "MISC", "kb_qid": "Q3538835", "url_wikidata": "https://www.wikidata.org/wiki/Q3538835"}, "Prince d'Oe": {"label": "PER", "kb_qid": null, "url_wikidata": null}, "Haute Justice pro": {"label": "ORG", "kb_qid": null, "url_wikidata": null}, "Ekat": {"label": "PER", "kb_qid": null, "url_wikidata": null}, "\u00c9tats de l'Empire": {"label": "LOC", "kb_qid": "Q1507115", "url_wikidata": "https://www.wikidata.org/wiki/Q1507115"}, "Convention": {"label": "MISC", "kb_qid": "Q219825", "url_wikidata": "https://www.wikidata.org/wiki/Q219825"}, "Commissaires du Roi & de l'\u00c9lecteur de Saxe": {"label": "ORG", "kb_qid": null, "url_wikidata": null}, "Cours de Berlin &": {"label": "MISC", "kb_qid": null, "url_wikidata": null}, "Dresde": {"label": "LOC", "kb_qid": "Q1731", "url_wikidata": "https://www.wikidata.org/wiki/Q1731"}, "Article VI": {"label": "MISC", "kb_qid": null, "url_wikidata": null}, "Trait\u00e9 de Paix de Hubertsbourg": {"label": "MISC", "kb_qid": null, "url_wikidata": null}, "Halle": {"label": "LOC", "kb_qid": "Q32120", "url_wikidata": "https://www.wikidata.org/wiki/Q32120"}, "Sala": {"label": "PER", "kb_qid": "Q930262", "url_wikidata": "https://www.wikidata.org/wiki/Q930262"}}, "ents_freq": {"La Cl e du": 1, "Cabinet Patronage": 1, "Cur\u00e9s": 1, "Bottin": 1, "Droits,": 1, "Surcot": 1, "Baron de Forbach": 2, "Oe t tige": 1, "D\u00e9tachement": 1, "Cercle de Franconie": 1, "Officiers": 1, "Ordre": 1, "Souabe": 1, "Conseil Aulique": 1, "l'Empire": 1, "Conseil": 1, "RT": 1, "R\u00e9gence de Sergentes: Et c'est devant": 1, "Tribunal": 1, "Prince d'Oe": 1, "Haute Justice pro": 1, "Ekat": 1, "\u00c9tats de l'Empire": 1, "Convention": 1, "Commissaires du Roi & de l'\u00c9lecteur de Saxe": 1, "Cours de Berlin &": 1, "Dresde": 1, "Article VI": 1, "Trait\u00e9 de Paix de Hubertsbourg": 1, "Halle": 1, "Sala": 1}, "year": "1766", "month": "10", "page": "49"}