{"ents_info": {"Princes": {"label": "LOC", "kb_qid": null, "url_wikidata": null}, "Milords & Messieurs": {"label": "MISC", "kb_qid": null, "url_wikidata": null}, "La chert\u00e9 du froment la mauvaise recolle des grains": {"label": "MISC", "kb_qid": null, "url_wikidata": null}, "Pays": {"label": "LOC", "kb_qid": null, "url_wikidata": null}, "Parlement": {"label": "ORG", "kb_qid": null, "url_wikidata": null}, "Sujets indiens": {"label": "MISC", "kb_qid": null, "url_wikidata": null}, "Royale pour la suret\u00e9 publique contre un malheur nassant": {"label": "ORG", "kb_qid": null, "url_wikidata": null}, "Conseil": {"label": "ORG", "kb_qid": null, "url_wikidata": null}, "Royaume": {"label": "LOC", "kb_qid": null, "url_wikidata": null}, "Par le ment": {"label": "MISC", "kb_qid": null, "url_wikidata": null}, "Par le ment, auquel je recommande toute l'attention requise": {"label": "MISC", "kb_qid": null, "url_wikidata": null}, "Justice &": {"label": "ORG", "kb_qid": null, "url_wikidata": null}, "Jetai": {"label": "PER", "kb_qid": null, "url_wikidata": null}, "Trait\u00e9 de Commerce": {"label": "MISC", "kb_qid": null, "url_wikidata": null}}, "ents_freq": {"Princes": 1, "Milords & Messieurs": 1, "La chert\u00e9 du froment la mauvaise recolle des grains": 1, "Pays": 1, "Parlement": 1, "Sujets indiens": 1, "Royale pour la suret\u00e9 publique contre un malheur nassant": 1, "Conseil": 1, "Royaume": 1, "Par le ment": 1, "Par le ment, auquel je recommande toute l'attention requise": 1, "Justice &": 1, "Jetai": 1, "Trait\u00e9 de Commerce": 1}, "year": "1766", "month": "12", "page": "58"}