{"ents_info": {"Cl e du": {"label": "LOC", "kb_qid": null, "url_wikidata": null}, "Cabinet 414 million & demi": {"label": "MISC", "kb_qid": null, "url_wikidata": null}, "Pologne": {"label": "LOC", "kb_qid": null, "url_wikidata": null}, "Cultivateur": {"label": "MISC", "kb_qid": null, "url_wikidata": null}, "Ministres, des Juges, des G\u00e9n\u00e9raux": {"label": "MISC", "kb_qid": null, "url_wikidata": null}, "Statuts de la Dette": {"label": "MISC", "kb_qid": null, "url_wikidata": null}, "Roi": {"label": "PER", "kb_qid": null, "url_wikidata": null}, "\u00c9cole": {"label": "LOC", "kb_qid": null, "url_wikidata": null}, "Assembler": {"label": "ORG", "kb_qid": null, "url_wikidata": null}, "Jeunesse": {"label": "ORG", "kb_qid": null, "url_wikidata": null}, "Pare": {"label": "LOC", "kb_qid": null, "url_wikidata": null}, "Nations": {"label": "ORG", "kb_qid": null, "url_wikidata": null}, "Hic games dei Pater asque Princeps": {"label": "ORG", "kb_qid": null, "url_wikidata": null}, "Ekat": {"label": "PER", "kb_qid": null, "url_wikidata": null}, "Pays": {"label": "LOC", "kb_qid": null, "url_wikidata": null}, "IA Mon\u00f4me": {"label": "LOC", "kb_qid": null, "url_wikidata": null}, "Commission de la Tr\u00e9sorerie": {"label": "ORG", "kb_qid": null, "url_wikidata": null}, "R\u00e9publique": {"label": "LOC", "kb_qid": null, "url_wikidata": null}, "De Roi": {"label": "PER", "kb_qid": null, "url_wikidata": null}, "Royaume": {"label": "LOC", "kb_qid": null, "url_wikidata": null}, "Loi d'Ekat": {"label": "MISC", "kb_qid": null, "url_wikidata": null}}, "ents_freq": {"Cl e du": 1, "Cabinet 414 million & demi": 1, "Pologne": 1, "Cultivateur": 1, "Ministres, des Juges, des G\u00e9n\u00e9raux": 1, "Statuts de la Dette": 1, "Roi": 4, "\u00c9cole": 1, "Assembler": 1, "Jeunesse": 1, "Pare": 1, "Nations": 1, "Hic games dei Pater asque Princeps": 1, "Ekat": 1, "Pays": 1, "IA Mon\u00f4me": 1, "Commission de la Tr\u00e9sorerie": 1, "R\u00e9publique": 2, "De Roi": 1, "Royaume": 1, "Loi d'Ekat": 1}, "year": "1766", "month": "12", "page": "23"}