{"ents_info": {"Princes": {"label": "LOC", "kb_qid": "Q2747456", "url_wikidata": "https://www.wikidata.org/wiki/Q2747456"}, "Exits, D\u00e9clarations, Arr\u00eats & R\u00e8glement": {"label": "MISC", "kb_qid": null, "url_wikidata": null}, "primeriez &": {"label": "ORG", "kb_qid": null, "url_wikidata": null}, "Imprimeurs": {"label": "ORG", "kb_qid": "Q11034", "url_wikidata": "https://www.wikidata.org/wiki/Q11034"}, "Paris": {"label": "LOC", "kb_qid": "Q90", "url_wikidata": "https://www.wikidata.org/wiki/Q90"}, "Sa Maj.": {"label": "MISC", "kb_qid": null, "url_wikidata": null}, "Janvier": {"label": "PER", "kb_qid": "Q108", "url_wikidata": "https://www.wikidata.org/wiki/Q108"}, "Des droits du mare d'or": {"label": "MISC", "kb_qid": null, "url_wikidata": null}, "Des Gardes des R\u00f4les": {"label": "MISC", "kb_qid": null, "url_wikidata": null}, "Sceaux": {"label": "PER", "kb_qid": "Q2819398", "url_wikidata": "https://www.wikidata.org/wiki/Q2819398"}, "Offices vacant": {"label": "LOC", "kb_qid": null, "url_wikidata": null}, "Revenus Casuels": {"label": "MISC", "kb_qid": null, "url_wikidata": null}, "Sa Majest\u00e9": {"label": "PER", "kb_qid": "Q7732", "url_wikidata": "https://www.wikidata.org/wiki/Q7732"}, "Port des Sables d'Clone": {"label": "LOC", "kb_qid": null, "url_wikidata": null}, "Poitou": {"label": "LOC", "kb_qid": "Q954076", "url_wikidata": "https://www.wikidata.org/wiki/Q954076"}, "Commerce des Istres & Colonies Fran\u00e7aises de l'Am\u00e9rique": {"label": "MISC", "kb_qid": null, "url_wikidata": null}, "Billets": {"label": "MISC", "kb_qid": "Q47433", "url_wikidata": "https://www.wikidata.org/wiki/Q47433"}, "Lotte rie Royale": {"label": "MISC", "kb_qid": null, "url_wikidata": null}, "l'Arr\u00eat du r1": {"label": "MISC", "kb_qid": null, "url_wikidata": null}, "Avril": {"label": "PER", "kb_qid": "Q2874528", "url_wikidata": "https://www.wikidata.org/wiki/Q2874528"}, "Janvier, &": {"label": "MISC", "kb_qid": null, "url_wikidata": null}, "Mai I7": {"label": "MISC", "kb_qid": null, "url_wikidata": null}, "Journaux pr\u00e9c\u00e9dent de la": {"label": "MISC", "kb_qid": null, "url_wikidata": null}, "Marine du Royaume, du Commerce": {"label": "ORG", "kb_qid": null, "url_wikidata": null}, "R\u00e8glement pour les troupes de terre": {"label": "MISC", "kb_qid": null, "url_wikidata": null}, "Canada": {"label": "LOC", "kb_qid": "Q16", "url_wikidata": "https://www.wikidata.org/wiki/Q16"}, "Couronne de Colonies": {"label": "ORG", "kb_qid": null, "url_wikidata": null}, "St. D'": {"label": "LOC", "kb_qid": null, "url_wikidata": null}, "Comte d'Estaing": {"label": "PER", "kb_qid": "Q694048", "url_wikidata": "https://www.wikidata.org/wiki/Q694048"}, "Commandant": {"label": "PER", "kb_qid": "Q560680", "url_wikidata": "https://www.wikidata.org/wiki/Q560680"}}, "ents_freq": {"Princes": 1, "Exits, D\u00e9clarations, Arr\u00eats & R\u00e8glement": 1, "primeriez &": 1, "Imprimeurs": 1, "Paris": 1, "Sa Maj.": 1, "Janvier": 1, "Des droits du mare d'or": 1, "Des Gardes des R\u00f4les": 1, "Sceaux": 1, "Offices vacant": 1, "Revenus Casuels": 1, "Sa Majest\u00e9": 1, "Port des Sables d'Clone": 1, "Poitou": 1, "Commerce des Istres & Colonies Fran\u00e7aises de l'Am\u00e9rique": 1, "Billets": 1, "Lotte rie Royale": 1, "l'Arr\u00eat du r1": 1, "Avril": 2, "Janvier, &": 1, "Mai I7": 1, "Journaux pr\u00e9c\u00e9dent de la": 1, "Marine du Royaume, du Commerce": 1, "R\u00e8glement pour les troupes de terre": 1, "Canada": 1, "Couronne de Colonies": 1, "St. D'": 1, "Comte d'Estaing": 1, "Commandant": 1}, "year": "1766", "month": "03", "page": "22"}