{"ents_info": {"Princes": {"label": "LOC", "kb_qid": null, "url_wikidata": null}, "o61": {"label": "MISC", "kb_qid": null, "url_wikidata": null}, "Venise": {"label": "LOC", "kb_qid": null, "url_wikidata": null}, "Gene": {"label": "PER", "kb_qid": null, "url_wikidata": null}, "Septembre": {"label": "MISC", "kb_qid": null, "url_wikidata": null}, "Isole de Min": {"label": "LOC", "kb_qid": null, "url_wikidata": null}, "Alain": {"label": "PER", "kb_qid": null, "url_wikidata": null}, "Fortifications de Port-Mahon": {"label": "MISC", "kb_qid": null, "url_wikidata": null}, "Gibraltar": {"label": "LOC", "kb_qid": null, "url_wikidata": null}, "Lisbonne, &": {"label": "MISC", "kb_qid": null, "url_wikidata": null}, "Londres": {"label": "LOC", "kb_qid": null, "url_wikidata": null}, "Septembre, porte d\u00e9": {"label": "MISC", "kb_qid": null, "url_wikidata": null}, "Noble G\u00e9nois": {"label": "MISC", "kb_qid": null, "url_wikidata": null}, "Religion": {"label": "MISC", "kb_qid": null, "url_wikidata": null}, "Marthe": {"label": "PER", "kb_qid": null, "url_wikidata": null}, "Familles Patriciennes": {"label": "PER", "kb_qid": null, "url_wikidata": null}, "ber Ekat": {"label": "LOC", "kb_qid": null, "url_wikidata": null}, "la Ville": {"label": "LOC", "kb_qid": null, "url_wikidata": null}, "San-Boniface": {"label": "LOC", "kb_qid": null, "url_wikidata": null}, "Isole de Corse": {"label": "LOC", "kb_qid": null, "url_wikidata": null}, "Bastia": {"label": "LOC", "kb_qid": null, "url_wikidata": null}, "Corse": {"label": "LOC", "kb_qid": null, "url_wikidata": null}, "R\u00e9publique &": {"label": "ORG", "kb_qid": null, "url_wikidata": null}, "Pascal Paolo": {"label": "PER", "kb_qid": null, "url_wikidata": null}, "M\u00e9content de l'Isole": {"label": "MISC", "kb_qid": null, "url_wikidata": null}, "la France": {"label": "LOC", "kb_qid": null, "url_wikidata": null}, "& las de combattre": {"label": "MISC", "kb_qid": null, "url_wikidata": null}, "R\u00e9elles": {"label": "LOC", "kb_qid": null, "url_wikidata": null}}, "ents_freq": {"Princes": 1, "o61": 1, "Venise": 1, "Gene": 3, "Septembre": 1, "Isole de Min": 1, "Alain": 1, "Fortifications de Port-Mahon": 1, "Gibraltar": 1, "Lisbonne, &": 1, "Londres": 1, "Septembre, porte d\u00e9": 1, "Noble G\u00e9nois": 1, "Religion": 1, "Marthe": 1, "Familles Patriciennes": 1, "ber Ekat": 1, "la Ville": 1, "San-Boniface": 1, "Isole de Corse": 1, "Bastia": 1, "Corse": 1, "R\u00e9publique &": 1, "Pascal Paolo": 1, "M\u00e9content de l'Isole": 1, "la France": 1, "& las de combattre": 1, "R\u00e9elles": 1}, "year": "1766", "month": "11", "page": "48"}