{"ents_info": {"Prises e. F\u00e9vrier": {"label": "MISC", "kb_qid": null, "url_wikidata": null}, "Isole de Candie & Ce de Pirates": {"label": "LOC", "kb_qid": null, "url_wikidata": null}, "Novembre": {"label": "PER", "kb_qid": "Q3345461", "url_wikidata": "https://www.wikidata.org/wiki/Q3345461"}, "B\u00e2timent": {"label": "LOC", "kb_qid": "Q41176", "url_wikidata": "https://www.wikidata.org/wiki/Q41176"}, "Diol": {"label": "LOC", "kb_qid": "Q421916", "url_wikidata": "https://www.wikidata.org/wiki/Q421916"}, "Constantinople": {"label": "LOC", "kb_qid": "Q16869", "url_wikidata": "https://www.wikidata.org/wiki/Q16869"}, "Vaisseau de guerre la Capitaine": {"label": "MISC", "kb_qid": null, "url_wikidata": null}, "Marthe": {"label": "PER", "kb_qid": "Q232453", "url_wikidata": "https://www.wikidata.org/wiki/Q232453"}, "Forban": {"label": "PER", "kb_qid": "Q45393", "url_wikidata": "https://www.wikidata.org/wiki/Q45393"}, "Esclaves": {"label": "MISC", "kb_qid": "Q3057932", "url_wikidata": "https://www.wikidata.org/wiki/Q3057932"}, "Magna, &": {"label": "ORG", "kb_qid": null, "url_wikidata": null}, "Lieu,": {"label": "MISC", "kb_qid": null, "url_wikidata": null}, "Ch\u00e9bec Turc": {"label": "PER", "kb_qid": null, "url_wikidata": null}, "Pirate": {"label": "ORG", "kb_qid": "Q45393", "url_wikidata": "https://www.wikidata.org/wiki/Q45393"}, "Angleterre": {"label": "LOC", "kb_qid": "Q21", "url_wikidata": "https://www.wikidata.org/wiki/Q21"}, "Nation": {"label": "LOC", "kb_qid": "Q1573359", "url_wikidata": "https://www.wikidata.org/wiki/Q1573359"}, "Lettres de Bassora, grande Ville d'Asie de la Domination du Grand Seigneur": {"label": "MISC", "kb_qid": null, "url_wikidata": null}, "\u00c9chec-Soliman": {"label": "PER", "kb_qid": null, "url_wikidata": null}, "Juillet": {"label": "PER", "kb_qid": "Q3188227", "url_wikidata": "https://www.wikidata.org/wiki/Q3188227"}, "Part\u00eemes Anglais": {"label": "LOC", "kb_qid": null, "url_wikidata": null}, "Bengale": {"label": "LOC", "kb_qid": "Q80338", "url_wikidata": "https://www.wikidata.org/wiki/Q80338"}, "Chaloupe": {"label": "LOC", "kb_qid": "Q9588290", "url_wikidata": "https://www.wikidata.org/wiki/Q9588290"}, "Tender-Boucher": {"label": "PER", "kb_qid": null, "url_wikidata": null}, "Anglais": {"label": "LOC", "kb_qid": "Q1860", "url_wikidata": "https://www.wikidata.org/wiki/Q1860"}, "Tares": {"label": "LOC", "kb_qid": "Q3515642", "url_wikidata": "https://www.wikidata.org/wiki/Q3515642"}, "Consul d'An": {"label": "PER", "kb_qid": null, "url_wikidata": null}, "Bassora": {"label": "LOC", "kb_qid": "Q48195", "url_wikidata": "https://www.wikidata.org/wiki/Q48195"}}, "ents_freq": {"Prises e. F\u00e9vrier": 1, "Isole de Candie & Ce de Pirates": 1, "Novembre": 1, "B\u00e2timent": 2, "Diol": 1, "Constantinople": 1, "Vaisseau de guerre la Capitaine": 1, "Marthe": 1, "Forban": 1, "Esclaves": 1, "Magna, &": 1, "Lieu,": 1, "Ch\u00e9bec Turc": 1, "Pirate": 1, "Angleterre": 1, "Nation": 3, "Lettres de Bassora, grande Ville d'Asie de la Domination du Grand Seigneur": 1, "\u00c9chec-Soliman": 1, "Juillet": 1, "Part\u00eemes Anglais": 1, "Bengale": 1, "Chaloupe": 1, "Tender-Boucher": 1, "Anglais": 1, "Tares": 1, "Consul d'An": 1, "Bassora": 1}, "year": "1766", "month": "02", "page": "74"}