{"ents_info": {"IL Cl e du": {"label": "LOC", "kb_qid": null, "url_wikidata": null}, "Cabinet": {"label": "MISC", "kb_qid": "Q529012", "url_wikidata": "https://www.wikidata.org/wiki/Q529012"}, "Pr\u00e9lats": {"label": "PER", "kb_qid": "Q17305527", "url_wikidata": "https://www.wikidata.org/wiki/Q17305527"}, "Pourpre: Mrs": {"label": "MISC", "kb_qid": null, "url_wikidata": null}, "Nonce": {"label": "LOC", "kb_qid": "Q157037", "url_wikidata": "https://www.wikidata.org/wiki/Q157037"}, "Vienne": {"label": "LOC", "kb_qid": "Q26849", "url_wikidata": "https://www.wikidata.org/wiki/Q26849"}, "Pamphylie": {"label": "LOC", "kb_qid": "Q585250", "url_wikidata": "https://www.wikidata.org/wiki/Q585250"}, "Paris": {"label": "LOC", "kb_qid": "Q90", "url_wikidata": "https://www.wikidata.org/wiki/Q90"}, "Palavicini": {"label": "LOC", "kb_qid": null, "url_wikidata": null}, "Espagne": {"label": "LOC", "kb_qid": "Q29", "url_wikidata": "https://www.wikidata.org/wiki/Q29"}, "Serra Auditeur de IA Chambre": {"label": "MISC", "kb_qid": null, "url_wikidata": null}, "Secr\u00e9taire du Concile;": {"label": "MISC", "kb_qid": null, "url_wikidata": null}, "Francfort": {"label": "PER", "kb_qid": "Q1794", "url_wikidata": "https://www.wikidata.org/wiki/Q1794"}, "Pr\u00e9sident d'Urbain": {"label": "PER", "kb_qid": null, "url_wikidata": null}, "Secr\u00e9taire de la Propagande: V\u00e9t\u00e9ran": {"label": "ORG", "kb_qid": null, "url_wikidata": null}, "Assesseur du Saint Office": {"label": "MISC", "kb_qid": null, "url_wikidata": null}, "Cali": {"label": "LOC", "kb_qid": "Q51103", "url_wikidata": "https://www.wikidata.org/wiki/Q51103"}, "Commandeur du Saint Esprit": {"label": "PER", "kb_qid": null, "url_wikidata": null}, "Ordi & Graciant:": {"label": "MISC", "kb_qid": null, "url_wikidata": null}, "Comte de Broglie": {"label": "PER", "kb_qid": "Q563037", "url_wikidata": "https://www.wikidata.org/wiki/Q563037"}, "Roi": {"label": "PER", "kb_qid": "Q18384454", "url_wikidata": "https://www.wikidata.org/wiki/Q18384454"}, "Pologne": {"label": "LOC", "kb_qid": "Q36", "url_wikidata": "https://www.wikidata.org/wiki/Q36"}, "Gouvernement": {"label": "MISC", "kb_qid": "Q3112648", "url_wikidata": "https://www.wikidata.org/wiki/Q3112648"}, "Ville &": {"label": "ORG", "kb_qid": null, "url_wikidata": null}, "Royaume": {"label": "LOC", "kb_qid": "Q145", "url_wikidata": "https://www.wikidata.org/wiki/Q145"}, "Pouill\u00e9": {"label": "LOC", "kb_qid": "Q3400222", "url_wikidata": "https://www.wikidata.org/wiki/Q3400222"}, "Ekat": {"label": "PER", "kb_qid": null, "url_wikidata": null}, "Pape": {"label": "PER", "kb_qid": "Q19546", "url_wikidata": "https://www.wikidata.org/wiki/Q19546"}, "Cour": {"label": "ORG", "kb_qid": "Q3001001", "url_wikidata": "https://www.wikidata.org/wiki/Q3001001"}, "Magistrat, Directeur des vivres": {"label": "ORG", "kb_qid": null, "url_wikidata": null}, "Commerce avec la France": {"label": "MISC", "kb_qid": null, "url_wikidata": null}, "B\u00e2timent": {"label": "LOC", "kb_qid": "Q41176", "url_wikidata": "https://www.wikidata.org/wiki/Q41176"}, "l'Infantile": {"label": "LOC", "kb_qid": null, "url_wikidata": null}}, "ents_freq": {"IL Cl e du": 1, "Cabinet": 1, "Pr\u00e9lats": 1, "Pourpre: Mrs": 1, "Nonce": 3, "Vienne": 1, "Pamphylie": 1, "Paris": 1, "Palavicini": 1, "Espagne": 1, "Serra Auditeur de IA Chambre": 1, "Secr\u00e9taire du Concile;": 1, "Francfort": 1, "Pr\u00e9sident d'Urbain": 1, "Secr\u00e9taire de la Propagande: V\u00e9t\u00e9ran": 1, "Assesseur du Saint Office": 1, "Cali": 1, "Commandeur du Saint Esprit": 1, "Ordi & Graciant:": 1, "Comte de Broglie": 1, "Roi": 1, "Pologne": 1, "Gouvernement": 1, "Ville &": 1, "Royaume": 1, "Pouill\u00e9": 1, "Ekat": 2, "Pape": 1, "Cour": 1, "Magistrat, Directeur des vivres": 1, "Commerce avec la France": 1, "B\u00e2timent": 1, "l'Infantile": 1}, "year": "1766", "month": "10", "page": "73"}