{"ents_info": {"Princes de": {"label": "LOC", "kb_qid": "Q16641916", "url_wikidata": "https://www.wikidata.org/wiki/Q16641916"}, "\u00c9tats": {"label": "LOC", "kb_qid": "Q35657", "url_wikidata": "https://www.wikidata.org/wiki/Q35657"}, "Exit Imp\u00e9rial & Royal": {"label": "ORG", "kb_qid": null, "url_wikidata": null}, "premier Ao\u00fbt": {"label": "MISC", "kb_qid": "Q2788", "url_wikidata": "https://www.wikidata.org/wiki/Q2788"}, "D\u00e9putation": {"label": "MISC", "kb_qid": "Q8022", "url_wikidata": "https://www.wikidata.org/wiki/Q8022"}, "D\u00e9cembre I63": {"label": "PER", "kb_qid": null, "url_wikidata": null}, "Sa Maj.": {"label": "MISC", "kb_qid": null, "url_wikidata": null}, "Juin I66": {"label": "MISC", "kb_qid": null, "url_wikidata": null}, "N. Fiodor": {"label": "PER", "kb_qid": null, "url_wikidata": null}, "N Zoom": {"label": "ORG", "kb_qid": null, "url_wikidata": null}, "Caisses domaniales de la Hongrie": {"label": "ORG", "kb_qid": null, "url_wikidata": null}, "Transylvanie": {"label": "LOC", "kb_qid": "Q39473", "url_wikidata": "https://www.wikidata.org/wiki/Q39473"}, "Boh\u00e8me & de l'Autriche": {"label": "ORG", "kb_qid": null, "url_wikidata": null}, "Mars": {"label": "PER", "kb_qid": "Q112", "url_wikidata": "https://www.wikidata.org/wiki/Q112"}, "Num\u00e9ros": {"label": "MISC", "kb_qid": null, "url_wikidata": null}, "Caisse g\u00e9n\u00e9rale de la D\u00e9putation de cr\u00e9dit": {"label": "ORG", "kb_qid": null, "url_wikidata": null}, "Vienne": {"label": "LOC", "kb_qid": "Q1741", "url_wikidata": "https://www.wikidata.org/wiki/Q1741"}, "Juin I766": {"label": "MISC", "kb_qid": null, "url_wikidata": null}, "De principal &": {"label": "MISC", "kb_qid": null, "url_wikidata": null}}, "ents_freq": {"Princes de": 1, "\u00c9tats": 2, "Exit Imp\u00e9rial & Royal": 1, "premier Ao\u00fbt": 1, "D\u00e9putation": 1, "D\u00e9cembre I63": 1, "Sa Maj.": 1, "Juin I66": 1, "N. Fiodor": 1, "N Zoom": 1, "Caisses domaniales de la Hongrie": 1, "Transylvanie": 1, "Boh\u00e8me & de l'Autriche": 1, "Mars": 1, "Num\u00e9ros": 1, "Caisse g\u00e9n\u00e9rale de la D\u00e9putation de cr\u00e9dit": 1, "Vienne": 1, "Juin I766": 1, "De principal &": 1}, "year": "1766", "month": "02", "page": "62"}