{"ents_info": {"Lettres Patentes": {"label": "MISC", "kb_qid": "Q1511010", "url_wikidata": "https://www.wikidata.org/wiki/Q1511010"}, "Compi\u00e8gne": {"label": "LOC", "kb_qid": "Q516697", "url_wikidata": "https://www.wikidata.org/wiki/Q516697"}, "Juillet": {"label": "PER", "kb_qid": "Q121", "url_wikidata": "https://www.wikidata.org/wiki/Q121"}, "Don gratuit de la Ville": {"label": "MISC", "kb_qid": null, "url_wikidata": null}, "Boulogne-sur-Mer": {"label": "LOC", "kb_qid": "Q3496218", "url_wikidata": "https://www.wikidata.org/wiki/Q3496218"}, "Commissaires": {"label": "ORG", "kb_qid": "Q2986308", "url_wikidata": "https://www.wikidata.org/wiki/Q2986308"}, "D\u00e9claration du 6": {"label": "MISC", "kb_qid": null, "url_wikidata": null}, "Iran": {"label": "LOC", "kb_qid": "Q794", "url_wikidata": "https://www.wikidata.org/wiki/Q794"}, "Paris": {"label": "LOC", "kb_qid": "Q90", "url_wikidata": "https://www.wikidata.org/wiki/Q90"}, "rue des Faubourgs": {"label": "LOC", "kb_qid": null, "url_wikidata": null}, "Fontainebleau": {"label": "LOC", "kb_qid": "Q182872", "url_wikidata": "https://www.wikidata.org/wiki/Q182872"}, "D\u00e9claration": {"label": "MISC", "kb_qid": "Q3042655", "url_wikidata": "https://www.wikidata.org/wiki/Q3042655"}, "Exit de D\u00e9cembre 1re: de": {"label": "MISC", "kb_qid": null, "url_wikidata": null}, "Exit": {"label": "ORG", "kb_qid": "Q3061979", "url_wikidata": "https://www.wikidata.org/wiki/Q3061979"}, "Exit &": {"label": "ORG", "kb_qid": null, "url_wikidata": null}, "Janvier IS6": {"label": "PER", "kb_qid": null, "url_wikidata": null}, "Num\u00e9ros des Contrats de Rentes": {"label": "MISC", "kb_qid": null, "url_wikidata": null}, "Janvier": {"label": "PER", "kb_qid": "Q3162186", "url_wikidata": "https://www.wikidata.org/wiki/Q3162186"}, "Dixi\u00e8me d'Amortissement": {"label": "MISC", "kb_qid": null, "url_wikidata": null}, "Contrats cr\u00e9\u00e9s": {"label": "MISC", "kb_qid": null, "url_wikidata": null}, "Finances &": {"label": "ORG", "kb_qid": null, "url_wikidata": null}, "Rentes de ladite": {"label": "MISC", "kb_qid": null, "url_wikidata": null}}, "ents_freq": {"Lettres Patentes": 2, "Compi\u00e8gne": 1, "Juillet": 1, "Don gratuit de la Ville": 1, "Boulogne-sur-Mer": 1, "Commissaires": 1, "D\u00e9claration du 6": 1, "Iran": 1, "Paris": 1, "rue des Faubourgs": 1, "Fontainebleau": 1, "D\u00e9claration": 1, "Exit de D\u00e9cembre 1re: de": 1, "Exit": 1, "Exit &": 1, "Janvier IS6": 1, "Num\u00e9ros des Contrats de Rentes": 1, "Janvier": 2, "Dixi\u00e8me d'Amortissement": 3, "Contrats cr\u00e9\u00e9s": 1, "Finances &": 1, "Rentes de ladite": 1}, "year": "1766", "month": "02", "page": "19"}