{"ents_info": {"Cl e": {"label": "LOC", "kb_qid": null, "url_wikidata": null}, "Cabinet g46\u0303": {"label": "PER", "kb_qid": null, "url_wikidata": null}, "Droits \u00e0 Calicot ISO": {"label": "MISC", "kb_qid": null, "url_wikidata": null}, "Droits sur le sel": {"label": "MISC", "kb_qid": null, "url_wikidata": null}, "II2 5": {"label": "MISC", "kb_qid": null, "url_wikidata": null}, "Bengale": {"label": "LOC", "kb_qid": "Q80338", "url_wikidata": "https://www.wikidata.org/wiki/Q80338"}, "Compagnie Io Sou": {"label": "ORG", "kb_qid": null, "url_wikidata": null}, "Compagnie 562 zoo": {"label": "ORG", "kb_qid": null, "url_wikidata": null}, "IS56250": {"label": "MISC", "kb_qid": null, "url_wikidata": null}, "Inde": {"label": "LOC", "kb_qid": "Q668", "url_wikidata": "https://www.wikidata.org/wiki/Q668"}, "Compagnie II62L5o0": {"label": "ORG", "kb_qid": null, "url_wikidata": null}, "Compagnie": {"label": "ORG", "kb_qid": "Q83164", "url_wikidata": "https://www.wikidata.org/wiki/Q83164"}, "Nabab d'Arcade": {"label": "MISC", "kb_qid": null, "url_wikidata": null}, "Compagnie 4 Zoom": {"label": "ORG", "kb_qid": null, "url_wikidata": null}, "France": {"label": "LOC", "kb_qid": "Q142", "url_wikidata": "https://www.wikidata.org/wiki/Q142"}, "la Chine": {"label": "LOC", "kb_qid": "Q148", "url_wikidata": "https://www.wikidata.org/wiki/Q148"}, "Londres": {"label": "LOC", "kb_qid": "Q84", "url_wikidata": "https://www.wikidata.org/wiki/Q84"}, "Compagnie 65 Zoom.": {"label": "ORG", "kb_qid": null, "url_wikidata": null}, "Fortifications": {"label": "PER", "kb_qid": "Q3053756", "url_wikidata": "https://www.wikidata.org/wiki/Q3053756"}, "Youtooz.": {"label": "PER", "kb_qid": null, "url_wikidata": null}, "Montant": {"label": "PER", "kb_qid": "Q6516728", "url_wikidata": "https://www.wikidata.org/wiki/Q6516728"}, "2L43750": {"label": "MISC", "kb_qid": null, "url_wikidata": null}, "sterling.2": {"label": "MISC", "kb_qid": null, "url_wikidata": null}, "Provinces": {"label": "LOC", "kb_qid": "Q546080", "url_wikidata": "https://www.wikidata.org/wiki/Q546080"}, "Fortifications, Gouvernement civil oc": {"label": "MISC", "kb_qid": null, "url_wikidata": null}, "Dividende": {"label": "ORG", "kb_qid": "Q181201", "url_wikidata": "https://www.wikidata.org/wiki/Q181201"}, "Compagnie des Indes": {"label": "ORG", "kb_qid": "Q2989905", "url_wikidata": "https://www.wikidata.org/wiki/Q2989905"}, "deys": {"label": "LOC", "kb_qid": "Q3025636", "url_wikidata": "https://www.wikidata.org/wiki/Q3025636"}}, "ents_freq": {"Cl e": 1, "Cabinet g46\u0303": 1, "Droits \u00e0 Calicot ISO": 1, "Droits sur le sel": 1, "II2 5": 1, "Bengale": 2, "Compagnie Io Sou": 1, "Compagnie 562 zoo": 1, "IS56250": 1, "Inde": 1, "Compagnie II62L5o0": 1, "Compagnie": 4, "Nabab d'Arcade": 1, "Compagnie 4 Zoom": 1, "France": 1, "la Chine": 1, "Londres": 1, "Compagnie 65 Zoom.": 1, "Fortifications": 1, "Youtooz.": 1, "Montant": 1, "2L43750": 1, "sterling.2": 1, "Provinces": 1, "Fortifications, Gouvernement civil oc": 1, "Dividende": 1, "Compagnie des Indes": 1, "deys": 1}, "year": "1766", "month": "11", "page": "33"}