{"ents_info": {"Cl e": {"label": "LOC", "kb_qid": null, "url_wikidata": null}, "Cabinet F\u00e9vrier": {"label": "PER", "kb_qid": null, "url_wikidata": null}, "Parlement": {"label": "ORG", "kb_qid": "Q1130737", "url_wikidata": "https://www.wikidata.org/wiki/Q1130737"}, "Lettres Patentes": {"label": "MISC", "kb_qid": "Q1511010", "url_wikidata": "https://www.wikidata.org/wiki/Q1511010"}, "Juillet I65": {"label": "PER", "kb_qid": null, "url_wikidata": null}, "Sa Maj.": {"label": "PER", "kb_qid": null, "url_wikidata": null}, "LettresPatentes": {"label": "ORG", "kb_qid": null, "url_wikidata": null}, "I765 & I4": {"label": "ORG", "kb_qid": null, "url_wikidata": null}, "Cour & juridiction": {"label": "ORG", "kb_qid": null, "url_wikidata": null}, "Cours & Juges": {"label": "MISC", "kb_qid": null, "url_wikidata": null}, "Lettres-Patentes": {"label": "MISC", "kb_qid": "Q1511010", "url_wikidata": "https://www.wikidata.org/wiki/Q1511010"}, "Greffe Criminel de ladite Cour": {"label": "LOC", "kb_qid": null, "url_wikidata": null}, "Greffe Criminel": {"label": "MISC", "kb_qid": null, "url_wikidata": null}, "Greffiers": {"label": "MISC", "kb_qid": "Q641208", "url_wikidata": "https://www.wikidata.org/wiki/Q641208"}, "Conseil d'Ekat du Roi": {"label": "ORG", "kb_qid": null, "url_wikidata": null}, "Su Majest\u00e9": {"label": "PER", "kb_qid": null, "url_wikidata": null}, "Versailles Eo 22 Mars I766": {"label": "LOC", "kb_qid": null, "url_wikidata": null}, "Commissaires de la r\u00e9ponse du": {"label": "ORG", "kb_qid": null, "url_wikidata": null}, "Roi": {"label": "PER", "kb_qid": "Q12097", "url_wikidata": "https://www.wikidata.org/wiki/Q12097"}, "Cour": {"label": "ORG", "kb_qid": "Q3001001", "url_wikidata": "https://www.wikidata.org/wiki/Q3001001"}, "Bretagne": {"label": "LOC", "kb_qid": "Q71747", "url_wikidata": "https://www.wikidata.org/wiki/Q71747"}, "I8": {"label": "MISC", "kb_qid": "Q1802444", "url_wikidata": "https://www.wikidata.org/wiki/Q1802444"}, "Chambres": {"label": "ORG", "kb_qid": "Q1137059", "url_wikidata": "https://www.wikidata.org/wiki/Q1137059"}, "Remontrances sur ladite R\u00e9ponse &": {"label": "MISC", "kb_qid": null, "url_wikidata": null}, "Enl\u00e8vement des Pi\u00e8ces du Process": {"label": "MISC", "kb_qid": null, "url_wikidata": null}}, "ents_freq": {"Cl e": 1, "Cabinet F\u00e9vrier": 1, "Parlement": 6, "Lettres Patentes": 1, "Juillet I65": 1, "Sa Maj.": 1, "LettresPatentes": 1, "I765 & I4": 1, "Cour & juridiction": 1, "Cours & Juges": 1, "Lettres-Patentes": 1, "Greffe Criminel de ladite Cour": 1, "Greffe Criminel": 1, "Greffiers": 1, "Conseil d'Ekat du Roi": 1, "Su Majest\u00e9": 1, "Versailles Eo 22 Mars I766": 1, "Commissaires de la r\u00e9ponse du": 1, "Roi": 1, "Cour": 1, "Bretagne": 1, "I8": 1, "Chambres": 1, "Remontrances sur ladite R\u00e9ponse &": 1, "Enl\u00e8vement des Pi\u00e8ces du Process": 1}, "year": "1766", "month": "06", "page": "21"}