{"ents_info": {"Sa Maj.": {"label": "MISC", "kb_qid": null, "url_wikidata": null}, "R\u00e9giment de Volontaires": {"label": "ORG", "kb_qid": null, "url_wikidata": null}, "Mr. le Comte de Clermont": {"label": "PER", "kb_qid": null, "url_wikidata": null}, "L\u00e9gions": {"label": "MISC", "kb_qid": "Q685455", "url_wikidata": "https://www.wikidata.org/wiki/Q685455"}, "Mars": {"label": "PER", "kb_qid": "Q112", "url_wikidata": "https://www.wikidata.org/wiki/Q112"}, "Avenir": {"label": "ORG", "kb_qid": "Q16038780", "url_wikidata": "https://www.wikidata.org/wiki/Q16038780"}, "Colonels": {"label": "MISC", "kb_qid": "Q504081", "url_wikidata": "https://www.wikidata.org/wiki/Q504081"}, "Corps des Grenadiers de France": {"label": "ORG", "kb_qid": "Q3455398", "url_wikidata": "https://www.wikidata.org/wiki/Q3455398"}, "premier Juin": {"label": "MISC", "kb_qid": "Q2625", "url_wikidata": "https://www.wikidata.org/wiki/Q2625"}, "L\u00e9gion": {"label": "ORG", "kb_qid": "Q188559", "url_wikidata": "https://www.wikidata.org/wiki/Q188559"}, "Isole de Saint-Domingue": {"label": "LOC", "kb_qid": null, "url_wikidata": null}, "Troupes": {"label": "LOC", "kb_qid": null, "url_wikidata": null}, "Mon\u00f4me": {"label": "MISC", "kb_qid": "Q25396087", "url_wikidata": "https://www.wikidata.org/wiki/Q25396087"}, "les Colonies": {"label": "LOC", "kb_qid": "Q248452", "url_wikidata": "https://www.wikidata.org/wiki/Q248452"}, "\u00celes du Vent de l'Am\u00e9rique": {"label": "LOC", "kb_qid": null, "url_wikidata": null}, "Un Armet du": {"label": "MISC", "kb_qid": null, "url_wikidata": null}, "Conseil": {"label": "ORG", "kb_qid": "Q37470", "url_wikidata": "https://www.wikidata.org/wiki/Q37470"}, "l'Arr\u00eat du": {"label": "MISC", "kb_qid": null, "url_wikidata": null}, "Parlement de Dijon": {"label": "ORG", "kb_qid": "Q1936090", "url_wikidata": "https://www.wikidata.org/wiki/Q1936090"}, "Avril": {"label": "PER", "kb_qid": "Q2874597", "url_wikidata": "https://www.wikidata.org/wiki/Q2874597"}, "Officiers dudit": {"label": "ORG", "kb_qid": null, "url_wikidata": null}, "Parlement": {"label": "ORG", "kb_qid": "Q35749", "url_wikidata": "https://www.wikidata.org/wiki/Q35749"}, "Juridictions de la Province de Bourgogne": {"label": "MISC", "kb_qid": null, "url_wikidata": null}, "Contr\u00f4le, d'Actes, centi\u00e8me denier": {"label": "MISC", "kb_qid": null, "url_wikidata": null}, "Des Employ\u00e9s de ladite r\u00e9gie": {"label": "MISC", "kb_qid": null, "url_wikidata": null}, "Commis de ses Fermes": {"label": "ORG", "kb_qid": null, "url_wikidata": null}, "Paris": {"label": "LOC", "kb_qid": "Q90", "url_wikidata": "https://www.wikidata.org/wiki/Q90"}, "Parlement de Bourdeaux": {"label": "ORG", "kb_qid": null, "url_wikidata": null}, "Bourreau, une": {"label": "MISC", "kb_qid": null, "url_wikidata": null}, "Instruction Pastorale": {"label": "MISC", "kb_qid": null, "url_wikidata": null}, "\u00c9v\u00eaque de Parler": {"label": "LOC", "kb_qid": null, "url_wikidata": null}, "Procureur G\u00e9n\u00e9ral": {"label": "LOC", "kb_qid": "Q2631987", "url_wikidata": "https://www.wikidata.org/wiki/Q2631987"}, "Roi": {"label": "PER", "kb_qid": "Q12097", "url_wikidata": "https://www.wikidata.org/wiki/Q12097"}}, "ents_freq": {"Sa Maj.": 2, "R\u00e9giment de Volontaires": 1, "Mr. le Comte de Clermont": 1, "L\u00e9gions": 1, "Mars": 1, "Avenir": 1, "Colonels": 1, "Corps des Grenadiers de France": 1, "premier Juin": 1, "L\u00e9gion": 1, "Isole de Saint-Domingue": 1, "Troupes": 1, "Mon\u00f4me": 1, "les Colonies": 1, "\u00celes du Vent de l'Am\u00e9rique": 1, "Un Armet du": 1, "Conseil": 1, "l'Arr\u00eat du": 1, "Parlement de Dijon": 1, "Avril": 1, "Officiers dudit": 1, "Parlement": 1, "Juridictions de la Province de Bourgogne": 1, "Contr\u00f4le, d'Actes, centi\u00e8me denier": 1, "Des Employ\u00e9s de ladite r\u00e9gie": 1, "Commis de ses Fermes": 1, "Paris": 1, "Parlement de Bourdeaux": 1, "Bourreau, une": 1, "Instruction Pastorale": 1, "\u00c9v\u00eaque de Parler": 1, "Procureur G\u00e9n\u00e9ral": 1, "Roi": 1}, "year": "1766", "month": "08", "page": "29"}