{"ents_info": {"Princes": {"label": "LOC", "kb_qid": "Q2747456", "url_wikidata": "https://www.wikidata.org/wiki/Q2747456"}, "Puissance": {"label": "PER", "kb_qid": "Q25342", "url_wikidata": "https://www.wikidata.org/wiki/Q25342"}, "Conseil": {"label": "ORG", "kb_qid": "Q2993894", "url_wikidata": "https://www.wikidata.org/wiki/Q2993894"}, "Cours": {"label": "MISC", "kb_qid": "Q21888036", "url_wikidata": "https://www.wikidata.org/wiki/Q21888036"}, "Officiers": {"label": "MISC", "kb_qid": "Q163700", "url_wikidata": "https://www.wikidata.org/wiki/Q163700"}, "Nation": {"label": "MISC", "kb_qid": "Q6266", "url_wikidata": "https://www.wikidata.org/wiki/Q6266"}, "Sujet fid\u00e8le;": {"label": "MISC", "kb_qid": null, "url_wikidata": null}, "Remontrances": {"label": "MISC", "kb_qid": "Q7312062", "url_wikidata": "https://www.wikidata.org/wiki/Q7312062"}, "Magistrat &": {"label": "ORG", "kb_qid": null, "url_wikidata": null}}, "ents_freq": {"Princes": 1, "Puissance": 1, "Conseil": 1, "Cours": 3, "Officiers": 2, "Nation": 1, "Sujet fid\u00e8le;": 1, "Remontrances": 1, "Magistrat &": 1}, "year": "1766", "month": "04", "page": "30"}