{"ents_info": {"Cl e du": {"label": "LOC", "kb_qid": null, "url_wikidata": null}, "Cabinet": {"label": "MISC", "kb_qid": "Q640506", "url_wikidata": "https://www.wikidata.org/wiki/Q640506"}, "Grand Vizir, &": {"label": "MISC", "kb_qid": null, "url_wikidata": null}, "Grand Seigneur": {"label": "MISC", "kb_qid": "Q199481", "url_wikidata": "https://www.wikidata.org/wiki/Q199481"}, "Fran\u00e7ois I.": {"label": "PER", "kb_qid": null, "url_wikidata": null}, "Monarque au Tr\u00f4ne de l'Empire d'Allemagne": {"label": "MISC", "kb_qid": null, "url_wikidata": null}, "Constantinople": {"label": "LOC", "kb_qid": "Q16869", "url_wikidata": "https://www.wikidata.org/wiki/Q16869"}, "Mr. Alexandrite": {"label": "PER", "kb_qid": null, "url_wikidata": null}, "Stanislas-Auguste": {"label": "PER", "kb_qid": "Q54019", "url_wikidata": "https://www.wikidata.org/wiki/Q54019"}, "Tr\u00f4ne de Pologne": {"label": "LOC", "kb_qid": null, "url_wikidata": null}, "Belles de ce Pays": {"label": "LOC", "kb_qid": null, "url_wikidata": null}, "Serrai": {"label": "LOC", "kb_qid": "Q206957", "url_wikidata": "https://www.wikidata.org/wiki/Q206957"}, "Croissant": {"label": "LOC", "kb_qid": "Q207832", "url_wikidata": "https://www.wikidata.org/wiki/Q207832"}, "le Divan": {"label": "LOC", "kb_qid": "Q3222355", "url_wikidata": "https://www.wikidata.org/wiki/Q3222355"}, "la Porte": {"label": "LOC", "kb_qid": "Q18871", "url_wikidata": "https://www.wikidata.org/wiki/Q18871"}, "George": {"label": "MISC", "kb_qid": "Q127318", "url_wikidata": "https://www.wikidata.org/wiki/Q127318"}, "Prince H\u00e9racl\u00e8s": {"label": "PER", "kb_qid": null, "url_wikidata": null}, "Musulman.": {"label": "MISC", "kb_qid": null, "url_wikidata": null}, "Janvier": {"label": "PER", "kb_qid": "Q3162174", "url_wikidata": "https://www.wikidata.org/wiki/Q3162174"}, "Mures": {"label": "LOC", "kb_qid": "Q207493", "url_wikidata": "https://www.wikidata.org/wiki/Q207493"}, "H\u00e9racl\u00e8s": {"label": "PER", "kb_qid": "Q122248", "url_wikidata": "https://www.wikidata.org/wiki/Q122248"}, "Arm\u00e9e": {"label": "ORG", "kb_qid": "Q162513", "url_wikidata": "https://www.wikidata.org/wiki/Q162513"}, "Mont Caucase": {"label": "LOC", "kb_qid": null, "url_wikidata": null}}, "ents_freq": {"Cl e du": 1, "Cabinet": 1, "Grand Vizir, &": 1, "Grand Seigneur": 1, "Fran\u00e7ois I.": 1, "Monarque au Tr\u00f4ne de l'Empire d'Allemagne": 1, "Constantinople": 2, "Mr. Alexandrite": 1, "Stanislas-Auguste": 1, "Tr\u00f4ne de Pologne": 1, "Belles de ce Pays": 1, "Serrai": 1, "Croissant": 1, "le Divan": 1, "la Porte": 1, "George": 1, "Prince H\u00e9racl\u00e8s": 1, "Musulman.": 1, "Janvier": 1, "Mures": 1, "H\u00e9racl\u00e8s": 1, "Arm\u00e9e": 1, "Mont Caucase": 1}, "year": "1766", "month": "05", "page": "31"}