{"ents_info": {"Cabine les": {"label": "MISC", "kb_qid": null, "url_wikidata": null}, "Emploi dans le Royaume, &": {"label": "MISC", "kb_qid": null, "url_wikidata": null}, "Caleras arm\u00e9es": {"label": "ORG", "kb_qid": null, "url_wikidata": null}, "C\u00f4tes des Pr\u00e9sides": {"label": "LOC", "kb_qid": null, "url_wikidata": null}, "Toscane": {"label": "LOC", "kb_qid": "Q1273", "url_wikidata": "https://www.wikidata.org/wiki/Q1273"}, "Station": {"label": "MISC", "kb_qid": "Q95840377", "url_wikidata": "https://www.wikidata.org/wiki/Q95840377"}, "B\u00e2timent": {"label": "LOC", "kb_qid": "Q41176", "url_wikidata": "https://www.wikidata.org/wiki/Q41176"}, "Corsaires Mures": {"label": "LOC", "kb_qid": null, "url_wikidata": null}, "Parages": {"label": "PER", "kb_qid": null, "url_wikidata": null}, "Mai": {"label": "PER", "kb_qid": "Q119", "url_wikidata": "https://www.wikidata.org/wiki/Q119"}, "Grand-Duc": {"label": "LOC", "kb_qid": "Q154849", "url_wikidata": "https://www.wikidata.org/wiki/Q154849"}, "Duch\u00e9": {"label": "LOC", "kb_qid": "Q4712", "url_wikidata": "https://www.wikidata.org/wiki/Q4712"}, "Mer & voisines de l'Ekat": {"label": "LOC", "kb_qid": null, "url_wikidata": null}, "Puissances": {"label": "MISC", "kb_qid": "Q26051996", "url_wikidata": "https://www.wikidata.org/wiki/Q26051996"}, "auguste \u00c9pouse": {"label": "PER", "kb_qid": null, "url_wikidata": null}, "Florence": {"label": "LOC", "kb_qid": "Q2044", "url_wikidata": "https://www.wikidata.org/wiki/Q2044"}, "Pise": {"label": "LOC", "kb_qid": "Q13375", "url_wikidata": "https://www.wikidata.org/wiki/Q13375"}, "Duc de Strophe, le": {"label": "PER", "kb_qid": null, "url_wikidata": null}, "Prince Cousin": {"label": "PER", "kb_qid": null, "url_wikidata": null}, "Marquis Corse": {"label": "LOC", "kb_qid": null, "url_wikidata": null}, "Seigneurs de leur Cour": {"label": "MISC", "kb_qid": null, "url_wikidata": null}, "Te D'EUR": {"label": "MISC", "kb_qid": null, "url_wikidata": null}, "Cath\u00e9drale": {"label": "LOC", "kb_qid": "Q745460", "url_wikidata": "https://www.wikidata.org/wiki/Q745460"}, "Palais Ducal, la Noblesse": {"label": "LOC", "kb_qid": null, "url_wikidata": null}}, "ents_freq": {"Cabine les": 1, "Emploi dans le Royaume, &": 1, "Caleras arm\u00e9es": 1, "C\u00f4tes des Pr\u00e9sides": 1, "Toscane": 1, "Station": 1, "B\u00e2timent": 1, "Corsaires Mures": 1, "Parages": 1, "Mai": 1, "Grand-Duc": 1, "Duch\u00e9": 1, "Mer & voisines de l'Ekat": 1, "Puissances": 1, "auguste \u00c9pouse": 1, "Florence": 1, "Pise": 1, "Duc de Strophe, le": 1, "Prince Cousin": 1, "Marquis Corse": 1, "Seigneurs de leur Cour": 1, "Te D'EUR": 1, "Cath\u00e9drale": 1, "Palais Ducal, la Noblesse": 1}, "year": "1766", "month": "07", "page": "77"}