{"ents_info": {"Princes e Juin": {"label": "LOC", "kb_qid": null, "url_wikidata": null}, "Grande-Bretagne": {"label": "LOC", "kb_qid": "Q23666", "url_wikidata": "https://www.wikidata.org/wiki/Q23666"}, "Irlande": {"label": "LOC", "kb_qid": "Q22890", "url_wikidata": "https://www.wikidata.org/wiki/Q22890"}, "Colonies Anglaises": {"label": "ORG", "kb_qid": "Q918254", "url_wikidata": "https://www.wikidata.org/wiki/Q918254"}, "Seigneurs, Membres": {"label": "MISC", "kb_qid": null, "url_wikidata": null}, "Chambrerions": {"label": "LOC", "kb_qid": null, "url_wikidata": null}, "Bill": {"label": "MISC", "kb_qid": "Q1124", "url_wikidata": "https://www.wikidata.org/wiki/Q1124"}, "Annuit\u00e9s": {"label": "LOC", "kb_qid": "Q189539", "url_wikidata": "https://www.wikidata.org/wiki/Q189539"}, "Marine &": {"label": "ORG", "kb_qid": null, "url_wikidata": null}, "Bills": {"label": "LOC", "kb_qid": "Q221626", "url_wikidata": "https://www.wikidata.org/wiki/Q221626"}, "Communes": {"label": "LOC", "kb_qid": "Q11005", "url_wikidata": "https://www.wikidata.org/wiki/Q11005"}, "le Bill": {"label": "MISC", "kb_qid": null, "url_wikidata": null}, "Sujets du Roi": {"label": "MISC", "kb_qid": null, "url_wikidata": null}, "Commissaires de l'": {"label": "ORG", "kb_qid": null, "url_wikidata": null}, "Accise & des Justiciers \u00e0 Paix": {"label": "ORG", "kb_qid": null, "url_wikidata": null}, "Liv.": {"label": "MISC", "kb_qid": "Q339180", "url_wikidata": "https://www.wikidata.org/wiki/Q339180"}, "terce": {"label": "PER", "kb_qid": "Q533258", "url_wikidata": "https://www.wikidata.org/wiki/Q533258"}, "Loi sur l'Accise, &": {"label": "MISC", "kb_qid": null, "url_wikidata": null}, "Proc\u00e8s de m\u00e9tro nature \u00e0 des Jur\u00e9s": {"label": "MISC", "kb_qid": null, "url_wikidata": null}, "Des amendes": {"label": "MISC", "kb_qid": null, "url_wikidata": null}, "Loi": {"label": "MISC", "kb_qid": "Q820655", "url_wikidata": "https://www.wikidata.org/wiki/Q820655"}, "Iles v\u0153ux du Peuple, os Membres": {"label": "LOC", "kb_qid": null, "url_wikidata": null}, "Mai": {"label": "PER", "kb_qid": "Q3278005", "url_wikidata": "https://www.wikidata.org/wiki/Q3278005"}, "Chambres: & voici Des r\u00e9solutions que celle des Communes": {"label": "ORG", "kb_qid": null, "url_wikidata": null}, "le Subside": {"label": "LOC", "kb_qid": null, "url_wikidata": null}, "N\u00e8gre": {"label": "PER", "kb_qid": "Q1356478", "url_wikidata": "https://www.wikidata.org/wiki/Q1356478"}, "Jama\u00efque": {"label": "LOC", "kb_qid": "Q766", "url_wikidata": "https://www.wikidata.org/wiki/Q766"}, "Navires \u00e9trangers": {"label": "LOC", "kb_qid": null, "url_wikidata": null}, "Lisle": {"label": "PER", "kb_qid": "Q1077268", "url_wikidata": "https://www.wikidata.org/wiki/Q1077268"}, "Isole": {"label": "LOC", "kb_qid": "Q1364549", "url_wikidata": "https://www.wikidata.org/wiki/Q1364549"}, "Ports francs": {"label": "LOC", "kb_qid": "Q496341", "url_wikidata": "https://www.wikidata.org/wiki/Q496341"}, "Am\u00e9rique": {"label": "LOC", "kb_qid": "Q828", "url_wikidata": "https://www.wikidata.org/wiki/Q828"}, "Esse de la Dominique": {"label": "LOC", "kb_qid": null, "url_wikidata": null}, "l'Am\u00e9rique": {"label": "LOC", "kb_qid": "Q828", "url_wikidata": "https://www.wikidata.org/wiki/Q828"}, "Ire de la Dominique": {"label": "MISC", "kb_qid": null, "url_wikidata": null}, "Colonies Francis\u00e9s": {"label": "ORG", "kb_qid": null, "url_wikidata": null}}, "ents_freq": {"Princes e Juin": 1, "Grande-Bretagne": 2, "Irlande": 1, "Colonies Anglaises": 1, "Seigneurs, Membres": 1, "Chambrerions": 1, "Bill": 2, "Annuit\u00e9s": 1, "Marine &": 1, "Bills": 2, "Communes": 1, "le Bill": 1, "Sujets du Roi": 1, "Commissaires de l'": 1, "Accise & des Justiciers \u00e0 Paix": 1, "Liv.": 1, "terce": 1, "Loi sur l'Accise, &": 1, "Proc\u00e8s de m\u00e9tro nature \u00e0 des Jur\u00e9s": 1, "Des amendes": 1, "Loi": 1, "Iles v\u0153ux du Peuple, os Membres": 1, "Mai": 1, "Chambres: & voici Des r\u00e9solutions que celle des Communes": 1, "le Subside": 1, "N\u00e8gre": 2, "Jama\u00efque": 1, "Navires \u00e9trangers": 1, "Lisle": 1, "Isole": 1, "Ports francs": 1, "Am\u00e9rique": 1, "Esse de la Dominique": 1, "l'Am\u00e9rique": 1, "Ire de la Dominique": 1, "Colonies Francis\u00e9s": 1}, "year": "1766", "month": "06", "page": "76"}