{"ents_info": {"Princes": {"label": "LOC", "kb_qid": "Q2747456", "url_wikidata": "https://www.wikidata.org/wiki/Q2747456"}, "Aranjuez, &": {"label": "MISC", "kb_qid": null, "url_wikidata": null}, "Tolet": {"label": "LOC", "kb_qid": "Q1379453", "url_wikidata": "https://www.wikidata.org/wiki/Q1379453"}, "D\u00e9put\u00e9s": {"label": "MISC", "kb_qid": "Q3044918", "url_wikidata": "https://www.wikidata.org/wiki/Q3044918"}, "Qui offrir la vie": {"label": "MISC", "kb_qid": null, "url_wikidata": null}, "Pas biens de tous les habitants, &": {"label": "MISC", "kb_qid": null, "url_wikidata": null}, "Chapitre de l'Eg": {"label": "MISC", "kb_qid": null, "url_wikidata": null}, "D\u00e9putation": {"label": "MISC", "kb_qid": "Q8022", "url_wikidata": "https://www.wikidata.org/wiki/Q8022"}, "Villes": {"label": "MISC", "kb_qid": "Q515", "url_wikidata": "https://www.wikidata.org/wiki/Q515"}, "Royaume": {"label": "LOC", "kb_qid": "Q145", "url_wikidata": "https://www.wikidata.org/wiki/Q145"}, "& toute la Nation": {"label": "MISC", "kb_qid": null, "url_wikidata": null}, "Roi": {"label": "PER", "kb_qid": "Q18384454", "url_wikidata": "https://www.wikidata.org/wiki/Q18384454"}, "Madrid": {"label": "LOC", "kb_qid": "Q2807", "url_wikidata": "https://www.wikidata.org/wiki/Q2807"}, "S'arrangeasse, o\u00f9 la populace": {"label": "MISC", "kb_qid": null, "url_wikidata": null}, "Bourgeoisie": {"label": "LOC", "kb_qid": "Q52090", "url_wikidata": "https://www.wikidata.org/wiki/Q52090"}, "Chefs": {"label": "PER", "kb_qid": "Q48352", "url_wikidata": "https://www.wikidata.org/wiki/Q48352"}, "Barcelone": {"label": "LOC", "kb_qid": "Q7156", "url_wikidata": "https://www.wikidata.org/wiki/Q7156"}, "Capitale de la Catalogne": {"label": "LOC", "kb_qid": null, "url_wikidata": null}, "Marquis de la Mina": {"label": "PER", "kb_qid": null, "url_wikidata": null}, "Capitaine-G\u00e9n\u00e9ral des Arm\u00e9es du": {"label": "LOC", "kb_qid": null, "url_wikidata": null}, "Principaut\u00e9 de Catalogne": {"label": "LOC", "kb_qid": "Q15581", "url_wikidata": "https://www.wikidata.org/wiki/Q15581"}, "Corps de M\u00e9tiers": {"label": "ORG", "kb_qid": "Q167037", "url_wikidata": "https://www.wikidata.org/wiki/Q167037"}}, "ents_freq": {"Princes": 1, "Aranjuez, &": 1, "Tolet": 1, "D\u00e9put\u00e9s": 1, "Qui offrir la vie": 1, "Pas biens de tous les habitants, &": 1, "Chapitre de l'Eg": 1, "D\u00e9putation": 1, "Villes": 1, "Royaume": 1, "& toute la Nation": 1, "Roi": 1, "Madrid": 1, "S'arrangeasse, o\u00f9 la populace": 1, "Bourgeoisie": 1, "Chefs": 2, "Barcelone": 1, "Capitale de la Catalogne": 1, "Marquis de la Mina": 1, "Capitaine-G\u00e9n\u00e9ral des Arm\u00e9es du": 1, "Principaut\u00e9 de Catalogne": 1, "Corps de M\u00e9tiers": 1}, "year": "1766", "month": "06", "page": "60"}