{"ents_info": {"Princes": {"label": "LOC", "kb_qid": "Q2747456", "url_wikidata": "https://www.wikidata.org/wiki/Q2747456"}, "Forts": {"label": "ORG", "kb_qid": "Q3078529", "url_wikidata": "https://www.wikidata.org/wiki/Q3078529"}, "\u00c9tablissement que la Consonne": {"label": "ORG", "kb_qid": null, "url_wikidata": null}, "De mode le de ceux qui ont \u00e9t\u00e9 dress\u00e9s pour les possessions": {"label": "MISC", "kb_qid": null, "url_wikidata": null}, "Am\u00e9rique": {"label": "LOC", "kb_qid": "Q828", "url_wikidata": "https://www.wikidata.org/wiki/Q828"}, "Commerce de la Nation": {"label": "LOC", "kb_qid": null, "url_wikidata": null}, "Fran\u00e7ois": {"label": "PER", "kb_qid": "Q151075", "url_wikidata": "https://www.wikidata.org/wiki/Q151075"}, "trait\u00e9 des N\u00e8gres": {"label": "MISC", "kb_qid": null, "url_wikidata": null}, "Anglais": {"label": "LOC", "kb_qid": "Q7976", "url_wikidata": "https://www.wikidata.org/wiki/Q7976"}, "Espagnols": {"label": "LOC", "kb_qid": "Q29", "url_wikidata": "https://www.wikidata.org/wiki/Q29"}, "Manille": {"label": "LOC", "kb_qid": "Q1461", "url_wikidata": "https://www.wikidata.org/wiki/Q1461"}, "Novembre": {"label": "PER", "kb_qid": "Q125", "url_wikidata": "https://www.wikidata.org/wiki/Q125"}, "Ambassadeur d'Espagne": {"label": "LOC", "kb_qid": null, "url_wikidata": null}, "Ministres du Roi": {"label": "PER", "kb_qid": null, "url_wikidata": null}, "Trait\u00e9 de Paix": {"label": "MISC", "kb_qid": "Q322943", "url_wikidata": "https://www.wikidata.org/wiki/Q322943"}, "Nations Indiennes": {"label": "ORG", "kb_qid": "Q36747", "url_wikidata": "https://www.wikidata.org/wiki/Q36747"}, "Cour": {"label": "ORG", "kb_qid": "Q3001001", "url_wikidata": "https://www.wikidata.org/wiki/Q3001001"}, "Chevalier Moore": {"label": "PER", "kb_qid": null, "url_wikidata": null}, "Gouverneur de la Nouvelle-orc": {"label": "PER", "kb_qid": null, "url_wikidata": null}, "Indiens": {"label": "LOC", "kb_qid": "Q2643509", "url_wikidata": "https://www.wikidata.org/wiki/Q2643509"}, "Albanie": {"label": "LOC", "kb_qid": "Q467864", "url_wikidata": "https://www.wikidata.org/wiki/Q467864"}, "Cordon": {"label": "LOC", "kb_qid": "Q840817", "url_wikidata": "https://www.wikidata.org/wiki/Q840817"}, "Territoires des Indiens de Delta": {"label": "LOC", "kb_qid": null, "url_wikidata": null}, "Sujets du Roi": {"label": "MISC", "kb_qid": null, "url_wikidata": null}, "Gouvernement": {"label": "MISC", "kb_qid": "Q3112648", "url_wikidata": "https://www.wikidata.org/wiki/Q3112648"}, "ter": {"label": "LOC", "kb_qid": "Q2825406", "url_wikidata": "https://www.wikidata.org/wiki/Q2825406"}, "De Canada": {"label": "MISC", "kb_qid": null, "url_wikidata": null}, "Gentilhomme Normand": {"label": "PER", "kb_qid": null, "url_wikidata": null}}, "ents_freq": {"Princes": 1, "Forts": 1, "\u00c9tablissement que la Consonne": 1, "De mode le de ceux qui ont \u00e9t\u00e9 dress\u00e9s pour les possessions": 1, "Am\u00e9rique": 3, "Commerce de la Nation": 1, "Fran\u00e7ois": 1, "trait\u00e9 des N\u00e8gres": 1, "Anglais": 3, "Espagnols": 1, "Manille": 1, "Novembre": 1, "Ambassadeur d'Espagne": 1, "Ministres du Roi": 1, "Trait\u00e9 de Paix": 1, "Nations Indiennes": 1, "Cour": 1, "Chevalier Moore": 1, "Gouverneur de la Nouvelle-orc": 1, "Indiens": 1, "Albanie": 1, "Cordon": 1, "Territoires des Indiens de Delta": 1, "Sujets du Roi": 1, "Gouvernement": 1, "ter": 1, "De Canada": 1, "Gentilhomme Normand": 1}, "year": "1766", "month": "12", "page": "62"}