{"ents_info": {"Duc de Larges & Belle-fille du Duc de Dur": {"label": "PER", "kb_qid": null, "url_wikidata": null}, "Ambassadeur de France": {"label": "PER", "kb_qid": "Q2841741", "url_wikidata": "https://www.wikidata.org/wiki/Q2841741"}, "Roi des Deux-Siciles": {"label": "PER", "kb_qid": "Q180393", "url_wikidata": "https://www.wikidata.org/wiki/Q180393"}, "19 Octobre": {"label": "MISC", "kb_qid": "Q2961", "url_wikidata": "https://www.wikidata.org/wiki/Q2961"}, "Paris": {"label": "LOC", "kb_qid": "Q90", "url_wikidata": "https://www.wikidata.org/wiki/Q90"}, "Rohan": {"label": "PER", "kb_qid": "Q695223", "url_wikidata": "https://www.wikidata.org/wiki/Q695223"}, "Lex": {"label": "PER", "kb_qid": "Q306650", "url_wikidata": "https://www.wikidata.org/wiki/Q306650"}, "Octobre, la Duchesse": {"label": "MISC", "kb_qid": null, "url_wikidata": null}, "Duc de Gravira": {"label": "PER", "kb_qid": null, "url_wikidata": null}, "Prince": {"label": "PER", "kb_qid": "Q7542", "url_wikidata": "https://www.wikidata.org/wiki/Q7542"}, "Rome": {"label": "LOC", "kb_qid": "Q220", "url_wikidata": "https://www.wikidata.org/wiki/Q220"}, "Princesse de Solde": {"label": "MISC", "kb_qid": null, "url_wikidata": null}, "Novembre.": {"label": "MISC", "kb_qid": null, "url_wikidata": null}, "Duc de Sforza-C\u00e9sarien": {"label": "PER", "kb_qid": null, "url_wikidata": null}, "Th\u00e9r\u00e8se Caracole, Noble Napolitaine": {"label": "PER", "kb_qid": null, "url_wikidata": null}, "Comte de Val": {"label": "PER", "kb_qid": null, "url_wikidata": null}, "Mar\u00e9chal": {"label": "PER", "kb_qid": "Q111837", "url_wikidata": "https://www.wikidata.org/wiki/Q111837"}, "Vienne": {"label": "LOC", "kb_qid": "Q26849", "url_wikidata": "https://www.wikidata.org/wiki/Q26849"}, "Comtesse Fran\u00e7oise": {"label": "PER", "kb_qid": null, "url_wikidata": null}, "Prince de Colorado Vice-Chancelier": {"label": "PER", "kb_qid": null, "url_wikidata": null}, "l'Empire": {"label": "LOC", "kb_qid": "Q71084", "url_wikidata": "https://www.wikidata.org/wiki/Q71084"}, "Marie-Anne Dubruoulh": {"label": "PER", "kb_qid": null, "url_wikidata": null}, "\u00c9meric-Emmanuel de Tim brune": {"label": "PER", "kb_qid": null, "url_wikidata": null}, "Marquis de Fa\u00efence": {"label": "PER", "kb_qid": null, "url_wikidata": null}, "Colonel Mestre-de- Camp du R\u00e9giment du Maine": {"label": "PER", "kb_qid": null, "url_wikidata": null}, "A": {"label": "LOC", "kb_qid": "Q9659", "url_wikidata": "https://www.wikidata.org/wiki/Q9659"}, "Octobre": {"label": "MISC", "kb_qid": "Q3348907", "url_wikidata": "https://www.wikidata.org/wiki/Q3348907"}, "Terres": {"label": "LOC", "kb_qid": "Q327076", "url_wikidata": "https://www.wikidata.org/wiki/Q327076"}, "Languedoc": {"label": "LOC", "kb_qid": "Q206221", "url_wikidata": "https://www.wikidata.org/wiki/Q206221"}, "Pierre de Dur": {"label": "PER", "kb_qid": null, "url_wikidata": null}, "Marquis de Dur": {"label": "PER", "kb_qid": null, "url_wikidata": null}, "PS4": {"label": "MISC", "kb_qid": "Q5014725", "url_wikidata": "https://www.wikidata.org/wiki/Q5014725"}, "Comte de Droit": {"label": "PER", "kb_qid": null, "url_wikidata": null}, "G\u00e9n\u00e9ral d'Infanterie": {"label": "PER", "kb_qid": "Q694005", "url_wikidata": "https://www.wikidata.org/wiki/Q694005"}, "Imp\u00e9ratrice-Reine Apostolique": {"label": "PER", "kb_qid": null, "url_wikidata": null}, "Commandeurs": {"label": "MISC", "kb_qid": "Q3138728", "url_wikidata": "https://www.wikidata.org/wiki/Q3138728"}, "Ordre Militaire de Marie-Th\u00e9r\u00e8se": {"label": "ORG", "kb_qid": null, "url_wikidata": null}, "l'Empereur": {"label": "PER", "kb_qid": "Q7721", "url_wikidata": "https://www.wikidata.org/wiki/Q7721"}, "Croatie": {"label": "LOC", "kb_qid": "Q134479", "url_wikidata": "https://www.wikidata.org/wiki/Q134479"}, "Marquis de Mirabeau": {"label": "PER", "kb_qid": "Q947485", "url_wikidata": "https://www.wikidata.org/wiki/Q947485"}}, "ents_freq": {"Duc de Larges & Belle-fille du Duc de Dur": 1, "Ambassadeur de France": 1, "Roi des Deux-Siciles": 1, "19 Octobre": 1, "Paris": 3, "Rohan": 1, "Lex": 1, "Octobre, la Duchesse": 1, "Duc de Gravira": 1, "Prince": 1, "Rome": 2, "Princesse de Solde": 1, "Novembre.": 1, "Duc de Sforza-C\u00e9sarien": 1, "Th\u00e9r\u00e8se Caracole, Noble Napolitaine": 1, "Comte de Val": 1, "Mar\u00e9chal": 1, "Vienne": 1, "Comtesse Fran\u00e7oise": 1, "Prince de Colorado Vice-Chancelier": 1, "l'Empire": 1, "Marie-Anne Dubruoulh": 1, "\u00c9meric-Emmanuel de Tim brune": 1, "Marquis de Fa\u00efence": 1, "Colonel Mestre-de- Camp du R\u00e9giment du Maine": 1, "A": 1, "Octobre": 1, "Terres": 1, "Languedoc": 1, "Pierre de Dur": 1, "Marquis de Dur": 1, "PS4": 1, "Comte de Droit": 1, "G\u00e9n\u00e9ral d'Infanterie": 1, "Imp\u00e9ratrice-Reine Apostolique": 1, "Commandeurs": 1, "Ordre Militaire de Marie-Th\u00e9r\u00e8se": 1, "l'Empereur": 1, "Croatie": 1, "Marquis de Mirabeau": 1}, "year": "1766", "month": "01", "page": "72"}