{"ents_info": {"Cl e": {"label": "LOC", "kb_qid": null, "url_wikidata": null}, "Cabinet 26": {"label": "MISC", "kb_qid": null, "url_wikidata": null}, "Chambre Apostolique": {"label": "LOC", "kb_qid": "Q620030", "url_wikidata": "https://www.wikidata.org/wiki/Q620030"}, "Change de Naples": {"label": "MISC", "kb_qid": null, "url_wikidata": null}, "N\u00e9gociant": {"label": "ORG", "kb_qid": "Q601401", "url_wikidata": "https://www.wikidata.org/wiki/Q601401"}, "Ekat": {"label": "LOC", "kb_qid": null, "url_wikidata": null}, "Cultivateurs": {"label": "MISC", "kb_qid": null, "url_wikidata": null}, "Tribunal de l'Abondance": {"label": "MISC", "kb_qid": null, "url_wikidata": null}, "Provinces de l'Ekat": {"label": "LOC", "kb_qid": null, "url_wikidata": null}, "Eg": {"label": "MISC", "kb_qid": "Q236910", "url_wikidata": "https://www.wikidata.org/wiki/Q236910"}, "y. Novembre le Pape": {"label": "MISC", "kb_qid": null, "url_wikidata": null}, "Cardinal": {"label": "PER", "kb_qid": "Q45722", "url_wikidata": "https://www.wikidata.org/wiki/Q45722"}, "Congr\u00e9gation des Rites Sacr\u00e9s &": {"label": "ORG", "kb_qid": null, "url_wikidata": null}, "Cardinal Cavachai": {"label": "PER", "kb_qid": null, "url_wikidata": null}, "V\u00e9n\u00e9rable Simon de Rodas": {"label": "PER", "kb_qid": null, "url_wikidata": null}, "Ordre des Trinitaires D\u00e9chauss\u00e9s": {"label": "ORG", "kb_qid": null, "url_wikidata": null}, "second Miracle": {"label": "MISC", "kb_qid": "Q106956710", "url_wikidata": "https://www.wikidata.org/wiki/Q106956710"}, "saint Religieux": {"label": "PER", "kb_qid": null, "url_wikidata": null}, "Mai": {"label": "PER", "kb_qid": "Q119", "url_wikidata": "https://www.wikidata.org/wiki/Q119"}, "Gentilhomme": {"label": "PER", "kb_qid": "Q749212", "url_wikidata": "https://www.wikidata.org/wiki/Q749212"}, "Cabaret": {"label": "MISC", "kb_qid": "Q1024739", "url_wikidata": "https://www.wikidata.org/wiki/Q1024739"}, "Officier": {"label": "ORG", "kb_qid": "Q163700", "url_wikidata": "https://www.wikidata.org/wiki/Q163700"}, "ardes du Pape": {"label": "PER", "kb_qid": null, "url_wikidata": null}, "Avignon": {"label": "LOC", "kb_qid": "Q6397", "url_wikidata": "https://www.wikidata.org/wiki/Q6397"}}, "ents_freq": {"Cl e": 1, "Cabinet 26": 1, "Chambre Apostolique": 1, "Change de Naples": 1, "N\u00e9gociant": 1, "Ekat": 1, "Cultivateurs": 3, "Tribunal de l'Abondance": 1, "Provinces de l'Ekat": 1, "Eg": 1, "y. Novembre le Pape": 1, "Cardinal": 1, "Congr\u00e9gation des Rites Sacr\u00e9s &": 1, "Cardinal Cavachai": 1, "V\u00e9n\u00e9rable Simon de Rodas": 1, "Ordre des Trinitaires D\u00e9chauss\u00e9s": 1, "second Miracle": 1, "saint Religieux": 1, "Mai": 1, "Gentilhomme": 1, "Cabaret": 1, "Officier": 1, "ardes du Pape": 1, "Avignon": 1}, "year": "1766", "month": "01", "page": "25"}