{"ents_info": {"Q2 La Cl e du Carte Chez": {"label": "MISC", "kb_qid": null, "url_wikidata": null}, "Iroquoises": {"label": "ORG", "kb_qid": "Q68518", "url_wikidata": "https://www.wikidata.org/wiki/Q68518"}, "L'Auteur": {"label": "PER", "kb_qid": "Q7311", "url_wikidata": "https://www.wikidata.org/wiki/Q7311"}, "Europ\u00e9ens": {"label": "LOC", "kb_qid": "Q394067", "url_wikidata": "https://www.wikidata.org/wiki/Q394067"}, "Soldats de la Garnison du Fort Doudou": {"label": "MISC", "kb_qid": null, "url_wikidata": null}, "Iroquois": {"label": "ORG", "kb_qid": "Q491011", "url_wikidata": "https://www.wikidata.org/wiki/Q491011"}, "Guerrier": {"label": "PER", "kb_qid": "Q778048", "url_wikidata": "https://www.wikidata.org/wiki/Q778048"}, "Milanais": {"label": "LOC", "kb_qid": "Q153529", "url_wikidata": "https://www.wikidata.org/wiki/Q153529"}, "& la Garnison": {"label": "MISC", "kb_qid": null, "url_wikidata": null}, "mer e. A": {"label": "LOC", "kb_qid": null, "url_wikidata": null}, "Iroquoise": {"label": "LOC", "kb_qid": "Q68518", "url_wikidata": "https://www.wikidata.org/wiki/Q68518"}}, "ents_freq": {"Q2 La Cl e du Carte Chez": 1, "Iroquoises": 2, "L'Auteur": 1, "Europ\u00e9ens": 1, "Soldats de la Garnison du Fort Doudou": 1, "Iroquois": 4, "Guerrier": 1, "Milanais": 1, "& la Garnison": 1, "mer e. A": 1, "Iroquoise": 1}, "year": "1766", "month": "05", "page": "9"}