{"ents_info": {"Cl e": {"label": "LOC", "kb_qid": null, "url_wikidata": null}, "Cabinet 40 t'aire": {"label": "MISC", "kb_qid": null, "url_wikidata": null}, "Capitaines de Vaisseaux & & trois": {"label": "MISC", "kb_qid": null, "url_wikidata": null}, "Mr. Gram Conseiller Intime": {"label": "PER", "kb_qid": null, "url_wikidata": null}, "Comte de Ruth": {"label": "PER", "kb_qid": null, "url_wikidata": null}, "Chambre": {"label": "ORG", "kb_qid": "Q841424", "url_wikidata": "https://www.wikidata.org/wiki/Q841424"}, "Couronnes brod\u00e9es": {"label": "MISC", "kb_qid": null, "url_wikidata": null}, "Chambellans": {"label": "PER", "kb_qid": "Q264323", "url_wikidata": "https://www.wikidata.org/wiki/Q264323"}, "la Chapelle": {"label": "LOC", "kb_qid": "Q3413190", "url_wikidata": "https://www.wikidata.org/wiki/Q3413190"}, "Je Corps de chaque cont\u00e9": {"label": "MISC", "kb_qid": null, "url_wikidata": null}, "Finances & autres employ\u00e9s, tous en grand deuil": {"label": "ORG", "kb_qid": null, "url_wikidata": null}, "Rabans": {"label": "LOC", "kb_qid": null, "url_wikidata": null}, "Mar\u00e9chal de la Cour": {"label": "PER", "kb_qid": "Q1623209", "url_wikidata": "https://www.wikidata.org/wiki/Q1623209"}, "Comte de Mol": {"label": "PER", "kb_qid": null, "url_wikidata": null}, "B\u00e2ton": {"label": "LOC", "kb_qid": "Q10971443", "url_wikidata": "https://www.wikidata.org/wiki/Q10971443"}, "Le Carrosse de S. M.": {"label": "MISC", "kb_qid": null, "url_wikidata": null}, "Page de sa Chambre \u00e0 cheval & de douze domestiques": {"label": "MISC", "kb_qid": null, "url_wikidata": null}, "Heiduques": {"label": "LOC", "kb_qid": null, "url_wikidata": null}, "Grand-Chambellan": {"label": "LOC", "kb_qid": "Q1549372", "url_wikidata": "https://www.wikidata.org/wiki/Q1549372"}, "& le Grandeur \u00e0 la droite": {"label": "MISC", "kb_qid": null, "url_wikidata": null}, "Carrosse de deuil de la": {"label": "MISC", "kb_qid": null, "url_wikidata": null}, "Roi": {"label": "PER", "kb_qid": "Q18384454", "url_wikidata": "https://www.wikidata.org/wiki/Q18384454"}, "Le Carrosse de deuil": {"label": "MISC", "kb_qid": null, "url_wikidata": null}, "Son": {"label": "PER", "kb_qid": "Q128124", "url_wikidata": "https://www.wikidata.org/wiki/Q128124"}, "Prince Fr\u00e9d\u00e9ric": {"label": "PER", "kb_qid": "Q75536", "url_wikidata": "https://www.wikidata.org/wiki/Q75536"}, "Conseiller Intime Comte": {"label": "MISC", "kb_qid": null, "url_wikidata": null}, "Mar\u00e9chal Manteau": {"label": "PER", "kb_qid": null, "url_wikidata": null}, "Pages de la": {"label": "MISC", "kb_qid": null, "url_wikidata": null}, "Chambre &": {"label": "ORG", "kb_qid": null, "url_wikidata": null}, "Caresses": {"label": "MISC", "kb_qid": "Q2938162", "url_wikidata": "https://www.wikidata.org/wiki/Q2938162"}, "Princesses Sophie-Madelaine": {"label": "MISC", "kb_qid": null, "url_wikidata": null}, "Guillemin-Caroline & Louise": {"label": "LOC", "kb_qid": null, "url_wikidata": null}}, "ents_freq": {"Cl e": 1, "Cabinet 40 t'aire": 1, "Capitaines de Vaisseaux & & trois": 1, "Mr. Gram Conseiller Intime": 1, "Comte de Ruth": 1, "Chambre": 1, "Couronnes brod\u00e9es": 1, "Chambellans": 1, "la Chapelle": 1, "Je Corps de chaque cont\u00e9": 1, "Finances & autres employ\u00e9s, tous en grand deuil": 1, "Rabans": 1, "Mar\u00e9chal de la Cour": 1, "Comte de Mol": 1, "B\u00e2ton": 1, "Le Carrosse de S. M.": 1, "Page de sa Chambre \u00e0 cheval & de douze domestiques": 1, "Heiduques": 1, "Grand-Chambellan": 1, "& le Grandeur \u00e0 la droite": 1, "Carrosse de deuil de la": 1, "Roi": 1, "Le Carrosse de deuil": 1, "Son": 1, "Prince Fr\u00e9d\u00e9ric": 1, "Conseiller Intime Comte": 1, "Mar\u00e9chal Manteau": 1, "Pages de la": 1, "Chambre &": 1, "Caresses": 1, "Princesses Sophie-Madelaine": 1, "Guillemin-Caroline & Louise": 1}, "year": "1766", "month": "05", "page": "27"}