{"ents_info": {"185 moire": {"label": "LOC", "kb_qid": null, "url_wikidata": null}, "Chevalier Jean-Fran\u00e7ois Lefebvre": {"label": "PER", "kb_qid": null, "url_wikidata": null}, "Abbeville": {"label": "LOC", "kb_qid": "Q28520", "url_wikidata": "https://www.wikidata.org/wiki/Q28520"}, "son Arr\u00eat": {"label": "MISC", "kb_qid": null, "url_wikidata": null}, "Pr\u00e9sident & Conseillers du Parlement de Dauphin\u00e9": {"label": "ORG", "kb_qid": null, "url_wikidata": null}, "Versailles": {"label": "LOC", "kb_qid": "Q2946", "url_wikidata": "https://www.wikidata.org/wiki/Q2946"}, "Roi": {"label": "PER", "kb_qid": "Q13592862", "url_wikidata": "https://www.wikidata.org/wiki/Q13592862"}, "Cabinet de Sa Majest\u00e9": {"label": "MISC", "kb_qid": null, "url_wikidata": null}, "Parlement": {"label": "ORG", "kb_qid": "Q35749", "url_wikidata": "https://www.wikidata.org/wiki/Q35749"}, "D\u00e9putation": {"label": "MISC", "kb_qid": "Q8022", "url_wikidata": "https://www.wikidata.org/wiki/Q8022"}, "Parlement de Dauphin\u00e9": {"label": "ORG", "kb_qid": "Q3365540", "url_wikidata": "https://www.wikidata.org/wiki/Q3365540"}, "R\u00e9ponse du Roi": {"label": "PER", "kb_qid": null, "url_wikidata": null}, "Mars": {"label": "PER", "kb_qid": "Q111", "url_wikidata": "https://www.wikidata.org/wiki/Q111"}, "grande D\u00e9putation": {"label": "MISC", "kb_qid": null, "url_wikidata": null}, "Chambres": {"label": "ORG", "kb_qid": "Q1137059", "url_wikidata": "https://www.wikidata.org/wiki/Q1137059"}, "Arr\u00eat\u00e9 du 14": {"label": "MISC", "kb_qid": null, "url_wikidata": null}, "Avril": {"label": "PER", "kb_qid": "Q118", "url_wikidata": "https://www.wikidata.org/wiki/Q118"}, "Remontrances au Roi": {"label": "MISC", "kb_qid": null, "url_wikidata": null}, "Honneur & du devoir De tout d'adh\u00e9sion &": {"label": "ORG", "kb_qid": null, "url_wikidata": null}}, "ents_freq": {"185 moire": 1, "Chevalier Jean-Fran\u00e7ois Lefebvre": 1, "Abbeville": 1, "son Arr\u00eat": 1, "Pr\u00e9sident & Conseillers du Parlement de Dauphin\u00e9": 1, "Versailles": 2, "Roi": 1, "Cabinet de Sa Majest\u00e9": 1, "Parlement": 2, "D\u00e9putation": 2, "Parlement de Dauphin\u00e9": 1, "R\u00e9ponse du Roi": 1, "Mars": 1, "grande D\u00e9putation": 1, "Chambres": 1, "Arr\u00eat\u00e9 du 14": 1, "Avril": 1, "Remontrances au Roi": 1, "Honneur & du devoir De tout d'adh\u00e9sion &": 1}, "year": "1766", "month": "09", "page": "28"}