{"ents_info": {"Orn\u00e9es": {"label": "LOC", "kb_qid": "Q335261", "url_wikidata": "https://www.wikidata.org/wiki/Q335261"}, "Roi": {"label": "PER", "kb_qid": "Q13592862", "url_wikidata": "https://www.wikidata.org/wiki/Q13592862"}, "Sa Majest\u00e9": {"label": "PER", "kb_qid": "Q669458", "url_wikidata": "https://www.wikidata.org/wiki/Q669458"}, "Versailles": {"label": "LOC", "kb_qid": "Q621", "url_wikidata": "https://www.wikidata.org/wiki/Q621"}, "Mars": {"label": "LOC", "kb_qid": "Q110", "url_wikidata": "https://www.wikidata.org/wiki/Q110"}, "Dimanche, 2": {"label": "MISC", "kb_qid": null, "url_wikidata": null}, "Gardes-du-Corps": {"label": "LOC", "kb_qid": "Q851436", "url_wikidata": "https://www.wikidata.org/wiki/Q851436"}, "Paris": {"label": "LOC", "kb_qid": "Q90", "url_wikidata": "https://www.wikidata.org/wiki/Q90"}, "Palais": {"label": "LOC", "kb_qid": "Q128745", "url_wikidata": "https://www.wikidata.org/wiki/Q128745"}, "Sa Maj.": {"label": "MISC", "kb_qid": null, "url_wikidata": null}, "Courriers": {"label": "MISC", "kb_qid": "Q9158", "url_wikidata": "https://www.wikidata.org/wiki/Q9158"}, "Gardes-Fran\u00e7aises &": {"label": "ORG", "kb_qid": null, "url_wikidata": null}, "Garde du Roi": {"label": "ORG", "kb_qid": "Q3095413", "url_wikidata": "https://www.wikidata.org/wiki/Q3095413"}, "& les Gens prenant le Parlement": {"label": "MISC", "kb_qid": null, "url_wikidata": null}, "Sa Maj": {"label": "PER", "kb_qid": null, "url_wikidata": null}, "Lit d": {"label": "PER", "kb_qid": null, "url_wikidata": null}, "Lit": {"label": "PER", "kb_qid": "Q1142016", "url_wikidata": "https://www.wikidata.org/wiki/Q1142016"}, "Justice": {"label": "MISC", "kb_qid": "Q329178", "url_wikidata": "https://www.wikidata.org/wiki/Q329178"}, "Sa Majest\u00e9 apyres": {"label": "PER", "kb_qid": null, "url_wikidata": null}, "Messe": {"label": "MISC", "kb_qid": "Q132612", "url_wikidata": "https://www.wikidata.org/wiki/Q132612"}, "Chapelle du": {"label": "LOC", "kb_qid": "Q2956786", "url_wikidata": "https://www.wikidata.org/wiki/Q2956786"}, "Ch\u00e2teau de Versailles": {"label": "LOC", "kb_qid": "Q2946", "url_wikidata": "https://www.wikidata.org/wiki/Q2946"}, "Cour du l'": {"label": "LOC", "kb_qid": null, "url_wikidata": null}, "Ste. Chapelle": {"label": "LOC", "kb_qid": null, "url_wikidata": null}, "Comte de St Florentin": {"label": "PER", "kb_qid": null, "url_wikidata": null}, "Ministre & Secr\u00e9taire d'Ekat, Mrs": {"label": "ORG", "kb_qid": null, "url_wikidata": null}, "Dagues": {"label": "PER", "kb_qid": "Q18204139", "url_wikidata": "https://www.wikidata.org/wiki/Q18204139"}, "Gilbert": {"label": "PER", "kb_qid": "Q51684", "url_wikidata": "https://www.wikidata.org/wiki/Q51684"}, "Bernier de Soign\u00e9 & Joli de Fleurs": {"label": "PER", "kb_qid": null, "url_wikidata": null}, "Majest\u00e9": {"label": "PER", "kb_qid": "Q669458", "url_wikidata": "https://www.wikidata.org/wiki/Q669458"}, "Princes de son Sang": {"label": "LOC", "kb_qid": null, "url_wikidata": null}, "Palais la D\u00e9putation ordinaire du": {"label": "LOC", "kb_qid": null, "url_wikidata": null}, "Parlement": {"label": "ORG", "kb_qid": "Q35749", "url_wikidata": "https://www.wikidata.org/wiki/Q35749"}, "Pr\u00e9sident & de six": {"label": "ORG", "kb_qid": null, "url_wikidata": null}, "Conseillers, qui luta": {"label": "MISC", "kb_qid": null, "url_wikidata": null}}, "ents_freq": {"Orn\u00e9es": 1, "Roi": 2, "Sa Majest\u00e9": 2, "Versailles": 2, "Mars": 2, "Dimanche, 2": 1, "Gardes-du-Corps": 2, "Paris": 2, "Palais": 2, "Sa Maj.": 1, "Courriers": 1, "Gardes-Fran\u00e7aises &": 1, "Garde du Roi": 1, "& les Gens prenant le Parlement": 1, "Sa Maj": 1, "Lit d": 1, "Lit": 1, "Justice": 1, "Sa Majest\u00e9 apyres": 1, "Messe": 1, "Chapelle du": 1, "Ch\u00e2teau de Versailles": 1, "Cour du l'": 1, "Ste. Chapelle": 1, "Comte de St Florentin": 1, "Ministre & Secr\u00e9taire d'Ekat, Mrs": 1, "Dagues": 1, "Gilbert": 1, "Bernier de Soign\u00e9 & Joli de Fleurs": 1, "Majest\u00e9": 1, "Princes de son Sang": 1, "Palais la D\u00e9putation ordinaire du": 1, "Parlement": 1, "Pr\u00e9sident & de six": 1, "Conseillers, qui luta": 1}, "year": "1766", "month": "04", "page": "26"}