{"ents_info": {"Princes": {"label": "LOC", "kb_qid": "Q1753066", "url_wikidata": "https://www.wikidata.org/wiki/Q1753066"}, "Officiers": {"label": "MISC", "kb_qid": "Q163700", "url_wikidata": "https://www.wikidata.org/wiki/Q163700"}, "Rennes": {"label": "LOC", "kb_qid": "Q647", "url_wikidata": "https://www.wikidata.org/wiki/Q647"}, "Comme les prisons de cette Ville": {"label": "MISC", "kb_qid": null, "url_wikidata": null}, "Couvent des Cordeliers": {"label": "LOC", "kb_qid": "Q853703", "url_wikidata": "https://www.wikidata.org/wiki/Q853703"}, "Roi": {"label": "PER", "kb_qid": "Q13592862", "url_wikidata": "https://www.wikidata.org/wiki/Q13592862"}, "Parlement de Bretagne": {"label": "ORG", "kb_qid": "Q2500775", "url_wikidata": "https://www.wikidata.org/wiki/Q2500775"}, "Parlement de Paris": {"label": "ORG", "kb_qid": "Q1242473", "url_wikidata": "https://www.wikidata.org/wiki/Q1242473"}, "St. Martin": {"label": "LOC", "kb_qid": "Q395847", "url_wikidata": "https://www.wikidata.org/wiki/Q395847"}, "F\u00eate de Ste. Catherine": {"label": "MISC", "kb_qid": null, "url_wikidata": null}, "Palais": {"label": "LOC", "kb_qid": "Q128745", "url_wikidata": "https://www.wikidata.org/wiki/Q128745"}, "Chambres": {"label": "LOC", "kb_qid": "Q1137059", "url_wikidata": "https://www.wikidata.org/wiki/Q1137059"}, "Syndic de la Facult\u00e9 de Th\u00e9ologie une Lettre": {"label": "ORG", "kb_qid": null, "url_wikidata": null}, "Sa Maj.": {"label": "MISC", "kb_qid": null, "url_wikidata": null}, "Doyen de la Facult\u00e9": {"label": "ORG", "kb_qid": null, "url_wikidata": null}, "l'Arr\u00eat du": {"label": "MISC", "kb_qid": null, "url_wikidata": null}, "Parlement": {"label": "ORG", "kb_qid": "Q35749", "url_wikidata": "https://www.wikidata.org/wiki/Q35749"}, "ois d'Octobre": {"label": "PER", "kb_qid": null, "url_wikidata": null}}, "ents_freq": {"Princes": 1, "Officiers": 2, "Rennes": 1, "Comme les prisons de cette Ville": 1, "Couvent des Cordeliers": 1, "Roi": 3, "Parlement de Bretagne": 1, "Parlement de Paris": 1, "St. Martin": 1, "F\u00eate de Ste. Catherine": 1, "Palais": 1, "Chambres": 1, "Syndic de la Facult\u00e9 de Th\u00e9ologie une Lettre": 1, "Sa Maj.": 1, "Doyen de la Facult\u00e9": 1, "l'Arr\u00eat du": 1, "Parlement": 1, "ois d'Octobre": 1}, "year": "1766", "month": "01", "page": "64"}