{"ents_info": {"La Clef du Cabinet": {"label": "MISC", "kb_qid": null, "url_wikidata": null}, "Liv.": {"label": "MISC", "kb_qid": "Q339180", "url_wikidata": "https://www.wikidata.org/wiki/Q339180"}, "Instrument, Actes, Papiers, oc": {"label": "MISC", "kb_qid": null, "url_wikidata": null}, "Anglais": {"label": "LOC", "kb_qid": "Q1860", "url_wikidata": "https://www.wikidata.org/wiki/Q1860"}, "Langue": {"label": "MISC", "kb_qid": "Q34770", "url_wikidata": "https://www.wikidata.org/wiki/Q34770"}, "Caisse de \u00c9chiquier": {"label": "ORG", "kb_qid": null, "url_wikidata": null}, "Parlement": {"label": "ORG", "kb_qid": "Q35749", "url_wikidata": "https://www.wikidata.org/wiki/Q35749"}, "Colonies & Plantations Anglaises de Am\u00e9rique": {"label": "ORG", "kb_qid": null, "url_wikidata": null}, "Cour": {"label": "ORG", "kb_qid": "Q3001001", "url_wikidata": "https://www.wikidata.org/wiki/Q3001001"}, "Province de Massachusetts": {"label": "LOC", "kb_qid": null, "url_wikidata": null}, "Nouvelle-Angleterre": {"label": "LOC", "kb_qid": "Q1467315", "url_wikidata": "https://www.wikidata.org/wiki/Q1467315"}, "Projet des Taxes": {"label": "MISC", "kb_qid": null, "url_wikidata": null}, "Colonies de l'Am\u00e9rique": {"label": "LOC", "kb_qid": null, "url_wikidata": null}, "Ds": {"label": "MISC", "kb_qid": null, "url_wikidata": null}, "Paquebot de l'Angleterre pour la Nouvelle York": {"label": "MISC", "kb_qid": null, "url_wikidata": null}, "Copies": {"label": "MISC", "kb_qid": "Q499134", "url_wikidata": "https://www.wikidata.org/wiki/Q499134"}, "Chambres du Parlement": {"label": "ORG", "kb_qid": "Q62408", "url_wikidata": "https://www.wikidata.org/wiki/Q62408"}, "Am\u00e9rique": {"label": "LOC", "kb_qid": "Q828", "url_wikidata": "https://www.wikidata.org/wiki/Q828"}, "Colonel Bouquet": {"label": "PER", "kb_qid": null, "url_wikidata": null}, "Trait\u00e9 de paix": {"label": "MISC", "kb_qid": "Q8736", "url_wikidata": "https://www.wikidata.org/wiki/Q8736"}, "Chinois": {"label": "LOC", "kb_qid": "Q148", "url_wikidata": "https://www.wikidata.org/wiki/Q148"}, "Tribus de Sauvages": {"label": "MISC", "kb_qid": null, "url_wikidata": null}}, "ents_freq": {"La Clef du Cabinet": 1, "Liv.": 1, "Instrument, Actes, Papiers, oc": 1, "Anglais": 1, "Langue": 1, "Caisse de \u00c9chiquier": 1, "Parlement": 1, "Colonies & Plantations Anglaises de Am\u00e9rique": 1, "Cour": 1, "Province de Massachusetts": 1, "Nouvelle-Angleterre": 1, "Projet des Taxes": 1, "Colonies de l'Am\u00e9rique": 1, "Ds": 1, "Paquebot de l'Angleterre pour la Nouvelle York": 1, "Copies": 1, "Chambres du Parlement": 1, "Am\u00e9rique": 1, "Colonel Bouquet": 1, "Trait\u00e9 de paix": 1, "Chinois": 1, "Tribus de Sauvages": 1}, "year": "1766", "month": "03", "page": "59"}