{"ents_info": {"Princes e Juillet": {"label": "LOC", "kb_qid": null, "url_wikidata": null}, "Ordre \u00c9piscopal des Commissaires": {"label": "ORG", "kb_qid": null, "url_wikidata": null}, "Sa": {"label": "PER", "kb_qid": "Q181620", "url_wikidata": "https://www.wikidata.org/wiki/Q181620"}, "Monast\u00e8res le bon ordre": {"label": "MISC", "kb_qid": null, "url_wikidata": null}, "cinqui\u00e8me Arr\u00eat\u00e9": {"label": "MISC", "kb_qid": null, "url_wikidata": null}, "Discours": {"label": "MISC", "kb_qid": "Q19165372", "url_wikidata": "https://www.wikidata.org/wiki/Q19165372"}, "R\u00e9": {"label": "LOC", "kb_qid": "Q292384", "url_wikidata": "https://www.wikidata.org/wiki/Q292384"}, "Avocats-G\u00e9n\u00e9raux du Parlement de Provence": {"label": "LOC", "kb_qid": null, "url_wikidata": null}, "Actes de Assembl\u00e9e du Clerg\u00e9": {"label": "ORG", "kb_qid": null, "url_wikidata": null}, "Parlement de Paris": {"label": "ORG", "kb_qid": "Q1242473", "url_wikidata": "https://www.wikidata.org/wiki/Q1242473"}, "Chambres": {"label": "LOC", "kb_qid": "Q684719", "url_wikidata": "https://www.wikidata.org/wiki/Q684719"}, "I4": {"label": "LOC", "kb_qid": "Q1784109", "url_wikidata": "https://www.wikidata.org/wiki/Q1784109"}, "Roi des Remontrances": {"label": "PER", "kb_qid": null, "url_wikidata": null}, "Arr\u00eat du Conseil d'Ekat": {"label": "MISC", "kb_qid": null, "url_wikidata": null}, "Arr\u00eats": {"label": "LOC", "kb_qid": null, "url_wikidata": null}, "Parlement": {"label": "ORG", "kb_qid": "Q1130737", "url_wikidata": "https://www.wikidata.org/wiki/Q1130737"}, "Collection des Actes de l'Assembl\u00e9e du Clerg\u00e9 de I6": {"label": "MISC", "kb_qid": null, "url_wikidata": null}, "IL I65": {"label": "ORG", "kb_qid": null, "url_wikidata": null}, "Loi du Royaume": {"label": "MISC", "kb_qid": "Q3258696", "url_wikidata": "https://www.wikidata.org/wiki/Q3258696"}, "D\u00e9clarations du z. Septembre i54 & 4": {"label": "MISC", "kb_qid": null, "url_wikidata": null}, "Imprim\u00e9 contenant": {"label": "MISC", "kb_qid": null, "url_wikidata": null}, "Lettre circulaire de Mr. Archev\u00eaque de Reims": {"label": "MISC", "kb_qid": null, "url_wikidata": null}, "\u00c9v\u00eaques de France": {"label": "LOC", "kb_qid": "Q478605", "url_wikidata": "https://www.wikidata.org/wiki/Q478605"}, "Commissaires": {"label": "ORG", "kb_qid": "Q3480428", "url_wikidata": "https://www.wikidata.org/wiki/Q3480428"}, "Remontrances": {"label": "MISC", "kb_qid": "Q7312062", "url_wikidata": "https://www.wikidata.org/wiki/Q7312062"}, "Dioc\u00e8ses": {"label": "MISC", "kb_qid": "Q665487", "url_wikidata": "https://www.wikidata.org/wiki/Q665487"}, "Roi": {"label": "PER", "kb_qid": "Q12097", "url_wikidata": "https://www.wikidata.org/wiki/Q12097"}, "Actes": {"label": "MISC", "kb_qid": "Q40309", "url_wikidata": "https://www.wikidata.org/wiki/Q40309"}, "Assembl\u00e9e du Clerg\u00e9, & Sa Maj.": {"label": "ORG", "kb_qid": null, "url_wikidata": null}, "B3": {"label": "LOC", "kb_qid": "Q134658", "url_wikidata": "https://www.wikidata.org/wiki/Q134658"}}, "ents_freq": {"Princes e Juillet": 1, "Ordre \u00c9piscopal des Commissaires": 1, "Sa": 1, "Monast\u00e8res le bon ordre": 1, "cinqui\u00e8me Arr\u00eat\u00e9": 1, "Discours": 1, "R\u00e9": 1, "Avocats-G\u00e9n\u00e9raux du Parlement de Provence": 1, "Actes de Assembl\u00e9e du Clerg\u00e9": 1, "Parlement de Paris": 1, "Chambres": 1, "I4": 1, "Roi des Remontrances": 1, "Arr\u00eat du Conseil d'Ekat": 1, "Arr\u00eats": 1, "Parlement": 2, "Collection des Actes de l'Assembl\u00e9e du Clerg\u00e9 de I6": 1, "IL I65": 1, "Loi du Royaume": 1, "D\u00e9clarations du z. Septembre i54 & 4": 1, "Imprim\u00e9 contenant": 1, "Lettre circulaire de Mr. Archev\u00eaque de Reims": 1, "\u00c9v\u00eaques de France": 1, "Commissaires": 1, "Remontrances": 1, "Dioc\u00e8ses": 1, "Roi": 1, "Actes": 1, "Assembl\u00e9e du Clerg\u00e9, & Sa Maj.": 1, "B3": 1}, "year": "1766", "month": "07", "page": "20"}