{"ents_info": {"\u00c9tats": {"label": "LOC", "kb_qid": null, "url_wikidata": null}, "Banque": {"label": "ORG", "kb_qid": null, "url_wikidata": null}, "Sieurs Hermann": {"label": "PER", "kb_qid": null, "url_wikidata": null}, "Lefebvre": {"label": "PER", "kb_qid": null, "url_wikidata": null}, "pat l\u00e9": {"label": "PER", "kb_qid": null, "url_wikidata": null}, "H\u00e4ndel & Beurling": {"label": "MISC", "kb_qid": null, "url_wikidata": null}, "Ordres, dl": {"label": "MISC", "kb_qid": null, "url_wikidata": null}, "Ferme des Domaines": {"label": "LOC", "kb_qid": null, "url_wikidata": null}, "Pom\u00e9ranie": {"label": "LOC", "kb_qid": null, "url_wikidata": null}, "Isole de Rue-en": {"label": "LOC", "kb_qid": null, "url_wikidata": null}, "ascalins": {"label": "LOC", "kb_qid": null, "url_wikidata": null}, "Roi": {"label": "PER", "kb_qid": null, "url_wikidata": null}, "cette Ferme": {"label": "MISC", "kb_qid": null, "url_wikidata": null}, "Bailliage de Neigeoter": {"label": "LOC", "kb_qid": null, "url_wikidata": null}, "Seigneurie de Visa": {"label": "LOC", "kb_qid": null, "url_wikidata": null}, "Maison du Prince-Royal": {"label": "MISC", "kb_qid": null, "url_wikidata": null}, "Mariage avec la Princesse de Danemark": {"label": "MISC", "kb_qid": null, "url_wikidata": null}, "Baron d'Enr\u00eanerons": {"label": "MISC", "kb_qid": null, "url_wikidata": null}, "rand-Mar\u00e9chal": {"label": "LOC", "kb_qid": null, "url_wikidata": null}, "Comte de Gyllenstolp rand-Chambellan": {"label": "PER", "kb_qid": null, "url_wikidata": null}, "Psy sans de la Juridiction de \u00c9den": {"label": "MISC", "kb_qid": null, "url_wikidata": null}, "De gouvernement d'\u00c9labor\u00e9, en": {"label": "MISC", "kb_qid": null, "url_wikidata": null}}, "ents_freq": {"\u00c9tats": 3, "Banque": 3, "Sieurs Hermann": 1, "Lefebvre": 1, "pat l\u00e9": 1, "H\u00e4ndel & Beurling": 1, "Ordres, dl": 1, "Ferme des Domaines": 1, "Pom\u00e9ranie": 1, "Isole de Rue-en": 1, "ascalins": 1, "Roi": 1, "cette Ferme": 1, "Bailliage de Neigeoter": 1, "Seigneurie de Visa": 1, "Maison du Prince-Royal": 1, "Mariage avec la Princesse de Danemark": 1, "Baron d'Enr\u00eanerons": 1, "rand-Mar\u00e9chal": 1, "Comte de Gyllenstolp rand-Chambellan": 1, "Psy sans de la Juridiction de \u00c9den": 1, "De gouvernement d'\u00c9labor\u00e9, en": 1}, "year": "1766", "month": "07", "page": "61"}