{"ents_info": {"Princes e Otto": {"label": "LOC", "kb_qid": null, "url_wikidata": null}, "267 rais": {"label": "LOC", "kb_qid": null, "url_wikidata": null}, "Maitresse": {"label": "PER", "kb_qid": null, "url_wikidata": null}, "D\u00e9dicace": {"label": "PER", "kb_qid": "Q1898184", "url_wikidata": "https://www.wikidata.org/wiki/Q1898184"}, "De Cur\u00e9 d'Ann\u00e9e": {"label": "PER", "kb_qid": null, "url_wikidata": null}, "Village": {"label": "LOC", "kb_qid": "Q3558992", "url_wikidata": "https://www.wikidata.org/wiki/Q3558992"}, "Escaut": {"label": "LOC", "kb_qid": "Q37620", "url_wikidata": "https://www.wikidata.org/wiki/Q37620"}, "l'Essor": {"label": "LOC", "kb_qid": "Q3203328", "url_wikidata": "https://www.wikidata.org/wiki/Q3203328"}, "Maitres": {"label": "LOC", "kb_qid": "Q17355371", "url_wikidata": "https://www.wikidata.org/wiki/Q17355371"}, "Juges": {"label": "MISC", "kb_qid": "Q16533", "url_wikidata": "https://www.wikidata.org/wiki/Q16533"}, "Commissaires": {"label": "ORG", "kb_qid": "Q2986308", "url_wikidata": "https://www.wikidata.org/wiki/Q2986308"}}, "ents_freq": {"Princes e Otto": 1, "267 rais": 1, "Maitresse": 1, "D\u00e9dicace": 1, "De Cur\u00e9 d'Ann\u00e9e": 1, "Village": 1, "Escaut": 2, "l'Essor": 1, "Maitres": 1, "Juges": 1, "Commissaires": 1}, "year": "1766", "month": "10", "page": "32"}