{"ents_info": {"Cl e du": {"label": "LOC", "kb_qid": null, "url_wikidata": null}, "Cabinet 34 caisse pleine de chocolat": {"label": "ORG", "kb_qid": null, "url_wikidata": null}, "Pare N\u00e8gre": {"label": "PER", "kb_qid": null, "url_wikidata": null}, "Oraison": {"label": "PER", "kb_qid": "Q501501", "url_wikidata": "https://www.wikidata.org/wiki/Q501501"}, "M\u00e9dailles": {"label": "LOC", "kb_qid": "Q549143", "url_wikidata": "https://www.wikidata.org/wiki/Q549143"}, "Conti": {"label": "MISC", "kb_qid": "Q20723220", "url_wikidata": "https://www.wikidata.org/wiki/Q20723220"}, "HOLLANDE": {"label": "MISC", "kb_qid": null, "url_wikidata": null}, "Pays": {"label": "LOC", "kb_qid": "Q6256", "url_wikidata": "https://www.wikidata.org/wiki/Q6256"}, "Couverture du Parlement": {"label": "MISC", "kb_qid": null, "url_wikidata": null}, "Royaume": {"label": "LOC", "kb_qid": "Q70972", "url_wikidata": "https://www.wikidata.org/wiki/Q70972"}, "Timbre": {"label": "LOC", "kb_qid": "Q37930", "url_wikidata": "https://www.wikidata.org/wiki/Q37930"}, "Minist\u00e8re": {"label": "ORG", "kb_qid": "Q192350", "url_wikidata": "https://www.wikidata.org/wiki/Q192350"}, "Provinces du Septentrion": {"label": "LOC", "kb_qid": null, "url_wikidata": null}, "Billets du Canada": {"label": "MISC", "kb_qid": null, "url_wikidata": null}, "Litigieux": {"label": "LOC", "kb_qid": "Q3256567", "url_wikidata": "https://www.wikidata.org/wiki/Q3256567"}, "France &": {"label": "ORG", "kb_qid": null, "url_wikidata": null}, "l'Espagne": {"label": "LOC", "kb_qid": "Q29", "url_wikidata": "https://www.wikidata.org/wiki/Q29"}, "Ambassadeurs de l'une & de l'autre de ces deux Couronnes, les": {"label": "ORG", "kb_qid": null, "url_wikidata": null}, "Comtes de Gu\u00e9ri &": {"label": "LOC", "kb_qid": null, "url_wikidata": null}, "Mac\u00e9rant": {"label": "PER", "kb_qid": "Q6723260", "url_wikidata": "https://www.wikidata.org/wiki/Q6723260"}, "Septembre au G\u00e9n\u00e9ral Convoi": {"label": "MISC", "kb_qid": null, "url_wikidata": null}, "Ministre & Secr\u00e9taire d'Etan, des d\u00e9p\u00eaches": {"label": "ORG", "kb_qid": null, "url_wikidata": null}}, "ents_freq": {"Cl e du": 1, "Cabinet 34 caisse pleine de chocolat": 1, "Pare N\u00e8gre": 1, "Oraison": 1, "M\u00e9dailles": 1, "Conti": 1, "HOLLANDE": 1, "Pays": 1, "Couverture du Parlement": 1, "Royaume": 1, "Timbre": 1, "Minist\u00e8re": 1, "Provinces du Septentrion": 1, "Billets du Canada": 1, "Litigieux": 1, "France &": 1, "l'Espagne": 1, "Ambassadeurs de l'une & de l'autre de ces deux Couronnes, les": 1, "Comtes de Gu\u00e9ri &": 1, "Mac\u00e9rant": 1, "Septembre au G\u00e9n\u00e9ral Convoi": 1, "Ministre & Secr\u00e9taire d'Etan, des d\u00e9p\u00eaches": 1}, "year": "1766", "month": "01", "page": "33"}