{"ents_info": {"Princes": {"label": "LOC", "kb_qid": "Q1405556", "url_wikidata": "https://www.wikidata.org/wiki/Q1405556"}, "Corps des habitants": {"label": "ORG", "kb_qid": null, "url_wikidata": null}, "Zele": {"label": "MISC", "kb_qid": "Q388115", "url_wikidata": "https://www.wikidata.org/wiki/Q388115"}, "Grande-Bretagne": {"label": "LOC", "kb_qid": "Q145", "url_wikidata": "https://www.wikidata.org/wiki/Q145"}, "Acte du Timbre": {"label": "MISC", "kb_qid": null, "url_wikidata": null}, "Roi": {"label": "PER", "kb_qid": "Q7742", "url_wikidata": "https://www.wikidata.org/wiki/Q7742"}, "Georges III": {"label": "PER", "kb_qid": "Q127318", "url_wikidata": "https://www.wikidata.org/wiki/Q127318"}, "Manufactures d'Angleterre": {"label": "ORG", "kb_qid": null, "url_wikidata": null}, "Pauvres": {"label": "MISC", "kb_qid": "Q1084926", "url_wikidata": "https://www.wikidata.org/wiki/Q1084926"}, "Fabriques de ce Pays": {"label": "MISC", "kb_qid": null, "url_wikidata": null}, "Brighton": {"label": "LOC", "kb_qid": "Q915760", "url_wikidata": "https://www.wikidata.org/wiki/Q915760"}, "Ville de l'Isole de Barbade": {"label": "LOC", "kb_qid": null, "url_wikidata": null}, "Douane": {"label": "MISC", "kb_qid": "Q2845849", "url_wikidata": "https://www.wikidata.org/wiki/Q2845849"}, "\u00c9difices": {"label": "LOC", "kb_qid": "Q3579101", "url_wikidata": "https://www.wikidata.org/wiki/Q3579101"}, "la Ville": {"label": "LOC", "kb_qid": "Q220", "url_wikidata": "https://www.wikidata.org/wiki/Q220"}, "Parlement": {"label": "ORG", "kb_qid": "Q35749", "url_wikidata": "https://www.wikidata.org/wiki/Q35749"}, "Royaume": {"label": "LOC", "kb_qid": "Q70972", "url_wikidata": "https://www.wikidata.org/wiki/Q70972"}, "Comte de Hartford": {"label": "PER", "kb_qid": "Q54236", "url_wikidata": "https://www.wikidata.org/wiki/Q54236"}, "Dublin": {"label": "LOC", "kb_qid": "Q1761", "url_wikidata": "https://www.wikidata.org/wiki/Q1761"}, "Angleterre": {"label": "LOC", "kb_qid": "Q21", "url_wikidata": "https://www.wikidata.org/wiki/Q21"}, "Londres": {"label": "LOC", "kb_qid": "Q84", "url_wikidata": "https://www.wikidata.org/wiki/Q84"}, "Minist\u00e8re de l'\u00e9tat des affaires & des dispositions du peuple Irlandais": {"label": "ORG", "kb_qid": null, "url_wikidata": null}, "Sa Maj.": {"label": "PER", "kb_qid": null, "url_wikidata": null}, "Adresse concernant le Bill": {"label": "MISC", "kb_qid": null, "url_wikidata": null}, "La Lettre de Philadelphie": {"label": "MISC", "kb_qid": null, "url_wikidata": null}}, "ents_freq": {"Princes": 1, "Corps des habitants": 1, "Zele": 1, "Grande-Bretagne": 1, "Acte du Timbre": 1, "Roi": 2, "Georges III": 1, "Manufactures d'Angleterre": 1, "Pauvres": 1, "Fabriques de ce Pays": 1, "Brighton": 1, "Ville de l'Isole de Barbade": 1, "Douane": 1, "\u00c9difices": 1, "la Ville": 1, "Parlement": 2, "Royaume": 1, "Comte de Hartford": 1, "Dublin": 1, "Angleterre": 1, "Londres": 1, "Minist\u00e8re de l'\u00e9tat des affaires & des dispositions du peuple Irlandais": 1, "Sa Maj.": 1, "Adresse concernant le Bill": 1, "La Lettre de Philadelphie": 1}, "year": "1766", "month": "08", "page": "44"}