{"ents_info": {"Cher du Cabinet ADO": {"label": "LOC", "kb_qid": null, "url_wikidata": null}, "Dite g\u00e9n\u00e9rale du Royaume": {"label": "MISC", "kb_qid": null, "url_wikidata": null}, "Octobre": {"label": "MISC", "kb_qid": "Q124", "url_wikidata": "https://www.wikidata.org/wiki/Q124"}, "Nord": {"label": "LOC", "kb_qid": "Q12661", "url_wikidata": "https://www.wikidata.org/wiki/Q12661"}, "\u00c9tats": {"label": "LOC", "kb_qid": "Q35657", "url_wikidata": "https://www.wikidata.org/wiki/Q35657"}, "Public": {"label": "MISC", "kb_qid": "Q27785810", "url_wikidata": "https://www.wikidata.org/wiki/Q27785810"}, "Discours &": {"label": "MISC", "kb_qid": null, "url_wikidata": null}, "Roi": {"label": "PER", "kb_qid": "Q12097", "url_wikidata": "https://www.wikidata.org/wiki/Q12097"}, "Ministres, des": {"label": "MISC", "kb_qid": null, "url_wikidata": null}, "Grands Officiers": {"label": "ORG", "kb_qid": null, "url_wikidata": null}, "Couronne & d'autres": {"label": "ORG", "kb_qid": null, "url_wikidata": null}, "Magnats": {"label": "LOC", "kb_qid": "Q903810", "url_wikidata": "https://www.wikidata.org/wiki/Q903810"}, "De Service divin \u00e0 la": {"label": "ORG", "kb_qid": null, "url_wikidata": null}, "Salle des S\u00e9nateurs": {"label": "LOC", "kb_qid": null, "url_wikidata": null}, "Comte Malcolm": {"label": "PER", "kb_qid": null, "url_wikidata": null}, "R\u00e9f\u00e9rendaire": {"label": "LOC", "kb_qid": "Q1137614", "url_wikidata": "https://www.wikidata.org/wiki/Q1137614"}, "Couronne &": {"label": "ORG", "kb_qid": null, "url_wikidata": null}, "Mar\u00e9chal de la Dette du Couronnement": {"label": "PER", "kb_qid": null, "url_wikidata": null}, "Chambre des Nonces": {"label": "ORG", "kb_qid": null, "url_wikidata": null}, "Assembl\u00e9e": {"label": "ORG", "kb_qid": "Q193582", "url_wikidata": "https://www.wikidata.org/wiki/Q193582"}, "Loi &": {"label": "MISC", "kb_qid": null, "url_wikidata": null}, "Nonces du Palatinat de Monnaie": {"label": "LOC", "kb_qid": null, "url_wikidata": null}, "Comte Chaplin": {"label": "PER", "kb_qid": null, "url_wikidata": null}, "Chambellan de Luxe": {"label": "PER", "kb_qid": null, "url_wikidata": null}, "Mar\u00e9chal de la D'inerte": {"label": "PER", "kb_qid": null, "url_wikidata": null}, "De serment d'u sage": {"label": "MISC", "kb_qid": null, "url_wikidata": null}, "Nonces": {"label": "PER", "kb_qid": "Q157037", "url_wikidata": "https://www.wikidata.org/wiki/Q157037"}, "Majest\u00e9": {"label": "PER", "kb_qid": "Q669458", "url_wikidata": "https://www.wikidata.org/wiki/Q669458"}, "Grand Chancelier de la Couronne": {"label": "PER", "kb_qid": "Q2070965", "url_wikidata": "https://www.wikidata.org/wiki/Q2070965"}}, "ents_freq": {"Cher du Cabinet ADO": 1, "Dite g\u00e9n\u00e9rale du Royaume": 1, "Octobre": 1, "Nord": 1, "\u00c9tats": 1, "Public": 1, "Discours &": 1, "Roi": 2, "Ministres, des": 1, "Grands Officiers": 1, "Couronne & d'autres": 1, "Magnats": 1, "De Service divin \u00e0 la": 1, "Salle des S\u00e9nateurs": 1, "Comte Malcolm": 1, "R\u00e9f\u00e9rendaire": 1, "Couronne &": 1, "Mar\u00e9chal de la Dette du Couronnement": 1, "Chambre des Nonces": 1, "Assembl\u00e9e": 1, "Loi &": 1, "Nonces du Palatinat de Monnaie": 1, "Comte Chaplin": 1, "Chambellan de Luxe": 1, "Mar\u00e9chal de la D'inerte": 1, "De serment d'u sage": 1, "Nonces": 1, "Majest\u00e9": 1, "Grand Chancelier de la Couronne": 1}, "year": "1766", "month": "12", "page": "19"}