{"ents_info": {"La Cl e": {"label": "MISC", "kb_qid": null, "url_wikidata": null}, "Cabinet qu\u00e9 au Roi": {"label": "MISC", "kb_qid": null, "url_wikidata": null}, "Mai": {"label": "PER", "kb_qid": null, "url_wikidata": null}, "Lully": {"label": "PER", "kb_qid": null, "url_wikidata": null}, "la Bastille": {"label": "LOC", "kb_qid": null, "url_wikidata": null}, "Conciergerie du Palais": {"label": "LOC", "kb_qid": null, "url_wikidata": null}, "son Arr\u00eat": {"label": "MISC", "kb_qid": null, "url_wikidata": null}, "Crieurs": {"label": "MISC", "kb_qid": null, "url_wikidata": null}, "Illustre Criminel": {"label": "MISC", "kb_qid": null, "url_wikidata": null}, "Cur\u00e9 de Saint-Louis-en-Lisle": {"label": "PER", "kb_qid": null, "url_wikidata": null}, "Ex\u00e9cuteur de la Haute-Justice": {"label": "MISC", "kb_qid": null, "url_wikidata": null}, "Cour du Palais \u00e0 la Grever": {"label": "LOC", "kb_qid": null, "url_wikidata": null}, "& quand les Bourreaux": {"label": "MISC", "kb_qid": null, "url_wikidata": null}, "Cimeti\u00e8re de la paroisse de": {"label": "LOC", "kb_qid": null, "url_wikidata": null}, "Saint Jean de Grever": {"label": "LOC", "kb_qid": null, "url_wikidata": null}, "Comte de Lully": {"label": "PER", "kb_qid": null, "url_wikidata": null}}, "ents_freq": {"La Cl e": 1, "Cabinet qu\u00e9 au Roi": 1, "Mai": 1, "Lully": 1, "la Bastille": 1, "Conciergerie du Palais": 1, "son Arr\u00eat": 1, "Crieurs": 1, "Illustre Criminel": 1, "Cur\u00e9 de Saint-Louis-en-Lisle": 1, "Ex\u00e9cuteur de la Haute-Justice": 1, "Cour du Palais \u00e0 la Grever": 1, "& quand les Bourreaux": 1, "Cimeti\u00e8re de la paroisse de": 1, "Saint Jean de Grever": 1, "Comte de Lully": 1}, "year": "1766", "month": "06", "page": "37"}